level,object_id,campaign_id,day_ET,spend,impressions,link_clicks,CPM,link_CTR_pct,link_CPC,completed,new_acquisitions,completed_CPL,observed_sessions,observed_starts,measurement_flags
AD,120250540502680660,120250540492410660,2026-08-19,0.16,2,0,80.0,0.0,,0,0,,,,Sessions beforeSep12 unavailable; Sep12 partial; property/retained starts unavailable; outcomes use occurrence day and exact stored IDs.
AD,120250540502680660,120250540492410660,2026-08-20,0.69,16,1,43.12,6.25,0.69,0,0,,,,Sessions beforeSep12 unavailable; Sep12 partial; property/retained starts unavailable; outcomes use occurrence day and exact stored IDs.
AD,120250540502680660,120250540492410660,2026-08-21,13.92,179,4,77.77,2.235,3.48,0,0,,,,Sessions beforeSep12 unavailable; Sep12 partial; property/retained starts unavailable; outcomes use occurrence day and exact stored IDs.
AD,120250540502680660,120250540492410660,2026-08-22,12.96,174,1,74.48,0.575,12.96,0,0,,,,Sessions beforeSep12 unavailable; Sep12 partial; property/retained starts unavailable; outcomes use occurrence day and exact stored IDs.
AD,120250540502680660,120250540492410660,2026-08-23,16.94,309,5,54.82,1.618,3.39,0,0,,,,Sessions beforeSep12 unavailable; Sep12 partial; property/retained starts unavailable; outcomes use occurrence day and exact stored IDs.
AD,120250540502680660,120250540492410660,2026-08-24,22.61,375,6,60.29,1.6,3.77,0,0,,,,Sessions beforeSep12 unavailable; Sep12 partial; property/retained starts unavailable; outcomes use occurrence day and exact stored IDs.
AD,120250540502680660,120250540492410660,2026-08-25,17.52,323,2,54.24,0.619,8.76,0,0,,,,Sessions beforeSep12 unavailable; Sep12 partial; property/retained starts unavailable; outcomes use occurrence day and exact stored IDs.
AD,120250540502680660,120250540492410660,2026-08-26,5.59,86,0,65.0,0.0,,0,0,,,,Sessions beforeSep12 unavailable; Sep12 partial; property/retained starts unavailable; outcomes use occurrence day and exact stored IDs.
AD,120250540502680660,120250540492410660,2026-08-27,7.32,102,5,71.76,4.902,1.46,1,1,7.32,,,Sessions beforeSep12 unavailable; Sep12 partial; property/retained starts unavailable; outcomes use occurrence day and exact stored IDs.
AD,120250540502680660,120250540492410660,2026-08-28,7.02,115,3,61.04,2.609,2.34,2,2,3.51,,,Sessions beforeSep12 unavailable; Sep12 partial; property/retained starts unavailable; outcomes use occurrence day and exact stored IDs.
AD,120250540502680660,120250540492410660,2026-08-29,11.93,221,7,53.98,3.167,1.7,0,0,,,,Sessions beforeSep12 unavailable; Sep12 partial; property/retained starts unavailable; outcomes use occurrence day and exact stored IDs.
AD,120250540502680660,120250540492410660,2026-08-30,32.98,696,6,47.39,0.862,5.5,1,1,32.98,,,Sessions beforeSep12 unavailable; Sep12 partial; property/retained starts unavailable; outcomes use occurrence day and exact stored IDs.
AD,120250540502680660,120250540492410660,2026-08-31,23.94,419,10,57.14,2.387,2.39,2,2,11.97,,,Sessions beforeSep12 unavailable; Sep12 partial; property/retained starts unavailable; outcomes use occurrence day and exact stored IDs.
AD,120250540502680660,120250540492410660,2026-09-01,30.58,533,10,57.37,1.876,3.06,3,3,10.19,,,Sessions beforeSep12 unavailable; Sep12 partial; property/retained starts unavailable; outcomes use occurrence day and exact stored IDs.
AD,120250540502680660,120250540492410660,2026-09-02,44.97,1037,18,43.37,1.736,2.5,2,2,22.48,,,Sessions beforeSep12 unavailable; Sep12 partial; property/retained starts unavailable; outcomes use occurrence day and exact stored IDs.
AD,120250540502680660,120250540492410660,2026-09-03,107.8,2870,28,37.56,0.976,3.85,5,5,21.56,,,Sessions beforeSep12 unavailable; Sep12 partial; property/retained starts unavailable; outcomes use occurrence day and exact stored IDs.
AD,120250540502680660,120250540492410660,2026-09-04,73.87,1638,20,45.1,1.221,3.69,0,0,,,,Sessions beforeSep12 unavailable; Sep12 partial; property/retained starts unavailable; outcomes use occurrence day and exact stored IDs.
AD,120250540502680660,120250540492410660,2026-09-05,77.73,1588,23,48.95,1.448,3.38,3,3,25.91,,,Sessions beforeSep12 unavailable; Sep12 partial; property/retained starts unavailable; outcomes use occurrence day and exact stored IDs.
AD,120250540502680660,120250540492410660,2026-09-06,100.24,2477,27,40.47,1.09,3.71,4,4,25.06,,,Sessions beforeSep12 unavailable; Sep12 partial; property/retained starts unavailable; outcomes use occurrence day and exact stored IDs.
AD,120250540502680660,120250540492410660,2026-09-07,87.53,2162,22,40.49,1.018,3.98,1,1,87.53,,,Sessions beforeSep12 unavailable; Sep12 partial; property/retained starts unavailable; outcomes use occurrence day and exact stored IDs.
AD,120250540502680660,120250540492410660,2026-09-08,62.03,1423,14,43.59,0.984,4.43,3,3,20.68,,,Sessions beforeSep12 unavailable; Sep12 partial; property/retained starts unavailable; outcomes use occurrence day and exact stored IDs.
AD,120250540502680660,120250540492410660,2026-09-09,74.4,1507,15,49.37,0.995,4.96,3,3,24.8,,,Sessions beforeSep12 unavailable; Sep12 partial; property/retained starts unavailable; outcomes use occurrence day and exact stored IDs.
AD,120250540502680660,120250540492410660,2026-09-10,63.57,1269,19,50.09,1.497,3.35,4,3,15.89,,,Sessions beforeSep12 unavailable; Sep12 partial; property/retained starts unavailable; outcomes use occurrence day and exact stored IDs.
AD,120250540502680660,120250540492410660,2026-09-11,79.92,1458,16,54.81,1.097,5.0,1,1,79.92,,,Sessions beforeSep12 unavailable; Sep12 partial; property/retained starts unavailable; outcomes use occurrence day and exact stored IDs.
AD,120250540502680660,120250540492410660,2026-09-12,49.79,861,10,57.83,1.161,4.98,2,2,24.89,0,,Sessions beforeSep12 unavailable; Sep12 partial; property/retained starts unavailable; outcomes use occurrence day and exact stored IDs.
AD,120250540502680660,120250540492410660,2026-09-13,16.5,286,3,57.69,1.049,5.5,1,1,16.5,2,,Sessions beforeSep12 unavailable; Sep12 partial; property/retained starts unavailable; outcomes use occurrence day and exact stored IDs.
AD,120250540502680660,120250540492410660,2026-09-14,23.22,362,5,64.14,1.381,4.64,1,1,23.22,3,,Sessions beforeSep12 unavailable; Sep12 partial; property/retained starts unavailable; outcomes use occurrence day and exact stored IDs.
AD,120250540502680660,120250540492410660,2026-09-15,35.98,603,3,59.67,0.498,11.99,0,0,,3,,Sessions beforeSep12 unavailable; Sep12 partial; property/retained starts unavailable; outcomes use occurrence day and exact stored IDs.
AD,120250540502680660,120250540492410660,2026-09-16,35.21,547,7,64.37,1.28,5.03,2,2,17.61,8,,Sessions beforeSep12 unavailable; Sep12 partial; property/retained starts unavailable; outcomes use occurrence day and exact stored IDs.
AD,120250540502680660,120250540492410660,2026-09-17,34.08,525,10,64.91,1.905,3.41,2,2,17.04,11,,Sessions beforeSep12 unavailable; Sep12 partial; property/retained starts unavailable; outcomes use occurrence day and exact stored IDs.
AD,120250540502680660,120250540492410660,2026-09-18,32.37,552,8,58.64,1.449,4.05,1,1,32.37,7,,Sessions beforeSep12 unavailable; Sep12 partial; property/retained starts unavailable; outcomes use occurrence day and exact stored IDs.
AD,120250540503280660,120250540492410660,2026-08-18,0.13,6,0,21.67,0.0,,0,0,,,,Sessions beforeSep12 unavailable; Sep12 partial; property/retained starts unavailable; outcomes use occurrence day and exact stored IDs.
AD,120250540503280660,120250540492410660,2026-08-19,0.56,4,0,140.0,0.0,,0,0,,,,Sessions beforeSep12 unavailable; Sep12 partial; property/retained starts unavailable; outcomes use occurrence day and exact stored IDs.
AD,120250540503280660,120250540492410660,2026-08-20,0.14,3,0,46.67,0.0,,0,0,,,,Sessions beforeSep12 unavailable; Sep12 partial; property/retained starts unavailable; outcomes use occurrence day and exact stored IDs.
AD,120250540503280660,120250540492410660,2026-08-22,0.03,1,0,30.0,0.0,,0,0,,,,Sessions beforeSep12 unavailable; Sep12 partial; property/retained starts unavailable; outcomes use occurrence day and exact stored IDs.
AD,120250540503280660,120250540492410660,2026-08-25,0.08,2,0,40.0,0.0,,0,0,,,,Sessions beforeSep12 unavailable; Sep12 partial; property/retained starts unavailable; outcomes use occurrence day and exact stored IDs.
AD,120250540503280660,120250540492410660,2026-08-27,0.05,1,0,50.0,0.0,,0,0,,,,Sessions beforeSep12 unavailable; Sep12 partial; property/retained starts unavailable; outcomes use occurrence day and exact stored IDs.
AD,120250540503280660,120250540492410660,2026-08-28,0.09,2,0,45.0,0.0,,0,0,,,,Sessions beforeSep12 unavailable; Sep12 partial; property/retained starts unavailable; outcomes use occurrence day and exact stored IDs.
AD,120250540503280660,120250540492410660,2026-09-02,0.08,3,0,26.67,0.0,,0,0,,,,Sessions beforeSep12 unavailable; Sep12 partial; property/retained starts unavailable; outcomes use occurrence day and exact stored IDs.
AD,120250540503280660,120250540492410660,2026-09-03,0.19,2,0,95.0,0.0,,0,0,,,,Sessions beforeSep12 unavailable; Sep12 partial; property/retained starts unavailable; outcomes use occurrence day and exact stored IDs.
AD,120250540503280660,120250540492410660,2026-09-09,0.05,1,0,50.0,0.0,,0,0,,,,Sessions beforeSep12 unavailable; Sep12 partial; property/retained starts unavailable; outcomes use occurrence day and exact stored IDs.
AD,120250540503280660,120250540492410660,2026-09-11,0.05,2,0,25.0,0.0,,0,0,,,,Sessions beforeSep12 unavailable; Sep12 partial; property/retained starts unavailable; outcomes use occurrence day and exact stored IDs.
AD,120250540503280660,120250540492410660,2026-09-16,0.23,5,0,46.0,0.0,,0,0,,0,,Sessions beforeSep12 unavailable; Sep12 partial; property/retained starts unavailable; outcomes use occurrence day and exact stored IDs.
AD,120250540504110660,120250540492410660,2026-08-18,0.57,7,0,81.43,0.0,,0,0,,,,Sessions beforeSep12 unavailable; Sep12 partial; property/retained starts unavailable; outcomes use occurrence day and exact stored IDs.
AD,120250540504110660,120250540492410660,2026-08-19,0.26,7,0,37.14,0.0,,0,0,,,,Sessions beforeSep12 unavailable; Sep12 partial; property/retained starts unavailable; outcomes use occurrence day and exact stored IDs.
AD,120250540504110660,120250540492410660,2026-08-20,0.07,1,0,70.0,0.0,,0,0,,,,Sessions beforeSep12 unavailable; Sep12 partial; property/retained starts unavailable; outcomes use occurrence day and exact stored IDs.
AD,120250540504110660,120250540492410660,2026-09-11,0.06,1,0,60.0,0.0,,0,0,,,,Sessions beforeSep12 unavailable; Sep12 partial; property/retained starts unavailable; outcomes use occurrence day and exact stored IDs.
AD,120250540504110660,120250540492410660,2026-09-16,0.03,2,0,15.0,0.0,,0,0,,0,,Sessions beforeSep12 unavailable; Sep12 partial; property/retained starts unavailable; outcomes use occurrence day and exact stored IDs.
AD,120250540504870660,120250540492410660,2026-08-20,0.04,1,0,40.0,0.0,,0,0,,,,Sessions beforeSep12 unavailable; Sep12 partial; property/retained starts unavailable; outcomes use occurrence day and exact stored IDs.
AD,120250540504870660,120250540492410660,2026-08-23,0.02,1,0,20.0,0.0,,0,0,,,,Sessions beforeSep12 unavailable; Sep12 partial; property/retained starts unavailable; outcomes use occurrence day and exact stored IDs.
AD,120250540504870660,120250540492410660,2026-08-29,0.0,1,0,0.0,0.0,,0,0,,,,Sessions beforeSep12 unavailable; Sep12 partial; property/retained starts unavailable; outcomes use occurrence day and exact stored IDs.
AD,120250540504870660,120250540492410660,2026-08-30,0.03,3,0,10.0,0.0,,0,0,,,,Sessions beforeSep12 unavailable; Sep12 partial; property/retained starts unavailable; outcomes use occurrence day and exact stored IDs.
AD,120250540504870660,120250540492410660,2026-09-02,0.02,1,0,20.0,0.0,,0,0,,,,Sessions beforeSep12 unavailable; Sep12 partial; property/retained starts unavailable; outcomes use occurrence day and exact stored IDs.
AD,120250540504870660,120250540492410660,2026-09-03,0.18,4,0,45.0,0.0,,0,0,,,,Sessions beforeSep12 unavailable; Sep12 partial; property/retained starts unavailable; outcomes use occurrence day and exact stored IDs.
AD,120250540504870660,120250540492410660,2026-09-07,0.06,1,0,60.0,0.0,,0,0,,,,Sessions beforeSep12 unavailable; Sep12 partial; property/retained starts unavailable; outcomes use occurrence day and exact stored IDs.
AD,120250540504870660,120250540492410660,2026-09-08,0.07,4,0,17.5,0.0,,0,0,,,,Sessions beforeSep12 unavailable; Sep12 partial; property/retained starts unavailable; outcomes use occurrence day and exact stored IDs.
AD,120250540504870660,120250540492410660,2026-09-10,0.19,4,0,47.5,0.0,,0,0,,,,Sessions beforeSep12 unavailable; Sep12 partial; property/retained starts unavailable; outcomes use occurrence day and exact stored IDs.
AD,120250540504870660,120250540492410660,2026-09-12,0.05,1,0,50.0,0.0,,0,0,,0,,Sessions beforeSep12 unavailable; Sep12 partial; property/retained starts unavailable; outcomes use occurrence day and exact stored IDs.
AD,120250540504870660,120250540492410660,2026-09-13,0.06,2,0,30.0,0.0,,0,0,,0,,Sessions beforeSep12 unavailable; Sep12 partial; property/retained starts unavailable; outcomes use occurrence day and exact stored IDs.
AD,120250540504870660,120250540492410660,2026-09-15,0.06,2,0,30.0,0.0,,0,0,,0,,Sessions beforeSep12 unavailable; Sep12 partial; property/retained starts unavailable; outcomes use occurrence day and exact stored IDs.
AD,120250540504870660,120250540492410660,2026-09-17,0.03,1,0,30.0,0.0,,0,0,,0,,Sessions beforeSep12 unavailable; Sep12 partial; property/retained starts unavailable; outcomes use occurrence day and exact stored IDs.
AD,120250540505400660,120250540492410660,2026-08-18,1.52,45,0,33.78,0.0,,0,0,,,,Sessions beforeSep12 unavailable; Sep12 partial; property/retained starts unavailable; outcomes use occurrence day and exact stored IDs.
AD,120250540505400660,120250540492410660,2026-08-19,0.06,2,0,30.0,0.0,,0,0,,,,Sessions beforeSep12 unavailable; Sep12 partial; property/retained starts unavailable; outcomes use occurrence day and exact stored IDs.
AD,120250540505400660,120250540492410660,2026-08-20,0.04,1,0,40.0,0.0,,0,0,,,,Sessions beforeSep12 unavailable; Sep12 partial; property/retained starts unavailable; outcomes use occurrence day and exact stored IDs.
AD,120250540505400660,120250540492410660,2026-08-30,0.01,1,0,10.0,0.0,,0,0,,,,Sessions beforeSep12 unavailable; Sep12 partial; property/retained starts unavailable; outcomes use occurrence day and exact stored IDs.
AD,120250540505400660,120250540492410660,2026-09-04,0.04,1,0,40.0,0.0,,0,0,,,,Sessions beforeSep12 unavailable; Sep12 partial; property/retained starts unavailable; outcomes use occurrence day and exact stored IDs.
AD,120250540505400660,120250540492410660,2026-09-10,0.06,2,0,30.0,0.0,,0,0,,,,Sessions beforeSep12 unavailable; Sep12 partial; property/retained starts unavailable; outcomes use occurrence day and exact stored IDs.
AD,120250540505400660,120250540492410660,2026-09-15,0.12,3,0,40.0,0.0,,0,0,,0,,Sessions beforeSep12 unavailable; Sep12 partial; property/retained starts unavailable; outcomes use occurrence day and exact stored IDs.
AD,120250540505400660,120250540492410660,2026-09-17,0.32,4,0,80.0,0.0,,0,0,,0,,Sessions beforeSep12 unavailable; Sep12 partial; property/retained starts unavailable; outcomes use occurrence day and exact stored IDs.
AD,120250540506300660,120250540492410660,2026-08-18,5.87,102,0,57.55,0.0,,0,0,,,,Sessions beforeSep12 unavailable; Sep12 partial; property/retained starts unavailable; outcomes use occurrence day and exact stored IDs.
AD,120250540506300660,120250540492410660,2026-08-19,0.71,17,0,41.76,0.0,,0,0,,,,Sessions beforeSep12 unavailable; Sep12 partial; property/retained starts unavailable; outcomes use occurrence day and exact stored IDs.
AD,120250540506300660,120250540492410660,2026-08-20,0.51,3,0,170.0,0.0,,0,0,,,,Sessions beforeSep12 unavailable; Sep12 partial; property/retained starts unavailable; outcomes use occurrence day and exact stored IDs.
AD,120250540506300660,120250540492410660,2026-08-21,0.03,1,0,30.0,0.0,,0,0,,,,Sessions beforeSep12 unavailable; Sep12 partial; property/retained starts unavailable; outcomes use occurrence day and exact stored IDs.
AD,120250540506300660,120250540492410660,2026-08-28,0.01,1,0,10.0,0.0,,0,0,,,,Sessions beforeSep12 unavailable; Sep12 partial; property/retained starts unavailable; outcomes use occurrence day and exact stored IDs.
AD,120250540506300660,120250540492410660,2026-08-30,0.03,1,0,30.0,0.0,,0,0,,,,Sessions beforeSep12 unavailable; Sep12 partial; property/retained starts unavailable; outcomes use occurrence day and exact stored IDs.
AD,120250540506300660,120250540492410660,2026-09-02,0.02,1,0,20.0,0.0,,0,0,,,,Sessions beforeSep12 unavailable; Sep12 partial; property/retained starts unavailable; outcomes use occurrence day and exact stored IDs.
AD,120250540506300660,120250540492410660,2026-09-04,0.02,1,0,20.0,0.0,,0,0,,,,Sessions beforeSep12 unavailable; Sep12 partial; property/retained starts unavailable; outcomes use occurrence day and exact stored IDs.
AD,120250540506300660,120250540492410660,2026-09-07,0.03,1,0,30.0,0.0,,0,0,,,,Sessions beforeSep12 unavailable; Sep12 partial; property/retained starts unavailable; outcomes use occurrence day and exact stored IDs.
AD,120250540506300660,120250540492410660,2026-09-09,0.02,1,0,20.0,0.0,,0,0,,,,Sessions beforeSep12 unavailable; Sep12 partial; property/retained starts unavailable; outcomes use occurrence day and exact stored IDs.
AD,120250540506300660,120250540492410660,2026-09-10,0.32,3,0,106.67,0.0,,0,0,,,,Sessions beforeSep12 unavailable; Sep12 partial; property/retained starts unavailable; outcomes use occurrence day and exact stored IDs.
AD,120250540506300660,120250540492410660,2026-09-15,0.0,1,0,0.0,0.0,,0,0,,0,,Sessions beforeSep12 unavailable; Sep12 partial; property/retained starts unavailable; outcomes use occurrence day and exact stored IDs.
AD,120250540506300660,120250540492410660,2026-09-16,0.04,1,0,40.0,0.0,,0,0,,0,,Sessions beforeSep12 unavailable; Sep12 partial; property/retained starts unavailable; outcomes use occurrence day and exact stored IDs.
AD,120250540506300660,120250540492410660,2026-09-17,0.06,2,0,30.0,0.0,,0,0,,0,,Sessions beforeSep12 unavailable; Sep12 partial; property/retained starts unavailable; outcomes use occurrence day and exact stored IDs.
AD,120250540510480660,120250540492410660,2026-08-26,0.01,1,0,10.0,0.0,,0,0,,,,Sessions beforeSep12 unavailable; Sep12 partial; property/retained starts unavailable; outcomes use occurrence day and exact stored IDs.
AD,120250540510480660,120250540492410660,2026-09-01,0.14,1,0,140.0,0.0,,0,0,,,,Sessions beforeSep12 unavailable; Sep12 partial; property/retained starts unavailable; outcomes use occurrence day and exact stored IDs.
AD,120250540510480660,120250540492410660,2026-09-04,0.01,1,0,10.0,0.0,,0,0,,,,Sessions beforeSep12 unavailable; Sep12 partial; property/retained starts unavailable; outcomes use occurrence day and exact stored IDs.
AD,120250540510480660,120250540492410660,2026-09-08,0.01,1,0,10.0,0.0,,0,0,,,,Sessions beforeSep12 unavailable; Sep12 partial; property/retained starts unavailable; outcomes use occurrence day and exact stored IDs.
AD,120250540510480660,120250540492410660,2026-09-09,0.06,2,0,30.0,0.0,,0,0,,,,Sessions beforeSep12 unavailable; Sep12 partial; property/retained starts unavailable; outcomes use occurrence day and exact stored IDs.
AD,120250540510480660,120250540492410660,2026-09-11,0.26,2,0,130.0,0.0,,0,0,,,,Sessions beforeSep12 unavailable; Sep12 partial; property/retained starts unavailable; outcomes use occurrence day and exact stored IDs.
AD,120250540510480660,120250540492410660,2026-09-14,0.05,2,0,25.0,0.0,,0,0,,0,,Sessions beforeSep12 unavailable; Sep12 partial; property/retained starts unavailable; outcomes use occurrence day and exact stored IDs.
AD,120250540510480660,120250540492410660,2026-09-16,0.53,2,0,265.0,0.0,,0,0,,0,,Sessions beforeSep12 unavailable; Sep12 partial; property/retained starts unavailable; outcomes use occurrence day and exact stored IDs.
AD,120250540510480660,120250540492410660,2026-09-18,0.36,4,0,90.0,0.0,,0,0,,0,,Sessions beforeSep12 unavailable; Sep12 partial; property/retained starts unavailable; outcomes use occurrence day and exact stored IDs.
AD,120250540511980660,120250540492410660,2026-08-18,0.05,2,0,25.0,0.0,,0,0,,,,Sessions beforeSep12 unavailable; Sep12 partial; property/retained starts unavailable; outcomes use occurrence day and exact stored IDs.
AD,120250540511980660,120250540492410660,2026-08-19,1.07,20,1,53.5,5.0,1.07,0,0,,,,Sessions beforeSep12 unavailable; Sep12 partial; property/retained starts unavailable; outcomes use occurrence day and exact stored IDs.
AD,120250540511980660,120250540492410660,2026-08-20,0.38,6,1,63.33,16.667,0.38,1,1,0.38,,,Sessions beforeSep12 unavailable; Sep12 partial; property/retained starts unavailable; outcomes use occurrence day and exact stored IDs.
AD,120250540511980660,120250540492410660,2026-08-22,1.41,38,0,37.11,0.0,,0,0,,,,Sessions beforeSep12 unavailable; Sep12 partial; property/retained starts unavailable; outcomes use occurrence day and exact stored IDs.
AD,120250540511980660,120250540492410660,2026-08-23,12.17,281,1,43.31,0.356,12.17,1,1,12.17,,,Sessions beforeSep12 unavailable; Sep12 partial; property/retained starts unavailable; outcomes use occurrence day and exact stored IDs.
AD,120250540511980660,120250540492410660,2026-08-24,9.68,309,2,31.33,0.647,4.84,0,0,,,,Sessions beforeSep12 unavailable; Sep12 partial; property/retained starts unavailable; outcomes use occurrence day and exact stored IDs.
AD,120250540511980660,120250540492410660,2026-08-25,7.94,233,1,34.08,0.429,7.94,0,0,,,,Sessions beforeSep12 unavailable; Sep12 partial; property/retained starts unavailable; outcomes use occurrence day and exact stored IDs.
AD,120250540511980660,120250540492410660,2026-08-26,1.51,38,0,39.74,0.0,,0,0,,,,Sessions beforeSep12 unavailable; Sep12 partial; property/retained starts unavailable; outcomes use occurrence day and exact stored IDs.
AD,120250540511980660,120250540492410660,2026-08-27,1.88,57,2,32.98,3.509,0.94,0,0,,,,Sessions beforeSep12 unavailable; Sep12 partial; property/retained starts unavailable; outcomes use occurrence day and exact stored IDs.
AD,120250540511980660,120250540492410660,2026-08-28,2.31,42,3,55.0,7.143,0.77,0,0,,,,Sessions beforeSep12 unavailable; Sep12 partial; property/retained starts unavailable; outcomes use occurrence day and exact stored IDs.
AD,120250540511980660,120250540492410660,2026-08-29,1.32,22,0,60.0,0.0,,0,0,,,,Sessions beforeSep12 unavailable; Sep12 partial; property/retained starts unavailable; outcomes use occurrence day and exact stored IDs.
AD,120250540511980660,120250540492410660,2026-08-30,1.41,34,0,41.47,0.0,,0,0,,,,Sessions beforeSep12 unavailable; Sep12 partial; property/retained starts unavailable; outcomes use occurrence day and exact stored IDs.
AD,120250540511980660,120250540492410660,2026-08-31,1.68,40,0,42.0,0.0,,0,0,,,,Sessions beforeSep12 unavailable; Sep12 partial; property/retained starts unavailable; outcomes use occurrence day and exact stored IDs.
AD,120250540511980660,120250540492410660,2026-09-01,1.1,21,1,52.38,4.762,1.1,0,0,,,,Sessions beforeSep12 unavailable; Sep12 partial; property/retained starts unavailable; outcomes use occurrence day and exact stored IDs.
AD,120250540511980660,120250540492410660,2026-09-02,0.74,22,0,33.64,0.0,,0,0,,,,Sessions beforeSep12 unavailable; Sep12 partial; property/retained starts unavailable; outcomes use occurrence day and exact stored IDs.
AD,120250540511980660,120250540492410660,2026-09-03,0.28,7,0,40.0,0.0,,0,0,,,,Sessions beforeSep12 unavailable; Sep12 partial; property/retained starts unavailable; outcomes use occurrence day and exact stored IDs.
AD,120250540511980660,120250540492410660,2026-09-04,0.08,1,0,80.0,0.0,,0,0,,,,Sessions beforeSep12 unavailable; Sep12 partial; property/retained starts unavailable; outcomes use occurrence day and exact stored IDs.
AD,120250540511980660,120250540492410660,2026-09-06,0.29,10,0,29.0,0.0,,0,0,,,,Sessions beforeSep12 unavailable; Sep12 partial; property/retained starts unavailable; outcomes use occurrence day and exact stored IDs.
AD,120250540511980660,120250540492410660,2026-09-07,0.33,9,0,36.67,0.0,,0,0,,,,Sessions beforeSep12 unavailable; Sep12 partial; property/retained starts unavailable; outcomes use occurrence day and exact stored IDs.
AD,120250540511980660,120250540492410660,2026-09-08,1.09,23,0,47.39,0.0,,0,0,,,,Sessions beforeSep12 unavailable; Sep12 partial; property/retained starts unavailable; outcomes use occurrence day and exact stored IDs.
AD,120250540511980660,120250540492410660,2026-09-09,0.38,5,0,76.0,0.0,,0,0,,,,Sessions beforeSep12 unavailable; Sep12 partial; property/retained starts unavailable; outcomes use occurrence day and exact stored IDs.
AD,120250540511980660,120250540492410660,2026-09-11,0.39,9,0,43.33,0.0,,0,0,,,,Sessions beforeSep12 unavailable; Sep12 partial; property/retained starts unavailable; outcomes use occurrence day and exact stored IDs.
AD,120250540511980660,120250540492410660,2026-09-12,0.0,1,0,0.0,0.0,,0,0,,0,,Sessions beforeSep12 unavailable; Sep12 partial; property/retained starts unavailable; outcomes use occurrence day and exact stored IDs.
AD,120250540511980660,120250540492410660,2026-09-16,0.75,11,0,68.18,0.0,,0,0,,0,,Sessions beforeSep12 unavailable; Sep12 partial; property/retained starts unavailable; outcomes use occurrence day and exact stored IDs.
AD,120250540511980660,120250540492410660,2026-09-17,0.03,2,0,15.0,0.0,,0,0,,0,,Sessions beforeSep12 unavailable; Sep12 partial; property/retained starts unavailable; outcomes use occurrence day and exact stored IDs.
AD,120250540514070660,120250540492410660,2026-08-19,0.06,1,0,60.0,0.0,,0,0,,,,Sessions beforeSep12 unavailable; Sep12 partial; property/retained starts unavailable; outcomes use occurrence day and exact stored IDs.
AD,120250540514070660,120250540492410660,2026-08-30,0.0,1,0,0.0,0.0,,0,0,,,,Sessions beforeSep12 unavailable; Sep12 partial; property/retained starts unavailable; outcomes use occurrence day and exact stored IDs.
AD,120250540514070660,120250540492410660,2026-09-04,0.32,1,0,320.0,0.0,,0,0,,,,Sessions beforeSep12 unavailable; Sep12 partial; property/retained starts unavailable; outcomes use occurrence day and exact stored IDs.
AD,120250540514070660,120250540492410660,2026-09-06,0.02,2,0,10.0,0.0,,0,0,,,,Sessions beforeSep12 unavailable; Sep12 partial; property/retained starts unavailable; outcomes use occurrence day and exact stored IDs.
AD,120250540514070660,120250540492410660,2026-09-08,0.12,1,0,120.0,0.0,,0,0,,,,Sessions beforeSep12 unavailable; Sep12 partial; property/retained starts unavailable; outcomes use occurrence day and exact stored IDs.
AD,120250540514070660,120250540492410660,2026-09-09,0.22,3,0,73.33,0.0,,0,0,,,,Sessions beforeSep12 unavailable; Sep12 partial; property/retained starts unavailable; outcomes use occurrence day and exact stored IDs.
AD,120250540514070660,120250540492410660,2026-09-11,0.07,1,0,70.0,0.0,,0,0,,,,Sessions beforeSep12 unavailable; Sep12 partial; property/retained starts unavailable; outcomes use occurrence day and exact stored IDs.
AD,120250540514070660,120250540492410660,2026-09-14,0.1,2,0,50.0,0.0,,0,0,,0,,Sessions beforeSep12 unavailable; Sep12 partial; property/retained starts unavailable; outcomes use occurrence day and exact stored IDs.
AD,120250540514070660,120250540492410660,2026-09-16,1.18,6,0,196.67,0.0,,0,0,,0,,Sessions beforeSep12 unavailable; Sep12 partial; property/retained starts unavailable; outcomes use occurrence day and exact stored IDs.
AD,120250540514070660,120250540492410660,2026-09-18,0.09,1,0,90.0,0.0,,0,0,,0,,Sessions beforeSep12 unavailable; Sep12 partial; property/retained starts unavailable; outcomes use occurrence day and exact stored IDs.
AD,120250540514800660,120250540492410660,2026-08-18,0.41,8,0,51.25,0.0,,0,0,,,,Sessions beforeSep12 unavailable; Sep12 partial; property/retained starts unavailable; outcomes use occurrence day and exact stored IDs.
AD,120250540514800660,120250540492410660,2026-08-23,0.03,1,0,30.0,0.0,,0,0,,,,Sessions beforeSep12 unavailable; Sep12 partial; property/retained starts unavailable; outcomes use occurrence day and exact stored IDs.
AD,120250540514800660,120250540492410660,2026-08-28,0.01,1,0,10.0,0.0,,0,0,,,,Sessions beforeSep12 unavailable; Sep12 partial; property/retained starts unavailable; outcomes use occurrence day and exact stored IDs.
AD,120250540514800660,120250540492410660,2026-08-30,0.0,1,0,0.0,0.0,,0,0,,,,Sessions beforeSep12 unavailable; Sep12 partial; property/retained starts unavailable; outcomes use occurrence day and exact stored IDs.
AD,120250540514800660,120250540492410660,2026-09-02,0.19,3,0,63.33,0.0,,0,0,,,,Sessions beforeSep12 unavailable; Sep12 partial; property/retained starts unavailable; outcomes use occurrence day and exact stored IDs.
AD,120250540514800660,120250540492410660,2026-09-10,0.07,2,0,35.0,0.0,,0,0,,,,Sessions beforeSep12 unavailable; Sep12 partial; property/retained starts unavailable; outcomes use occurrence day and exact stored IDs.
AD,120250540514800660,120250540492410660,2026-09-12,0.08,1,0,80.0,0.0,,0,0,,0,,Sessions beforeSep12 unavailable; Sep12 partial; property/retained starts unavailable; outcomes use occurrence day and exact stored IDs.
AD,120250540514800660,120250540492410660,2026-09-15,0.5,6,0,83.33,0.0,,0,0,,0,,Sessions beforeSep12 unavailable; Sep12 partial; property/retained starts unavailable; outcomes use occurrence day and exact stored IDs.
AD,120250540514800660,120250540492410660,2026-09-17,0.05,3,0,16.67,0.0,,0,0,,0,,Sessions beforeSep12 unavailable; Sep12 partial; property/retained starts unavailable; outcomes use occurrence day and exact stored IDs.
AD,120250540515910660,120250540492410660,2026-08-18,1.43,29,0,49.31,0.0,,0,0,,,,Sessions beforeSep12 unavailable; Sep12 partial; property/retained starts unavailable; outcomes use occurrence day and exact stored IDs.
AD,120250540515910660,120250540492410660,2026-08-19,12.2,148,3,82.43,2.027,4.07,0,0,,,,Sessions beforeSep12 unavailable; Sep12 partial; property/retained starts unavailable; outcomes use occurrence day and exact stored IDs.
AD,120250540515910660,120250540492410660,2026-08-20,2.58,64,2,40.31,3.125,1.29,0,0,,,,Sessions beforeSep12 unavailable; Sep12 partial; property/retained starts unavailable; outcomes use occurrence day and exact stored IDs.
AD,120250540515910660,120250540492410660,2026-08-21,3.3,54,0,61.11,0.0,,0,0,,,,Sessions beforeSep12 unavailable; Sep12 partial; property/retained starts unavailable; outcomes use occurrence day and exact stored IDs.
AD,120250540515910660,120250540492410660,2026-08-22,0.85,23,0,36.96,0.0,,0,0,,,,Sessions beforeSep12 unavailable; Sep12 partial; property/retained starts unavailable; outcomes use occurrence day and exact stored IDs.
AD,120250540515910660,120250540492410660,2026-08-23,2.0,33,0,60.61,0.0,,0,0,,,,Sessions beforeSep12 unavailable; Sep12 partial; property/retained starts unavailable; outcomes use occurrence day and exact stored IDs.
AD,120250540515910660,120250540492410660,2026-08-24,1.13,11,0,102.73,0.0,,0,0,,,,Sessions beforeSep12 unavailable; Sep12 partial; property/retained starts unavailable; outcomes use occurrence day and exact stored IDs.
AD,120250540515910660,120250540492410660,2026-08-25,0.39,8,0,48.75,0.0,,0,0,,,,Sessions beforeSep12 unavailable; Sep12 partial; property/retained starts unavailable; outcomes use occurrence day and exact stored IDs.
AD,120250540515910660,120250540492410660,2026-08-26,0.02,1,0,20.0,0.0,,0,0,,,,Sessions beforeSep12 unavailable; Sep12 partial; property/retained starts unavailable; outcomes use occurrence day and exact stored IDs.
AD,120250540515910660,120250540492410660,2026-08-28,0.04,1,0,40.0,0.0,,0,0,,,,Sessions beforeSep12 unavailable; Sep12 partial; property/retained starts unavailable; outcomes use occurrence day and exact stored IDs.
AD,120250540515910660,120250540492410660,2026-08-30,0.01,1,0,10.0,0.0,,0,0,,,,Sessions beforeSep12 unavailable; Sep12 partial; property/retained starts unavailable; outcomes use occurrence day and exact stored IDs.
AD,120250540515910660,120250540492410660,2026-09-01,0.06,3,0,20.0,0.0,,0,0,,,,Sessions beforeSep12 unavailable; Sep12 partial; property/retained starts unavailable; outcomes use occurrence day and exact stored IDs.
AD,120250540515910660,120250540492410660,2026-09-02,0.04,2,0,20.0,0.0,,0,0,,,,Sessions beforeSep12 unavailable; Sep12 partial; property/retained starts unavailable; outcomes use occurrence day and exact stored IDs.
AD,120250540515910660,120250540492410660,2026-09-03,0.03,1,0,30.0,0.0,,0,0,,,,Sessions beforeSep12 unavailable; Sep12 partial; property/retained starts unavailable; outcomes use occurrence day and exact stored IDs.
AD,120250540515910660,120250540492410660,2026-09-06,0.57,7,0,81.43,0.0,,0,0,,,,Sessions beforeSep12 unavailable; Sep12 partial; property/retained starts unavailable; outcomes use occurrence day and exact stored IDs.
AD,120250540515910660,120250540492410660,2026-09-07,0.09,4,0,22.5,0.0,,0,0,,,,Sessions beforeSep12 unavailable; Sep12 partial; property/retained starts unavailable; outcomes use occurrence day and exact stored IDs.
AD,120250540515910660,120250540492410660,2026-09-09,0.02,1,0,20.0,0.0,,0,0,,,,Sessions beforeSep12 unavailable; Sep12 partial; property/retained starts unavailable; outcomes use occurrence day and exact stored IDs.
AD,120250540515910660,120250540492410660,2026-09-11,0.12,6,0,20.0,0.0,,0,0,,,,Sessions beforeSep12 unavailable; Sep12 partial; property/retained starts unavailable; outcomes use occurrence day and exact stored IDs.
AD,120250540515910660,120250540492410660,2026-09-14,0.21,2,0,105.0,0.0,,0,0,,0,,Sessions beforeSep12 unavailable; Sep12 partial; property/retained starts unavailable; outcomes use occurrence day and exact stored IDs.
AD,120250540515910660,120250540492410660,2026-09-16,0.1,1,0,100.0,0.0,,0,0,,0,,Sessions beforeSep12 unavailable; Sep12 partial; property/retained starts unavailable; outcomes use occurrence day and exact stored IDs.
AD,120250540515910660,120250540492410660,2026-09-17,0.11,2,0,55.0,0.0,,0,0,,0,,Sessions beforeSep12 unavailable; Sep12 partial; property/retained starts unavailable; outcomes use occurrence day and exact stored IDs.
AD,120250540515910660,120250540492410660,2026-09-18,0.04,1,0,40.0,0.0,,0,0,,0,,Sessions beforeSep12 unavailable; Sep12 partial; property/retained starts unavailable; outcomes use occurrence day and exact stored IDs.
AD,120250540517610660,120250540492410660,2026-08-19,0.42,5,0,84.0,0.0,,0,0,,,,Sessions beforeSep12 unavailable; Sep12 partial; property/retained starts unavailable; outcomes use occurrence day and exact stored IDs.
AD,120250540517610660,120250540492410660,2026-08-20,0.35,7,0,50.0,0.0,,0,0,,,,Sessions beforeSep12 unavailable; Sep12 partial; property/retained starts unavailable; outcomes use occurrence day and exact stored IDs.
AD,120250540517610660,120250540492410660,2026-08-25,0.03,2,0,15.0,0.0,,0,0,,,,Sessions beforeSep12 unavailable; Sep12 partial; property/retained starts unavailable; outcomes use occurrence day and exact stored IDs.
AD,120250540517610660,120250540492410660,2026-08-29,0.14,4,0,35.0,0.0,,0,0,,,,Sessions beforeSep12 unavailable; Sep12 partial; property/retained starts unavailable; outcomes use occurrence day and exact stored IDs.
AD,120250540517610660,120250540492410660,2026-08-30,0.0,1,0,0.0,0.0,,0,0,,,,Sessions beforeSep12 unavailable; Sep12 partial; property/retained starts unavailable; outcomes use occurrence day and exact stored IDs.
AD,120250540517610660,120250540492410660,2026-08-31,0.01,1,0,10.0,0.0,,0,0,,,,Sessions beforeSep12 unavailable; Sep12 partial; property/retained starts unavailable; outcomes use occurrence day and exact stored IDs.
AD,120250540517610660,120250540492410660,2026-09-01,0.02,2,0,10.0,0.0,,0,0,,,,Sessions beforeSep12 unavailable; Sep12 partial; property/retained starts unavailable; outcomes use occurrence day and exact stored IDs.
AD,120250540517610660,120250540492410660,2026-09-03,0.02,2,0,10.0,0.0,,0,0,,,,Sessions beforeSep12 unavailable; Sep12 partial; property/retained starts unavailable; outcomes use occurrence day and exact stored IDs.
AD,120250540517610660,120250540492410660,2026-09-04,0.04,1,0,40.0,0.0,,0,0,,,,Sessions beforeSep12 unavailable; Sep12 partial; property/retained starts unavailable; outcomes use occurrence day and exact stored IDs.
AD,120250540517610660,120250540492410660,2026-09-06,0.03,1,0,30.0,0.0,,0,0,,,,Sessions beforeSep12 unavailable; Sep12 partial; property/retained starts unavailable; outcomes use occurrence day and exact stored IDs.
AD,120250540517610660,120250540492410660,2026-09-08,0.03,3,0,10.0,0.0,,0,0,,,,Sessions beforeSep12 unavailable; Sep12 partial; property/retained starts unavailable; outcomes use occurrence day and exact stored IDs.
AD,120250540517610660,120250540492410660,2026-09-09,0.13,3,0,43.33,0.0,,0,0,,,,Sessions beforeSep12 unavailable; Sep12 partial; property/retained starts unavailable; outcomes use occurrence day and exact stored IDs.
AD,120250540517610660,120250540492410660,2026-09-10,0.03,1,0,30.0,0.0,,0,0,,,,Sessions beforeSep12 unavailable; Sep12 partial; property/retained starts unavailable; outcomes use occurrence day and exact stored IDs.
AD,120250540517610660,120250540492410660,2026-09-11,0.04,1,0,40.0,0.0,,0,0,,,,Sessions beforeSep12 unavailable; Sep12 partial; property/retained starts unavailable; outcomes use occurrence day and exact stored IDs.
AD,120250540517610660,120250540492410660,2026-09-16,0.24,1,0,240.0,0.0,,0,0,,0,,Sessions beforeSep12 unavailable; Sep12 partial; property/retained starts unavailable; outcomes use occurrence day and exact stored IDs.
AD,120250540517610660,120250540492410660,2026-09-18,0.04,1,0,40.0,0.0,,0,0,,0,,Sessions beforeSep12 unavailable; Sep12 partial; property/retained starts unavailable; outcomes use occurrence day and exact stored IDs.
AD,120250540519170660,120250540492410660,2026-08-20,0.2,2,0,100.0,0.0,,0,0,,,,Sessions beforeSep12 unavailable; Sep12 partial; property/retained starts unavailable; outcomes use occurrence day and exact stored IDs.
AD,120250540519170660,120250540492410660,2026-08-21,0.0,1,0,0.0,0.0,,0,0,,,,Sessions beforeSep12 unavailable; Sep12 partial; property/retained starts unavailable; outcomes use occurrence day and exact stored IDs.
AD,120250540519170660,120250540492410660,2026-08-24,0.06,1,0,60.0,0.0,,0,0,,,,Sessions beforeSep12 unavailable; Sep12 partial; property/retained starts unavailable; outcomes use occurrence day and exact stored IDs.
AD,120250540519170660,120250540492410660,2026-08-27,0.01,1,0,10.0,0.0,,0,0,,,,Sessions beforeSep12 unavailable; Sep12 partial; property/retained starts unavailable; outcomes use occurrence day and exact stored IDs.
AD,120250540519170660,120250540492410660,2026-08-29,0.16,5,0,32.0,0.0,,0,0,,,,Sessions beforeSep12 unavailable; Sep12 partial; property/retained starts unavailable; outcomes use occurrence day and exact stored IDs.
AD,120250540519170660,120250540492410660,2026-08-30,0.01,1,0,10.0,0.0,,0,0,,,,Sessions beforeSep12 unavailable; Sep12 partial; property/retained starts unavailable; outcomes use occurrence day and exact stored IDs.
AD,120250540519170660,120250540492410660,2026-08-31,0.11,1,0,110.0,0.0,,0,0,,,,Sessions beforeSep12 unavailable; Sep12 partial; property/retained starts unavailable; outcomes use occurrence day and exact stored IDs.
AD,120250540519170660,120250540492410660,2026-09-01,0.02,1,0,20.0,0.0,,0,0,,,,Sessions beforeSep12 unavailable; Sep12 partial; property/retained starts unavailable; outcomes use occurrence day and exact stored IDs.
AD,120250540519170660,120250540492410660,2026-09-06,0.12,2,0,60.0,0.0,,0,0,,,,Sessions beforeSep12 unavailable; Sep12 partial; property/retained starts unavailable; outcomes use occurrence day and exact stored IDs.
AD,120250540519170660,120250540492410660,2026-09-08,0.0,1,0,0.0,0.0,,0,0,,,,Sessions beforeSep12 unavailable; Sep12 partial; property/retained starts unavailable; outcomes use occurrence day and exact stored IDs.
AD,120250540519170660,120250540492410660,2026-09-14,0.2,3,0,66.67,0.0,,0,0,,0,,Sessions beforeSep12 unavailable; Sep12 partial; property/retained starts unavailable; outcomes use occurrence day and exact stored IDs.
AD,120250540519170660,120250540492410660,2026-09-16,0.06,1,0,60.0,0.0,,0,0,,0,,Sessions beforeSep12 unavailable; Sep12 partial; property/retained starts unavailable; outcomes use occurrence day and exact stored IDs.
AD,120250540519170660,120250540492410660,2026-09-18,0.05,3,0,16.67,0.0,,0,0,,0,,Sessions beforeSep12 unavailable; Sep12 partial; property/retained starts unavailable; outcomes use occurrence day and exact stored IDs.
AD,120250540520560660,120250540492410660,2026-09-08,0.0,1,0,0.0,0.0,,0,0,,,,Sessions beforeSep12 unavailable; Sep12 partial; property/retained starts unavailable; outcomes use occurrence day and exact stored IDs.
AD,120250540520560660,120250540492410660,2026-09-15,0.0,1,0,0.0,0.0,,0,0,,0,,Sessions beforeSep12 unavailable; Sep12 partial; property/retained starts unavailable; outcomes use occurrence day and exact stored IDs.
AD,120250540520560660,120250540492410660,2026-09-17,0.03,1,0,30.0,0.0,,0,0,,0,,Sessions beforeSep12 unavailable; Sep12 partial; property/retained starts unavailable; outcomes use occurrence day and exact stored IDs.
AD,120250540520560660,120250540492410660,2026-09-18,0.19,3,0,63.33,0.0,,0,0,,0,,Sessions beforeSep12 unavailable; Sep12 partial; property/retained starts unavailable; outcomes use occurrence day and exact stored IDs.
AD,120250564537150660,120250540492410660,2026-08-19,0.0,1,0,0.0,0.0,,0,0,,,,Sessions beforeSep12 unavailable; Sep12 partial; property/retained starts unavailable; outcomes use occurrence day and exact stored IDs.
AD,120250564537150660,120250540492410660,2026-08-20,0.03,1,0,30.0,0.0,,0,0,,,,Sessions beforeSep12 unavailable; Sep12 partial; property/retained starts unavailable; outcomes use occurrence day and exact stored IDs.
AD,120250564537150660,120250540492410660,2026-08-22,0.08,1,0,80.0,0.0,,0,0,,,,Sessions beforeSep12 unavailable; Sep12 partial; property/retained starts unavailable; outcomes use occurrence day and exact stored IDs.
AD,120250564537150660,120250540492410660,2026-08-30,0.0,1,0,0.0,0.0,,0,0,,,,Sessions beforeSep12 unavailable; Sep12 partial; property/retained starts unavailable; outcomes use occurrence day and exact stored IDs.
AD,120250564537150660,120250540492410660,2026-09-04,0.26,4,0,65.0,0.0,,0,0,,,,Sessions beforeSep12 unavailable; Sep12 partial; property/retained starts unavailable; outcomes use occurrence day and exact stored IDs.
AD,120250564537150660,120250540492410660,2026-09-06,0.02,1,0,20.0,0.0,,0,0,,,,Sessions beforeSep12 unavailable; Sep12 partial; property/retained starts unavailable; outcomes use occurrence day and exact stored IDs.
AD,120250564537150660,120250540492410660,2026-09-09,0.0,1,0,0.0,0.0,,0,0,,,,Sessions beforeSep12 unavailable; Sep12 partial; property/retained starts unavailable; outcomes use occurrence day and exact stored IDs.
AD,120250564537150660,120250540492410660,2026-09-11,0.04,1,0,40.0,0.0,,0,0,,,,Sessions beforeSep12 unavailable; Sep12 partial; property/retained starts unavailable; outcomes use occurrence day and exact stored IDs.
AD,120250564537150660,120250540492410660,2026-09-14,0.27,2,0,135.0,0.0,,0,0,,0,,Sessions beforeSep12 unavailable; Sep12 partial; property/retained starts unavailable; outcomes use occurrence day and exact stored IDs.
AD,120250564537150660,120250540492410660,2026-09-16,0.05,2,0,25.0,0.0,,0,0,,0,,Sessions beforeSep12 unavailable; Sep12 partial; property/retained starts unavailable; outcomes use occurrence day and exact stored IDs.
AD,120250564550110660,120250540492410660,2026-08-21,0.03,1,0,30.0,0.0,,0,0,,,,Sessions beforeSep12 unavailable; Sep12 partial; property/retained starts unavailable; outcomes use occurrence day and exact stored IDs.
AD,120250564550110660,120250540492410660,2026-08-26,0.02,1,0,20.0,0.0,,0,0,,,,Sessions beforeSep12 unavailable; Sep12 partial; property/retained starts unavailable; outcomes use occurrence day and exact stored IDs.
AD,120250564550110660,120250540492410660,2026-09-02,0.02,1,0,20.0,0.0,,0,0,,,,Sessions beforeSep12 unavailable; Sep12 partial; property/retained starts unavailable; outcomes use occurrence day and exact stored IDs.
AD,120250564550110660,120250540492410660,2026-09-03,0.06,1,0,60.0,0.0,,0,0,,,,Sessions beforeSep12 unavailable; Sep12 partial; property/retained starts unavailable; outcomes use occurrence day and exact stored IDs.
AD,120250564550110660,120250540492410660,2026-09-04,0.12,1,0,120.0,0.0,,0,0,,,,Sessions beforeSep12 unavailable; Sep12 partial; property/retained starts unavailable; outcomes use occurrence day and exact stored IDs.
AD,120250564550110660,120250540492410660,2026-09-10,0.11,4,0,27.5,0.0,,0,0,,,,Sessions beforeSep12 unavailable; Sep12 partial; property/retained starts unavailable; outcomes use occurrence day and exact stored IDs.
AD,120250564550110660,120250540492410660,2026-09-12,0.33,7,0,47.14,0.0,,0,0,,0,,Sessions beforeSep12 unavailable; Sep12 partial; property/retained starts unavailable; outcomes use occurrence day and exact stored IDs.
AD,120250564550110660,120250540492410660,2026-09-15,0.01,1,0,10.0,0.0,,0,0,,0,,Sessions beforeSep12 unavailable; Sep12 partial; property/retained starts unavailable; outcomes use occurrence day and exact stored IDs.
AD,120250564550110660,120250540492410660,2026-09-17,0.08,1,0,80.0,0.0,,0,0,,0,,Sessions beforeSep12 unavailable; Sep12 partial; property/retained starts unavailable; outcomes use occurrence day and exact stored IDs.
AD,120250571668020660,120250540492410660,2026-08-18,19.2,538,5,35.69,0.929,3.84,0,0,,,,Sessions beforeSep12 unavailable; Sep12 partial; property/retained starts unavailable; outcomes use occurrence day and exact stored IDs.
AD,120250571668020660,120250540492410660,2026-08-19,35.87,832,21,43.11,2.524,1.71,1,1,35.87,,,Sessions beforeSep12 unavailable; Sep12 partial; property/retained starts unavailable; outcomes use occurrence day and exact stored IDs.
AD,120250571668020660,120250540492410660,2026-08-20,30.75,775,14,39.68,1.806,2.2,4,4,7.69,,,Sessions beforeSep12 unavailable; Sep12 partial; property/retained starts unavailable; outcomes use occurrence day and exact stored IDs.
AD,120250571668020660,120250540492410660,2026-08-21,30.48,734,10,41.53,1.362,3.05,0,0,,,,Sessions beforeSep12 unavailable; Sep12 partial; property/retained starts unavailable; outcomes use occurrence day and exact stored IDs.
AD,120250571668020660,120250540492410660,2026-08-22,22.01,600,6,36.68,1.0,3.67,3,3,7.34,,,Sessions beforeSep12 unavailable; Sep12 partial; property/retained starts unavailable; outcomes use occurrence day and exact stored IDs.
AD,120250571668020660,120250540492410660,2026-08-23,45.85,1152,8,39.8,0.694,5.73,1,1,45.85,,,Sessions beforeSep12 unavailable; Sep12 partial; property/retained starts unavailable; outcomes use occurrence day and exact stored IDs.
AD,120250571668020660,120250540492410660,2026-08-24,45.98,1337,12,34.39,0.898,3.83,5,5,9.2,,,Sessions beforeSep12 unavailable; Sep12 partial; property/retained starts unavailable; outcomes use occurrence day and exact stored IDs.
AD,120250571668020660,120250540492410660,2026-08-25,45.34,1173,13,38.65,1.108,3.49,2,2,22.67,,,Sessions beforeSep12 unavailable; Sep12 partial; property/retained starts unavailable; outcomes use occurrence day and exact stored IDs.
AD,120250571668020660,120250540492410660,2026-08-26,38.34,1022,14,37.51,1.37,2.74,1,1,38.34,,,Sessions beforeSep12 unavailable; Sep12 partial; property/retained starts unavailable; outcomes use occurrence day and exact stored IDs.
AD,120250571668020660,120250540492410660,2026-08-27,49.95,1335,13,37.42,0.974,3.84,3,3,16.65,,,Sessions beforeSep12 unavailable; Sep12 partial; property/retained starts unavailable; outcomes use occurrence day and exact stored IDs.
AD,120250571668020660,120250540492410660,2026-08-28,49.59,1178,16,42.1,1.358,3.1,5,5,9.92,,,Sessions beforeSep12 unavailable; Sep12 partial; property/retained starts unavailable; outcomes use occurrence day and exact stored IDs.
AD,120250571668020660,120250540492410660,2026-08-29,49.57,1592,10,31.14,0.628,4.96,1,1,49.57,,,Sessions beforeSep12 unavailable; Sep12 partial; property/retained starts unavailable; outcomes use occurrence day and exact stored IDs.
AD,120250571668020660,120250540492410660,2026-08-30,58.27,1993,16,29.24,0.803,3.64,1,1,58.27,,,Sessions beforeSep12 unavailable; Sep12 partial; property/retained starts unavailable; outcomes use occurrence day and exact stored IDs.
AD,120250571668020660,120250540492410660,2026-08-31,35.27,1015,11,34.75,1.084,3.21,3,3,11.76,,,Sessions beforeSep12 unavailable; Sep12 partial; property/retained starts unavailable; outcomes use occurrence day and exact stored IDs.
AD,120250571668020660,120250540492410660,2026-09-01,38.07,875,9,43.51,1.029,4.23,0,0,,,,Sessions beforeSep12 unavailable; Sep12 partial; property/retained starts unavailable; outcomes use occurrence day and exact stored IDs.
AD,120250571668020660,120250540492410660,2026-09-02,30.64,700,8,43.77,1.143,3.83,3,3,10.21,,,Sessions beforeSep12 unavailable; Sep12 partial; property/retained starts unavailable; outcomes use occurrence day and exact stored IDs.
AD,120250571668020660,120250540492410660,2026-09-03,40.7,1194,19,34.09,1.591,2.14,1,1,40.7,,,Sessions beforeSep12 unavailable; Sep12 partial; property/retained starts unavailable; outcomes use occurrence day and exact stored IDs.
AD,120250571668020660,120250540492410660,2026-09-04,32.37,706,9,45.85,1.275,3.6,1,1,32.37,,,Sessions beforeSep12 unavailable; Sep12 partial; property/retained starts unavailable; outcomes use occurrence day and exact stored IDs.
AD,120250571668020660,120250540492410660,2026-09-05,28.15,573,13,49.13,2.269,2.17,0,0,,,,Sessions beforeSep12 unavailable; Sep12 partial; property/retained starts unavailable; outcomes use occurrence day and exact stored IDs.
AD,120250571668020660,120250540492410660,2026-09-06,32.57,744,9,43.78,1.21,3.62,2,2,16.29,,,Sessions beforeSep12 unavailable; Sep12 partial; property/retained starts unavailable; outcomes use occurrence day and exact stored IDs.
AD,120250571668020660,120250540492410660,2026-09-07,26.96,723,8,37.29,1.107,3.37,1,1,26.96,,,Sessions beforeSep12 unavailable; Sep12 partial; property/retained starts unavailable; outcomes use occurrence day and exact stored IDs.
AD,120250571668020660,120250540492410660,2026-09-08,32.55,714,9,45.59,1.261,3.62,1,1,32.55,,,Sessions beforeSep12 unavailable; Sep12 partial; property/retained starts unavailable; outcomes use occurrence day and exact stored IDs.
AD,120250571668020660,120250540492410660,2026-09-09,40.23,873,9,46.08,1.031,4.47,1,1,40.23,,,Sessions beforeSep12 unavailable; Sep12 partial; property/retained starts unavailable; outcomes use occurrence day and exact stored IDs.
AD,120250571668020660,120250540492410660,2026-09-10,53.62,1315,17,40.78,1.293,3.15,0,0,,,,Sessions beforeSep12 unavailable; Sep12 partial; property/retained starts unavailable; outcomes use occurrence day and exact stored IDs.
AD,120250571668020660,120250540492410660,2026-09-11,27.81,752,2,36.98,0.266,13.9,0,0,,,,Sessions beforeSep12 unavailable; Sep12 partial; property/retained starts unavailable; outcomes use occurrence day and exact stored IDs.
AD,120250571668020660,120250540492410660,2026-09-12,15.71,296,4,53.07,1.351,3.93,1,1,15.71,0,,Sessions beforeSep12 unavailable; Sep12 partial; property/retained starts unavailable; outcomes use occurrence day and exact stored IDs.
AD,120250571668020660,120250540492410660,2026-09-13,8.0,127,1,62.99,0.787,8.0,0,0,,1,,Sessions beforeSep12 unavailable; Sep12 partial; property/retained starts unavailable; outcomes use occurrence day and exact stored IDs.
AD,120250571668020660,120250540492410660,2026-09-14,6.12,110,0,55.64,0.0,,0,0,,0,,Sessions beforeSep12 unavailable; Sep12 partial; property/retained starts unavailable; outcomes use occurrence day and exact stored IDs.
AD,120250571668020660,120250540492410660,2026-09-15,0.35,12,0,29.17,0.0,,0,0,,0,,Sessions beforeSep12 unavailable; Sep12 partial; property/retained starts unavailable; outcomes use occurrence day and exact stored IDs.
AD,120250571668020660,120250540492410660,2026-09-16,1.41,26,0,54.23,0.0,,0,0,,0,,Sessions beforeSep12 unavailable; Sep12 partial; property/retained starts unavailable; outcomes use occurrence day and exact stored IDs.
AD,120250571668020660,120250540492410660,2026-09-17,5.93,104,1,57.02,0.962,5.93,0,0,,1,,Sessions beforeSep12 unavailable; Sep12 partial; property/retained starts unavailable; outcomes use occurrence day and exact stored IDs.
AD,120250571668020660,120250540492410660,2026-09-18,1.1,17,0,64.71,0.0,,0,0,,0,,Sessions beforeSep12 unavailable; Sep12 partial; property/retained starts unavailable; outcomes use occurrence day and exact stored IDs.
AD,120250571668580660,120250540492410660,2026-08-18,43.23,1323,18,32.68,1.361,2.4,0,0,,,,Sessions beforeSep12 unavailable; Sep12 partial; property/retained starts unavailable; outcomes use occurrence day and exact stored IDs.
AD,120250571668580660,120250540492410660,2026-08-19,46.11,1025,15,44.99,1.463,3.07,1,1,46.11,,,Sessions beforeSep12 unavailable; Sep12 partial; property/retained starts unavailable; outcomes use occurrence day and exact stored IDs.
AD,120250571668580660,120250540492410660,2026-08-20,32.58,686,9,47.49,1.312,3.62,0,0,,,,Sessions beforeSep12 unavailable; Sep12 partial; property/retained starts unavailable; outcomes use occurrence day and exact stored IDs.
AD,120250571668580660,120250540492410660,2026-08-21,7.46,121,3,61.65,2.479,2.49,0,0,,,,Sessions beforeSep12 unavailable; Sep12 partial; property/retained starts unavailable; outcomes use occurrence day and exact stored IDs.
AD,120250571668580660,120250540492410660,2026-08-22,4.69,70,4,67.0,5.714,1.17,2,2,2.35,,,Sessions beforeSep12 unavailable; Sep12 partial; property/retained starts unavailable; outcomes use occurrence day and exact stored IDs.
AD,120250571668580660,120250540492410660,2026-08-23,23.61,454,6,52.0,1.322,3.94,1,1,23.61,,,Sessions beforeSep12 unavailable; Sep12 partial; property/retained starts unavailable; outcomes use occurrence day and exact stored IDs.
AD,120250571668580660,120250540492410660,2026-08-24,10.05,178,1,56.46,0.562,10.05,1,1,10.05,,,Sessions beforeSep12 unavailable; Sep12 partial; property/retained starts unavailable; outcomes use occurrence day and exact stored IDs.
AD,120250571668580660,120250540492410660,2026-08-25,6.14,96,1,63.96,1.042,6.14,1,1,6.14,,,Sessions beforeSep12 unavailable; Sep12 partial; property/retained starts unavailable; outcomes use occurrence day and exact stored IDs.
AD,120250571668580660,120250540492410660,2026-08-26,6.09,74,0,82.3,0.0,,0,0,,,,Sessions beforeSep12 unavailable; Sep12 partial; property/retained starts unavailable; outcomes use occurrence day and exact stored IDs.
AD,120250571668580660,120250540492410660,2026-08-27,11.15,165,2,67.58,1.212,5.58,0,0,,,,Sessions beforeSep12 unavailable; Sep12 partial; property/retained starts unavailable; outcomes use occurrence day and exact stored IDs.
AD,120250571668580660,120250540492410660,2026-08-28,7.36,93,1,79.14,1.075,7.36,0,0,,,,Sessions beforeSep12 unavailable; Sep12 partial; property/retained starts unavailable; outcomes use occurrence day and exact stored IDs.
AD,120250571668580660,120250540492410660,2026-08-29,5.03,111,2,45.32,1.802,2.52,0,0,,,,Sessions beforeSep12 unavailable; Sep12 partial; property/retained starts unavailable; outcomes use occurrence day and exact stored IDs.
AD,120250571668580660,120250540492410660,2026-08-30,7.89,131,1,60.23,0.763,7.89,0,0,,,,Sessions beforeSep12 unavailable; Sep12 partial; property/retained starts unavailable; outcomes use occurrence day and exact stored IDs.
AD,120250571668580660,120250540492410660,2026-08-31,6.13,167,2,36.71,1.198,3.06,0,0,,,,Sessions beforeSep12 unavailable; Sep12 partial; property/retained starts unavailable; outcomes use occurrence day and exact stored IDs.
AD,120250571668580660,120250540492410660,2026-09-01,2.85,43,0,66.28,0.0,,0,0,,,,Sessions beforeSep12 unavailable; Sep12 partial; property/retained starts unavailable; outcomes use occurrence day and exact stored IDs.
AD,120250571668580660,120250540492410660,2026-09-02,3.97,49,2,81.02,4.082,1.99,0,0,,,,Sessions beforeSep12 unavailable; Sep12 partial; property/retained starts unavailable; outcomes use occurrence day and exact stored IDs.
AD,120250571668580660,120250540492410660,2026-09-03,2.25,36,2,62.5,5.556,1.12,2,2,1.12,,,Sessions beforeSep12 unavailable; Sep12 partial; property/retained starts unavailable; outcomes use occurrence day and exact stored IDs.
AD,120250571668580660,120250540492410660,2026-09-04,0.17,7,0,24.29,0.0,,0,0,,,,Sessions beforeSep12 unavailable; Sep12 partial; property/retained starts unavailable; outcomes use occurrence day and exact stored IDs.
AD,120250571668580660,120250540492410660,2026-09-05,8.13,67,1,121.34,1.493,8.13,0,0,,,,Sessions beforeSep12 unavailable; Sep12 partial; property/retained starts unavailable; outcomes use occurrence day and exact stored IDs.
AD,120250571668580660,120250540492410660,2026-09-06,10.7,172,3,62.21,1.744,3.57,2,2,5.35,,,Sessions beforeSep12 unavailable; Sep12 partial; property/retained starts unavailable; outcomes use occurrence day and exact stored IDs.
AD,120250571668580660,120250540492410660,2026-09-07,15.48,328,3,47.2,0.915,5.16,0,0,,,,Sessions beforeSep12 unavailable; Sep12 partial; property/retained starts unavailable; outcomes use occurrence day and exact stored IDs.
AD,120250571668580660,120250540492410660,2026-09-08,8.95,203,2,44.09,0.985,4.47,0,0,,,,Sessions beforeSep12 unavailable; Sep12 partial; property/retained starts unavailable; outcomes use occurrence day and exact stored IDs.
AD,120250571668580660,120250540492410660,2026-09-09,5.13,70,0,73.29,0.0,,0,0,,,,Sessions beforeSep12 unavailable; Sep12 partial; property/retained starts unavailable; outcomes use occurrence day and exact stored IDs.
AD,120250571668580660,120250540492410660,2026-09-10,8.39,145,2,57.86,1.379,4.2,0,0,,,,Sessions beforeSep12 unavailable; Sep12 partial; property/retained starts unavailable; outcomes use occurrence day and exact stored IDs.
AD,120250571668580660,120250540492410660,2026-09-11,10.8,134,0,80.6,0.0,,0,0,,,,Sessions beforeSep12 unavailable; Sep12 partial; property/retained starts unavailable; outcomes use occurrence day and exact stored IDs.
AD,120250571668580660,120250540492410660,2026-09-12,2.88,67,1,42.99,1.493,2.88,0,0,,0,,Sessions beforeSep12 unavailable; Sep12 partial; property/retained starts unavailable; outcomes use occurrence day and exact stored IDs.
AD,120250571668580660,120250540492410660,2026-09-13,1.71,16,2,106.88,12.5,0.85,0,0,,1,,Sessions beforeSep12 unavailable; Sep12 partial; property/retained starts unavailable; outcomes use occurrence day and exact stored IDs.
AD,120250571668580660,120250540492410660,2026-09-14,0.86,13,0,66.15,0.0,,0,0,,0,,Sessions beforeSep12 unavailable; Sep12 partial; property/retained starts unavailable; outcomes use occurrence day and exact stored IDs.
AD,120250571668580660,120250540492410660,2026-09-15,0.81,24,0,33.75,0.0,,0,0,,0,,Sessions beforeSep12 unavailable; Sep12 partial; property/retained starts unavailable; outcomes use occurrence day and exact stored IDs.
AD,120250571668580660,120250540492410660,2026-09-16,0.02,1,0,20.0,0.0,,0,0,,0,,Sessions beforeSep12 unavailable; Sep12 partial; property/retained starts unavailable; outcomes use occurrence day and exact stored IDs.
AD,120250571668580660,120250540492410660,2026-09-17,1.25,12,0,104.17,0.0,,0,0,,0,,Sessions beforeSep12 unavailable; Sep12 partial; property/retained starts unavailable; outcomes use occurrence day and exact stored IDs.
AD,120250571668580660,120250540492410660,2026-09-18,0.04,1,1,40.0,100.0,0.04,0,0,,1,,Sessions beforeSep12 unavailable; Sep12 partial; property/retained starts unavailable; outcomes use occurrence day and exact stored IDs.
AD,120250571669050660,120250540492410660,2026-08-18,0.51,21,0,24.29,0.0,,0,0,,,,Sessions beforeSep12 unavailable; Sep12 partial; property/retained starts unavailable; outcomes use occurrence day and exact stored IDs.
AD,120250571669050660,120250540492410660,2026-08-21,0.03,1,0,30.0,0.0,,0,0,,,,Sessions beforeSep12 unavailable; Sep12 partial; property/retained starts unavailable; outcomes use occurrence day and exact stored IDs.
AD,120250571669050660,120250540492410660,2026-08-23,0.01,1,0,10.0,0.0,,0,0,,,,Sessions beforeSep12 unavailable; Sep12 partial; property/retained starts unavailable; outcomes use occurrence day and exact stored IDs.
AD,120250571669050660,120250540492410660,2026-08-26,0.12,2,0,60.0,0.0,,0,0,,,,Sessions beforeSep12 unavailable; Sep12 partial; property/retained starts unavailable; outcomes use occurrence day and exact stored IDs.
AD,120250571669050660,120250540492410660,2026-09-02,0.03,1,0,30.0,0.0,,0,0,,,,Sessions beforeSep12 unavailable; Sep12 partial; property/retained starts unavailable; outcomes use occurrence day and exact stored IDs.
AD,120250571669050660,120250540492410660,2026-09-07,0.07,1,0,70.0,0.0,,0,0,,,,Sessions beforeSep12 unavailable; Sep12 partial; property/retained starts unavailable; outcomes use occurrence day and exact stored IDs.
AD,120250571669050660,120250540492410660,2026-09-08,0.03,2,0,15.0,0.0,,0,0,,,,Sessions beforeSep12 unavailable; Sep12 partial; property/retained starts unavailable; outcomes use occurrence day and exact stored IDs.
AD,120250571669050660,120250540492410660,2026-09-10,0.05,1,0,50.0,0.0,,0,0,,,,Sessions beforeSep12 unavailable; Sep12 partial; property/retained starts unavailable; outcomes use occurrence day and exact stored IDs.
AD,120250571669050660,120250540492410660,2026-09-12,0.02,1,0,20.0,0.0,,0,0,,0,,Sessions beforeSep12 unavailable; Sep12 partial; property/retained starts unavailable; outcomes use occurrence day and exact stored IDs.
AD,120250571669050660,120250540492410660,2026-09-13,0.02,1,0,20.0,0.0,,0,0,,0,,Sessions beforeSep12 unavailable; Sep12 partial; property/retained starts unavailable; outcomes use occurrence day and exact stored IDs.
AD,120250571669050660,120250540492410660,2026-09-15,0.01,2,0,5.0,0.0,,0,0,,0,,Sessions beforeSep12 unavailable; Sep12 partial; property/retained starts unavailable; outcomes use occurrence day and exact stored IDs.
AD,120250571669050660,120250540492410660,2026-09-17,0.09,3,0,30.0,0.0,,0,0,,0,,Sessions beforeSep12 unavailable; Sep12 partial; property/retained starts unavailable; outcomes use occurrence day and exact stored IDs.
AD,120250571669050660,120250540492410660,2026-09-18,0.01,1,0,10.0,0.0,,0,0,,0,,Sessions beforeSep12 unavailable; Sep12 partial; property/retained starts unavailable; outcomes use occurrence day and exact stored IDs.
AD,120250571670670660,120250540492410660,2026-08-19,0.03,1,0,30.0,0.0,,0,0,,,,Sessions beforeSep12 unavailable; Sep12 partial; property/retained starts unavailable; outcomes use occurrence day and exact stored IDs.
AD,120250571670670660,120250540492410660,2026-09-01,0.1,1,0,100.0,0.0,,0,0,,,,Sessions beforeSep12 unavailable; Sep12 partial; property/retained starts unavailable; outcomes use occurrence day and exact stored IDs.
AD,120250571670670660,120250540492410660,2026-09-03,0.1,1,0,100.0,0.0,,0,0,,,,Sessions beforeSep12 unavailable; Sep12 partial; property/retained starts unavailable; outcomes use occurrence day and exact stored IDs.
AD,120250571670670660,120250540492410660,2026-09-08,0.74,4,0,185.0,0.0,,0,0,,,,Sessions beforeSep12 unavailable; Sep12 partial; property/retained starts unavailable; outcomes use occurrence day and exact stored IDs.
AD,120250571670670660,120250540492410660,2026-09-10,0.43,2,0,215.0,0.0,,0,0,,,,Sessions beforeSep12 unavailable; Sep12 partial; property/retained starts unavailable; outcomes use occurrence day and exact stored IDs.
AD,120250571670670660,120250540492410660,2026-09-11,0.01,1,0,10.0,0.0,,0,0,,,,Sessions beforeSep12 unavailable; Sep12 partial; property/retained starts unavailable; outcomes use occurrence day and exact stored IDs.
AD,120250571670670660,120250540492410660,2026-09-12,0.04,1,0,40.0,0.0,,0,0,,0,,Sessions beforeSep12 unavailable; Sep12 partial; property/retained starts unavailable; outcomes use occurrence day and exact stored IDs.
AD,120250571670670660,120250540492410660,2026-09-15,0.03,1,0,30.0,0.0,,0,0,,0,,Sessions beforeSep12 unavailable; Sep12 partial; property/retained starts unavailable; outcomes use occurrence day and exact stored IDs.
AD,120250571670670660,120250540492410660,2026-09-16,0.01,1,0,10.0,0.0,,0,0,,0,,Sessions beforeSep12 unavailable; Sep12 partial; property/retained starts unavailable; outcomes use occurrence day and exact stored IDs.
AD,120250571670670660,120250540492410660,2026-09-18,0.02,1,0,20.0,0.0,,0,0,,0,,Sessions beforeSep12 unavailable; Sep12 partial; property/retained starts unavailable; outcomes use occurrence day and exact stored IDs.
AD,120250571672020660,120250540492410660,2026-08-19,0.05,4,0,12.5,0.0,,0,0,,,,Sessions beforeSep12 unavailable; Sep12 partial; property/retained starts unavailable; outcomes use occurrence day and exact stored IDs.
AD,120250571672020660,120250540492410660,2026-08-29,0.04,1,0,40.0,0.0,,0,0,,,,Sessions beforeSep12 unavailable; Sep12 partial; property/retained starts unavailable; outcomes use occurrence day and exact stored IDs.
AD,120250571672020660,120250540492410660,2026-09-01,0.08,2,0,40.0,0.0,,0,0,,,,Sessions beforeSep12 unavailable; Sep12 partial; property/retained starts unavailable; outcomes use occurrence day and exact stored IDs.
AD,120250571672020660,120250540492410660,2026-09-05,0.1,1,0,100.0,0.0,,0,0,,,,Sessions beforeSep12 unavailable; Sep12 partial; property/retained starts unavailable; outcomes use occurrence day and exact stored IDs.
AD,120250571672020660,120250540492410660,2026-09-10,0.07,1,0,70.0,0.0,,0,0,,,,Sessions beforeSep12 unavailable; Sep12 partial; property/retained starts unavailable; outcomes use occurrence day and exact stored IDs.
AD,120250571672020660,120250540492410660,2026-09-11,0.01,1,0,10.0,0.0,,0,0,,,,Sessions beforeSep12 unavailable; Sep12 partial; property/retained starts unavailable; outcomes use occurrence day and exact stored IDs.
AD,120250571672020660,120250540492410660,2026-09-15,0.23,3,0,76.67,0.0,,0,0,,0,,Sessions beforeSep12 unavailable; Sep12 partial; property/retained starts unavailable; outcomes use occurrence day and exact stored IDs.
AD,120250571672020660,120250540492410660,2026-09-16,0.17,1,0,170.0,0.0,,0,0,,0,,Sessions beforeSep12 unavailable; Sep12 partial; property/retained starts unavailable; outcomes use occurrence day and exact stored IDs.
AD,120250571672020660,120250540492410660,2026-09-18,0.02,2,0,10.0,0.0,,0,0,,0,,Sessions beforeSep12 unavailable; Sep12 partial; property/retained starts unavailable; outcomes use occurrence day and exact stored IDs.
AD,120250571673380660,120250540492410660,2026-08-18,3.4,84,0,40.48,0.0,,0,0,,,,Sessions beforeSep12 unavailable; Sep12 partial; property/retained starts unavailable; outcomes use occurrence day and exact stored IDs.
AD,120250571673380660,120250540492410660,2026-08-19,0.71,6,0,118.33,0.0,,0,0,,,,Sessions beforeSep12 unavailable; Sep12 partial; property/retained starts unavailable; outcomes use occurrence day and exact stored IDs.
AD,120250571673380660,120250540492410660,2026-08-25,0.01,1,0,10.0,0.0,,0,0,,,,Sessions beforeSep12 unavailable; Sep12 partial; property/retained starts unavailable; outcomes use occurrence day and exact stored IDs.
AD,120250571673380660,120250540492410660,2026-08-26,0.02,1,0,20.0,0.0,,0,0,,,,Sessions beforeSep12 unavailable; Sep12 partial; property/retained starts unavailable; outcomes use occurrence day and exact stored IDs.
AD,120250571673380660,120250540492410660,2026-09-05,0.07,1,0,70.0,0.0,,0,0,,,,Sessions beforeSep12 unavailable; Sep12 partial; property/retained starts unavailable; outcomes use occurrence day and exact stored IDs.
AD,120250571673380660,120250540492410660,2026-09-10,0.01,1,0,10.0,0.0,,0,0,,,,Sessions beforeSep12 unavailable; Sep12 partial; property/retained starts unavailable; outcomes use occurrence day and exact stored IDs.
AD,120250571673380660,120250540492410660,2026-09-12,0.07,1,0,70.0,0.0,,0,0,,0,,Sessions beforeSep12 unavailable; Sep12 partial; property/retained starts unavailable; outcomes use occurrence day and exact stored IDs.
AD,120250571673380660,120250540492410660,2026-09-15,0.35,4,1,87.5,25.0,0.35,0,0,,1,,Sessions beforeSep12 unavailable; Sep12 partial; property/retained starts unavailable; outcomes use occurrence day and exact stored IDs.
AD,120250571673380660,120250540492410660,2026-09-17,0.03,1,0,30.0,0.0,,0,0,,0,,Sessions beforeSep12 unavailable; Sep12 partial; property/retained starts unavailable; outcomes use occurrence day and exact stored IDs.
AD,120250682688700660,120250540492410660,2026-08-18,0.02,3,0,6.67,0.0,,0,0,,,,Sessions beforeSep12 unavailable; Sep12 partial; property/retained starts unavailable; outcomes use occurrence day and exact stored IDs.
AD,120250682688700660,120250540492410660,2026-08-30,0.14,1,0,140.0,0.0,,0,0,,,,Sessions beforeSep12 unavailable; Sep12 partial; property/retained starts unavailable; outcomes use occurrence day and exact stored IDs.
AD,120250682688700660,120250540492410660,2026-09-06,0.02,1,0,20.0,0.0,,0,0,,,,Sessions beforeSep12 unavailable; Sep12 partial; property/retained starts unavailable; outcomes use occurrence day and exact stored IDs.
AD,120250682688700660,120250540492410660,2026-09-10,0.01,1,0,10.0,0.0,,0,0,,,,Sessions beforeSep12 unavailable; Sep12 partial; property/retained starts unavailable; outcomes use occurrence day and exact stored IDs.
AD,120250682688700660,120250540492410660,2026-09-14,0.1,4,0,25.0,0.0,,0,0,,0,,Sessions beforeSep12 unavailable; Sep12 partial; property/retained starts unavailable; outcomes use occurrence day and exact stored IDs.
AD,120250682689730660,120250540492410660,2026-08-18,0.42,12,1,35.0,8.333,0.42,0,0,,,,Sessions beforeSep12 unavailable; Sep12 partial; property/retained starts unavailable; outcomes use occurrence day and exact stored IDs.
AD,120250682689730660,120250540492410660,2026-08-31,0.04,1,0,40.0,0.0,,0,0,,,,Sessions beforeSep12 unavailable; Sep12 partial; property/retained starts unavailable; outcomes use occurrence day and exact stored IDs.
AD,120250682689730660,120250540492410660,2026-09-16,0.07,1,0,70.0,0.0,,0,0,,0,,Sessions beforeSep12 unavailable; Sep12 partial; property/retained starts unavailable; outcomes use occurrence day and exact stored IDs.
AD,120250682690140660,120250540492410660,2026-08-18,4.3,35,1,122.86,2.857,4.3,0,0,,,,Sessions beforeSep12 unavailable; Sep12 partial; property/retained starts unavailable; outcomes use occurrence day and exact stored IDs.
AD,120250682690140660,120250540492410660,2026-08-19,0.03,2,0,15.0,0.0,,0,0,,,,Sessions beforeSep12 unavailable; Sep12 partial; property/retained starts unavailable; outcomes use occurrence day and exact stored IDs.
AD,120250682690140660,120250540492410660,2026-08-25,0.02,1,0,20.0,0.0,,0,0,,,,Sessions beforeSep12 unavailable; Sep12 partial; property/retained starts unavailable; outcomes use occurrence day and exact stored IDs.
AD,120250682690140660,120250540492410660,2026-08-26,0.06,2,0,30.0,0.0,,0,0,,,,Sessions beforeSep12 unavailable; Sep12 partial; property/retained starts unavailable; outcomes use occurrence day and exact stored IDs.
AD,120250682690140660,120250540492410660,2026-08-28,0.03,2,0,15.0,0.0,,0,0,,,,Sessions beforeSep12 unavailable; Sep12 partial; property/retained starts unavailable; outcomes use occurrence day and exact stored IDs.
AD,120250682690140660,120250540492410660,2026-09-02,0.06,1,0,60.0,0.0,,0,0,,,,Sessions beforeSep12 unavailable; Sep12 partial; property/retained starts unavailable; outcomes use occurrence day and exact stored IDs.
AD,120250682690140660,120250540492410660,2026-09-09,0.26,1,0,260.0,0.0,,0,0,,,,Sessions beforeSep12 unavailable; Sep12 partial; property/retained starts unavailable; outcomes use occurrence day and exact stored IDs.
AD,120250682690140660,120250540492410660,2026-09-10,0.12,3,0,40.0,0.0,,0,0,,,,Sessions beforeSep12 unavailable; Sep12 partial; property/retained starts unavailable; outcomes use occurrence day and exact stored IDs.
AD,120250682690510660,120250540492410660,2026-08-18,0.26,10,0,26.0,0.0,,0,0,,,,Sessions beforeSep12 unavailable; Sep12 partial; property/retained starts unavailable; outcomes use occurrence day and exact stored IDs.
AD,120250682690510660,120250540492410660,2026-08-26,0.08,1,0,80.0,0.0,,0,0,,,,Sessions beforeSep12 unavailable; Sep12 partial; property/retained starts unavailable; outcomes use occurrence day and exact stored IDs.
AD,120250682690510660,120250540492410660,2026-08-28,0.02,1,0,20.0,0.0,,0,0,,,,Sessions beforeSep12 unavailable; Sep12 partial; property/retained starts unavailable; outcomes use occurrence day and exact stored IDs.
AD,120250682690510660,120250540492410660,2026-09-02,0.02,1,0,20.0,0.0,,0,0,,,,Sessions beforeSep12 unavailable; Sep12 partial; property/retained starts unavailable; outcomes use occurrence day and exact stored IDs.
AD,120250682690510660,120250540492410660,2026-09-07,0.02,1,0,20.0,0.0,,0,0,,,,Sessions beforeSep12 unavailable; Sep12 partial; property/retained starts unavailable; outcomes use occurrence day and exact stored IDs.
AD,120250682690510660,120250540492410660,2026-09-12,0.02,1,0,20.0,0.0,,0,0,,0,,Sessions beforeSep12 unavailable; Sep12 partial; property/retained starts unavailable; outcomes use occurrence day and exact stored IDs.
AD,120250682691160660,120250540492410660,2026-08-18,3.1,110,1,28.18,0.909,3.1,0,0,,,,Sessions beforeSep12 unavailable; Sep12 partial; property/retained starts unavailable; outcomes use occurrence day and exact stored IDs.
AD,120250682691160660,120250540492410660,2026-08-23,0.03,4,0,7.5,0.0,,0,0,,,,Sessions beforeSep12 unavailable; Sep12 partial; property/retained starts unavailable; outcomes use occurrence day and exact stored IDs.
AD,120250682691160660,120250540492410660,2026-08-26,0.2,4,0,50.0,0.0,,0,0,,,,Sessions beforeSep12 unavailable; Sep12 partial; property/retained starts unavailable; outcomes use occurrence day and exact stored IDs.
AD,120250682691160660,120250540492410660,2026-08-31,0.02,1,0,20.0,0.0,,0,0,,,,Sessions beforeSep12 unavailable; Sep12 partial; property/retained starts unavailable; outcomes use occurrence day and exact stored IDs.
AD,120250682691160660,120250540492410660,2026-09-02,0.02,1,0,20.0,0.0,,0,0,,,,Sessions beforeSep12 unavailable; Sep12 partial; property/retained starts unavailable; outcomes use occurrence day and exact stored IDs.
AD,120250682691160660,120250540492410660,2026-09-04,0.02,1,0,20.0,0.0,,0,0,,,,Sessions beforeSep12 unavailable; Sep12 partial; property/retained starts unavailable; outcomes use occurrence day and exact stored IDs.
AD,120250682691160660,120250540492410660,2026-09-05,0.03,3,0,10.0,0.0,,0,0,,,,Sessions beforeSep12 unavailable; Sep12 partial; property/retained starts unavailable; outcomes use occurrence day and exact stored IDs.
AD,120250682691160660,120250540492410660,2026-09-07,0.13,4,0,32.5,0.0,,0,0,,,,Sessions beforeSep12 unavailable; Sep12 partial; property/retained starts unavailable; outcomes use occurrence day and exact stored IDs.
AD,120250682691160660,120250540492410660,2026-09-10,0.16,4,0,40.0,0.0,,0,0,,,,Sessions beforeSep12 unavailable; Sep12 partial; property/retained starts unavailable; outcomes use occurrence day and exact stored IDs.
AD,120250682691160660,120250540492410660,2026-09-12,0.31,4,0,77.5,0.0,,0,0,,0,,Sessions beforeSep12 unavailable; Sep12 partial; property/retained starts unavailable; outcomes use occurrence day and exact stored IDs.
AD,120250682691160660,120250540492410660,2026-09-13,0.01,1,0,10.0,0.0,,0,0,,0,,Sessions beforeSep12 unavailable; Sep12 partial; property/retained starts unavailable; outcomes use occurrence day and exact stored IDs.
AD,120250682691160660,120250540492410660,2026-09-15,0.26,7,0,37.14,0.0,,0,0,,0,,Sessions beforeSep12 unavailable; Sep12 partial; property/retained starts unavailable; outcomes use occurrence day and exact stored IDs.
AD,120250682691160660,120250540492410660,2026-09-17,0.09,3,0,30.0,0.0,,0,0,,0,,Sessions beforeSep12 unavailable; Sep12 partial; property/retained starts unavailable; outcomes use occurrence day and exact stored IDs.
AD,120250682691700660,120250540492410660,2026-08-18,0.33,4,0,82.5,0.0,,0,0,,,,Sessions beforeSep12 unavailable; Sep12 partial; property/retained starts unavailable; outcomes use occurrence day and exact stored IDs.
AD,120250682691700660,120250540492410660,2026-08-29,0.0,1,0,0.0,0.0,,0,0,,,,Sessions beforeSep12 unavailable; Sep12 partial; property/retained starts unavailable; outcomes use occurrence day and exact stored IDs.
AD,120250682691700660,120250540492410660,2026-08-31,0.05,1,0,50.0,0.0,,0,0,,,,Sessions beforeSep12 unavailable; Sep12 partial; property/retained starts unavailable; outcomes use occurrence day and exact stored IDs.
AD,120250682691700660,120250540492410660,2026-09-05,0.14,2,0,70.0,0.0,,0,0,,,,Sessions beforeSep12 unavailable; Sep12 partial; property/retained starts unavailable; outcomes use occurrence day and exact stored IDs.
AD,120250682691700660,120250540492410660,2026-09-07,0.44,2,0,220.0,0.0,,0,0,,,,Sessions beforeSep12 unavailable; Sep12 partial; property/retained starts unavailable; outcomes use occurrence day and exact stored IDs.
AD,120250682691700660,120250540492410660,2026-09-10,0.21,3,1,70.0,33.333,0.21,0,0,,,,Sessions beforeSep12 unavailable; Sep12 partial; property/retained starts unavailable; outcomes use occurrence day and exact stored IDs.
AD,120250682691700660,120250540492410660,2026-09-11,0.08,2,0,40.0,0.0,,0,0,,,,Sessions beforeSep12 unavailable; Sep12 partial; property/retained starts unavailable; outcomes use occurrence day and exact stored IDs.
AD,120250682691700660,120250540492410660,2026-09-16,0.11,4,0,27.5,0.0,,0,0,,0,,Sessions beforeSep12 unavailable; Sep12 partial; property/retained starts unavailable; outcomes use occurrence day and exact stored IDs.
AD,120250682691700660,120250540492410660,2026-09-18,0.39,7,0,55.71,0.0,,0,0,,0,,Sessions beforeSep12 unavailable; Sep12 partial; property/retained starts unavailable; outcomes use occurrence day and exact stored IDs.
AD,120250682692130660,120250540492410660,2026-08-18,0.37,3,1,123.33,33.333,0.37,1,1,0.37,,,Sessions beforeSep12 unavailable; Sep12 partial; property/retained starts unavailable; outcomes use occurrence day and exact stored IDs.
AD,120250682692130660,120250540492410660,2026-08-19,0.07,2,0,35.0,0.0,,0,0,,,,Sessions beforeSep12 unavailable; Sep12 partial; property/retained starts unavailable; outcomes use occurrence day and exact stored IDs.
AD,120250682692130660,120250540492410660,2026-08-21,0.08,1,0,80.0,0.0,,0,0,,,,Sessions beforeSep12 unavailable; Sep12 partial; property/retained starts unavailable; outcomes use occurrence day and exact stored IDs.
AD,120250682692130660,120250540492410660,2026-08-23,0.02,1,0,20.0,0.0,,0,0,,,,Sessions beforeSep12 unavailable; Sep12 partial; property/retained starts unavailable; outcomes use occurrence day and exact stored IDs.
AD,120250682692130660,120250540492410660,2026-08-26,0.02,1,0,20.0,0.0,,0,0,,,,Sessions beforeSep12 unavailable; Sep12 partial; property/retained starts unavailable; outcomes use occurrence day and exact stored IDs.
AD,120250682692130660,120250540492410660,2026-08-31,0.07,2,0,35.0,0.0,,0,0,,,,Sessions beforeSep12 unavailable; Sep12 partial; property/retained starts unavailable; outcomes use occurrence day and exact stored IDs.
AD,120250682692130660,120250540492410660,2026-09-03,0.06,1,0,60.0,0.0,,0,0,,,,Sessions beforeSep12 unavailable; Sep12 partial; property/retained starts unavailable; outcomes use occurrence day and exact stored IDs.
AD,120250682692130660,120250540492410660,2026-09-05,0.2,1,0,200.0,0.0,,0,0,,,,Sessions beforeSep12 unavailable; Sep12 partial; property/retained starts unavailable; outcomes use occurrence day and exact stored IDs.
AD,120250682692130660,120250540492410660,2026-09-07,0.14,2,0,70.0,0.0,,0,0,,,,Sessions beforeSep12 unavailable; Sep12 partial; property/retained starts unavailable; outcomes use occurrence day and exact stored IDs.
AD,120250682692130660,120250540492410660,2026-09-08,0.08,1,0,80.0,0.0,,0,0,,,,Sessions beforeSep12 unavailable; Sep12 partial; property/retained starts unavailable; outcomes use occurrence day and exact stored IDs.
AD,120250682692130660,120250540492410660,2026-09-10,0.02,2,0,10.0,0.0,,0,0,,,,Sessions beforeSep12 unavailable; Sep12 partial; property/retained starts unavailable; outcomes use occurrence day and exact stored IDs.
AD,120250682692680660,120250540492410660,2026-08-18,0.19,6,0,31.67,0.0,,0,0,,,,Sessions beforeSep12 unavailable; Sep12 partial; property/retained starts unavailable; outcomes use occurrence day and exact stored IDs.
AD,120250682692680660,120250540492410660,2026-08-25,0.04,2,0,20.0,0.0,,0,0,,,,Sessions beforeSep12 unavailable; Sep12 partial; property/retained starts unavailable; outcomes use occurrence day and exact stored IDs.
AD,120250682692680660,120250540492410660,2026-09-07,0.05,1,0,50.0,0.0,,0,0,,,,Sessions beforeSep12 unavailable; Sep12 partial; property/retained starts unavailable; outcomes use occurrence day and exact stored IDs.
AD,120250682692680660,120250540492410660,2026-09-09,0.03,1,0,30.0,0.0,,0,0,,,,Sessions beforeSep12 unavailable; Sep12 partial; property/retained starts unavailable; outcomes use occurrence day and exact stored IDs.
AD,120250682692680660,120250540492410660,2026-09-11,0.02,1,0,20.0,0.0,,0,0,,,,Sessions beforeSep12 unavailable; Sep12 partial; property/retained starts unavailable; outcomes use occurrence day and exact stored IDs.
AD,120250682692680660,120250540492410660,2026-09-12,0.16,3,0,53.33,0.0,,0,0,,0,,Sessions beforeSep12 unavailable; Sep12 partial; property/retained starts unavailable; outcomes use occurrence day and exact stored IDs.
AD,120250682692680660,120250540492410660,2026-09-14,0.01,1,0,10.0,0.0,,0,0,,0,,Sessions beforeSep12 unavailable; Sep12 partial; property/retained starts unavailable; outcomes use occurrence day and exact stored IDs.
AD,120250682692680660,120250540492410660,2026-09-17,0.24,1,0,240.0,0.0,,0,0,,0,,Sessions beforeSep12 unavailable; Sep12 partial; property/retained starts unavailable; outcomes use occurrence day and exact stored IDs.
AD,120250682693620660,120250540492410660,2026-08-18,0.14,6,0,23.33,0.0,,0,0,,,,Sessions beforeSep12 unavailable; Sep12 partial; property/retained starts unavailable; outcomes use occurrence day and exact stored IDs.
AD,120250682693620660,120250540492410660,2026-08-19,0.1,2,0,50.0,0.0,,0,0,,,,Sessions beforeSep12 unavailable; Sep12 partial; property/retained starts unavailable; outcomes use occurrence day and exact stored IDs.
AD,120250682693620660,120250540492410660,2026-09-01,0.04,1,0,40.0,0.0,,0,0,,,,Sessions beforeSep12 unavailable; Sep12 partial; property/retained starts unavailable; outcomes use occurrence day and exact stored IDs.
AD,120250682693620660,120250540492410660,2026-09-06,0.54,1,0,540.0,0.0,,0,0,,,,Sessions beforeSep12 unavailable; Sep12 partial; property/retained starts unavailable; outcomes use occurrence day and exact stored IDs.
AD,120250682693620660,120250540492410660,2026-09-07,0.09,2,0,45.0,0.0,,0,0,,,,Sessions beforeSep12 unavailable; Sep12 partial; property/retained starts unavailable; outcomes use occurrence day and exact stored IDs.
AD,120250682693620660,120250540492410660,2026-09-09,0.03,1,0,30.0,0.0,,0,0,,,,Sessions beforeSep12 unavailable; Sep12 partial; property/retained starts unavailable; outcomes use occurrence day and exact stored IDs.
AD,120250682693620660,120250540492410660,2026-09-11,0.03,1,0,30.0,0.0,,0,0,,,,Sessions beforeSep12 unavailable; Sep12 partial; property/retained starts unavailable; outcomes use occurrence day and exact stored IDs.
AD,120250682693620660,120250540492410660,2026-09-12,0.01,1,0,10.0,0.0,,0,0,,0,,Sessions beforeSep12 unavailable; Sep12 partial; property/retained starts unavailable; outcomes use occurrence day and exact stored IDs.
AD,120250682693620660,120250540492410660,2026-09-14,0.01,1,0,10.0,0.0,,0,0,,0,,Sessions beforeSep12 unavailable; Sep12 partial; property/retained starts unavailable; outcomes use occurrence day and exact stored IDs.
AD,120250682693620660,120250540492410660,2026-09-16,0.63,2,0,315.0,0.0,,0,0,,0,,Sessions beforeSep12 unavailable; Sep12 partial; property/retained starts unavailable; outcomes use occurrence day and exact stored IDs.
AD,120250682693620660,120250540492410660,2026-09-17,0.04,1,0,40.0,0.0,,0,0,,0,,Sessions beforeSep12 unavailable; Sep12 partial; property/retained starts unavailable; outcomes use occurrence day and exact stored IDs.
AD,120250682694370660,120250540492410660,2026-08-18,0.09,2,1,45.0,50.0,0.09,0,0,,,,Sessions beforeSep12 unavailable; Sep12 partial; property/retained starts unavailable; outcomes use occurrence day and exact stored IDs.
AD,120250682694370660,120250540492410660,2026-08-19,0.02,1,0,20.0,0.0,,0,0,,,,Sessions beforeSep12 unavailable; Sep12 partial; property/retained starts unavailable; outcomes use occurrence day and exact stored IDs.
AD,120250682694370660,120250540492410660,2026-08-20,0.05,1,0,50.0,0.0,,0,0,,,,Sessions beforeSep12 unavailable; Sep12 partial; property/retained starts unavailable; outcomes use occurrence day and exact stored IDs.
AD,120250682694370660,120250540492410660,2026-09-04,0.04,3,0,13.33,0.0,,0,0,,,,Sessions beforeSep12 unavailable; Sep12 partial; property/retained starts unavailable; outcomes use occurrence day and exact stored IDs.
AD,120250682694370660,120250540492410660,2026-09-14,0.1,2,0,50.0,0.0,,0,0,,0,,Sessions beforeSep12 unavailable; Sep12 partial; property/retained starts unavailable; outcomes use occurrence day and exact stored IDs.
AD,120250682694730660,120250540492410660,2026-08-18,1.17,29,2,40.34,6.897,0.58,0,0,,,,Sessions beforeSep12 unavailable; Sep12 partial; property/retained starts unavailable; outcomes use occurrence day and exact stored IDs.
AD,120250682694730660,120250540492410660,2026-08-19,0.0,1,0,0.0,0.0,,0,0,,,,Sessions beforeSep12 unavailable; Sep12 partial; property/retained starts unavailable; outcomes use occurrence day and exact stored IDs.
AD,120250682694730660,120250540492410660,2026-08-25,0.88,22,3,40.0,13.636,0.29,1,1,0.88,,,Sessions beforeSep12 unavailable; Sep12 partial; property/retained starts unavailable; outcomes use occurrence day and exact stored IDs.
AD,120250682694730660,120250540492410660,2026-08-26,0.57,7,1,81.43,14.286,0.57,1,1,0.57,,,Sessions beforeSep12 unavailable; Sep12 partial; property/retained starts unavailable; outcomes use occurrence day and exact stored IDs.
AD,120250682694730660,120250540492410660,2026-08-27,0.13,8,0,16.25,0.0,,0,0,,,,Sessions beforeSep12 unavailable; Sep12 partial; property/retained starts unavailable; outcomes use occurrence day and exact stored IDs.
AD,120250682694730660,120250540492410660,2026-08-28,0.01,1,0,10.0,0.0,,0,0,,,,Sessions beforeSep12 unavailable; Sep12 partial; property/retained starts unavailable; outcomes use occurrence day and exact stored IDs.
AD,120250682694730660,120250540492410660,2026-08-30,0.11,4,0,27.5,0.0,,0,0,,,,Sessions beforeSep12 unavailable; Sep12 partial; property/retained starts unavailable; outcomes use occurrence day and exact stored IDs.
AD,120250682694730660,120250540492410660,2026-08-31,0.05,3,0,16.67,0.0,,0,0,,,,Sessions beforeSep12 unavailable; Sep12 partial; property/retained starts unavailable; outcomes use occurrence day and exact stored IDs.
AD,120250682694730660,120250540492410660,2026-09-01,0.02,1,0,20.0,0.0,,0,0,,,,Sessions beforeSep12 unavailable; Sep12 partial; property/retained starts unavailable; outcomes use occurrence day and exact stored IDs.
AD,120250682694730660,120250540492410660,2026-09-02,0.33,4,0,82.5,0.0,,0,0,,,,Sessions beforeSep12 unavailable; Sep12 partial; property/retained starts unavailable; outcomes use occurrence day and exact stored IDs.
AD,120250682694730660,120250540492410660,2026-09-04,0.38,13,0,29.23,0.0,,0,0,,,,Sessions beforeSep12 unavailable; Sep12 partial; property/retained starts unavailable; outcomes use occurrence day and exact stored IDs.
AD,120250682694730660,120250540492410660,2026-09-05,0.12,3,0,40.0,0.0,,0,0,,,,Sessions beforeSep12 unavailable; Sep12 partial; property/retained starts unavailable; outcomes use occurrence day and exact stored IDs.
AD,120250682694730660,120250540492410660,2026-09-06,0.06,3,0,20.0,0.0,,0,0,,,,Sessions beforeSep12 unavailable; Sep12 partial; property/retained starts unavailable; outcomes use occurrence day and exact stored IDs.
AD,120250682694730660,120250540492410660,2026-09-07,0.26,5,0,52.0,0.0,,0,0,,,,Sessions beforeSep12 unavailable; Sep12 partial; property/retained starts unavailable; outcomes use occurrence day and exact stored IDs.
AD,120250682694730660,120250540492410660,2026-09-09,1.4,5,0,280.0,0.0,,0,0,,,,Sessions beforeSep12 unavailable; Sep12 partial; property/retained starts unavailable; outcomes use occurrence day and exact stored IDs.
AD,120250682694730660,120250540492410660,2026-09-10,0.87,7,0,124.29,0.0,,0,0,,,,Sessions beforeSep12 unavailable; Sep12 partial; property/retained starts unavailable; outcomes use occurrence day and exact stored IDs.
AD,120250682694730660,120250540492410660,2026-09-12,1.59,19,1,83.68,5.263,1.59,0,0,,0,,Sessions beforeSep12 unavailable; Sep12 partial; property/retained starts unavailable; outcomes use occurrence day and exact stored IDs.
AD,120250682694730660,120250540492410660,2026-09-13,4.89,94,0,52.02,0.0,,0,0,,0,,Sessions beforeSep12 unavailable; Sep12 partial; property/retained starts unavailable; outcomes use occurrence day and exact stored IDs.
AD,120250682694730660,120250540492410660,2026-09-14,10.0,160,1,62.5,0.625,10.0,0,0,,0,,Sessions beforeSep12 unavailable; Sep12 partial; property/retained starts unavailable; outcomes use occurrence day and exact stored IDs.
AD,120250682694730660,120250540492410660,2026-09-15,0.28,6,0,46.67,0.0,,0,0,,0,,Sessions beforeSep12 unavailable; Sep12 partial; property/retained starts unavailable; outcomes use occurrence day and exact stored IDs.
AD,120250682694730660,120250540492410660,2026-09-16,1.56,14,1,111.43,7.143,1.56,0,0,,1,,Sessions beforeSep12 unavailable; Sep12 partial; property/retained starts unavailable; outcomes use occurrence day and exact stored IDs.
AD,120250682694730660,120250540492410660,2026-09-17,2.33,27,1,86.3,3.704,2.33,1,1,2.33,1,,Sessions beforeSep12 unavailable; Sep12 partial; property/retained starts unavailable; outcomes use occurrence day and exact stored IDs.
AD,120250682694730660,120250540492410660,2026-09-18,0.89,7,0,127.14,0.0,,0,0,,0,,Sessions beforeSep12 unavailable; Sep12 partial; property/retained starts unavailable; outcomes use occurrence day and exact stored IDs.
AD,120250682695220660,120250540492410660,2026-08-18,1.29,41,0,31.46,0.0,,0,0,,,,Sessions beforeSep12 unavailable; Sep12 partial; property/retained starts unavailable; outcomes use occurrence day and exact stored IDs.
AD,120250682695220660,120250540492410660,2026-08-21,0.14,1,1,140.0,100.0,0.14,0,0,,,,Sessions beforeSep12 unavailable; Sep12 partial; property/retained starts unavailable; outcomes use occurrence day and exact stored IDs.
AD,120250682695220660,120250540492410660,2026-08-23,0.16,6,0,26.67,0.0,,0,0,,,,Sessions beforeSep12 unavailable; Sep12 partial; property/retained starts unavailable; outcomes use occurrence day and exact stored IDs.
AD,120250682695220660,120250540492410660,2026-08-24,0.08,1,0,80.0,0.0,,0,0,,,,Sessions beforeSep12 unavailable; Sep12 partial; property/retained starts unavailable; outcomes use occurrence day and exact stored IDs.
AD,120250682695220660,120250540492410660,2026-08-26,0.03,2,0,15.0,0.0,,0,0,,,,Sessions beforeSep12 unavailable; Sep12 partial; property/retained starts unavailable; outcomes use occurrence day and exact stored IDs.
AD,120250682695220660,120250540492410660,2026-08-31,0.12,2,0,60.0,0.0,,0,0,,,,Sessions beforeSep12 unavailable; Sep12 partial; property/retained starts unavailable; outcomes use occurrence day and exact stored IDs.
AD,120250682695220660,120250540492410660,2026-09-02,0.03,1,0,30.0,0.0,,0,0,,,,Sessions beforeSep12 unavailable; Sep12 partial; property/retained starts unavailable; outcomes use occurrence day and exact stored IDs.
AD,120250682695220660,120250540492410660,2026-09-03,0.1,3,0,33.33,0.0,,0,0,,,,Sessions beforeSep12 unavailable; Sep12 partial; property/retained starts unavailable; outcomes use occurrence day and exact stored IDs.
AD,120250682695220660,120250540492410660,2026-09-05,0.69,16,0,43.12,0.0,,0,0,,,,Sessions beforeSep12 unavailable; Sep12 partial; property/retained starts unavailable; outcomes use occurrence day and exact stored IDs.
AD,120250682695220660,120250540492410660,2026-09-06,0.08,4,0,20.0,0.0,,0,0,,,,Sessions beforeSep12 unavailable; Sep12 partial; property/retained starts unavailable; outcomes use occurrence day and exact stored IDs.
AD,120250682695220660,120250540492410660,2026-09-07,0.66,13,1,50.77,7.692,0.66,0,0,,,,Sessions beforeSep12 unavailable; Sep12 partial; property/retained starts unavailable; outcomes use occurrence day and exact stored IDs.
AD,120250682695220660,120250540492410660,2026-09-08,0.01,1,0,10.0,0.0,,0,0,,,,Sessions beforeSep12 unavailable; Sep12 partial; property/retained starts unavailable; outcomes use occurrence day and exact stored IDs.
AD,120250682695220660,120250540492410660,2026-09-10,0.12,2,0,60.0,0.0,,0,0,,,,Sessions beforeSep12 unavailable; Sep12 partial; property/retained starts unavailable; outcomes use occurrence day and exact stored IDs.
AD,120250682695220660,120250540492410660,2026-09-12,0.14,2,0,70.0,0.0,,0,0,,0,,Sessions beforeSep12 unavailable; Sep12 partial; property/retained starts unavailable; outcomes use occurrence day and exact stored IDs.
AD,120250682695220660,120250540492410660,2026-09-13,0.12,1,0,120.0,0.0,,0,0,,0,,Sessions beforeSep12 unavailable; Sep12 partial; property/retained starts unavailable; outcomes use occurrence day and exact stored IDs.
AD,120250682695220660,120250540492410660,2026-09-14,0.03,1,0,30.0,0.0,,0,0,,0,,Sessions beforeSep12 unavailable; Sep12 partial; property/retained starts unavailable; outcomes use occurrence day and exact stored IDs.
AD,120250682695220660,120250540492410660,2026-09-17,0.15,4,0,37.5,0.0,,0,0,,0,,Sessions beforeSep12 unavailable; Sep12 partial; property/retained starts unavailable; outcomes use occurrence day and exact stored IDs.
AD,120250682695220660,120250540492410660,2026-09-18,0.39,2,0,195.0,0.0,,0,0,,0,,Sessions beforeSep12 unavailable; Sep12 partial; property/retained starts unavailable; outcomes use occurrence day and exact stored IDs.
AD,120250682696560660,120250540492410660,2026-08-18,0.07,2,0,35.0,0.0,,0,0,,,,Sessions beforeSep12 unavailable; Sep12 partial; property/retained starts unavailable; outcomes use occurrence day and exact stored IDs.
AD,120250682696560660,120250540492410660,2026-08-19,0.05,2,0,25.0,0.0,,0,0,,,,Sessions beforeSep12 unavailable; Sep12 partial; property/retained starts unavailable; outcomes use occurrence day and exact stored IDs.
AD,120250682696560660,120250540492410660,2026-08-21,0.18,1,0,180.0,0.0,,0,0,,,,Sessions beforeSep12 unavailable; Sep12 partial; property/retained starts unavailable; outcomes use occurrence day and exact stored IDs.
AD,120250682696560660,120250540492410660,2026-08-23,0.09,2,0,45.0,0.0,,0,0,,,,Sessions beforeSep12 unavailable; Sep12 partial; property/retained starts unavailable; outcomes use occurrence day and exact stored IDs.
AD,120250682696560660,120250540492410660,2026-08-24,0.19,3,0,63.33,0.0,,0,0,,,,Sessions beforeSep12 unavailable; Sep12 partial; property/retained starts unavailable; outcomes use occurrence day and exact stored IDs.
AD,120250682696560660,120250540492410660,2026-08-25,0.03,1,0,30.0,0.0,,0,0,,,,Sessions beforeSep12 unavailable; Sep12 partial; property/retained starts unavailable; outcomes use occurrence day and exact stored IDs.
AD,120250682696560660,120250540492410660,2026-08-26,0.05,1,0,50.0,0.0,,0,0,,,,Sessions beforeSep12 unavailable; Sep12 partial; property/retained starts unavailable; outcomes use occurrence day and exact stored IDs.
AD,120250682696560660,120250540492410660,2026-08-29,0.04,2,0,20.0,0.0,,0,0,,,,Sessions beforeSep12 unavailable; Sep12 partial; property/retained starts unavailable; outcomes use occurrence day and exact stored IDs.
AD,120250682696560660,120250540492410660,2026-08-31,0.08,6,0,13.33,0.0,,0,0,,,,Sessions beforeSep12 unavailable; Sep12 partial; property/retained starts unavailable; outcomes use occurrence day and exact stored IDs.
AD,120250682696560660,120250540492410660,2026-09-02,0.33,2,0,165.0,0.0,,0,0,,,,Sessions beforeSep12 unavailable; Sep12 partial; property/retained starts unavailable; outcomes use occurrence day and exact stored IDs.
AD,120250682696560660,120250540492410660,2026-09-03,0.28,5,0,56.0,0.0,,0,0,,,,Sessions beforeSep12 unavailable; Sep12 partial; property/retained starts unavailable; outcomes use occurrence day and exact stored IDs.
AD,120250682696560660,120250540492410660,2026-09-04,0.0,1,0,0.0,0.0,,0,0,,,,Sessions beforeSep12 unavailable; Sep12 partial; property/retained starts unavailable; outcomes use occurrence day and exact stored IDs.
AD,120250682696560660,120250540492410660,2026-09-05,0.24,7,0,34.29,0.0,,0,0,,,,Sessions beforeSep12 unavailable; Sep12 partial; property/retained starts unavailable; outcomes use occurrence day and exact stored IDs.
AD,120250682696560660,120250540492410660,2026-09-06,0.06,1,0,60.0,0.0,,0,0,,,,Sessions beforeSep12 unavailable; Sep12 partial; property/retained starts unavailable; outcomes use occurrence day and exact stored IDs.
AD,120250682696560660,120250540492410660,2026-09-07,5.5,110,0,50.0,0.0,,0,0,,,,Sessions beforeSep12 unavailable; Sep12 partial; property/retained starts unavailable; outcomes use occurrence day and exact stored IDs.
AD,120250682696560660,120250540492410660,2026-09-08,0.46,15,0,30.67,0.0,,0,0,,,,Sessions beforeSep12 unavailable; Sep12 partial; property/retained starts unavailable; outcomes use occurrence day and exact stored IDs.
AD,120250682696560660,120250540492410660,2026-09-13,0.27,7,0,38.57,0.0,,0,0,,0,,Sessions beforeSep12 unavailable; Sep12 partial; property/retained starts unavailable; outcomes use occurrence day and exact stored IDs.
AD,120250682696560660,120250540492410660,2026-09-14,1.32,13,0,101.54,0.0,,0,0,,0,,Sessions beforeSep12 unavailable; Sep12 partial; property/retained starts unavailable; outcomes use occurrence day and exact stored IDs.
AD,120250682696560660,120250540492410660,2026-09-15,0.21,5,0,42.0,0.0,,0,0,,0,,Sessions beforeSep12 unavailable; Sep12 partial; property/retained starts unavailable; outcomes use occurrence day and exact stored IDs.
AD,120250682696560660,120250540492410660,2026-09-17,0.01,1,0,10.0,0.0,,0,0,,0,,Sessions beforeSep12 unavailable; Sep12 partial; property/retained starts unavailable; outcomes use occurrence day and exact stored IDs.
AD,120250682696560660,120250540492410660,2026-09-18,0.45,5,0,90.0,0.0,,0,0,,0,,Sessions beforeSep12 unavailable; Sep12 partial; property/retained starts unavailable; outcomes use occurrence day and exact stored IDs.
AD,120250682697210660,120250540492410660,2026-08-18,1.17,15,0,78.0,0.0,,0,0,,,,Sessions beforeSep12 unavailable; Sep12 partial; property/retained starts unavailable; outcomes use occurrence day and exact stored IDs.
AD,120250682697210660,120250540492410660,2026-08-19,0.06,2,0,30.0,0.0,,0,0,,,,Sessions beforeSep12 unavailable; Sep12 partial; property/retained starts unavailable; outcomes use occurrence day and exact stored IDs.
AD,120250682697210660,120250540492410660,2026-09-05,0.22,4,0,55.0,0.0,,0,0,,,,Sessions beforeSep12 unavailable; Sep12 partial; property/retained starts unavailable; outcomes use occurrence day and exact stored IDs.
AD,120250682697210660,120250540492410660,2026-09-15,0.12,2,0,60.0,0.0,,0,0,,0,,Sessions beforeSep12 unavailable; Sep12 partial; property/retained starts unavailable; outcomes use occurrence day and exact stored IDs.
AD,120250682697210660,120250540492410660,2026-09-18,0.04,2,0,20.0,0.0,,0,0,,0,,Sessions beforeSep12 unavailable; Sep12 partial; property/retained starts unavailable; outcomes use occurrence day and exact stored IDs.
AD,120250682697730660,120250540492410660,2026-08-18,3.29,24,0,137.08,0.0,,0,0,,,,Sessions beforeSep12 unavailable; Sep12 partial; property/retained starts unavailable; outcomes use occurrence day and exact stored IDs.
AD,120250682697730660,120250540492410660,2026-08-28,0.09,1,0,90.0,0.0,,0,0,,,,Sessions beforeSep12 unavailable; Sep12 partial; property/retained starts unavailable; outcomes use occurrence day and exact stored IDs.
AD,120250682697730660,120250540492410660,2026-09-09,0.08,2,0,40.0,0.0,,0,0,,,,Sessions beforeSep12 unavailable; Sep12 partial; property/retained starts unavailable; outcomes use occurrence day and exact stored IDs.
AD,120250682697730660,120250540492410660,2026-09-13,0.05,1,0,50.0,0.0,,0,0,,0,,Sessions beforeSep12 unavailable; Sep12 partial; property/retained starts unavailable; outcomes use occurrence day and exact stored IDs.
AD,120250682697730660,120250540492410660,2026-09-14,0.02,1,0,20.0,0.0,,0,0,,0,,Sessions beforeSep12 unavailable; Sep12 partial; property/retained starts unavailable; outcomes use occurrence day and exact stored IDs.
AD,120250682697730660,120250540492410660,2026-09-17,0.08,1,0,80.0,0.0,,0,0,,0,,Sessions beforeSep12 unavailable; Sep12 partial; property/retained starts unavailable; outcomes use occurrence day and exact stored IDs.
AD,120250682698330660,120250540492410660,2026-08-18,1.71,7,0,244.29,0.0,,0,0,,,,Sessions beforeSep12 unavailable; Sep12 partial; property/retained starts unavailable; outcomes use occurrence day and exact stored IDs.
AD,120250682698330660,120250540492410660,2026-09-04,0.03,1,0,30.0,0.0,,0,0,,,,Sessions beforeSep12 unavailable; Sep12 partial; property/retained starts unavailable; outcomes use occurrence day and exact stored IDs.
AD,120250682698330660,120250540492410660,2026-09-05,0.04,1,0,40.0,0.0,,0,0,,,,Sessions beforeSep12 unavailable; Sep12 partial; property/retained starts unavailable; outcomes use occurrence day and exact stored IDs.
AD,120250682698330660,120250540492410660,2026-09-12,0.11,2,0,55.0,0.0,,0,0,,0,,Sessions beforeSep12 unavailable; Sep12 partial; property/retained starts unavailable; outcomes use occurrence day and exact stored IDs.
AD,120250682698900660,120250540492410660,2026-08-18,0.07,5,0,14.0,0.0,,0,0,,,,Sessions beforeSep12 unavailable; Sep12 partial; property/retained starts unavailable; outcomes use occurrence day and exact stored IDs.
AD,120250682698900660,120250540492410660,2026-08-19,0.01,1,0,10.0,0.0,,0,0,,,,Sessions beforeSep12 unavailable; Sep12 partial; property/retained starts unavailable; outcomes use occurrence day and exact stored IDs.
AD,120250682698900660,120250540492410660,2026-08-28,0.01,1,0,10.0,0.0,,0,0,,,,Sessions beforeSep12 unavailable; Sep12 partial; property/retained starts unavailable; outcomes use occurrence day and exact stored IDs.
AD,120250682698900660,120250540492410660,2026-08-31,0.06,2,0,30.0,0.0,,0,0,,,,Sessions beforeSep12 unavailable; Sep12 partial; property/retained starts unavailable; outcomes use occurrence day and exact stored IDs.
AD,120250682698900660,120250540492410660,2026-09-04,0.01,1,0,10.0,0.0,,0,0,,,,Sessions beforeSep12 unavailable; Sep12 partial; property/retained starts unavailable; outcomes use occurrence day and exact stored IDs.
AD,120250682698900660,120250540492410660,2026-09-07,0.29,1,0,290.0,0.0,,0,0,,,,Sessions beforeSep12 unavailable; Sep12 partial; property/retained starts unavailable; outcomes use occurrence day and exact stored IDs.
AD,120250682698900660,120250540492410660,2026-09-14,0.01,1,0,10.0,0.0,,0,0,,0,,Sessions beforeSep12 unavailable; Sep12 partial; property/retained starts unavailable; outcomes use occurrence day and exact stored IDs.
AD,120250682699320660,120250540492410660,2026-08-18,0.0,1,0,0.0,0.0,,0,0,,,,Sessions beforeSep12 unavailable; Sep12 partial; property/retained starts unavailable; outcomes use occurrence day and exact stored IDs.
AD,120250682699320660,120250540492410660,2026-08-28,0.0,1,0,0.0,0.0,,0,0,,,,Sessions beforeSep12 unavailable; Sep12 partial; property/retained starts unavailable; outcomes use occurrence day and exact stored IDs.
AD,120250682699320660,120250540492410660,2026-08-30,0.06,2,0,30.0,0.0,,0,0,,,,Sessions beforeSep12 unavailable; Sep12 partial; property/retained starts unavailable; outcomes use occurrence day and exact stored IDs.
AD,120250682699320660,120250540492410660,2026-09-07,0.0,1,0,0.0,0.0,,0,0,,,,Sessions beforeSep12 unavailable; Sep12 partial; property/retained starts unavailable; outcomes use occurrence day and exact stored IDs.
AD,120250682699320660,120250540492410660,2026-09-13,0.9,5,0,180.0,0.0,,0,0,,0,,Sessions beforeSep12 unavailable; Sep12 partial; property/retained starts unavailable; outcomes use occurrence day and exact stored IDs.
AD,120250682699320660,120250540492410660,2026-09-16,0.06,2,0,30.0,0.0,,0,0,,0,,Sessions beforeSep12 unavailable; Sep12 partial; property/retained starts unavailable; outcomes use occurrence day and exact stored IDs.
AD,120250682699740660,120250540492410660,2026-08-18,0.02,3,0,6.67,0.0,,0,0,,,,Sessions beforeSep12 unavailable; Sep12 partial; property/retained starts unavailable; outcomes use occurrence day and exact stored IDs.
AD,120250682699740660,120250540492410660,2026-08-19,0.0,1,0,0.0,0.0,,0,0,,,,Sessions beforeSep12 unavailable; Sep12 partial; property/retained starts unavailable; outcomes use occurrence day and exact stored IDs.
AD,120250682699740660,120250540492410660,2026-08-25,0.2,1,0,200.0,0.0,,0,0,,,,Sessions beforeSep12 unavailable; Sep12 partial; property/retained starts unavailable; outcomes use occurrence day and exact stored IDs.
AD,120250682699740660,120250540492410660,2026-08-26,0.05,1,0,50.0,0.0,,0,0,,,,Sessions beforeSep12 unavailable; Sep12 partial; property/retained starts unavailable; outcomes use occurrence day and exact stored IDs.
AD,120250682699740660,120250540492410660,2026-09-06,0.05,1,0,50.0,0.0,,0,0,,,,Sessions beforeSep12 unavailable; Sep12 partial; property/retained starts unavailable; outcomes use occurrence day and exact stored IDs.
AD,120250682699740660,120250540492410660,2026-09-08,0.24,3,0,80.0,0.0,,0,0,,,,Sessions beforeSep12 unavailable; Sep12 partial; property/retained starts unavailable; outcomes use occurrence day and exact stored IDs.
AD,120250682699740660,120250540492410660,2026-09-09,0.13,2,0,65.0,0.0,,0,0,,,,Sessions beforeSep12 unavailable; Sep12 partial; property/retained starts unavailable; outcomes use occurrence day and exact stored IDs.
AD,120250682699740660,120250540492410660,2026-09-10,0.0,1,0,0.0,0.0,,0,0,,,,Sessions beforeSep12 unavailable; Sep12 partial; property/retained starts unavailable; outcomes use occurrence day and exact stored IDs.
AD,120250682699740660,120250540492410660,2026-09-11,0.08,1,0,80.0,0.0,,0,0,,,,Sessions beforeSep12 unavailable; Sep12 partial; property/retained starts unavailable; outcomes use occurrence day and exact stored IDs.
AD,120250682699740660,120250540492410660,2026-09-15,0.03,2,0,15.0,0.0,,0,0,,0,,Sessions beforeSep12 unavailable; Sep12 partial; property/retained starts unavailable; outcomes use occurrence day and exact stored IDs.
AD,120250682699740660,120250540492410660,2026-09-16,0.07,3,0,23.33,0.0,,0,0,,0,,Sessions beforeSep12 unavailable; Sep12 partial; property/retained starts unavailable; outcomes use occurrence day and exact stored IDs.
AD,120250682699740660,120250540492410660,2026-09-18,0.04,2,0,20.0,0.0,,0,0,,0,,Sessions beforeSep12 unavailable; Sep12 partial; property/retained starts unavailable; outcomes use occurrence day and exact stored IDs.
AD,120250682700030660,120250540492410660,2026-08-30,0.04,1,0,40.0,0.0,,0,0,,,,Sessions beforeSep12 unavailable; Sep12 partial; property/retained starts unavailable; outcomes use occurrence day and exact stored IDs.
AD,120250682700030660,120250540492410660,2026-09-06,0.15,2,0,75.0,0.0,,0,0,,,,Sessions beforeSep12 unavailable; Sep12 partial; property/retained starts unavailable; outcomes use occurrence day and exact stored IDs.
AD,120250682700030660,120250540492410660,2026-09-09,0.01,1,0,10.0,0.0,,0,0,,,,Sessions beforeSep12 unavailable; Sep12 partial; property/retained starts unavailable; outcomes use occurrence day and exact stored IDs.
AD,120250682700030660,120250540492410660,2026-09-14,0.02,1,0,20.0,0.0,,0,0,,0,,Sessions beforeSep12 unavailable; Sep12 partial; property/retained starts unavailable; outcomes use occurrence day and exact stored IDs.
AD,120250682700030660,120250540492410660,2026-09-18,0.02,1,0,20.0,0.0,,0,0,,0,,Sessions beforeSep12 unavailable; Sep12 partial; property/retained starts unavailable; outcomes use occurrence day and exact stored IDs.
AD,120250682700460660,120250540492410660,2026-08-18,0.04,4,0,10.0,0.0,,0,0,,,,Sessions beforeSep12 unavailable; Sep12 partial; property/retained starts unavailable; outcomes use occurrence day and exact stored IDs.
AD,120250682700460660,120250540492410660,2026-09-07,0.11,6,0,18.33,0.0,,0,0,,,,Sessions beforeSep12 unavailable; Sep12 partial; property/retained starts unavailable; outcomes use occurrence day and exact stored IDs.
AD,120250682700460660,120250540492410660,2026-09-12,0.13,2,0,65.0,0.0,,0,0,,0,,Sessions beforeSep12 unavailable; Sep12 partial; property/retained starts unavailable; outcomes use occurrence day and exact stored IDs.
AD,120250682700460660,120250540492410660,2026-09-13,0.05,2,0,25.0,0.0,,0,0,,0,,Sessions beforeSep12 unavailable; Sep12 partial; property/retained starts unavailable; outcomes use occurrence day and exact stored IDs.
AD,120250682700460660,120250540492410660,2026-09-14,0.0,1,0,0.0,0.0,,0,0,,0,,Sessions beforeSep12 unavailable; Sep12 partial; property/retained starts unavailable; outcomes use occurrence day and exact stored IDs.
AD,120250682700950660,120250540492410660,2026-08-18,0.06,6,0,10.0,0.0,,0,0,,,,Sessions beforeSep12 unavailable; Sep12 partial; property/retained starts unavailable; outcomes use occurrence day and exact stored IDs.
AD,120250682707610660,120250540492410660,2026-08-18,68.03,2310,20,29.45,0.866,3.4,4,4,17.01,,,Sessions beforeSep12 unavailable; Sep12 partial; property/retained starts unavailable; outcomes use occurrence day and exact stored IDs.
AD,120250682707610660,120250540492410660,2026-08-19,81.56,2124,20,38.4,0.942,4.08,2,2,40.78,,,Sessions beforeSep12 unavailable; Sep12 partial; property/retained starts unavailable; outcomes use occurrence day and exact stored IDs.
AD,120250682707610660,120250540492410660,2026-08-20,58.36,1739,15,33.56,0.863,3.89,1,1,58.36,,,Sessions beforeSep12 unavailable; Sep12 partial; property/retained starts unavailable; outcomes use occurrence day and exact stored IDs.
AD,120250682707610660,120250540492410660,2026-08-21,56.52,1966,21,28.75,1.068,2.69,3,3,18.84,,,Sessions beforeSep12 unavailable; Sep12 partial; property/retained starts unavailable; outcomes use occurrence day and exact stored IDs.
AD,120250682707610660,120250540492410660,2026-08-22,52.51,2194,27,23.93,1.231,1.94,3,3,17.5,,,Sessions beforeSep12 unavailable; Sep12 partial; property/retained starts unavailable; outcomes use occurrence day and exact stored IDs.
AD,120250682707610660,120250540492410660,2026-08-23,95.44,4296,34,22.22,0.791,2.81,6,6,15.91,,,Sessions beforeSep12 unavailable; Sep12 partial; property/retained starts unavailable; outcomes use occurrence day and exact stored IDs.
AD,120250682707610660,120250540492410660,2026-08-24,85.06,3152,24,26.99,0.761,3.54,3,3,28.35,,,Sessions beforeSep12 unavailable; Sep12 partial; property/retained starts unavailable; outcomes use occurrence day and exact stored IDs.
AD,120250682707610660,120250540492410660,2026-08-25,76.63,2856,25,26.83,0.875,3.07,3,3,25.54,,,Sessions beforeSep12 unavailable; Sep12 partial; property/retained starts unavailable; outcomes use occurrence day and exact stored IDs.
AD,120250682707610660,120250540492410660,2026-08-26,61.68,2164,17,28.5,0.786,3.63,4,4,15.42,,,Sessions beforeSep12 unavailable; Sep12 partial; property/retained starts unavailable; outcomes use occurrence day and exact stored IDs.
AD,120250682707610660,120250540492410660,2026-08-27,71.84,2661,26,27.0,0.977,2.76,5,5,14.37,,,Sessions beforeSep12 unavailable; Sep12 partial; property/retained starts unavailable; outcomes use occurrence day and exact stored IDs.
AD,120250682707610660,120250540492410660,2026-08-28,68.68,2414,25,28.45,1.036,2.75,7,5,9.81,,,Sessions beforeSep12 unavailable; Sep12 partial; property/retained starts unavailable; outcomes use occurrence day and exact stored IDs.
AD,120250682707610660,120250540492410660,2026-08-29,58.33,2440,15,23.91,0.615,3.89,3,3,19.44,,,Sessions beforeSep12 unavailable; Sep12 partial; property/retained starts unavailable; outcomes use occurrence day and exact stored IDs.
AD,120250682707610660,120250540492410660,2026-08-30,94.06,4166,27,22.58,0.648,3.48,3,3,31.35,,,Sessions beforeSep12 unavailable; Sep12 partial; property/retained starts unavailable; outcomes use occurrence day and exact stored IDs.
AD,120250682707610660,120250540492410660,2026-08-31,78.56,3120,30,25.18,0.962,2.62,7,6,11.22,,,Sessions beforeSep12 unavailable; Sep12 partial; property/retained starts unavailable; outcomes use occurrence day and exact stored IDs.
AD,120250682707610660,120250540492410660,2026-09-01,78.69,3079,26,25.56,0.844,3.03,4,4,19.67,,,Sessions beforeSep12 unavailable; Sep12 partial; property/retained starts unavailable; outcomes use occurrence day and exact stored IDs.
AD,120250682707610660,120250540492410660,2026-09-02,71.19,2652,26,26.84,0.98,2.74,1,1,71.19,,,Sessions beforeSep12 unavailable; Sep12 partial; property/retained starts unavailable; outcomes use occurrence day and exact stored IDs.
AD,120250682707610660,120250540492410660,2026-09-03,148.66,6733,64,22.08,0.951,2.32,9,9,16.52,,,Sessions beforeSep12 unavailable; Sep12 partial; property/retained starts unavailable; outcomes use occurrence day and exact stored IDs.
AD,120250682707610660,120250540492410660,2026-09-04,102.69,4149,35,24.75,0.844,2.93,2,1,51.34,,,Sessions beforeSep12 unavailable; Sep12 partial; property/retained starts unavailable; outcomes use occurrence day and exact stored IDs.
AD,120250682707610660,120250540492410660,2026-09-05,112.86,4580,44,24.64,0.961,2.56,6,6,18.81,,,Sessions beforeSep12 unavailable; Sep12 partial; property/retained starts unavailable; outcomes use occurrence day and exact stored IDs.
AD,120250682707610660,120250540492410660,2026-09-06,147.9,6452,48,22.92,0.744,3.08,6,6,24.65,,,Sessions beforeSep12 unavailable; Sep12 partial; property/retained starts unavailable; outcomes use occurrence day and exact stored IDs.
AD,120250682707610660,120250540492410660,2026-09-07,126.56,5440,57,23.26,1.048,2.22,9,9,14.06,,,Sessions beforeSep12 unavailable; Sep12 partial; property/retained starts unavailable; outcomes use occurrence day and exact stored IDs.
AD,120250682707610660,120250540492410660,2026-09-08,118.48,4635,34,25.56,0.734,3.48,5,5,23.7,,,Sessions beforeSep12 unavailable; Sep12 partial; property/retained starts unavailable; outcomes use occurrence day and exact stored IDs.
AD,120250682707610660,120250540492410660,2026-09-09,107.24,3231,33,33.19,1.021,3.25,2,2,53.62,,,Sessions beforeSep12 unavailable; Sep12 partial; property/retained starts unavailable; outcomes use occurrence day and exact stored IDs.
AD,120250682707610660,120250540492410660,2026-09-10,116.68,3449,41,33.83,1.189,2.85,5,5,23.34,,,Sessions beforeSep12 unavailable; Sep12 partial; property/retained starts unavailable; outcomes use occurrence day and exact stored IDs.
AD,120250682707610660,120250540492410660,2026-09-11,111.21,3443,32,32.3,0.929,3.48,6,6,18.54,,,Sessions beforeSep12 unavailable; Sep12 partial; property/retained starts unavailable; outcomes use occurrence day and exact stored IDs.
AD,120250682707610660,120250540492410660,2026-09-12,111.81,3999,37,27.96,0.925,3.02,4,4,27.95,9,,Sessions beforeSep12 unavailable; Sep12 partial; property/retained starts unavailable; outcomes use occurrence day and exact stored IDs.
AD,120250682707610660,120250540492410660,2026-09-13,124.83,4166,34,29.96,0.816,3.67,6,5,20.8,33,,Sessions beforeSep12 unavailable; Sep12 partial; property/retained starts unavailable; outcomes use occurrence day and exact stored IDs.
AD,120250682707610660,120250540492410660,2026-09-14,134.79,3684,41,36.59,1.113,3.29,6,6,22.46,35,,Sessions beforeSep12 unavailable; Sep12 partial; property/retained starts unavailable; outcomes use occurrence day and exact stored IDs.
AD,120250682707610660,120250540492410660,2026-09-15,126.98,3372,36,37.66,1.068,3.53,5,5,25.4,37,,Sessions beforeSep12 unavailable; Sep12 partial; property/retained starts unavailable; outcomes use occurrence day and exact stored IDs.
AD,120250682707610660,120250540492410660,2026-09-16,121.74,3161,45,38.51,1.424,2.71,7,7,17.39,38,,Sessions beforeSep12 unavailable; Sep12 partial; property/retained starts unavailable; outcomes use occurrence day and exact stored IDs.
AD,120250682707610660,120250540492410660,2026-09-17,103.99,3125,30,33.28,0.96,3.47,5,5,20.8,32,,Sessions beforeSep12 unavailable; Sep12 partial; property/retained starts unavailable; outcomes use occurrence day and exact stored IDs.
AD,120250682707610660,120250540492410660,2026-09-18,116.78,4284,38,27.26,0.887,3.07,3,3,38.93,36,,Sessions beforeSep12 unavailable; Sep12 partial; property/retained starts unavailable; outcomes use occurrence day and exact stored IDs.
AD,120250682708130660,120250540492410660,2026-08-18,0.73,28,0,26.07,0.0,,0,0,,,,Sessions beforeSep12 unavailable; Sep12 partial; property/retained starts unavailable; outcomes use occurrence day and exact stored IDs.
AD,120250682708130660,120250540492410660,2026-08-19,0.44,10,0,44.0,0.0,,0,0,,,,Sessions beforeSep12 unavailable; Sep12 partial; property/retained starts unavailable; outcomes use occurrence day and exact stored IDs.
AD,120250682708130660,120250540492410660,2026-08-20,0.16,4,0,40.0,0.0,,0,0,,,,Sessions beforeSep12 unavailable; Sep12 partial; property/retained starts unavailable; outcomes use occurrence day and exact stored IDs.
AD,120250682708130660,120250540492410660,2026-08-21,0.08,2,0,40.0,0.0,,0,0,,,,Sessions beforeSep12 unavailable; Sep12 partial; property/retained starts unavailable; outcomes use occurrence day and exact stored IDs.
AD,120250682708130660,120250540492410660,2026-08-22,0.7,18,0,38.89,0.0,,0,0,,,,Sessions beforeSep12 unavailable; Sep12 partial; property/retained starts unavailable; outcomes use occurrence day and exact stored IDs.
AD,120250682708130660,120250540492410660,2026-08-23,0.6,19,0,31.58,0.0,,0,0,,,,Sessions beforeSep12 unavailable; Sep12 partial; property/retained starts unavailable; outcomes use occurrence day and exact stored IDs.
AD,120250682708130660,120250540492410660,2026-08-24,0.83,20,0,41.5,0.0,,0,0,,,,Sessions beforeSep12 unavailable; Sep12 partial; property/retained starts unavailable; outcomes use occurrence day and exact stored IDs.
AD,120250682708130660,120250540492410660,2026-08-25,0.82,18,0,45.56,0.0,,0,0,,,,Sessions beforeSep12 unavailable; Sep12 partial; property/retained starts unavailable; outcomes use occurrence day and exact stored IDs.
AD,120250682708130660,120250540492410660,2026-08-26,0.07,3,0,23.33,0.0,,0,0,,,,Sessions beforeSep12 unavailable; Sep12 partial; property/retained starts unavailable; outcomes use occurrence day and exact stored IDs.
AD,120250682708130660,120250540492410660,2026-08-27,0.13,5,0,26.0,0.0,,0,0,,,,Sessions beforeSep12 unavailable; Sep12 partial; property/retained starts unavailable; outcomes use occurrence day and exact stored IDs.
AD,120250682708130660,120250540492410660,2026-08-30,1.28,29,0,44.14,0.0,,0,0,,,,Sessions beforeSep12 unavailable; Sep12 partial; property/retained starts unavailable; outcomes use occurrence day and exact stored IDs.
AD,120250682708130660,120250540492410660,2026-08-31,1.1,44,0,25.0,0.0,,0,0,,,,Sessions beforeSep12 unavailable; Sep12 partial; property/retained starts unavailable; outcomes use occurrence day and exact stored IDs.
AD,120250682708130660,120250540492410660,2026-09-01,0.92,34,0,27.06,0.0,,0,0,,,,Sessions beforeSep12 unavailable; Sep12 partial; property/retained starts unavailable; outcomes use occurrence day and exact stored IDs.
AD,120250682708130660,120250540492410660,2026-09-02,1.26,26,0,48.46,0.0,,0,0,,,,Sessions beforeSep12 unavailable; Sep12 partial; property/retained starts unavailable; outcomes use occurrence day and exact stored IDs.
AD,120250682708130660,120250540492410660,2026-09-03,3.51,34,1,103.24,2.941,3.51,0,0,,,,Sessions beforeSep12 unavailable; Sep12 partial; property/retained starts unavailable; outcomes use occurrence day and exact stored IDs.
AD,120250682708130660,120250540492410660,2026-09-04,1.07,27,0,39.63,0.0,,0,0,,,,Sessions beforeSep12 unavailable; Sep12 partial; property/retained starts unavailable; outcomes use occurrence day and exact stored IDs.
AD,120250682708130660,120250540492410660,2026-09-05,1.11,22,0,50.45,0.0,,0,0,,,,Sessions beforeSep12 unavailable; Sep12 partial; property/retained starts unavailable; outcomes use occurrence day and exact stored IDs.
AD,120250682708130660,120250540492410660,2026-09-06,4.88,163,3,29.94,1.84,1.63,0,0,,,,Sessions beforeSep12 unavailable; Sep12 partial; property/retained starts unavailable; outcomes use occurrence day and exact stored IDs.
AD,120250682708130660,120250540492410660,2026-09-07,1.42,54,1,26.3,1.852,1.42,0,0,,,,Sessions beforeSep12 unavailable; Sep12 partial; property/retained starts unavailable; outcomes use occurrence day and exact stored IDs.
AD,120250682708130660,120250540492410660,2026-09-08,2.62,97,2,27.01,2.062,1.31,0,0,,,,Sessions beforeSep12 unavailable; Sep12 partial; property/retained starts unavailable; outcomes use occurrence day and exact stored IDs.
AD,120250682708130660,120250540492410660,2026-09-09,1.84,53,1,34.72,1.887,1.84,0,0,,,,Sessions beforeSep12 unavailable; Sep12 partial; property/retained starts unavailable; outcomes use occurrence day and exact stored IDs.
AD,120250682708130660,120250540492410660,2026-09-10,1.88,58,0,32.41,0.0,,0,0,,,,Sessions beforeSep12 unavailable; Sep12 partial; property/retained starts unavailable; outcomes use occurrence day and exact stored IDs.
AD,120250682708130660,120250540492410660,2026-09-11,2.1,52,1,40.38,1.923,2.1,0,0,,,,Sessions beforeSep12 unavailable; Sep12 partial; property/retained starts unavailable; outcomes use occurrence day and exact stored IDs.
AD,120250682708130660,120250540492410660,2026-09-12,0.66,14,0,47.14,0.0,,0,0,,0,,Sessions beforeSep12 unavailable; Sep12 partial; property/retained starts unavailable; outcomes use occurrence day and exact stored IDs.
AD,120250682708130660,120250540492410660,2026-09-13,6.04,165,1,36.61,0.606,6.04,0,0,,1,,Sessions beforeSep12 unavailable; Sep12 partial; property/retained starts unavailable; outcomes use occurrence day and exact stored IDs.
AD,120250682708130660,120250540492410660,2026-09-14,1.96,79,1,24.81,1.266,1.96,0,0,,2,,Sessions beforeSep12 unavailable; Sep12 partial; property/retained starts unavailable; outcomes use occurrence day and exact stored IDs.
AD,120250682708130660,120250540492410660,2026-09-16,0.97,13,0,74.62,0.0,,0,0,,0,,Sessions beforeSep12 unavailable; Sep12 partial; property/retained starts unavailable; outcomes use occurrence day and exact stored IDs.
AD,120250682708130660,120250540492410660,2026-09-18,0.05,2,0,25.0,0.0,,0,0,,0,,Sessions beforeSep12 unavailable; Sep12 partial; property/retained starts unavailable; outcomes use occurrence day and exact stored IDs.
AD,120250682708530660,120250540492410660,2026-08-18,0.02,6,0,3.33,0.0,,0,0,,,,Sessions beforeSep12 unavailable; Sep12 partial; property/retained starts unavailable; outcomes use occurrence day and exact stored IDs.
AD,120250682708530660,120250540492410660,2026-08-19,0.06,3,0,20.0,0.0,,0,0,,,,Sessions beforeSep12 unavailable; Sep12 partial; property/retained starts unavailable; outcomes use occurrence day and exact stored IDs.
AD,120250682708530660,120250540492410660,2026-08-22,0.01,1,0,10.0,0.0,,0,0,,,,Sessions beforeSep12 unavailable; Sep12 partial; property/retained starts unavailable; outcomes use occurrence day and exact stored IDs.
AD,120250682708530660,120250540492410660,2026-08-23,0.02,1,0,20.0,0.0,,0,0,,,,Sessions beforeSep12 unavailable; Sep12 partial; property/retained starts unavailable; outcomes use occurrence day and exact stored IDs.
AD,120250682708530660,120250540492410660,2026-08-24,0.01,1,0,10.0,0.0,,0,0,,,,Sessions beforeSep12 unavailable; Sep12 partial; property/retained starts unavailable; outcomes use occurrence day and exact stored IDs.
AD,120250682708530660,120250540492410660,2026-09-03,0.07,1,0,70.0,0.0,,0,0,,,,Sessions beforeSep12 unavailable; Sep12 partial; property/retained starts unavailable; outcomes use occurrence day and exact stored IDs.
AD,120250682708530660,120250540492410660,2026-09-05,0.23,2,0,115.0,0.0,,0,0,,,,Sessions beforeSep12 unavailable; Sep12 partial; property/retained starts unavailable; outcomes use occurrence day and exact stored IDs.
AD,120250682708530660,120250540492410660,2026-09-06,0.01,1,0,10.0,0.0,,0,0,,,,Sessions beforeSep12 unavailable; Sep12 partial; property/retained starts unavailable; outcomes use occurrence day and exact stored IDs.
AD,120250682708530660,120250540492410660,2026-09-07,0.04,1,1,40.0,100.0,0.04,0,0,,,,Sessions beforeSep12 unavailable; Sep12 partial; property/retained starts unavailable; outcomes use occurrence day and exact stored IDs.
AD,120250682708530660,120250540492410660,2026-09-10,0.0,1,0,0.0,0.0,,0,0,,,,Sessions beforeSep12 unavailable; Sep12 partial; property/retained starts unavailable; outcomes use occurrence day and exact stored IDs.
AD,120250682708530660,120250540492410660,2026-09-11,0.02,1,0,20.0,0.0,,0,0,,,,Sessions beforeSep12 unavailable; Sep12 partial; property/retained starts unavailable; outcomes use occurrence day and exact stored IDs.
AD,120250682708530660,120250540492410660,2026-09-12,0.04,2,0,20.0,0.0,,0,0,,0,,Sessions beforeSep12 unavailable; Sep12 partial; property/retained starts unavailable; outcomes use occurrence day and exact stored IDs.
AD,120250682708530660,120250540492410660,2026-09-13,0.14,3,0,46.67,0.0,,0,0,,0,,Sessions beforeSep12 unavailable; Sep12 partial; property/retained starts unavailable; outcomes use occurrence day and exact stored IDs.
AD,120250682708530660,120250540492410660,2026-09-18,0.08,2,0,40.0,0.0,,0,0,,0,,Sessions beforeSep12 unavailable; Sep12 partial; property/retained starts unavailable; outcomes use occurrence day and exact stored IDs.
AD,120250682709040660,120250540492410660,2026-08-18,0.83,22,3,37.73,13.636,0.28,0,0,,,,Sessions beforeSep12 unavailable; Sep12 partial; property/retained starts unavailable; outcomes use occurrence day and exact stored IDs.
AD,120250682709040660,120250540492410660,2026-08-19,0.45,18,1,25.0,5.556,0.45,0,0,,,,Sessions beforeSep12 unavailable; Sep12 partial; property/retained starts unavailable; outcomes use occurrence day and exact stored IDs.
AD,120250682709040660,120250540492410660,2026-08-20,0.01,1,0,10.0,0.0,,0,0,,,,Sessions beforeSep12 unavailable; Sep12 partial; property/retained starts unavailable; outcomes use occurrence day and exact stored IDs.
AD,120250682709040660,120250540492410660,2026-08-21,0.16,2,0,80.0,0.0,,0,0,,,,Sessions beforeSep12 unavailable; Sep12 partial; property/retained starts unavailable; outcomes use occurrence day and exact stored IDs.
AD,120250682709040660,120250540492410660,2026-08-24,0.04,2,0,20.0,0.0,,0,0,,,,Sessions beforeSep12 unavailable; Sep12 partial; property/retained starts unavailable; outcomes use occurrence day and exact stored IDs.
AD,120250682709040660,120250540492410660,2026-08-26,0.01,1,0,10.0,0.0,,0,0,,,,Sessions beforeSep12 unavailable; Sep12 partial; property/retained starts unavailable; outcomes use occurrence day and exact stored IDs.
AD,120250682709040660,120250540492410660,2026-08-27,0.04,3,0,13.33,0.0,,0,0,,,,Sessions beforeSep12 unavailable; Sep12 partial; property/retained starts unavailable; outcomes use occurrence day and exact stored IDs.
AD,120250682709040660,120250540492410660,2026-08-29,0.0,1,0,0.0,0.0,,0,0,,,,Sessions beforeSep12 unavailable; Sep12 partial; property/retained starts unavailable; outcomes use occurrence day and exact stored IDs.
AD,120250682709040660,120250540492410660,2026-08-31,0.03,2,0,15.0,0.0,,0,0,,,,Sessions beforeSep12 unavailable; Sep12 partial; property/retained starts unavailable; outcomes use occurrence day and exact stored IDs.
AD,120250682709040660,120250540492410660,2026-09-01,0.02,1,0,20.0,0.0,,0,0,,,,Sessions beforeSep12 unavailable; Sep12 partial; property/retained starts unavailable; outcomes use occurrence day and exact stored IDs.
AD,120250682709040660,120250540492410660,2026-09-03,0.15,7,0,21.43,0.0,,0,0,,,,Sessions beforeSep12 unavailable; Sep12 partial; property/retained starts unavailable; outcomes use occurrence day and exact stored IDs.
AD,120250682709040660,120250540492410660,2026-09-05,0.08,1,0,80.0,0.0,,0,0,,,,Sessions beforeSep12 unavailable; Sep12 partial; property/retained starts unavailable; outcomes use occurrence day and exact stored IDs.
AD,120250682709040660,120250540492410660,2026-09-06,0.38,17,0,22.35,0.0,,0,0,,,,Sessions beforeSep12 unavailable; Sep12 partial; property/retained starts unavailable; outcomes use occurrence day and exact stored IDs.
AD,120250682709040660,120250540492410660,2026-09-07,0.08,4,0,20.0,0.0,,0,0,,,,Sessions beforeSep12 unavailable; Sep12 partial; property/retained starts unavailable; outcomes use occurrence day and exact stored IDs.
AD,120250682709040660,120250540492410660,2026-09-11,0.26,6,0,43.33,0.0,,0,0,,,,Sessions beforeSep12 unavailable; Sep12 partial; property/retained starts unavailable; outcomes use occurrence day and exact stored IDs.
AD,120250682709040660,120250540492410660,2026-09-13,0.26,6,0,43.33,0.0,,0,0,,0,,Sessions beforeSep12 unavailable; Sep12 partial; property/retained starts unavailable; outcomes use occurrence day and exact stored IDs.
AD,120250682709040660,120250540492410660,2026-09-16,0.05,5,0,10.0,0.0,,0,0,,0,,Sessions beforeSep12 unavailable; Sep12 partial; property/retained starts unavailable; outcomes use occurrence day and exact stored IDs.
AD,120250682709040660,120250540492410660,2026-09-18,0.02,1,0,20.0,0.0,,0,0,,0,,Sessions beforeSep12 unavailable; Sep12 partial; property/retained starts unavailable; outcomes use occurrence day and exact stored IDs.
AD,120250602268660660,120250602165530660,2026-08-13,1.8,58,1,31.03,1.724,1.8,0,0,,,,Sessions beforeSep12 unavailable; Sep12 partial; property/retained starts unavailable; outcomes use occurrence day and exact stored IDs.
AD,120250602268660660,120250602165530660,2026-08-14,1.57,43,0,36.51,0.0,,0,0,,,,Sessions beforeSep12 unavailable; Sep12 partial; property/retained starts unavailable; outcomes use occurrence day and exact stored IDs.
AD,120250602270160660,120250602165530660,2026-08-13,4.86,90,0,54.0,0.0,,0,0,,,,Sessions beforeSep12 unavailable; Sep12 partial; property/retained starts unavailable; outcomes use occurrence day and exact stored IDs.
AD,120250602270160660,120250602165530660,2026-08-14,1.75,15,0,116.67,0.0,,0,0,,,,Sessions beforeSep12 unavailable; Sep12 partial; property/retained starts unavailable; outcomes use occurrence day and exact stored IDs.
AD,120250602299490660,120250602165530660,2026-08-13,1.02,53,0,19.25,0.0,,0,0,,,,Sessions beforeSep12 unavailable; Sep12 partial; property/retained starts unavailable; outcomes use occurrence day and exact stored IDs.
AD,120250602299490660,120250602165530660,2026-08-14,0.27,5,0,54.0,0.0,,0,0,,,,Sessions beforeSep12 unavailable; Sep12 partial; property/retained starts unavailable; outcomes use occurrence day and exact stored IDs.
AD,120250602300400660,120250602165530660,2026-08-13,1.09,25,1,43.6,4.0,1.09,0,0,,,,Sessions beforeSep12 unavailable; Sep12 partial; property/retained starts unavailable; outcomes use occurrence day and exact stored IDs.
AD,120250602300400660,120250602165530660,2026-08-14,41.33,861,4,48.0,0.465,10.33,0,0,,,,Sessions beforeSep12 unavailable; Sep12 partial; property/retained starts unavailable; outcomes use occurrence day and exact stored IDs.
AD,120250602300730660,120250602165530660,2026-08-13,1.29,16,0,80.62,0.0,,0,0,,,,Sessions beforeSep12 unavailable; Sep12 partial; property/retained starts unavailable; outcomes use occurrence day and exact stored IDs.
AD,120250602300730660,120250602165530660,2026-08-14,1.08,9,0,120.0,0.0,,0,0,,,,Sessions beforeSep12 unavailable; Sep12 partial; property/retained starts unavailable; outcomes use occurrence day and exact stored IDs.
AD,120250602328090660,120250602165530660,2026-08-13,2.1,68,0,30.88,0.0,,0,0,,,,Sessions beforeSep12 unavailable; Sep12 partial; property/retained starts unavailable; outcomes use occurrence day and exact stored IDs.
AD,120250602328090660,120250602165530660,2026-08-14,1.74,50,1,34.8,2.0,1.74,0,0,,,,Sessions beforeSep12 unavailable; Sep12 partial; property/retained starts unavailable; outcomes use occurrence day and exact stored IDs.
AD,120250602329570660,120250602165530660,2026-08-13,0.24,5,0,48.0,0.0,,0,0,,,,Sessions beforeSep12 unavailable; Sep12 partial; property/retained starts unavailable; outcomes use occurrence day and exact stored IDs.
AD,120250602329570660,120250602165530660,2026-08-14,7.52,119,1,63.19,0.84,7.52,0,0,,,,Sessions beforeSep12 unavailable; Sep12 partial; property/retained starts unavailable; outcomes use occurrence day and exact stored IDs.
AD,120250602471440660,120250602165530660,2026-08-13,0.16,3,0,53.33,0.0,,0,0,,,,Sessions beforeSep12 unavailable; Sep12 partial; property/retained starts unavailable; outcomes use occurrence day and exact stored IDs.
AD,120250602471440660,120250602165530660,2026-08-14,0.64,24,0,26.67,0.0,,0,0,,,,Sessions beforeSep12 unavailable; Sep12 partial; property/retained starts unavailable; outcomes use occurrence day and exact stored IDs.
AD,120250602471440660,120250602165530660,2026-08-15,2.68,36,0,74.44,0.0,,0,0,,,,Sessions beforeSep12 unavailable; Sep12 partial; property/retained starts unavailable; outcomes use occurrence day and exact stored IDs.
AD,120250602471790660,120250602165530660,2026-08-13,0.07,6,0,11.67,0.0,,0,0,,,,Sessions beforeSep12 unavailable; Sep12 partial; property/retained starts unavailable; outcomes use occurrence day and exact stored IDs.
AD,120250602471790660,120250602165530660,2026-08-14,0.03,1,0,30.0,0.0,,0,0,,,,Sessions beforeSep12 unavailable; Sep12 partial; property/retained starts unavailable; outcomes use occurrence day and exact stored IDs.
AD,120250602472590660,120250602165530660,2026-08-14,0.41,6,0,68.33,0.0,,0,0,,,,Sessions beforeSep12 unavailable; Sep12 partial; property/retained starts unavailable; outcomes use occurrence day and exact stored IDs.
AD,120250602472590660,120250602165530660,2026-08-15,1.9,10,0,190.0,0.0,,0,0,,,,Sessions beforeSep12 unavailable; Sep12 partial; property/retained starts unavailable; outcomes use occurrence day and exact stored IDs.
AD,120250602473020660,120250602165530660,2026-08-14,1.58,24,0,65.83,0.0,,0,0,,,,Sessions beforeSep12 unavailable; Sep12 partial; property/retained starts unavailable; outcomes use occurrence day and exact stored IDs.
AD,120250602473020660,120250602165530660,2026-08-15,0.3,8,0,37.5,0.0,,0,0,,,,Sessions beforeSep12 unavailable; Sep12 partial; property/retained starts unavailable; outcomes use occurrence day and exact stored IDs.
AD,120250602473640660,120250602165530660,2026-08-14,0.12,3,0,40.0,0.0,,0,0,,,,Sessions beforeSep12 unavailable; Sep12 partial; property/retained starts unavailable; outcomes use occurrence day and exact stored IDs.
AD,120250602473640660,120250602165530660,2026-08-15,1.35,30,0,45.0,0.0,,0,0,,,,Sessions beforeSep12 unavailable; Sep12 partial; property/retained starts unavailable; outcomes use occurrence day and exact stored IDs.
AD,120250602473920660,120250602165530660,2026-08-14,3.38,74,1,45.68,1.351,3.38,0,0,,,,Sessions beforeSep12 unavailable; Sep12 partial; property/retained starts unavailable; outcomes use occurrence day and exact stored IDs.
AD,120250602473920660,120250602165530660,2026-08-15,13.17,250,2,52.68,0.8,6.58,0,0,,,,Sessions beforeSep12 unavailable; Sep12 partial; property/retained starts unavailable; outcomes use occurrence day and exact stored IDs.
AD,120250602474540660,120250602165530660,2026-08-14,0.03,3,0,10.0,0.0,,0,0,,,,Sessions beforeSep12 unavailable; Sep12 partial; property/retained starts unavailable; outcomes use occurrence day and exact stored IDs.
AD,120250602474910660,120250602165530660,2026-08-14,2.61,30,0,87.0,0.0,,0,0,,,,Sessions beforeSep12 unavailable; Sep12 partial; property/retained starts unavailable; outcomes use occurrence day and exact stored IDs.
AD,120250602474910660,120250602165530660,2026-08-15,1.57,39,0,40.26,0.0,,0,0,,,,Sessions beforeSep12 unavailable; Sep12 partial; property/retained starts unavailable; outcomes use occurrence day and exact stored IDs.
AD,120250602475440660,120250602165530660,2026-08-14,0.39,7,0,55.71,0.0,,0,0,,,,Sessions beforeSep12 unavailable; Sep12 partial; property/retained starts unavailable; outcomes use occurrence day and exact stored IDs.
AD,120250602475440660,120250602165530660,2026-08-15,0.09,4,0,22.5,0.0,,0,0,,,,Sessions beforeSep12 unavailable; Sep12 partial; property/retained starts unavailable; outcomes use occurrence day and exact stored IDs.
AD,120250602475830660,120250602165530660,2026-08-13,0.54,19,0,28.42,0.0,,0,0,,,,Sessions beforeSep12 unavailable; Sep12 partial; property/retained starts unavailable; outcomes use occurrence day and exact stored IDs.
AD,120250602475830660,120250602165530660,2026-08-14,0.05,1,0,50.0,0.0,,0,0,,,,Sessions beforeSep12 unavailable; Sep12 partial; property/retained starts unavailable; outcomes use occurrence day and exact stored IDs.
AD,120250602476500660,120250602165530660,2026-08-13,0.12,5,0,24.0,0.0,,0,0,,,,Sessions beforeSep12 unavailable; Sep12 partial; property/retained starts unavailable; outcomes use occurrence day and exact stored IDs.
AD,120250602476500660,120250602165530660,2026-08-14,0.01,1,0,10.0,0.0,,0,0,,,,Sessions beforeSep12 unavailable; Sep12 partial; property/retained starts unavailable; outcomes use occurrence day and exact stored IDs.
AD,120250602477630660,120250602165530660,2026-08-13,1.32,42,0,31.43,0.0,,0,0,,,,Sessions beforeSep12 unavailable; Sep12 partial; property/retained starts unavailable; outcomes use occurrence day and exact stored IDs.
AD,120250602477630660,120250602165530660,2026-08-14,1.35,39,0,34.62,0.0,,0,0,,,,Sessions beforeSep12 unavailable; Sep12 partial; property/retained starts unavailable; outcomes use occurrence day and exact stored IDs.
AD,120250602477630660,120250602165530660,2026-08-15,0.26,8,0,32.5,0.0,,0,0,,,,Sessions beforeSep12 unavailable; Sep12 partial; property/retained starts unavailable; outcomes use occurrence day and exact stored IDs.
AD,120250602478200660,120250602165530660,2026-08-14,0.02,3,0,6.67,0.0,,0,0,,,,Sessions beforeSep12 unavailable; Sep12 partial; property/retained starts unavailable; outcomes use occurrence day and exact stored IDs.
AD,120250602478200660,120250602165530660,2026-08-15,0.01,1,0,10.0,0.0,,0,0,,,,Sessions beforeSep12 unavailable; Sep12 partial; property/retained starts unavailable; outcomes use occurrence day and exact stored IDs.
AD,120250602478540660,120250602165530660,2026-08-13,0.07,6,0,11.67,0.0,,0,0,,,,Sessions beforeSep12 unavailable; Sep12 partial; property/retained starts unavailable; outcomes use occurrence day and exact stored IDs.
AD,120250602478540660,120250602165530660,2026-08-14,0.01,1,0,10.0,0.0,,0,0,,,,Sessions beforeSep12 unavailable; Sep12 partial; property/retained starts unavailable; outcomes use occurrence day and exact stored IDs.
AD,120250602479280660,120250602165530660,2026-08-13,0.08,4,0,20.0,0.0,,0,0,,,,Sessions beforeSep12 unavailable; Sep12 partial; property/retained starts unavailable; outcomes use occurrence day and exact stored IDs.
AD,120250602479660660,120250602165530660,2026-08-14,0.55,15,0,36.67,0.0,,0,0,,,,Sessions beforeSep12 unavailable; Sep12 partial; property/retained starts unavailable; outcomes use occurrence day and exact stored IDs.
AD,120250602479660660,120250602165530660,2026-08-15,0.24,10,0,24.0,0.0,,0,0,,,,Sessions beforeSep12 unavailable; Sep12 partial; property/retained starts unavailable; outcomes use occurrence day and exact stored IDs.
AD,120250602479770660,120250602165530660,2026-08-13,0.0,1,0,0.0,0.0,,0,0,,,,Sessions beforeSep12 unavailable; Sep12 partial; property/retained starts unavailable; outcomes use occurrence day and exact stored IDs.
AD,120250602479770660,120250602165530660,2026-08-14,2.22,55,0,40.36,0.0,,0,0,,,,Sessions beforeSep12 unavailable; Sep12 partial; property/retained starts unavailable; outcomes use occurrence day and exact stored IDs.
AD,120250602479770660,120250602165530660,2026-08-15,3.09,62,0,49.84,0.0,,0,0,,,,Sessions beforeSep12 unavailable; Sep12 partial; property/retained starts unavailable; outcomes use occurrence day and exact stored IDs.
AD,120250602480240660,120250602165530660,2026-08-13,0.06,5,0,12.0,0.0,,0,0,,,,Sessions beforeSep12 unavailable; Sep12 partial; property/retained starts unavailable; outcomes use occurrence day and exact stored IDs.
AD,120250602480240660,120250602165530660,2026-08-14,0.33,13,0,25.38,0.0,,0,0,,,,Sessions beforeSep12 unavailable; Sep12 partial; property/retained starts unavailable; outcomes use occurrence day and exact stored IDs.
AD,120250602480240660,120250602165530660,2026-08-15,0.17,3,0,56.67,0.0,,0,0,,,,Sessions beforeSep12 unavailable; Sep12 partial; property/retained starts unavailable; outcomes use occurrence day and exact stored IDs.
AD,120250602480930660,120250602165530660,2026-08-13,0.03,2,0,15.0,0.0,,0,0,,,,Sessions beforeSep12 unavailable; Sep12 partial; property/retained starts unavailable; outcomes use occurrence day and exact stored IDs.
AD,120250602480930660,120250602165530660,2026-08-14,10.26,223,3,46.01,1.345,3.42,0,0,,,,Sessions beforeSep12 unavailable; Sep12 partial; property/retained starts unavailable; outcomes use occurrence day and exact stored IDs.
AD,120250602480930660,120250602165530660,2026-08-15,17.14,410,4,41.8,0.976,4.29,0,0,,,,Sessions beforeSep12 unavailable; Sep12 partial; property/retained starts unavailable; outcomes use occurrence day and exact stored IDs.
AD,120250602481380660,120250602165530660,2026-08-14,0.04,1,0,40.0,0.0,,0,0,,,,Sessions beforeSep12 unavailable; Sep12 partial; property/retained starts unavailable; outcomes use occurrence day and exact stored IDs.
AD,120250602481380660,120250602165530660,2026-08-15,0.33,5,0,66.0,0.0,,0,0,,,,Sessions beforeSep12 unavailable; Sep12 partial; property/retained starts unavailable; outcomes use occurrence day and exact stored IDs.
AD,120250602481700660,120250602165530660,2026-08-14,30.88,1356,15,22.77,1.106,2.06,0,0,,,,Sessions beforeSep12 unavailable; Sep12 partial; property/retained starts unavailable; outcomes use occurrence day and exact stored IDs.
AD,120250602481700660,120250602165530660,2026-08-15,10.07,331,1,30.42,0.302,10.07,0,0,,,,Sessions beforeSep12 unavailable; Sep12 partial; property/retained starts unavailable; outcomes use occurrence day and exact stored IDs.
AD,120250602482110660,120250602165530660,2026-08-13,3.03,116,0,26.12,0.0,,0,0,,,,Sessions beforeSep12 unavailable; Sep12 partial; property/retained starts unavailable; outcomes use occurrence day and exact stored IDs.
AD,120250602482110660,120250602165530660,2026-08-14,1.69,36,1,46.94,2.778,1.69,0,0,,,,Sessions beforeSep12 unavailable; Sep12 partial; property/retained starts unavailable; outcomes use occurrence day and exact stored IDs.
AD,120250602482110660,120250602165530660,2026-08-15,0.52,3,0,173.33,0.0,,0,0,,,,Sessions beforeSep12 unavailable; Sep12 partial; property/retained starts unavailable; outcomes use occurrence day and exact stored IDs.
AD,120250602483040660,120250602165530660,2026-08-13,0.85,28,0,30.36,0.0,,0,0,,,,Sessions beforeSep12 unavailable; Sep12 partial; property/retained starts unavailable; outcomes use occurrence day and exact stored IDs.
AD,120250602483040660,120250602165530660,2026-08-14,0.62,14,0,44.29,0.0,,0,0,,,,Sessions beforeSep12 unavailable; Sep12 partial; property/retained starts unavailable; outcomes use occurrence day and exact stored IDs.
AD,120250602483040660,120250602165530660,2026-08-15,4.32,65,0,66.46,0.0,,0,0,,,,Sessions beforeSep12 unavailable; Sep12 partial; property/retained starts unavailable; outcomes use occurrence day and exact stored IDs.
AD,120250602483730660,120250602165530660,2026-08-13,0.08,6,0,13.33,0.0,,0,0,,,,Sessions beforeSep12 unavailable; Sep12 partial; property/retained starts unavailable; outcomes use occurrence day and exact stored IDs.
AD,120250602483730660,120250602165530660,2026-08-14,7.67,97,0,79.07,0.0,,0,0,,,,Sessions beforeSep12 unavailable; Sep12 partial; property/retained starts unavailable; outcomes use occurrence day and exact stored IDs.
AD,120250602483730660,120250602165530660,2026-08-15,6.26,91,0,68.79,0.0,,0,0,,,,Sessions beforeSep12 unavailable; Sep12 partial; property/retained starts unavailable; outcomes use occurrence day and exact stored IDs.
AD,120250602484400660,120250602165530660,2026-08-13,0.04,7,0,5.71,0.0,,0,0,,,,Sessions beforeSep12 unavailable; Sep12 partial; property/retained starts unavailable; outcomes use occurrence day and exact stored IDs.
AD,120250602484400660,120250602165530660,2026-08-14,0.02,3,0,6.67,0.0,,0,0,,,,Sessions beforeSep12 unavailable; Sep12 partial; property/retained starts unavailable; outcomes use occurrence day and exact stored IDs.
AD,120250602484400660,120250602165530660,2026-08-15,0.12,5,0,24.0,0.0,,0,0,,,,Sessions beforeSep12 unavailable; Sep12 partial; property/retained starts unavailable; outcomes use occurrence day and exact stored IDs.
AD,120250602485050660,120250602165530660,2026-08-13,1.41,25,0,56.4,0.0,,0,0,,,,Sessions beforeSep12 unavailable; Sep12 partial; property/retained starts unavailable; outcomes use occurrence day and exact stored IDs.
AD,120250602485050660,120250602165530660,2026-08-14,0.81,13,0,62.31,0.0,,0,0,,,,Sessions beforeSep12 unavailable; Sep12 partial; property/retained starts unavailable; outcomes use occurrence day and exact stored IDs.
AD,120250602485050660,120250602165530660,2026-08-15,1.11,19,0,58.42,0.0,,0,0,,,,Sessions beforeSep12 unavailable; Sep12 partial; property/retained starts unavailable; outcomes use occurrence day and exact stored IDs.
AD,120250602485680660,120250602165530660,2026-08-13,0.43,11,0,39.09,0.0,,0,0,,,,Sessions beforeSep12 unavailable; Sep12 partial; property/retained starts unavailable; outcomes use occurrence day and exact stored IDs.
AD,120250602485680660,120250602165530660,2026-08-14,0.82,15,0,54.67,0.0,,0,0,,,,Sessions beforeSep12 unavailable; Sep12 partial; property/retained starts unavailable; outcomes use occurrence day and exact stored IDs.
AD,120250602486140660,120250602165530660,2026-08-13,0.02,1,0,20.0,0.0,,0,0,,,,Sessions beforeSep12 unavailable; Sep12 partial; property/retained starts unavailable; outcomes use occurrence day and exact stored IDs.
AD,120250602486140660,120250602165530660,2026-08-14,0.0,1,0,0.0,0.0,,0,0,,,,Sessions beforeSep12 unavailable; Sep12 partial; property/retained starts unavailable; outcomes use occurrence day and exact stored IDs.
AD,120250602486560660,120250602165530660,2026-08-13,0.38,15,1,25.33,6.667,0.38,0,0,,,,Sessions beforeSep12 unavailable; Sep12 partial; property/retained starts unavailable; outcomes use occurrence day and exact stored IDs.
AD,120250602486560660,120250602165530660,2026-08-14,0.5,7,0,71.43,0.0,,0,0,,,,Sessions beforeSep12 unavailable; Sep12 partial; property/retained starts unavailable; outcomes use occurrence day and exact stored IDs.
AD,120250602487050660,120250602165530660,2026-08-13,0.39,17,0,22.94,0.0,,0,0,,,,Sessions beforeSep12 unavailable; Sep12 partial; property/retained starts unavailable; outcomes use occurrence day and exact stored IDs.
AD,120250602487050660,120250602165530660,2026-08-14,4.83,63,1,76.67,1.587,4.83,0,0,,,,Sessions beforeSep12 unavailable; Sep12 partial; property/retained starts unavailable; outcomes use occurrence day and exact stored IDs.
AD,120250602487430660,120250602165530660,2026-08-13,0.29,6,0,48.33,0.0,,0,0,,,,Sessions beforeSep12 unavailable; Sep12 partial; property/retained starts unavailable; outcomes use occurrence day and exact stored IDs.
AD,120250602487430660,120250602165530660,2026-08-14,0.0,1,0,0.0,0.0,,0,0,,,,Sessions beforeSep12 unavailable; Sep12 partial; property/retained starts unavailable; outcomes use occurrence day and exact stored IDs.
AD,120250602488210660,120250602165530660,2026-08-13,0.48,16,1,30.0,6.25,0.48,0,0,,,,Sessions beforeSep12 unavailable; Sep12 partial; property/retained starts unavailable; outcomes use occurrence day and exact stored IDs.
AD,120250602488210660,120250602165530660,2026-08-14,0.33,13,0,25.38,0.0,,0,0,,,,Sessions beforeSep12 unavailable; Sep12 partial; property/retained starts unavailable; outcomes use occurrence day and exact stored IDs.
AD,120250602489180660,120250602165530660,2026-08-13,0.0,1,0,0.0,0.0,,0,0,,,,Sessions beforeSep12 unavailable; Sep12 partial; property/retained starts unavailable; outcomes use occurrence day and exact stored IDs.
AD,120250602489180660,120250602165530660,2026-08-14,0.4,2,0,200.0,0.0,,0,0,,,,Sessions beforeSep12 unavailable; Sep12 partial; property/retained starts unavailable; outcomes use occurrence day and exact stored IDs.
AD,120250602489690660,120250602165530660,2026-08-13,0.48,18,0,26.67,0.0,,0,0,,,,Sessions beforeSep12 unavailable; Sep12 partial; property/retained starts unavailable; outcomes use occurrence day and exact stored IDs.
AD,120250602489690660,120250602165530660,2026-08-14,0.19,11,0,17.27,0.0,,0,0,,,,Sessions beforeSep12 unavailable; Sep12 partial; property/retained starts unavailable; outcomes use occurrence day and exact stored IDs.
AD,120250602490090660,120250602165530660,2026-08-14,0.21,3,0,70.0,0.0,,0,0,,,,Sessions beforeSep12 unavailable; Sep12 partial; property/retained starts unavailable; outcomes use occurrence day and exact stored IDs.
AD,120250602491190660,120250602165530660,2026-08-13,0.11,4,0,27.5,0.0,,0,0,,,,Sessions beforeSep12 unavailable; Sep12 partial; property/retained starts unavailable; outcomes use occurrence day and exact stored IDs.
AD,120250602491610660,120250602165530660,2026-08-14,0.81,32,0,25.31,0.0,,0,0,,,,Sessions beforeSep12 unavailable; Sep12 partial; property/retained starts unavailable; outcomes use occurrence day and exact stored IDs.
AD,120250602493030660,120250602165530660,2026-08-14,0.04,2,0,20.0,0.0,,0,0,,,,Sessions beforeSep12 unavailable; Sep12 partial; property/retained starts unavailable; outcomes use occurrence day and exact stored IDs.
AD,120250602493770660,120250602165530660,2026-08-14,0.01,1,0,10.0,0.0,,0,0,,,,Sessions beforeSep12 unavailable; Sep12 partial; property/retained starts unavailable; outcomes use occurrence day and exact stored IDs.
AD,120250602494030660,120250602165530660,2026-08-14,0.04,3,0,13.33,0.0,,0,0,,,,Sessions beforeSep12 unavailable; Sep12 partial; property/retained starts unavailable; outcomes use occurrence day and exact stored IDs.
AD,120250602494540660,120250602165530660,2026-08-14,0.57,11,0,51.82,0.0,,0,0,,,,Sessions beforeSep12 unavailable; Sep12 partial; property/retained starts unavailable; outcomes use occurrence day and exact stored IDs.
AD,120250602495390660,120250602165530660,2026-08-13,0.39,18,0,21.67,0.0,,0,0,,,,Sessions beforeSep12 unavailable; Sep12 partial; property/retained starts unavailable; outcomes use occurrence day and exact stored IDs.
AD,120250602495390660,120250602165530660,2026-08-14,0.01,2,0,5.0,0.0,,0,0,,,,Sessions beforeSep12 unavailable; Sep12 partial; property/retained starts unavailable; outcomes use occurrence day and exact stored IDs.
AD,120250602495900660,120250602165530660,2026-08-13,0.03,4,0,7.5,0.0,,0,0,,,,Sessions beforeSep12 unavailable; Sep12 partial; property/retained starts unavailable; outcomes use occurrence day and exact stored IDs.
AD,120250602495900660,120250602165530660,2026-08-14,0.72,31,0,23.23,0.0,,0,0,,,,Sessions beforeSep12 unavailable; Sep12 partial; property/retained starts unavailable; outcomes use occurrence day and exact stored IDs.
AD,120250602496210660,120250602165530660,2026-08-13,0.06,5,0,12.0,0.0,,0,0,,,,Sessions beforeSep12 unavailable; Sep12 partial; property/retained starts unavailable; outcomes use occurrence day and exact stored IDs.
AD,120250602496210660,120250602165530660,2026-08-14,0.08,3,0,26.67,0.0,,0,0,,,,Sessions beforeSep12 unavailable; Sep12 partial; property/retained starts unavailable; outcomes use occurrence day and exact stored IDs.
AD,120250602496650660,120250602165530660,2026-08-14,4.76,205,2,23.22,0.976,2.38,0,0,,,,Sessions beforeSep12 unavailable; Sep12 partial; property/retained starts unavailable; outcomes use occurrence day and exact stored IDs.
AD,120250602497040660,120250602165530660,2026-08-14,0.61,15,0,40.67,0.0,,0,0,,,,Sessions beforeSep12 unavailable; Sep12 partial; property/retained starts unavailable; outcomes use occurrence day and exact stored IDs.
AD,120250602497810660,120250602165530660,2026-08-14,0.89,14,0,63.57,0.0,,0,0,,,,Sessions beforeSep12 unavailable; Sep12 partial; property/retained starts unavailable; outcomes use occurrence day and exact stored IDs.
AD,120250602498130660,120250602165530660,2026-08-13,0.34,11,1,30.91,9.091,0.34,0,0,,,,Sessions beforeSep12 unavailable; Sep12 partial; property/retained starts unavailable; outcomes use occurrence day and exact stored IDs.
AD,120250602498130660,120250602165530660,2026-08-14,8.98,91,1,98.68,1.099,8.98,0,0,,,,Sessions beforeSep12 unavailable; Sep12 partial; property/retained starts unavailable; outcomes use occurrence day and exact stored IDs.
AD,120250602498840660,120250602165530660,2026-08-13,0.39,18,1,21.67,5.556,0.39,0,0,,,,Sessions beforeSep12 unavailable; Sep12 partial; property/retained starts unavailable; outcomes use occurrence day and exact stored IDs.
AD,120250602498840660,120250602165530660,2026-08-14,0.78,2,0,390.0,0.0,,0,0,,,,Sessions beforeSep12 unavailable; Sep12 partial; property/retained starts unavailable; outcomes use occurrence day and exact stored IDs.
AD,120250602499390660,120250602165530660,2026-08-13,0.63,21,0,30.0,0.0,,0,0,,,,Sessions beforeSep12 unavailable; Sep12 partial; property/retained starts unavailable; outcomes use occurrence day and exact stored IDs.
AD,120250602499390660,120250602165530660,2026-08-14,0.18,7,0,25.71,0.0,,0,0,,,,Sessions beforeSep12 unavailable; Sep12 partial; property/retained starts unavailable; outcomes use occurrence day and exact stored IDs.
AD,120250603447740660,120250602165530660,2026-08-13,0.17,10,0,17.0,0.0,,0,0,,,,Sessions beforeSep12 unavailable; Sep12 partial; property/retained starts unavailable; outcomes use occurrence day and exact stored IDs.
AD,120250603447740660,120250602165530660,2026-08-14,3.23,27,0,119.63,0.0,,0,0,,,,Sessions beforeSep12 unavailable; Sep12 partial; property/retained starts unavailable; outcomes use occurrence day and exact stored IDs.
AD,120250603447740660,120250602165530660,2026-08-15,14.54,226,3,64.34,1.327,4.85,0,0,,,,Sessions beforeSep12 unavailable; Sep12 partial; property/retained starts unavailable; outcomes use occurrence day and exact stored IDs.
AD,120250603449250660,120250602165530660,2026-08-13,0.02,4,0,5.0,0.0,,0,0,,,,Sessions beforeSep12 unavailable; Sep12 partial; property/retained starts unavailable; outcomes use occurrence day and exact stored IDs.
AD,120250603449250660,120250602165530660,2026-08-14,1.32,18,0,73.33,0.0,,0,0,,,,Sessions beforeSep12 unavailable; Sep12 partial; property/retained starts unavailable; outcomes use occurrence day and exact stored IDs.
AD,120250603449250660,120250602165530660,2026-08-15,0.25,4,0,62.5,0.0,,0,0,,,,Sessions beforeSep12 unavailable; Sep12 partial; property/retained starts unavailable; outcomes use occurrence day and exact stored IDs.
AD,120250603451840660,120250602165530660,2026-08-13,0.61,11,0,55.45,0.0,,0,0,,,,Sessions beforeSep12 unavailable; Sep12 partial; property/retained starts unavailable; outcomes use occurrence day and exact stored IDs.
AD,120250603451840660,120250602165530660,2026-08-14,13.65,353,3,38.67,0.85,4.55,0,0,,,,Sessions beforeSep12 unavailable; Sep12 partial; property/retained starts unavailable; outcomes use occurrence day and exact stored IDs.
AD,120250603451840660,120250602165530660,2026-08-15,5.04,93,3,54.19,3.226,1.68,0,0,,,,Sessions beforeSep12 unavailable; Sep12 partial; property/retained starts unavailable; outcomes use occurrence day and exact stored IDs.
AD,120250603453860660,120250602165530660,2026-08-13,0.04,4,0,10.0,0.0,,0,0,,,,Sessions beforeSep12 unavailable; Sep12 partial; property/retained starts unavailable; outcomes use occurrence day and exact stored IDs.
AD,120250603453860660,120250602165530660,2026-08-14,0.71,20,0,35.5,0.0,,0,0,,,,Sessions beforeSep12 unavailable; Sep12 partial; property/retained starts unavailable; outcomes use occurrence day and exact stored IDs.
AD,120250603453860660,120250602165530660,2026-08-15,0.26,11,0,23.64,0.0,,0,0,,,,Sessions beforeSep12 unavailable; Sep12 partial; property/retained starts unavailable; outcomes use occurrence day and exact stored IDs.
AD,120250603456230660,120250602165530660,2026-08-13,1.73,52,1,33.27,1.923,1.73,0,0,,,,Sessions beforeSep12 unavailable; Sep12 partial; property/retained starts unavailable; outcomes use occurrence day and exact stored IDs.
AD,120250603456230660,120250602165530660,2026-08-14,52.89,1662,17,31.82,1.023,3.11,0,0,,,,Sessions beforeSep12 unavailable; Sep12 partial; property/retained starts unavailable; outcomes use occurrence day and exact stored IDs.
AD,120250603456230660,120250602165530660,2026-08-15,16.06,465,5,34.54,1.075,3.21,0,0,,,,Sessions beforeSep12 unavailable; Sep12 partial; property/retained starts unavailable; outcomes use occurrence day and exact stored IDs.
AD,120250603457470660,120250602165530660,2026-08-13,2.12,91,5,23.3,5.495,0.42,0,0,,,,Sessions beforeSep12 unavailable; Sep12 partial; property/retained starts unavailable; outcomes use occurrence day and exact stored IDs.
AD,120250603457470660,120250602165530660,2026-08-14,39.75,1369,24,29.04,1.753,1.66,0,0,,,,Sessions beforeSep12 unavailable; Sep12 partial; property/retained starts unavailable; outcomes use occurrence day and exact stored IDs.
AD,120250603459430660,120250602165530660,2026-08-13,0.23,10,0,23.0,0.0,,0,0,,,,Sessions beforeSep12 unavailable; Sep12 partial; property/retained starts unavailable; outcomes use occurrence day and exact stored IDs.
AD,120250603459430660,120250602165530660,2026-08-14,10.69,288,3,37.12,1.042,3.56,0,0,,,,Sessions beforeSep12 unavailable; Sep12 partial; property/retained starts unavailable; outcomes use occurrence day and exact stored IDs.
AD,120250603459430660,120250602165530660,2026-08-15,24.43,485,5,50.37,1.031,4.89,0,0,,,,Sessions beforeSep12 unavailable; Sep12 partial; property/retained starts unavailable; outcomes use occurrence day and exact stored IDs.
AD,120250603462860660,120250602165530660,2026-08-13,0.15,10,1,15.0,10.0,0.15,0,0,,,,Sessions beforeSep12 unavailable; Sep12 partial; property/retained starts unavailable; outcomes use occurrence day and exact stored IDs.
AD,120250603462860660,120250602165530660,2026-08-14,4.91,125,2,39.28,1.6,2.46,0,0,,,,Sessions beforeSep12 unavailable; Sep12 partial; property/retained starts unavailable; outcomes use occurrence day and exact stored IDs.
AD,120250603462860660,120250602165530660,2026-08-15,10.53,124,5,84.92,4.032,2.11,0,0,,,,Sessions beforeSep12 unavailable; Sep12 partial; property/retained starts unavailable; outcomes use occurrence day and exact stored IDs.
AD,120250603466200660,120250602165530660,2026-08-13,0.07,10,0,7.0,0.0,,0,0,,,,Sessions beforeSep12 unavailable; Sep12 partial; property/retained starts unavailable; outcomes use occurrence day and exact stored IDs.
AD,120250603466200660,120250602165530660,2026-08-14,55.66,1633,22,34.08,1.347,2.53,0,0,,,,Sessions beforeSep12 unavailable; Sep12 partial; property/retained starts unavailable; outcomes use occurrence day and exact stored IDs.
AD,120250603466200660,120250602165530660,2026-08-15,49.8,1449,8,34.37,0.552,6.22,0,0,,,,Sessions beforeSep12 unavailable; Sep12 partial; property/retained starts unavailable; outcomes use occurrence day and exact stored IDs.
AD,120250603467770660,120250602165530660,2026-08-13,0.44,26,0,16.92,0.0,,0,0,,,,Sessions beforeSep12 unavailable; Sep12 partial; property/retained starts unavailable; outcomes use occurrence day and exact stored IDs.
AD,120250603467770660,120250602165530660,2026-08-14,0.62,14,0,44.29,0.0,,0,0,,,,Sessions beforeSep12 unavailable; Sep12 partial; property/retained starts unavailable; outcomes use occurrence day and exact stored IDs.
AD,120250603468730660,120250602165530660,2026-08-14,1.27,4,0,317.5,0.0,,0,0,,,,Sessions beforeSep12 unavailable; Sep12 partial; property/retained starts unavailable; outcomes use occurrence day and exact stored IDs.
AD,120250603469860660,120250602165530660,2026-08-13,0.04,4,0,10.0,0.0,,0,0,,,,Sessions beforeSep12 unavailable; Sep12 partial; property/retained starts unavailable; outcomes use occurrence day and exact stored IDs.
AD,120250603469860660,120250602165530660,2026-08-14,2.52,74,1,34.05,1.351,2.52,0,0,,,,Sessions beforeSep12 unavailable; Sep12 partial; property/retained starts unavailable; outcomes use occurrence day and exact stored IDs.
AD,120250603470350660,120250602165530660,2026-08-13,0.2,22,0,9.09,0.0,,0,0,,,,Sessions beforeSep12 unavailable; Sep12 partial; property/retained starts unavailable; outcomes use occurrence day and exact stored IDs.
AD,120250603470350660,120250602165530660,2026-08-14,0.37,5,0,74.0,0.0,,0,0,,,,Sessions beforeSep12 unavailable; Sep12 partial; property/retained starts unavailable; outcomes use occurrence day and exact stored IDs.
AD,120250603470950660,120250602165530660,2026-08-13,2.9,113,0,25.66,0.0,,0,0,,,,Sessions beforeSep12 unavailable; Sep12 partial; property/retained starts unavailable; outcomes use occurrence day and exact stored IDs.
AD,120250603470950660,120250602165530660,2026-08-14,6.6,232,2,28.45,0.862,3.3,0,0,,,,Sessions beforeSep12 unavailable; Sep12 partial; property/retained starts unavailable; outcomes use occurrence day and exact stored IDs.
AD,120250603471960660,120250602165530660,2026-08-13,1.24,40,1,31.0,2.5,1.24,0,0,,,,Sessions beforeSep12 unavailable; Sep12 partial; property/retained starts unavailable; outcomes use occurrence day and exact stored IDs.
AD,120250603471960660,120250602165530660,2026-08-14,30.89,936,10,33.0,1.068,3.09,0,0,,,,Sessions beforeSep12 unavailable; Sep12 partial; property/retained starts unavailable; outcomes use occurrence day and exact stored IDs.
AD,120250603472950660,120250602165530660,2026-08-13,0.29,5,0,58.0,0.0,,0,0,,,,Sessions beforeSep12 unavailable; Sep12 partial; property/retained starts unavailable; outcomes use occurrence day and exact stored IDs.
AD,120250603472950660,120250602165530660,2026-08-14,0.14,7,0,20.0,0.0,,0,0,,,,Sessions beforeSep12 unavailable; Sep12 partial; property/retained starts unavailable; outcomes use occurrence day and exact stored IDs.
AD,120250603473330660,120250602165530660,2026-08-13,0.02,3,0,6.67,0.0,,0,0,,,,Sessions beforeSep12 unavailable; Sep12 partial; property/retained starts unavailable; outcomes use occurrence day and exact stored IDs.
AD,120250603473330660,120250602165530660,2026-08-14,0.67,20,0,33.5,0.0,,0,0,,,,Sessions beforeSep12 unavailable; Sep12 partial; property/retained starts unavailable; outcomes use occurrence day and exact stored IDs.
AD,120250603474050660,120250602165530660,2026-08-13,2.51,105,0,23.9,0.0,,0,0,,,,Sessions beforeSep12 unavailable; Sep12 partial; property/retained starts unavailable; outcomes use occurrence day and exact stored IDs.
AD,120250603474050660,120250602165530660,2026-08-14,3.1,116,0,26.72,0.0,,0,0,,,,Sessions beforeSep12 unavailable; Sep12 partial; property/retained starts unavailable; outcomes use occurrence day and exact stored IDs.
AD,120250635759260660,120250602165530660,2026-08-15,1.26,10,0,126.0,0.0,,0,0,,,,Sessions beforeSep12 unavailable; Sep12 partial; property/retained starts unavailable; outcomes use occurrence day and exact stored IDs.
AD,120250635759410660,120250602165530660,2026-08-15,3.86,137,0,28.18,0.0,,0,0,,,,Sessions beforeSep12 unavailable; Sep12 partial; property/retained starts unavailable; outcomes use occurrence day and exact stored IDs.
AD,120250636363800660,120250602165530660,2026-08-15,0.03,1,0,30.0,0.0,,0,0,,,,Sessions beforeSep12 unavailable; Sep12 partial; property/retained starts unavailable; outcomes use occurrence day and exact stored IDs.
AD,120250636364190660,120250602165530660,2026-08-15,0.17,12,0,14.17,0.0,,0,0,,,,Sessions beforeSep12 unavailable; Sep12 partial; property/retained starts unavailable; outcomes use occurrence day and exact stored IDs.
AD,120250636364390660,120250602165530660,2026-08-15,19.43,807,14,24.08,1.735,1.39,0,0,,,,Sessions beforeSep12 unavailable; Sep12 partial; property/retained starts unavailable; outcomes use occurrence day and exact stored IDs.
AD,120250636364970660,120250602165530660,2026-08-15,0.69,73,0,9.45,0.0,,0,0,,,,Sessions beforeSep12 unavailable; Sep12 partial; property/retained starts unavailable; outcomes use occurrence day and exact stored IDs.
AD,120250636365540660,120250602165530660,2026-08-15,2.08,96,1,21.67,1.042,2.08,0,0,,,,Sessions beforeSep12 unavailable; Sep12 partial; property/retained starts unavailable; outcomes use occurrence day and exact stored IDs.
AD,120250636366180660,120250602165530660,2026-08-15,3.31,185,3,17.89,1.622,1.1,0,0,,,,Sessions beforeSep12 unavailable; Sep12 partial; property/retained starts unavailable; outcomes use occurrence day and exact stored IDs.
AD,120250636366510660,120250602165530660,2026-08-15,0.24,20,0,12.0,0.0,,0,0,,,,Sessions beforeSep12 unavailable; Sep12 partial; property/retained starts unavailable; outcomes use occurrence day and exact stored IDs.
AD,120250636367150660,120250602165530660,2026-08-15,1.28,6,0,213.33,0.0,,0,0,,,,Sessions beforeSep12 unavailable; Sep12 partial; property/retained starts unavailable; outcomes use occurrence day and exact stored IDs.
AD,120250636367800660,120250602165530660,2026-08-15,0.16,3,0,53.33,0.0,,0,0,,,,Sessions beforeSep12 unavailable; Sep12 partial; property/retained starts unavailable; outcomes use occurrence day and exact stored IDs.
AD,120250636368170660,120250602165530660,2026-08-15,0.22,8,0,27.5,0.0,,0,0,,,,Sessions beforeSep12 unavailable; Sep12 partial; property/retained starts unavailable; outcomes use occurrence day and exact stored IDs.
AD,120250636369010660,120250602165530660,2026-08-15,0.03,1,0,30.0,0.0,,0,0,,,,Sessions beforeSep12 unavailable; Sep12 partial; property/retained starts unavailable; outcomes use occurrence day and exact stored IDs.
AD,120250636369920660,120250602165530660,2026-08-15,0.22,11,0,20.0,0.0,,0,0,,,,Sessions beforeSep12 unavailable; Sep12 partial; property/retained starts unavailable; outcomes use occurrence day and exact stored IDs.
AD,120250636370440660,120250602165530660,2026-08-15,0.22,15,2,14.67,13.333,0.11,0,0,,,,Sessions beforeSep12 unavailable; Sep12 partial; property/retained starts unavailable; outcomes use occurrence day and exact stored IDs.
AD,120250636372640660,120250602165530660,2026-08-15,0.11,5,1,22.0,20.0,0.11,0,0,,,,Sessions beforeSep12 unavailable; Sep12 partial; property/retained starts unavailable; outcomes use occurrence day and exact stored IDs.
AD,120250636373050660,120250602165530660,2026-08-15,0.01,1,0,10.0,0.0,,0,0,,,,Sessions beforeSep12 unavailable; Sep12 partial; property/retained starts unavailable; outcomes use occurrence day and exact stored IDs.
AD,120250636373510660,120250602165530660,2026-08-15,0.01,2,0,5.0,0.0,,0,0,,,,Sessions beforeSep12 unavailable; Sep12 partial; property/retained starts unavailable; outcomes use occurrence day and exact stored IDs.
AD,120250636375810660,120250602165530660,2026-08-15,0.14,7,0,20.0,0.0,,0,0,,,,Sessions beforeSep12 unavailable; Sep12 partial; property/retained starts unavailable; outcomes use occurrence day and exact stored IDs.
AD,120250636376300660,120250602165530660,2026-08-15,0.13,5,0,26.0,0.0,,0,0,,,,Sessions beforeSep12 unavailable; Sep12 partial; property/retained starts unavailable; outcomes use occurrence day and exact stored IDs.
AD,120250636377190660,120250602165530660,2026-08-15,0.06,2,0,30.0,0.0,,0,0,,,,Sessions beforeSep12 unavailable; Sep12 partial; property/retained starts unavailable; outcomes use occurrence day and exact stored IDs.
AD,120250636377890660,120250602165530660,2026-08-15,0.14,3,0,46.67,0.0,,0,0,,,,Sessions beforeSep12 unavailable; Sep12 partial; property/retained starts unavailable; outcomes use occurrence day and exact stored IDs.
AD,120250636379470660,120250602165530660,2026-08-15,0.18,1,0,180.0,0.0,,0,0,,,,Sessions beforeSep12 unavailable; Sep12 partial; property/retained starts unavailable; outcomes use occurrence day and exact stored IDs.
AD,120250636380250660,120250602165530660,2026-08-15,0.0,1,0,0.0,0.0,,0,0,,,,Sessions beforeSep12 unavailable; Sep12 partial; property/retained starts unavailable; outcomes use occurrence day and exact stored IDs.
AD,120250636380680660,120250602165530660,2026-08-15,0.01,2,0,5.0,0.0,,0,0,,,,Sessions beforeSep12 unavailable; Sep12 partial; property/retained starts unavailable; outcomes use occurrence day and exact stored IDs.
AD,120250636381170660,120250602165530660,2026-08-15,0.01,2,0,5.0,0.0,,0,0,,,,Sessions beforeSep12 unavailable; Sep12 partial; property/retained starts unavailable; outcomes use occurrence day and exact stored IDs.
AD,120250636382050660,120250602165530660,2026-08-15,0.16,10,0,16.0,0.0,,0,0,,,,Sessions beforeSep12 unavailable; Sep12 partial; property/retained starts unavailable; outcomes use occurrence day and exact stored IDs.
AD,120250636382330660,120250602165530660,2026-08-15,0.53,8,0,66.25,0.0,,0,0,,,,Sessions beforeSep12 unavailable; Sep12 partial; property/retained starts unavailable; outcomes use occurrence day and exact stored IDs.
AD,120250639565080660,120250602165530660,2026-08-15,0.05,2,0,25.0,0.0,,0,0,,,,Sessions beforeSep12 unavailable; Sep12 partial; property/retained starts unavailable; outcomes use occurrence day and exact stored IDs.
AD,120250639700480660,120250602165530660,2026-08-15,5.83,201,3,29.0,1.493,1.94,0,0,,,,Sessions beforeSep12 unavailable; Sep12 partial; property/retained starts unavailable; outcomes use occurrence day and exact stored IDs.
AD,120250639700480660,120250602165530660,2026-08-16,81.09,1953,12,41.52,0.614,6.76,0,0,,,,Sessions beforeSep12 unavailable; Sep12 partial; property/retained starts unavailable; outcomes use occurrence day and exact stored IDs.
AD,120250639700480660,120250602165530660,2026-08-17,64.39,2031,18,31.7,0.886,3.58,3,3,21.46,,,Sessions beforeSep12 unavailable; Sep12 partial; property/retained starts unavailable; outcomes use occurrence day and exact stored IDs.
AD,120250639700480660,120250602165530660,2026-08-18,25.05,608,3,41.2,0.493,8.35,1,1,25.05,,,Sessions beforeSep12 unavailable; Sep12 partial; property/retained starts unavailable; outcomes use occurrence day and exact stored IDs.
AD,120250639700480660,120250602165530660,2026-08-19,20.65,506,6,40.81,1.186,3.44,0,0,,,,Sessions beforeSep12 unavailable; Sep12 partial; property/retained starts unavailable; outcomes use occurrence day and exact stored IDs.
AD,120250639700480660,120250602165530660,2026-08-20,26.21,700,3,37.44,0.429,8.74,1,1,26.21,,,Sessions beforeSep12 unavailable; Sep12 partial; property/retained starts unavailable; outcomes use occurrence day and exact stored IDs.
AD,120250639700480660,120250602165530660,2026-08-21,17.71,310,4,57.13,1.29,4.43,0,0,,,,Sessions beforeSep12 unavailable; Sep12 partial; property/retained starts unavailable; outcomes use occurrence day and exact stored IDs.
AD,120250639700480660,120250602165530660,2026-08-22,11.14,250,1,44.56,0.4,11.14,1,1,11.14,,,Sessions beforeSep12 unavailable; Sep12 partial; property/retained starts unavailable; outcomes use occurrence day and exact stored IDs.
AD,120250639700480660,120250602165530660,2026-08-23,19.18,448,5,42.81,1.116,3.84,0,0,,,,Sessions beforeSep12 unavailable; Sep12 partial; property/retained starts unavailable; outcomes use occurrence day and exact stored IDs.
AD,120250639700480660,120250602165530660,2026-08-24,18.26,506,6,36.09,1.186,3.04,1,1,18.26,,,Sessions beforeSep12 unavailable; Sep12 partial; property/retained starts unavailable; outcomes use occurrence day and exact stored IDs.
AD,120250639700480660,120250602165530660,2026-08-25,19.64,661,2,29.71,0.303,9.82,1,1,19.64,,,Sessions beforeSep12 unavailable; Sep12 partial; property/retained starts unavailable; outcomes use occurrence day and exact stored IDs.
AD,120250639700480660,120250602165530660,2026-08-26,23.01,610,3,37.72,0.492,7.67,0,0,,,,Sessions beforeSep12 unavailable; Sep12 partial; property/retained starts unavailable; outcomes use occurrence day and exact stored IDs.
AD,120250639700480660,120250602165530660,2026-08-27,23.16,430,5,53.86,1.163,4.63,0,0,,,,Sessions beforeSep12 unavailable; Sep12 partial; property/retained starts unavailable; outcomes use occurrence day and exact stored IDs.
AD,120250639700480660,120250602165530660,2026-08-28,17.12,390,4,43.9,1.026,4.28,0,0,,,,Sessions beforeSep12 unavailable; Sep12 partial; property/retained starts unavailable; outcomes use occurrence day and exact stored IDs.
AD,120250639700480660,120250602165530660,2026-08-29,11.29,358,1,31.54,0.279,11.29,0,0,,,,Sessions beforeSep12 unavailable; Sep12 partial; property/retained starts unavailable; outcomes use occurrence day and exact stored IDs.
AD,120250639700480660,120250602165530660,2026-08-30,26.72,765,3,34.93,0.392,8.91,1,1,26.72,,,Sessions beforeSep12 unavailable; Sep12 partial; property/retained starts unavailable; outcomes use occurrence day and exact stored IDs.
AD,120250639700480660,120250602165530660,2026-08-31,24.97,689,6,36.24,0.871,4.16,3,3,8.32,,,Sessions beforeSep12 unavailable; Sep12 partial; property/retained starts unavailable; outcomes use occurrence day and exact stored IDs.
AD,120250639700480660,120250602165530660,2026-09-01,19.23,644,4,29.86,0.621,4.81,0,0,,,,Sessions beforeSep12 unavailable; Sep12 partial; property/retained starts unavailable; outcomes use occurrence day and exact stored IDs.
AD,120250639700480660,120250602165530660,2026-09-02,23.23,532,5,43.67,0.94,4.65,1,1,23.23,,,Sessions beforeSep12 unavailable; Sep12 partial; property/retained starts unavailable; outcomes use occurrence day and exact stored IDs.
AD,120250639700480660,120250602165530660,2026-09-03,37.2,1071,3,34.73,0.28,12.4,1,1,37.2,,,Sessions beforeSep12 unavailable; Sep12 partial; property/retained starts unavailable; outcomes use occurrence day and exact stored IDs.
AD,120250639700480660,120250602165530660,2026-09-04,33.52,750,2,44.69,0.267,16.76,0,0,,,,Sessions beforeSep12 unavailable; Sep12 partial; property/retained starts unavailable; outcomes use occurrence day and exact stored IDs.
AD,120250639700480660,120250602165530660,2026-09-05,28.73,710,3,40.46,0.423,9.58,0,0,,,,Sessions beforeSep12 unavailable; Sep12 partial; property/retained starts unavailable; outcomes use occurrence day and exact stored IDs.
AD,120250639700480660,120250602165530660,2026-09-06,45.63,1062,7,42.97,0.659,6.52,0,0,,,,Sessions beforeSep12 unavailable; Sep12 partial; property/retained starts unavailable; outcomes use occurrence day and exact stored IDs.
AD,120250639700480660,120250602165530660,2026-09-07,38.69,927,11,41.74,1.187,3.52,0,0,,,,Sessions beforeSep12 unavailable; Sep12 partial; property/retained starts unavailable; outcomes use occurrence day and exact stored IDs.
AD,120250639700480660,120250602165530660,2026-09-08,35.98,953,6,37.75,0.63,6.0,0,0,,,,Sessions beforeSep12 unavailable; Sep12 partial; property/retained starts unavailable; outcomes use occurrence day and exact stored IDs.
AD,120250639700480660,120250602165530660,2026-09-09,1.54,39,0,39.49,0.0,,0,0,,,,Sessions beforeSep12 unavailable; Sep12 partial; property/retained starts unavailable; outcomes use occurrence day and exact stored IDs.
AD,120250639701130660,120250602165530660,2026-08-15,1.98,80,3,24.75,3.75,0.66,0,0,,,,Sessions beforeSep12 unavailable; Sep12 partial; property/retained starts unavailable; outcomes use occurrence day and exact stored IDs.
AD,120250639701130660,120250602165530660,2026-08-16,1.62,13,0,124.62,0.0,,0,0,,,,Sessions beforeSep12 unavailable; Sep12 partial; property/retained starts unavailable; outcomes use occurrence day and exact stored IDs.
AD,120250639701130660,120250602165530660,2026-08-17,0.25,3,0,83.33,0.0,,0,0,,,,Sessions beforeSep12 unavailable; Sep12 partial; property/retained starts unavailable; outcomes use occurrence day and exact stored IDs.
AD,120250639701130660,120250602165530660,2026-08-18,1.81,20,0,90.5,0.0,,0,0,,,,Sessions beforeSep12 unavailable; Sep12 partial; property/retained starts unavailable; outcomes use occurrence day and exact stored IDs.
AD,120250639701130660,120250602165530660,2026-08-19,1.27,29,0,43.79,0.0,,0,0,,,,Sessions beforeSep12 unavailable; Sep12 partial; property/retained starts unavailable; outcomes use occurrence day and exact stored IDs.
AD,120250639701130660,120250602165530660,2026-08-20,0.02,2,0,10.0,0.0,,0,0,,,,Sessions beforeSep12 unavailable; Sep12 partial; property/retained starts unavailable; outcomes use occurrence day and exact stored IDs.
AD,120250639701130660,120250602165530660,2026-08-21,0.12,1,0,120.0,0.0,,0,0,,,,Sessions beforeSep12 unavailable; Sep12 partial; property/retained starts unavailable; outcomes use occurrence day and exact stored IDs.
AD,120250639701130660,120250602165530660,2026-08-23,0.05,2,0,25.0,0.0,,0,0,,,,Sessions beforeSep12 unavailable; Sep12 partial; property/retained starts unavailable; outcomes use occurrence day and exact stored IDs.
AD,120250639701130660,120250602165530660,2026-08-25,0.14,3,0,46.67,0.0,,0,0,,,,Sessions beforeSep12 unavailable; Sep12 partial; property/retained starts unavailable; outcomes use occurrence day and exact stored IDs.
AD,120250639701130660,120250602165530660,2026-08-26,0.03,4,0,7.5,0.0,,0,0,,,,Sessions beforeSep12 unavailable; Sep12 partial; property/retained starts unavailable; outcomes use occurrence day and exact stored IDs.
AD,120250639701130660,120250602165530660,2026-08-30,0.09,5,0,18.0,0.0,,0,0,,,,Sessions beforeSep12 unavailable; Sep12 partial; property/retained starts unavailable; outcomes use occurrence day and exact stored IDs.
AD,120250639701130660,120250602165530660,2026-08-31,0.05,1,0,50.0,0.0,,0,0,,,,Sessions beforeSep12 unavailable; Sep12 partial; property/retained starts unavailable; outcomes use occurrence day and exact stored IDs.
AD,120250639701130660,120250602165530660,2026-09-02,0.08,2,0,40.0,0.0,,0,0,,,,Sessions beforeSep12 unavailable; Sep12 partial; property/retained starts unavailable; outcomes use occurrence day and exact stored IDs.
AD,120250639701550660,120250602165530660,2026-08-15,0.39,25,0,15.6,0.0,,0,0,,,,Sessions beforeSep12 unavailable; Sep12 partial; property/retained starts unavailable; outcomes use occurrence day and exact stored IDs.
AD,120250639701550660,120250602165530660,2026-08-16,0.31,13,0,23.85,0.0,,0,0,,,,Sessions beforeSep12 unavailable; Sep12 partial; property/retained starts unavailable; outcomes use occurrence day and exact stored IDs.
AD,120250639701550660,120250602165530660,2026-08-17,0.19,2,0,95.0,0.0,,0,0,,,,Sessions beforeSep12 unavailable; Sep12 partial; property/retained starts unavailable; outcomes use occurrence day and exact stored IDs.
AD,120250639701550660,120250602165530660,2026-08-18,3.65,67,0,54.48,0.0,,0,0,,,,Sessions beforeSep12 unavailable; Sep12 partial; property/retained starts unavailable; outcomes use occurrence day and exact stored IDs.
AD,120250639701550660,120250602165530660,2026-08-19,23.87,379,7,62.98,1.847,3.41,0,0,,,,Sessions beforeSep12 unavailable; Sep12 partial; property/retained starts unavailable; outcomes use occurrence day and exact stored IDs.
AD,120250639701550660,120250602165530660,2026-08-20,4.04,116,0,34.83,0.0,,0,0,,,,Sessions beforeSep12 unavailable; Sep12 partial; property/retained starts unavailable; outcomes use occurrence day and exact stored IDs.
AD,120250639701550660,120250602165530660,2026-08-21,4.07,69,0,58.99,0.0,,0,0,,,,Sessions beforeSep12 unavailable; Sep12 partial; property/retained starts unavailable; outcomes use occurrence day and exact stored IDs.
AD,120250639701550660,120250602165530660,2026-08-22,3.24,74,1,43.78,1.351,3.24,0,0,,,,Sessions beforeSep12 unavailable; Sep12 partial; property/retained starts unavailable; outcomes use occurrence day and exact stored IDs.
AD,120250639701550660,120250602165530660,2026-08-23,8.65,176,1,49.15,0.568,8.65,0,0,,,,Sessions beforeSep12 unavailable; Sep12 partial; property/retained starts unavailable; outcomes use occurrence day and exact stored IDs.
AD,120250639701550660,120250602165530660,2026-08-24,8.46,135,1,62.67,0.741,8.46,0,0,,,,Sessions beforeSep12 unavailable; Sep12 partial; property/retained starts unavailable; outcomes use occurrence day and exact stored IDs.
AD,120250639701550660,120250602165530660,2026-08-25,3.48,70,0,49.71,0.0,,0,0,,,,Sessions beforeSep12 unavailable; Sep12 partial; property/retained starts unavailable; outcomes use occurrence day and exact stored IDs.
AD,120250639701550660,120250602165530660,2026-08-26,0.98,25,0,39.2,0.0,,0,0,,,,Sessions beforeSep12 unavailable; Sep12 partial; property/retained starts unavailable; outcomes use occurrence day and exact stored IDs.
AD,120250639701550660,120250602165530660,2026-08-27,0.58,14,0,41.43,0.0,,0,0,,,,Sessions beforeSep12 unavailable; Sep12 partial; property/retained starts unavailable; outcomes use occurrence day and exact stored IDs.
AD,120250639701550660,120250602165530660,2026-08-28,0.27,9,0,30.0,0.0,,0,0,,,,Sessions beforeSep12 unavailable; Sep12 partial; property/retained starts unavailable; outcomes use occurrence day and exact stored IDs.
AD,120250639701550660,120250602165530660,2026-08-29,0.01,1,0,10.0,0.0,,0,0,,,,Sessions beforeSep12 unavailable; Sep12 partial; property/retained starts unavailable; outcomes use occurrence day and exact stored IDs.
AD,120250639701550660,120250602165530660,2026-08-30,0.19,7,0,27.14,0.0,,0,0,,,,Sessions beforeSep12 unavailable; Sep12 partial; property/retained starts unavailable; outcomes use occurrence day and exact stored IDs.
AD,120250639701550660,120250602165530660,2026-09-01,0.94,13,0,72.31,0.0,,0,0,,,,Sessions beforeSep12 unavailable; Sep12 partial; property/retained starts unavailable; outcomes use occurrence day and exact stored IDs.
AD,120250639701550660,120250602165530660,2026-09-02,0.16,7,0,22.86,0.0,,0,0,,,,Sessions beforeSep12 unavailable; Sep12 partial; property/retained starts unavailable; outcomes use occurrence day and exact stored IDs.
AD,120250639701550660,120250602165530660,2026-09-03,3.8,12,0,316.67,0.0,,0,0,,,,Sessions beforeSep12 unavailable; Sep12 partial; property/retained starts unavailable; outcomes use occurrence day and exact stored IDs.
AD,120250639701550660,120250602165530660,2026-09-04,0.01,1,0,10.0,0.0,,0,0,,,,Sessions beforeSep12 unavailable; Sep12 partial; property/retained starts unavailable; outcomes use occurrence day and exact stored IDs.
AD,120250639701550660,120250602165530660,2026-09-06,0.2,6,0,33.33,0.0,,0,0,,,,Sessions beforeSep12 unavailable; Sep12 partial; property/retained starts unavailable; outcomes use occurrence day and exact stored IDs.
AD,120250639701550660,120250602165530660,2026-09-07,0.27,11,0,24.55,0.0,,0,0,,,,Sessions beforeSep12 unavailable; Sep12 partial; property/retained starts unavailable; outcomes use occurrence day and exact stored IDs.
AD,120250639701550660,120250602165530660,2026-09-08,0.19,3,0,63.33,0.0,,0,0,,,,Sessions beforeSep12 unavailable; Sep12 partial; property/retained starts unavailable; outcomes use occurrence day and exact stored IDs.
AD,120250639701550660,120250602165530660,2026-09-09,0.04,2,0,20.0,0.0,,0,0,,,,Sessions beforeSep12 unavailable; Sep12 partial; property/retained starts unavailable; outcomes use occurrence day and exact stored IDs.
AD,120250639701990660,120250602165530660,2026-08-15,3.03,90,1,33.67,1.111,3.03,0,0,,,,Sessions beforeSep12 unavailable; Sep12 partial; property/retained starts unavailable; outcomes use occurrence day and exact stored IDs.
AD,120250639701990660,120250602165530660,2026-08-16,2.94,61,1,48.2,1.639,2.94,0,0,,,,Sessions beforeSep12 unavailable; Sep12 partial; property/retained starts unavailable; outcomes use occurrence day and exact stored IDs.
AD,120250639701990660,120250602165530660,2026-08-17,4.79,47,0,101.91,0.0,,0,0,,,,Sessions beforeSep12 unavailable; Sep12 partial; property/retained starts unavailable; outcomes use occurrence day and exact stored IDs.
AD,120250639701990660,120250602165530660,2026-08-18,5.18,145,0,35.72,0.0,,0,0,,,,Sessions beforeSep12 unavailable; Sep12 partial; property/retained starts unavailable; outcomes use occurrence day and exact stored IDs.
AD,120250639701990660,120250602165530660,2026-08-19,3.72,45,0,82.67,0.0,,0,0,,,,Sessions beforeSep12 unavailable; Sep12 partial; property/retained starts unavailable; outcomes use occurrence day and exact stored IDs.
AD,120250639701990660,120250602165530660,2026-08-21,0.41,4,0,102.5,0.0,,0,0,,,,Sessions beforeSep12 unavailable; Sep12 partial; property/retained starts unavailable; outcomes use occurrence day and exact stored IDs.
AD,120250639701990660,120250602165530660,2026-08-24,0.04,3,0,13.33,0.0,,0,0,,,,Sessions beforeSep12 unavailable; Sep12 partial; property/retained starts unavailable; outcomes use occurrence day and exact stored IDs.
AD,120250639701990660,120250602165530660,2026-08-31,0.06,1,0,60.0,0.0,,0,0,,,,Sessions beforeSep12 unavailable; Sep12 partial; property/retained starts unavailable; outcomes use occurrence day and exact stored IDs.
AD,120250639701990660,120250602165530660,2026-09-01,0.11,3,0,36.67,0.0,,0,0,,,,Sessions beforeSep12 unavailable; Sep12 partial; property/retained starts unavailable; outcomes use occurrence day and exact stored IDs.
AD,120250639702130660,120250602165530660,2026-08-15,5.85,116,0,50.43,0.0,,0,0,,,,Sessions beforeSep12 unavailable; Sep12 partial; property/retained starts unavailable; outcomes use occurrence day and exact stored IDs.
AD,120250639702130660,120250602165530660,2026-08-16,37.09,645,4,57.5,0.62,9.27,0,0,,,,Sessions beforeSep12 unavailable; Sep12 partial; property/retained starts unavailable; outcomes use occurrence day and exact stored IDs.
AD,120250639702130660,120250602165530660,2026-08-17,14.87,296,0,50.24,0.0,,0,0,,,,Sessions beforeSep12 unavailable; Sep12 partial; property/retained starts unavailable; outcomes use occurrence day and exact stored IDs.
AD,120250639702130660,120250602165530660,2026-08-18,6.22,28,1,222.14,3.571,6.22,0,0,,,,Sessions beforeSep12 unavailable; Sep12 partial; property/retained starts unavailable; outcomes use occurrence day and exact stored IDs.
AD,120250639702130660,120250602165530660,2026-08-19,1.26,31,0,40.65,0.0,,0,0,,,,Sessions beforeSep12 unavailable; Sep12 partial; property/retained starts unavailable; outcomes use occurrence day and exact stored IDs.
AD,120250639702130660,120250602165530660,2026-08-20,0.01,1,0,10.0,0.0,,0,0,,,,Sessions beforeSep12 unavailable; Sep12 partial; property/retained starts unavailable; outcomes use occurrence day and exact stored IDs.
AD,120250639702130660,120250602165530660,2026-08-21,1.55,18,0,86.11,0.0,,0,0,,,,Sessions beforeSep12 unavailable; Sep12 partial; property/retained starts unavailable; outcomes use occurrence day and exact stored IDs.
AD,120250639702130660,120250602165530660,2026-08-22,0.2,7,0,28.57,0.0,,0,0,,,,Sessions beforeSep12 unavailable; Sep12 partial; property/retained starts unavailable; outcomes use occurrence day and exact stored IDs.
AD,120250639702130660,120250602165530660,2026-08-23,1.65,24,0,68.75,0.0,,0,0,,,,Sessions beforeSep12 unavailable; Sep12 partial; property/retained starts unavailable; outcomes use occurrence day and exact stored IDs.
AD,120250639702130660,120250602165530660,2026-08-24,0.8,10,0,80.0,0.0,,0,0,,,,Sessions beforeSep12 unavailable; Sep12 partial; property/retained starts unavailable; outcomes use occurrence day and exact stored IDs.
AD,120250639702130660,120250602165530660,2026-08-25,0.1,3,0,33.33,0.0,,0,0,,,,Sessions beforeSep12 unavailable; Sep12 partial; property/retained starts unavailable; outcomes use occurrence day and exact stored IDs.
AD,120250639702130660,120250602165530660,2026-08-29,1.75,2,0,875.0,0.0,,0,0,,,,Sessions beforeSep12 unavailable; Sep12 partial; property/retained starts unavailable; outcomes use occurrence day and exact stored IDs.
AD,120250639702130660,120250602165530660,2026-08-30,0.09,3,0,30.0,0.0,,0,0,,,,Sessions beforeSep12 unavailable; Sep12 partial; property/retained starts unavailable; outcomes use occurrence day and exact stored IDs.
AD,120250639702130660,120250602165530660,2026-08-31,0.04,1,0,40.0,0.0,,0,0,,,,Sessions beforeSep12 unavailable; Sep12 partial; property/retained starts unavailable; outcomes use occurrence day and exact stored IDs.
AD,120250639702130660,120250602165530660,2026-09-01,0.05,2,0,25.0,0.0,,0,0,,,,Sessions beforeSep12 unavailable; Sep12 partial; property/retained starts unavailable; outcomes use occurrence day and exact stored IDs.
AD,120250639702460660,120250602165530660,2026-08-15,1.81,41,0,44.15,0.0,,0,0,,,,Sessions beforeSep12 unavailable; Sep12 partial; property/retained starts unavailable; outcomes use occurrence day and exact stored IDs.
AD,120250639702460660,120250602165530660,2026-08-16,1.14,22,0,51.82,0.0,,0,0,,,,Sessions beforeSep12 unavailable; Sep12 partial; property/retained starts unavailable; outcomes use occurrence day and exact stored IDs.
AD,120250639702460660,120250602165530660,2026-08-17,0.25,4,0,62.5,0.0,,0,0,,,,Sessions beforeSep12 unavailable; Sep12 partial; property/retained starts unavailable; outcomes use occurrence day and exact stored IDs.
AD,120250639702460660,120250602165530660,2026-08-18,0.15,4,0,37.5,0.0,,0,0,,,,Sessions beforeSep12 unavailable; Sep12 partial; property/retained starts unavailable; outcomes use occurrence day and exact stored IDs.
AD,120250639702460660,120250602165530660,2026-08-19,0.41,5,0,82.0,0.0,,0,0,,,,Sessions beforeSep12 unavailable; Sep12 partial; property/retained starts unavailable; outcomes use occurrence day and exact stored IDs.
AD,120250639702460660,120250602165530660,2026-08-20,0.06,3,0,20.0,0.0,,0,0,,,,Sessions beforeSep12 unavailable; Sep12 partial; property/retained starts unavailable; outcomes use occurrence day and exact stored IDs.
AD,120250639702460660,120250602165530660,2026-08-21,0.1,4,0,25.0,0.0,,0,0,,,,Sessions beforeSep12 unavailable; Sep12 partial; property/retained starts unavailable; outcomes use occurrence day and exact stored IDs.
AD,120250639702460660,120250602165530660,2026-08-23,0.06,4,0,15.0,0.0,,0,0,,,,Sessions beforeSep12 unavailable; Sep12 partial; property/retained starts unavailable; outcomes use occurrence day and exact stored IDs.
AD,120250639702460660,120250602165530660,2026-08-26,0.01,2,0,5.0,0.0,,0,0,,,,Sessions beforeSep12 unavailable; Sep12 partial; property/retained starts unavailable; outcomes use occurrence day and exact stored IDs.
AD,120250639702460660,120250602165530660,2026-08-28,0.08,1,0,80.0,0.0,,0,0,,,,Sessions beforeSep12 unavailable; Sep12 partial; property/retained starts unavailable; outcomes use occurrence day and exact stored IDs.
AD,120250639702460660,120250602165530660,2026-08-31,0.4,6,0,66.67,0.0,,0,0,,,,Sessions beforeSep12 unavailable; Sep12 partial; property/retained starts unavailable; outcomes use occurrence day and exact stored IDs.
AD,120250639702460660,120250602165530660,2026-09-01,0.1,6,0,16.67,0.0,,0,0,,,,Sessions beforeSep12 unavailable; Sep12 partial; property/retained starts unavailable; outcomes use occurrence day and exact stored IDs.
AD,120250639702460660,120250602165530660,2026-09-02,0.01,1,0,10.0,0.0,,0,0,,,,Sessions beforeSep12 unavailable; Sep12 partial; property/retained starts unavailable; outcomes use occurrence day and exact stored IDs.
AD,120250639702920660,120250602165530660,2026-08-15,2.24,105,0,21.33,0.0,,0,0,,,,Sessions beforeSep12 unavailable; Sep12 partial; property/retained starts unavailable; outcomes use occurrence day and exact stored IDs.
AD,120250639702920660,120250602165530660,2026-08-16,16.98,293,3,57.95,1.024,5.66,0,0,,,,Sessions beforeSep12 unavailable; Sep12 partial; property/retained starts unavailable; outcomes use occurrence day and exact stored IDs.
AD,120250639702920660,120250602165530660,2026-08-17,31.16,618,5,50.42,0.809,6.23,0,0,,,,Sessions beforeSep12 unavailable; Sep12 partial; property/retained starts unavailable; outcomes use occurrence day and exact stored IDs.
AD,120250639702920660,120250602165530660,2026-08-18,27.86,394,4,70.71,1.015,6.96,0,0,,,,Sessions beforeSep12 unavailable; Sep12 partial; property/retained starts unavailable; outcomes use occurrence day and exact stored IDs.
AD,120250639702920660,120250602165530660,2026-08-19,40.51,575,2,70.45,0.348,20.25,0,0,,,,Sessions beforeSep12 unavailable; Sep12 partial; property/retained starts unavailable; outcomes use occurrence day and exact stored IDs.
AD,120250639702920660,120250602165530660,2026-08-20,10.09,145,1,69.59,0.69,10.09,0,0,,,,Sessions beforeSep12 unavailable; Sep12 partial; property/retained starts unavailable; outcomes use occurrence day and exact stored IDs.
AD,120250639702920660,120250602165530660,2026-08-21,4.18,52,0,80.38,0.0,,0,0,,,,Sessions beforeSep12 unavailable; Sep12 partial; property/retained starts unavailable; outcomes use occurrence day and exact stored IDs.
AD,120250639702920660,120250602165530660,2026-08-22,1.98,47,0,42.13,0.0,,0,0,,,,Sessions beforeSep12 unavailable; Sep12 partial; property/retained starts unavailable; outcomes use occurrence day and exact stored IDs.
AD,120250639702920660,120250602165530660,2026-08-23,6.43,58,0,110.86,0.0,,0,0,,,,Sessions beforeSep12 unavailable; Sep12 partial; property/retained starts unavailable; outcomes use occurrence day and exact stored IDs.
AD,120250639702920660,120250602165530660,2026-08-24,2.19,24,0,91.25,0.0,,0,0,,,,Sessions beforeSep12 unavailable; Sep12 partial; property/retained starts unavailable; outcomes use occurrence day and exact stored IDs.
AD,120250639702920660,120250602165530660,2026-08-25,1.98,18,0,110.0,0.0,,0,0,,,,Sessions beforeSep12 unavailable; Sep12 partial; property/retained starts unavailable; outcomes use occurrence day and exact stored IDs.
AD,120250639702920660,120250602165530660,2026-08-26,0.06,4,0,15.0,0.0,,0,0,,,,Sessions beforeSep12 unavailable; Sep12 partial; property/retained starts unavailable; outcomes use occurrence day and exact stored IDs.
AD,120250639702920660,120250602165530660,2026-08-31,0.0,1,0,0.0,0.0,,0,0,,,,Sessions beforeSep12 unavailable; Sep12 partial; property/retained starts unavailable; outcomes use occurrence day and exact stored IDs.
AD,120250639702920660,120250602165530660,2026-09-02,0.05,3,0,16.67,0.0,,0,0,,,,Sessions beforeSep12 unavailable; Sep12 partial; property/retained starts unavailable; outcomes use occurrence day and exact stored IDs.
AD,120250639703050660,120250602165530660,2026-08-15,0.48,13,0,36.92,0.0,,0,0,,,,Sessions beforeSep12 unavailable; Sep12 partial; property/retained starts unavailable; outcomes use occurrence day and exact stored IDs.
AD,120250639703050660,120250602165530660,2026-08-16,0.55,13,0,42.31,0.0,,0,0,,,,Sessions beforeSep12 unavailable; Sep12 partial; property/retained starts unavailable; outcomes use occurrence day and exact stored IDs.
AD,120250639703050660,120250602165530660,2026-08-17,0.33,7,1,47.14,14.286,0.33,0,0,,,,Sessions beforeSep12 unavailable; Sep12 partial; property/retained starts unavailable; outcomes use occurrence day and exact stored IDs.
AD,120250639703050660,120250602165530660,2026-08-18,1.07,33,0,32.42,0.0,,0,0,,,,Sessions beforeSep12 unavailable; Sep12 partial; property/retained starts unavailable; outcomes use occurrence day and exact stored IDs.
AD,120250639703050660,120250602165530660,2026-08-19,8.7,219,1,39.73,0.457,8.7,0,0,,,,Sessions beforeSep12 unavailable; Sep12 partial; property/retained starts unavailable; outcomes use occurrence day and exact stored IDs.
AD,120250639703050660,120250602165530660,2026-08-20,0.25,5,0,50.0,0.0,,0,0,,,,Sessions beforeSep12 unavailable; Sep12 partial; property/retained starts unavailable; outcomes use occurrence day and exact stored IDs.
AD,120250639703050660,120250602165530660,2026-08-21,0.26,7,0,37.14,0.0,,0,0,,,,Sessions beforeSep12 unavailable; Sep12 partial; property/retained starts unavailable; outcomes use occurrence day and exact stored IDs.
AD,120250639703050660,120250602165530660,2026-08-22,0.26,1,0,260.0,0.0,,0,0,,,,Sessions beforeSep12 unavailable; Sep12 partial; property/retained starts unavailable; outcomes use occurrence day and exact stored IDs.
AD,120250639703050660,120250602165530660,2026-08-23,0.01,1,0,10.0,0.0,,0,0,,,,Sessions beforeSep12 unavailable; Sep12 partial; property/retained starts unavailable; outcomes use occurrence day and exact stored IDs.
AD,120250639703050660,120250602165530660,2026-08-24,0.06,3,0,20.0,0.0,,0,0,,,,Sessions beforeSep12 unavailable; Sep12 partial; property/retained starts unavailable; outcomes use occurrence day and exact stored IDs.
AD,120250639703050660,120250602165530660,2026-08-28,0.09,2,0,45.0,0.0,,0,0,,,,Sessions beforeSep12 unavailable; Sep12 partial; property/retained starts unavailable; outcomes use occurrence day and exact stored IDs.
AD,120250639703050660,120250602165530660,2026-08-29,0.02,1,0,20.0,0.0,,0,0,,,,Sessions beforeSep12 unavailable; Sep12 partial; property/retained starts unavailable; outcomes use occurrence day and exact stored IDs.
AD,120250639703050660,120250602165530660,2026-09-03,0.26,7,0,37.14,0.0,,0,0,,,,Sessions beforeSep12 unavailable; Sep12 partial; property/retained starts unavailable; outcomes use occurrence day and exact stored IDs.
AD,120250639703050660,120250602165530660,2026-09-05,1.12,6,0,186.67,0.0,,0,0,,,,Sessions beforeSep12 unavailable; Sep12 partial; property/retained starts unavailable; outcomes use occurrence day and exact stored IDs.
AD,120250639703050660,120250602165530660,2026-09-06,0.13,3,0,43.33,0.0,,0,0,,,,Sessions beforeSep12 unavailable; Sep12 partial; property/retained starts unavailable; outcomes use occurrence day and exact stored IDs.
AD,120250639703050660,120250602165530660,2026-09-07,0.06,2,0,30.0,0.0,,0,0,,,,Sessions beforeSep12 unavailable; Sep12 partial; property/retained starts unavailable; outcomes use occurrence day and exact stored IDs.
AD,120250639703050660,120250602165530660,2026-09-08,0.08,5,0,16.0,0.0,,0,0,,,,Sessions beforeSep12 unavailable; Sep12 partial; property/retained starts unavailable; outcomes use occurrence day and exact stored IDs.
AD,120250639703160660,120250602165530660,2026-08-15,0.2,16,0,12.5,0.0,,0,0,,,,Sessions beforeSep12 unavailable; Sep12 partial; property/retained starts unavailable; outcomes use occurrence day and exact stored IDs.
AD,120250639703160660,120250602165530660,2026-08-16,0.95,15,0,63.33,0.0,,0,0,,,,Sessions beforeSep12 unavailable; Sep12 partial; property/retained starts unavailable; outcomes use occurrence day and exact stored IDs.
AD,120250639703160660,120250602165530660,2026-08-17,0.42,3,0,140.0,0.0,,0,0,,,,Sessions beforeSep12 unavailable; Sep12 partial; property/retained starts unavailable; outcomes use occurrence day and exact stored IDs.
AD,120250639703160660,120250602165530660,2026-08-18,0.28,5,0,56.0,0.0,,0,0,,,,Sessions beforeSep12 unavailable; Sep12 partial; property/retained starts unavailable; outcomes use occurrence day and exact stored IDs.
AD,120250639703160660,120250602165530660,2026-08-19,0.97,19,1,51.05,5.263,0.97,0,0,,,,Sessions beforeSep12 unavailable; Sep12 partial; property/retained starts unavailable; outcomes use occurrence day and exact stored IDs.
AD,120250639703160660,120250602165530660,2026-08-20,0.1,1,0,100.0,0.0,,0,0,,,,Sessions beforeSep12 unavailable; Sep12 partial; property/retained starts unavailable; outcomes use occurrence day and exact stored IDs.
AD,120250639703160660,120250602165530660,2026-08-25,0.02,1,0,20.0,0.0,,0,0,,,,Sessions beforeSep12 unavailable; Sep12 partial; property/retained starts unavailable; outcomes use occurrence day and exact stored IDs.
AD,120250639703160660,120250602165530660,2026-08-28,0.02,1,0,20.0,0.0,,0,0,,,,Sessions beforeSep12 unavailable; Sep12 partial; property/retained starts unavailable; outcomes use occurrence day and exact stored IDs.
AD,120250639703160660,120250602165530660,2026-08-29,0.02,1,0,20.0,0.0,,0,0,,,,Sessions beforeSep12 unavailable; Sep12 partial; property/retained starts unavailable; outcomes use occurrence day and exact stored IDs.
AD,120250639703160660,120250602165530660,2026-08-30,0.56,17,0,32.94,0.0,,0,0,,,,Sessions beforeSep12 unavailable; Sep12 partial; property/retained starts unavailable; outcomes use occurrence day and exact stored IDs.
AD,120250639703160660,120250602165530660,2026-08-31,0.25,9,0,27.78,0.0,,0,0,,,,Sessions beforeSep12 unavailable; Sep12 partial; property/retained starts unavailable; outcomes use occurrence day and exact stored IDs.
AD,120250639703160660,120250602165530660,2026-09-01,1.71,19,0,90.0,0.0,,0,0,,,,Sessions beforeSep12 unavailable; Sep12 partial; property/retained starts unavailable; outcomes use occurrence day and exact stored IDs.
AD,120250639703160660,120250602165530660,2026-09-02,1.71,11,0,155.45,0.0,,0,0,,,,Sessions beforeSep12 unavailable; Sep12 partial; property/retained starts unavailable; outcomes use occurrence day and exact stored IDs.
AD,120250639703160660,120250602165530660,2026-09-03,0.02,2,0,10.0,0.0,,0,0,,,,Sessions beforeSep12 unavailable; Sep12 partial; property/retained starts unavailable; outcomes use occurrence day and exact stored IDs.
AD,120250639703160660,120250602165530660,2026-09-06,0.15,6,0,25.0,0.0,,0,0,,,,Sessions beforeSep12 unavailable; Sep12 partial; property/retained starts unavailable; outcomes use occurrence day and exact stored IDs.
AD,120250639703160660,120250602165530660,2026-09-07,0.32,10,0,32.0,0.0,,0,0,,,,Sessions beforeSep12 unavailable; Sep12 partial; property/retained starts unavailable; outcomes use occurrence day and exact stored IDs.
AD,120250639703160660,120250602165530660,2026-09-08,0.28,5,0,56.0,0.0,,0,0,,,,Sessions beforeSep12 unavailable; Sep12 partial; property/retained starts unavailable; outcomes use occurrence day and exact stored IDs.
AD,120250639703160660,120250602165530660,2026-09-09,0.05,2,0,25.0,0.0,,0,0,,,,Sessions beforeSep12 unavailable; Sep12 partial; property/retained starts unavailable; outcomes use occurrence day and exact stored IDs.
AD,120250639703160660,120250602165530660,2026-09-11,0.13,2,0,65.0,0.0,,0,0,,,,Sessions beforeSep12 unavailable; Sep12 partial; property/retained starts unavailable; outcomes use occurrence day and exact stored IDs.
AD,120250639703500660,120250602165530660,2026-08-15,2.03,45,0,45.11,0.0,,0,0,,,,Sessions beforeSep12 unavailable; Sep12 partial; property/retained starts unavailable; outcomes use occurrence day and exact stored IDs.
AD,120250639703500660,120250602165530660,2026-08-16,15.88,314,2,50.57,0.637,7.94,0,0,,,,Sessions beforeSep12 unavailable; Sep12 partial; property/retained starts unavailable; outcomes use occurrence day and exact stored IDs.
AD,120250639703500660,120250602165530660,2026-08-17,17.34,360,2,48.17,0.556,8.67,0,0,,,,Sessions beforeSep12 unavailable; Sep12 partial; property/retained starts unavailable; outcomes use occurrence day and exact stored IDs.
AD,120250639703500660,120250602165530660,2026-08-18,19.25,293,2,65.7,0.683,9.62,0,0,,,,Sessions beforeSep12 unavailable; Sep12 partial; property/retained starts unavailable; outcomes use occurrence day and exact stored IDs.
AD,120250639703500660,120250602165530660,2026-08-19,4.99,127,1,39.29,0.787,4.99,0,0,,,,Sessions beforeSep12 unavailable; Sep12 partial; property/retained starts unavailable; outcomes use occurrence day and exact stored IDs.
AD,120250639703500660,120250602165530660,2026-08-20,4.58,107,0,42.8,0.0,,0,0,,,,Sessions beforeSep12 unavailable; Sep12 partial; property/retained starts unavailable; outcomes use occurrence day and exact stored IDs.
AD,120250639703500660,120250602165530660,2026-08-21,5.53,41,0,134.88,0.0,,0,0,,,,Sessions beforeSep12 unavailable; Sep12 partial; property/retained starts unavailable; outcomes use occurrence day and exact stored IDs.
AD,120250639703500660,120250602165530660,2026-08-22,1.42,30,0,47.33,0.0,,0,0,,,,Sessions beforeSep12 unavailable; Sep12 partial; property/retained starts unavailable; outcomes use occurrence day and exact stored IDs.
AD,120250639703500660,120250602165530660,2026-08-23,2.0,35,0,57.14,0.0,,0,0,,,,Sessions beforeSep12 unavailable; Sep12 partial; property/retained starts unavailable; outcomes use occurrence day and exact stored IDs.
AD,120250639703500660,120250602165530660,2026-08-24,0.82,15,0,54.67,0.0,,0,0,,,,Sessions beforeSep12 unavailable; Sep12 partial; property/retained starts unavailable; outcomes use occurrence day and exact stored IDs.
AD,120250639703500660,120250602165530660,2026-08-25,0.14,5,0,28.0,0.0,,0,0,,,,Sessions beforeSep12 unavailable; Sep12 partial; property/retained starts unavailable; outcomes use occurrence day and exact stored IDs.
AD,120250639703500660,120250602165530660,2026-08-27,0.03,1,0,30.0,0.0,,0,0,,,,Sessions beforeSep12 unavailable; Sep12 partial; property/retained starts unavailable; outcomes use occurrence day and exact stored IDs.
AD,120250639703500660,120250602165530660,2026-08-28,0.04,1,0,40.0,0.0,,0,0,,,,Sessions beforeSep12 unavailable; Sep12 partial; property/retained starts unavailable; outcomes use occurrence day and exact stored IDs.
AD,120250639703500660,120250602165530660,2026-08-29,0.03,1,0,30.0,0.0,,0,0,,,,Sessions beforeSep12 unavailable; Sep12 partial; property/retained starts unavailable; outcomes use occurrence day and exact stored IDs.
AD,120250639703500660,120250602165530660,2026-09-02,0.02,1,0,20.0,0.0,,0,0,,,,Sessions beforeSep12 unavailable; Sep12 partial; property/retained starts unavailable; outcomes use occurrence day and exact stored IDs.
AD,120250639703500660,120250602165530660,2026-09-03,0.06,2,0,30.0,0.0,,0,0,,,,Sessions beforeSep12 unavailable; Sep12 partial; property/retained starts unavailable; outcomes use occurrence day and exact stored IDs.
AD,120250639703500660,120250602165530660,2026-09-05,0.34,2,0,170.0,0.0,,0,0,,,,Sessions beforeSep12 unavailable; Sep12 partial; property/retained starts unavailable; outcomes use occurrence day and exact stored IDs.
AD,120250639703500660,120250602165530660,2026-09-08,0.17,3,0,56.67,0.0,,0,0,,,,Sessions beforeSep12 unavailable; Sep12 partial; property/retained starts unavailable; outcomes use occurrence day and exact stored IDs.
AD,120250639703500660,120250602165530660,2026-09-10,0.21,4,0,52.5,0.0,,0,0,,,,Sessions beforeSep12 unavailable; Sep12 partial; property/retained starts unavailable; outcomes use occurrence day and exact stored IDs.
AD,120250639703850660,120250602165530660,2026-08-15,1.84,70,2,26.29,2.857,0.92,0,0,,,,Sessions beforeSep12 unavailable; Sep12 partial; property/retained starts unavailable; outcomes use occurrence day and exact stored IDs.
AD,120250639703850660,120250602165530660,2026-08-16,23.1,353,5,65.44,1.416,4.62,0,0,,,,Sessions beforeSep12 unavailable; Sep12 partial; property/retained starts unavailable; outcomes use occurrence day and exact stored IDs.
AD,120250639703850660,120250602165530660,2026-08-17,12.51,268,4,46.68,1.493,3.13,0,0,,,,Sessions beforeSep12 unavailable; Sep12 partial; property/retained starts unavailable; outcomes use occurrence day and exact stored IDs.
AD,120250639703850660,120250602165530660,2026-08-18,25.75,793,11,32.47,1.387,2.34,1,1,25.75,,,Sessions beforeSep12 unavailable; Sep12 partial; property/retained starts unavailable; outcomes use occurrence day and exact stored IDs.
AD,120250639703850660,120250602165530660,2026-08-19,15.67,326,2,48.07,0.613,7.83,0,0,,,,Sessions beforeSep12 unavailable; Sep12 partial; property/retained starts unavailable; outcomes use occurrence day and exact stored IDs.
AD,120250639703850660,120250602165530660,2026-08-20,15.0,380,4,39.47,1.053,3.75,0,0,,,,Sessions beforeSep12 unavailable; Sep12 partial; property/retained starts unavailable; outcomes use occurrence day and exact stored IDs.
AD,120250639703850660,120250602165530660,2026-08-21,12.7,294,4,43.2,1.361,3.17,0,0,,,,Sessions beforeSep12 unavailable; Sep12 partial; property/retained starts unavailable; outcomes use occurrence day and exact stored IDs.
AD,120250639703850660,120250602165530660,2026-08-22,3.03,95,0,31.89,0.0,,0,0,,,,Sessions beforeSep12 unavailable; Sep12 partial; property/retained starts unavailable; outcomes use occurrence day and exact stored IDs.
AD,120250639703850660,120250602165530660,2026-08-23,10.67,353,2,30.23,0.567,5.33,0,0,,,,Sessions beforeSep12 unavailable; Sep12 partial; property/retained starts unavailable; outcomes use occurrence day and exact stored IDs.
AD,120250639703850660,120250602165530660,2026-08-24,5.77,170,1,33.94,0.588,5.77,0,0,,,,Sessions beforeSep12 unavailable; Sep12 partial; property/retained starts unavailable; outcomes use occurrence day and exact stored IDs.
AD,120250639703850660,120250602165530660,2026-08-25,1.76,62,0,28.39,0.0,,0,0,,,,Sessions beforeSep12 unavailable; Sep12 partial; property/retained starts unavailable; outcomes use occurrence day and exact stored IDs.
AD,120250639703850660,120250602165530660,2026-08-26,1.54,29,0,53.1,0.0,,0,0,,,,Sessions beforeSep12 unavailable; Sep12 partial; property/retained starts unavailable; outcomes use occurrence day and exact stored IDs.
AD,120250639703850660,120250602165530660,2026-08-27,3.28,39,0,84.1,0.0,,0,0,,,,Sessions beforeSep12 unavailable; Sep12 partial; property/retained starts unavailable; outcomes use occurrence day and exact stored IDs.
AD,120250639703850660,120250602165530660,2026-08-28,0.58,20,0,29.0,0.0,,0,0,,,,Sessions beforeSep12 unavailable; Sep12 partial; property/retained starts unavailable; outcomes use occurrence day and exact stored IDs.
AD,120250639703850660,120250602165530660,2026-08-29,0.36,12,0,30.0,0.0,,0,0,,,,Sessions beforeSep12 unavailable; Sep12 partial; property/retained starts unavailable; outcomes use occurrence day and exact stored IDs.
AD,120250639703850660,120250602165530660,2026-08-30,0.64,10,0,64.0,0.0,,0,0,,,,Sessions beforeSep12 unavailable; Sep12 partial; property/retained starts unavailable; outcomes use occurrence day and exact stored IDs.
AD,120250639703850660,120250602165530660,2026-08-31,0.89,24,0,37.08,0.0,,0,0,,,,Sessions beforeSep12 unavailable; Sep12 partial; property/retained starts unavailable; outcomes use occurrence day and exact stored IDs.
AD,120250639703850660,120250602165530660,2026-09-01,0.47,15,0,31.33,0.0,,0,0,,,,Sessions beforeSep12 unavailable; Sep12 partial; property/retained starts unavailable; outcomes use occurrence day and exact stored IDs.
AD,120250639703850660,120250602165530660,2026-09-02,0.02,1,0,20.0,0.0,,0,0,,,,Sessions beforeSep12 unavailable; Sep12 partial; property/retained starts unavailable; outcomes use occurrence day and exact stored IDs.
AD,120250639703850660,120250602165530660,2026-09-03,0.23,2,0,115.0,0.0,,0,0,,,,Sessions beforeSep12 unavailable; Sep12 partial; property/retained starts unavailable; outcomes use occurrence day and exact stored IDs.
AD,120250639703850660,120250602165530660,2026-09-04,0.05,3,0,16.67,0.0,,0,0,,,,Sessions beforeSep12 unavailable; Sep12 partial; property/retained starts unavailable; outcomes use occurrence day and exact stored IDs.
AD,120250639703850660,120250602165530660,2026-09-06,0.09,3,0,30.0,0.0,,0,0,,,,Sessions beforeSep12 unavailable; Sep12 partial; property/retained starts unavailable; outcomes use occurrence day and exact stored IDs.
AD,120250639703850660,120250602165530660,2026-09-08,0.05,2,0,25.0,0.0,,0,0,,,,Sessions beforeSep12 unavailable; Sep12 partial; property/retained starts unavailable; outcomes use occurrence day and exact stored IDs.
AD,120250639703850660,120250602165530660,2026-09-09,0.02,1,0,20.0,0.0,,0,0,,,,Sessions beforeSep12 unavailable; Sep12 partial; property/retained starts unavailable; outcomes use occurrence day and exact stored IDs.
AD,120250639704480660,120250602165530660,2026-08-15,0.02,4,0,5.0,0.0,,0,0,,,,Sessions beforeSep12 unavailable; Sep12 partial; property/retained starts unavailable; outcomes use occurrence day and exact stored IDs.
AD,120250639704480660,120250602165530660,2026-08-16,2.95,18,1,163.89,5.556,2.95,0,0,,,,Sessions beforeSep12 unavailable; Sep12 partial; property/retained starts unavailable; outcomes use occurrence day and exact stored IDs.
AD,120250639704480660,120250602165530660,2026-08-17,1.57,35,0,44.86,0.0,,0,0,,,,Sessions beforeSep12 unavailable; Sep12 partial; property/retained starts unavailable; outcomes use occurrence day and exact stored IDs.
AD,120250639704480660,120250602165530660,2026-08-18,29.85,640,6,46.64,0.938,4.98,1,1,29.85,,,Sessions beforeSep12 unavailable; Sep12 partial; property/retained starts unavailable; outcomes use occurrence day and exact stored IDs.
AD,120250639704480660,120250602165530660,2026-08-19,18.83,213,2,88.4,0.939,9.41,0,0,,,,Sessions beforeSep12 unavailable; Sep12 partial; property/retained starts unavailable; outcomes use occurrence day and exact stored IDs.
AD,120250639704480660,120250602165530660,2026-08-20,17.53,340,1,51.56,0.294,17.53,0,0,,,,Sessions beforeSep12 unavailable; Sep12 partial; property/retained starts unavailable; outcomes use occurrence day and exact stored IDs.
AD,120250639704480660,120250602165530660,2026-08-21,32.48,419,4,77.52,0.955,8.12,1,1,32.48,,,Sessions beforeSep12 unavailable; Sep12 partial; property/retained starts unavailable; outcomes use occurrence day and exact stored IDs.
AD,120250639704480660,120250602165530660,2026-08-22,20.98,336,2,62.44,0.595,10.49,0,0,,,,Sessions beforeSep12 unavailable; Sep12 partial; property/retained starts unavailable; outcomes use occurrence day and exact stored IDs.
AD,120250639704480660,120250602165530660,2026-08-23,37.64,529,9,71.15,1.701,4.18,1,1,37.64,,,Sessions beforeSep12 unavailable; Sep12 partial; property/retained starts unavailable; outcomes use occurrence day and exact stored IDs.
AD,120250639704480660,120250602165530660,2026-08-24,39.56,738,3,53.6,0.407,13.19,0,0,,,,Sessions beforeSep12 unavailable; Sep12 partial; property/retained starts unavailable; outcomes use occurrence day and exact stored IDs.
AD,120250639704480660,120250602165530660,2026-08-25,45.06,672,1,67.05,0.149,45.06,0,0,,,,Sessions beforeSep12 unavailable; Sep12 partial; property/retained starts unavailable; outcomes use occurrence day and exact stored IDs.
AD,120250639704480660,120250602165530660,2026-08-26,39.28,707,3,55.56,0.424,13.09,0,0,,,,Sessions beforeSep12 unavailable; Sep12 partial; property/retained starts unavailable; outcomes use occurrence day and exact stored IDs.
AD,120250639704480660,120250602165530660,2026-08-27,40.85,515,4,79.32,0.777,10.21,0,0,,,,Sessions beforeSep12 unavailable; Sep12 partial; property/retained starts unavailable; outcomes use occurrence day and exact stored IDs.
AD,120250639704480660,120250602165530660,2026-08-28,37.27,508,3,73.37,0.591,12.42,0,0,,,,Sessions beforeSep12 unavailable; Sep12 partial; property/retained starts unavailable; outcomes use occurrence day and exact stored IDs.
AD,120250639704480660,120250602165530660,2026-08-29,26.33,493,3,53.41,0.609,8.78,0,0,,,,Sessions beforeSep12 unavailable; Sep12 partial; property/retained starts unavailable; outcomes use occurrence day and exact stored IDs.
AD,120250639704480660,120250602165530660,2026-08-30,49.03,857,5,57.21,0.583,9.81,0,0,,,,Sessions beforeSep12 unavailable; Sep12 partial; property/retained starts unavailable; outcomes use occurrence day and exact stored IDs.
AD,120250639704480660,120250602165530660,2026-08-31,28.96,497,3,58.27,0.604,9.65,0,0,,,,Sessions beforeSep12 unavailable; Sep12 partial; property/retained starts unavailable; outcomes use occurrence day and exact stored IDs.
AD,120250639704480660,120250602165530660,2026-09-01,31.89,373,3,85.5,0.804,10.63,2,2,15.95,,,Sessions beforeSep12 unavailable; Sep12 partial; property/retained starts unavailable; outcomes use occurrence day and exact stored IDs.
AD,120250639704480660,120250602165530660,2026-09-02,25.12,443,2,56.7,0.451,12.56,0,0,,,,Sessions beforeSep12 unavailable; Sep12 partial; property/retained starts unavailable; outcomes use occurrence day and exact stored IDs.
AD,120250639704480660,120250602165530660,2026-09-03,29.94,655,4,45.71,0.611,7.49,0,0,,,,Sessions beforeSep12 unavailable; Sep12 partial; property/retained starts unavailable; outcomes use occurrence day and exact stored IDs.
AD,120250639704480660,120250602165530660,2026-09-04,27.58,584,3,47.23,0.514,9.19,0,0,,,,Sessions beforeSep12 unavailable; Sep12 partial; property/retained starts unavailable; outcomes use occurrence day and exact stored IDs.
AD,120250639704480660,120250602165530660,2026-09-05,28.34,504,5,56.23,0.992,5.67,1,1,28.34,,,Sessions beforeSep12 unavailable; Sep12 partial; property/retained starts unavailable; outcomes use occurrence day and exact stored IDs.
AD,120250639704480660,120250602165530660,2026-09-06,48.19,702,5,68.65,0.712,9.64,1,1,48.19,,,Sessions beforeSep12 unavailable; Sep12 partial; property/retained starts unavailable; outcomes use occurrence day and exact stored IDs.
AD,120250639704480660,120250602165530660,2026-09-07,35.07,531,3,66.05,0.565,11.69,1,1,35.07,,,Sessions beforeSep12 unavailable; Sep12 partial; property/retained starts unavailable; outcomes use occurrence day and exact stored IDs.
AD,120250639704480660,120250602165530660,2026-09-08,27.56,596,5,46.24,0.839,5.51,0,0,,,,Sessions beforeSep12 unavailable; Sep12 partial; property/retained starts unavailable; outcomes use occurrence day and exact stored IDs.
AD,120250639704480660,120250602165530660,2026-09-09,38.11,552,3,69.04,0.543,12.7,0,0,,,,Sessions beforeSep12 unavailable; Sep12 partial; property/retained starts unavailable; outcomes use occurrence day and exact stored IDs.
AD,120250639704480660,120250602165530660,2026-09-10,33.73,470,1,71.77,0.213,33.73,0,0,,,,Sessions beforeSep12 unavailable; Sep12 partial; property/retained starts unavailable; outcomes use occurrence day and exact stored IDs.
AD,120250639704480660,120250602165530660,2026-09-11,29.74,402,5,73.98,1.244,5.95,0,0,,,,Sessions beforeSep12 unavailable; Sep12 partial; property/retained starts unavailable; outcomes use occurrence day and exact stored IDs.
AD,120250639704480660,120250602165530660,2026-09-12,8.57,116,0,73.88,0.0,,0,0,,0,,Sessions beforeSep12 unavailable; Sep12 partial; property/retained starts unavailable; outcomes use occurrence day and exact stored IDs.
AD,120250639705000660,120250602165530660,2026-08-15,15.62,664,6,23.52,0.904,2.6,0,0,,,,Sessions beforeSep12 unavailable; Sep12 partial; property/retained starts unavailable; outcomes use occurrence day and exact stored IDs.
AD,120250639705000660,120250602165530660,2026-08-16,118.33,3020,27,39.18,0.894,4.38,0,0,,,,Sessions beforeSep12 unavailable; Sep12 partial; property/retained starts unavailable; outcomes use occurrence day and exact stored IDs.
AD,120250639705000660,120250602165530660,2026-08-17,36.28,678,12,53.51,1.77,3.02,0,0,,,,Sessions beforeSep12 unavailable; Sep12 partial; property/retained starts unavailable; outcomes use occurrence day and exact stored IDs.
AD,120250639705000660,120250602165530660,2026-08-18,40.08,865,6,46.34,0.694,6.68,0,0,,,,Sessions beforeSep12 unavailable; Sep12 partial; property/retained starts unavailable; outcomes use occurrence day and exact stored IDs.
AD,120250639705000660,120250602165530660,2026-08-19,41.53,904,10,45.94,1.106,4.15,0,0,,,,Sessions beforeSep12 unavailable; Sep12 partial; property/retained starts unavailable; outcomes use occurrence day and exact stored IDs.
AD,120250639705000660,120250602165530660,2026-08-20,12.16,314,5,38.73,1.592,2.43,0,0,,,,Sessions beforeSep12 unavailable; Sep12 partial; property/retained starts unavailable; outcomes use occurrence day and exact stored IDs.
AD,120250639705000660,120250602165530660,2026-08-21,8.11,177,3,45.82,1.695,2.7,0,0,,,,Sessions beforeSep12 unavailable; Sep12 partial; property/retained starts unavailable; outcomes use occurrence day and exact stored IDs.
AD,120250639705000660,120250602165530660,2026-08-22,5.56,147,0,37.82,0.0,,0,0,,,,Sessions beforeSep12 unavailable; Sep12 partial; property/retained starts unavailable; outcomes use occurrence day and exact stored IDs.
AD,120250639705000660,120250602165530660,2026-08-23,10.01,286,4,35.0,1.399,2.5,0,0,,,,Sessions beforeSep12 unavailable; Sep12 partial; property/retained starts unavailable; outcomes use occurrence day and exact stored IDs.
AD,120250639705000660,120250602165530660,2026-08-24,7.38,236,1,31.27,0.424,7.38,0,0,,,,Sessions beforeSep12 unavailable; Sep12 partial; property/retained starts unavailable; outcomes use occurrence day and exact stored IDs.
AD,120250639705000660,120250602165530660,2026-08-25,3.43,134,1,25.6,0.746,3.43,0,0,,,,Sessions beforeSep12 unavailable; Sep12 partial; property/retained starts unavailable; outcomes use occurrence day and exact stored IDs.
AD,120250639705000660,120250602165530660,2026-08-26,1.94,70,0,27.71,0.0,,0,0,,,,Sessions beforeSep12 unavailable; Sep12 partial; property/retained starts unavailable; outcomes use occurrence day and exact stored IDs.
AD,120250639705000660,120250602165530660,2026-08-27,2.06,65,0,31.69,0.0,,0,0,,,,Sessions beforeSep12 unavailable; Sep12 partial; property/retained starts unavailable; outcomes use occurrence day and exact stored IDs.
AD,120250639705000660,120250602165530660,2026-08-28,1.14,22,0,51.82,0.0,,0,0,,,,Sessions beforeSep12 unavailable; Sep12 partial; property/retained starts unavailable; outcomes use occurrence day and exact stored IDs.
AD,120250639705000660,120250602165530660,2026-08-29,0.4,8,0,50.0,0.0,,0,0,,,,Sessions beforeSep12 unavailable; Sep12 partial; property/retained starts unavailable; outcomes use occurrence day and exact stored IDs.
AD,120250639705000660,120250602165530660,2026-08-30,0.0,1,0,0.0,0.0,,0,0,,,,Sessions beforeSep12 unavailable; Sep12 partial; property/retained starts unavailable; outcomes use occurrence day and exact stored IDs.
AD,120250639705000660,120250602165530660,2026-08-31,0.01,1,0,10.0,0.0,,0,0,,,,Sessions beforeSep12 unavailable; Sep12 partial; property/retained starts unavailable; outcomes use occurrence day and exact stored IDs.
AD,120250639705000660,120250602165530660,2026-09-01,0.08,3,0,26.67,0.0,,0,0,,,,Sessions beforeSep12 unavailable; Sep12 partial; property/retained starts unavailable; outcomes use occurrence day and exact stored IDs.
AD,120250639705000660,120250602165530660,2026-09-06,0.04,2,0,20.0,0.0,,0,0,,,,Sessions beforeSep12 unavailable; Sep12 partial; property/retained starts unavailable; outcomes use occurrence day and exact stored IDs.
AD,120250639705000660,120250602165530660,2026-09-10,0.09,2,0,45.0,0.0,,0,0,,,,Sessions beforeSep12 unavailable; Sep12 partial; property/retained starts unavailable; outcomes use occurrence day and exact stored IDs.
AD,120250639705000660,120250602165530660,2026-09-11,0.03,1,0,30.0,0.0,,0,0,,,,Sessions beforeSep12 unavailable; Sep12 partial; property/retained starts unavailable; outcomes use occurrence day and exact stored IDs.
AD,120250639705200660,120250602165530660,2026-08-15,0.46,21,0,21.9,0.0,,0,0,,,,Sessions beforeSep12 unavailable; Sep12 partial; property/retained starts unavailable; outcomes use occurrence day and exact stored IDs.
AD,120250639705200660,120250602165530660,2026-08-16,0.27,12,0,22.5,0.0,,0,0,,,,Sessions beforeSep12 unavailable; Sep12 partial; property/retained starts unavailable; outcomes use occurrence day and exact stored IDs.
AD,120250639705200660,120250602165530660,2026-08-17,0.76,7,0,108.57,0.0,,0,0,,,,Sessions beforeSep12 unavailable; Sep12 partial; property/retained starts unavailable; outcomes use occurrence day and exact stored IDs.
AD,120250639705200660,120250602165530660,2026-08-18,0.97,12,0,80.83,0.0,,0,0,,,,Sessions beforeSep12 unavailable; Sep12 partial; property/retained starts unavailable; outcomes use occurrence day and exact stored IDs.
AD,120250639705200660,120250602165530660,2026-08-19,0.74,15,0,49.33,0.0,,0,0,,,,Sessions beforeSep12 unavailable; Sep12 partial; property/retained starts unavailable; outcomes use occurrence day and exact stored IDs.
AD,120250639705200660,120250602165530660,2026-08-23,0.07,1,0,70.0,0.0,,0,0,,,,Sessions beforeSep12 unavailable; Sep12 partial; property/retained starts unavailable; outcomes use occurrence day and exact stored IDs.
AD,120250639705200660,120250602165530660,2026-08-24,0.27,5,0,54.0,0.0,,0,0,,,,Sessions beforeSep12 unavailable; Sep12 partial; property/retained starts unavailable; outcomes use occurrence day and exact stored IDs.
AD,120250639705200660,120250602165530660,2026-08-25,0.01,1,0,10.0,0.0,,0,0,,,,Sessions beforeSep12 unavailable; Sep12 partial; property/retained starts unavailable; outcomes use occurrence day and exact stored IDs.
AD,120250639705200660,120250602165530660,2026-08-26,0.05,2,0,25.0,0.0,,0,0,,,,Sessions beforeSep12 unavailable; Sep12 partial; property/retained starts unavailable; outcomes use occurrence day and exact stored IDs.
AD,120250639705200660,120250602165530660,2026-08-28,2.09,7,0,298.57,0.0,,0,0,,,,Sessions beforeSep12 unavailable; Sep12 partial; property/retained starts unavailable; outcomes use occurrence day and exact stored IDs.
AD,120250639705200660,120250602165530660,2026-08-29,0.0,1,0,0.0,0.0,,0,0,,,,Sessions beforeSep12 unavailable; Sep12 partial; property/retained starts unavailable; outcomes use occurrence day and exact stored IDs.
AD,120250639705200660,120250602165530660,2026-08-30,0.3,6,2,50.0,33.333,0.15,1,1,0.3,,,Sessions beforeSep12 unavailable; Sep12 partial; property/retained starts unavailable; outcomes use occurrence day and exact stored IDs.
AD,120250639705200660,120250602165530660,2026-08-31,19.64,591,2,33.23,0.338,9.82,0,0,,,,Sessions beforeSep12 unavailable; Sep12 partial; property/retained starts unavailable; outcomes use occurrence day and exact stored IDs.
AD,120250639705200660,120250602165530660,2026-09-01,12.03,254,1,47.36,0.394,12.03,0,0,,,,Sessions beforeSep12 unavailable; Sep12 partial; property/retained starts unavailable; outcomes use occurrence day and exact stored IDs.
AD,120250639705200660,120250602165530660,2026-09-02,9.89,193,2,51.24,1.036,4.95,1,1,9.89,,,Sessions beforeSep12 unavailable; Sep12 partial; property/retained starts unavailable; outcomes use occurrence day and exact stored IDs.
AD,120250639705200660,120250602165530660,2026-09-03,4.68,67,0,69.85,0.0,,0,0,,,,Sessions beforeSep12 unavailable; Sep12 partial; property/retained starts unavailable; outcomes use occurrence day and exact stored IDs.
AD,120250639705200660,120250602165530660,2026-09-04,1.23,12,0,102.5,0.0,,0,0,,,,Sessions beforeSep12 unavailable; Sep12 partial; property/retained starts unavailable; outcomes use occurrence day and exact stored IDs.
AD,120250639705200660,120250602165530660,2026-09-05,1.74,29,0,60.0,0.0,,0,0,,,,Sessions beforeSep12 unavailable; Sep12 partial; property/retained starts unavailable; outcomes use occurrence day and exact stored IDs.
AD,120250639705200660,120250602165530660,2026-09-06,2.52,49,0,51.43,0.0,,0,0,,,,Sessions beforeSep12 unavailable; Sep12 partial; property/retained starts unavailable; outcomes use occurrence day and exact stored IDs.
AD,120250639705200660,120250602165530660,2026-09-07,2.08,38,0,54.74,0.0,,0,0,,,,Sessions beforeSep12 unavailable; Sep12 partial; property/retained starts unavailable; outcomes use occurrence day and exact stored IDs.
AD,120250639705200660,120250602165530660,2026-09-08,8.31,101,1,82.28,0.99,8.31,0,0,,,,Sessions beforeSep12 unavailable; Sep12 partial; property/retained starts unavailable; outcomes use occurrence day and exact stored IDs.
AD,120250639705200660,120250602165530660,2026-09-09,2.53,23,0,110.0,0.0,,0,0,,,,Sessions beforeSep12 unavailable; Sep12 partial; property/retained starts unavailable; outcomes use occurrence day and exact stored IDs.
AD,120250639705200660,120250602165530660,2026-09-10,1.31,6,0,218.33,0.0,,0,0,,,,Sessions beforeSep12 unavailable; Sep12 partial; property/retained starts unavailable; outcomes use occurrence day and exact stored IDs.
AD,120250639705200660,120250602165530660,2026-09-11,0.03,1,0,30.0,0.0,,0,0,,,,Sessions beforeSep12 unavailable; Sep12 partial; property/retained starts unavailable; outcomes use occurrence day and exact stored IDs.
AD,120250639705350660,120250602165530660,2026-08-15,0.15,8,0,18.75,0.0,,0,0,,,,Sessions beforeSep12 unavailable; Sep12 partial; property/retained starts unavailable; outcomes use occurrence day and exact stored IDs.
AD,120250639705350660,120250602165530660,2026-08-16,0.17,9,0,18.89,0.0,,0,0,,,,Sessions beforeSep12 unavailable; Sep12 partial; property/retained starts unavailable; outcomes use occurrence day and exact stored IDs.
AD,120250639705350660,120250602165530660,2026-08-17,0.14,3,0,46.67,0.0,,0,0,,,,Sessions beforeSep12 unavailable; Sep12 partial; property/retained starts unavailable; outcomes use occurrence day and exact stored IDs.
AD,120250639705350660,120250602165530660,2026-08-22,0.19,2,0,95.0,0.0,,0,0,,,,Sessions beforeSep12 unavailable; Sep12 partial; property/retained starts unavailable; outcomes use occurrence day and exact stored IDs.
AD,120250639705350660,120250602165530660,2026-08-23,0.15,1,0,150.0,0.0,,0,0,,,,Sessions beforeSep12 unavailable; Sep12 partial; property/retained starts unavailable; outcomes use occurrence day and exact stored IDs.
AD,120250639705350660,120250602165530660,2026-08-24,0.03,1,0,30.0,0.0,,0,0,,,,Sessions beforeSep12 unavailable; Sep12 partial; property/retained starts unavailable; outcomes use occurrence day and exact stored IDs.
AD,120250639705350660,120250602165530660,2026-08-25,0.06,2,0,30.0,0.0,,0,0,,,,Sessions beforeSep12 unavailable; Sep12 partial; property/retained starts unavailable; outcomes use occurrence day and exact stored IDs.
AD,120250639705350660,120250602165530660,2026-08-27,0.02,1,0,20.0,0.0,,0,0,,,,Sessions beforeSep12 unavailable; Sep12 partial; property/retained starts unavailable; outcomes use occurrence day and exact stored IDs.
AD,120250639705350660,120250602165530660,2026-08-28,0.03,1,0,30.0,0.0,,0,0,,,,Sessions beforeSep12 unavailable; Sep12 partial; property/retained starts unavailable; outcomes use occurrence day and exact stored IDs.
AD,120250639705350660,120250602165530660,2026-08-30,0.23,5,0,46.0,0.0,,0,0,,,,Sessions beforeSep12 unavailable; Sep12 partial; property/retained starts unavailable; outcomes use occurrence day and exact stored IDs.
AD,120250639705350660,120250602165530660,2026-08-31,0.0,1,0,0.0,0.0,,0,0,,,,Sessions beforeSep12 unavailable; Sep12 partial; property/retained starts unavailable; outcomes use occurrence day and exact stored IDs.
AD,120250639705350660,120250602165530660,2026-09-01,0.15,4,0,37.5,0.0,,0,0,,,,Sessions beforeSep12 unavailable; Sep12 partial; property/retained starts unavailable; outcomes use occurrence day and exact stored IDs.
AD,120250639705350660,120250602165530660,2026-09-06,0.03,1,0,30.0,0.0,,0,0,,,,Sessions beforeSep12 unavailable; Sep12 partial; property/retained starts unavailable; outcomes use occurrence day and exact stored IDs.
AD,120250639705350660,120250602165530660,2026-09-07,0.01,1,0,10.0,0.0,,0,0,,,,Sessions beforeSep12 unavailable; Sep12 partial; property/retained starts unavailable; outcomes use occurrence day and exact stored IDs.
AD,120250639705350660,120250602165530660,2026-09-11,0.06,1,0,60.0,0.0,,0,0,,,,Sessions beforeSep12 unavailable; Sep12 partial; property/retained starts unavailable; outcomes use occurrence day and exact stored IDs.
AD,120250639705610660,120250602165530660,2026-08-15,0.13,5,0,26.0,0.0,,0,0,,,,Sessions beforeSep12 unavailable; Sep12 partial; property/retained starts unavailable; outcomes use occurrence day and exact stored IDs.
AD,120250639705610660,120250602165530660,2026-08-16,0.23,10,0,23.0,0.0,,0,0,,,,Sessions beforeSep12 unavailable; Sep12 partial; property/retained starts unavailable; outcomes use occurrence day and exact stored IDs.
AD,120250639705610660,120250602165530660,2026-08-17,0.12,2,0,60.0,0.0,,0,0,,,,Sessions beforeSep12 unavailable; Sep12 partial; property/retained starts unavailable; outcomes use occurrence day and exact stored IDs.
AD,120250639705610660,120250602165530660,2026-08-20,0.0,2,0,0.0,0.0,,0,0,,,,Sessions beforeSep12 unavailable; Sep12 partial; property/retained starts unavailable; outcomes use occurrence day and exact stored IDs.
AD,120250639705610660,120250602165530660,2026-08-21,0.0,1,0,0.0,0.0,,0,0,,,,Sessions beforeSep12 unavailable; Sep12 partial; property/retained starts unavailable; outcomes use occurrence day and exact stored IDs.
AD,120250639705610660,120250602165530660,2026-08-22,0.03,1,0,30.0,0.0,,0,0,,,,Sessions beforeSep12 unavailable; Sep12 partial; property/retained starts unavailable; outcomes use occurrence day and exact stored IDs.
AD,120250639705610660,120250602165530660,2026-08-24,0.09,4,0,22.5,0.0,,0,0,,,,Sessions beforeSep12 unavailable; Sep12 partial; property/retained starts unavailable; outcomes use occurrence day and exact stored IDs.
AD,120250639705610660,120250602165530660,2026-08-25,0.0,1,0,0.0,0.0,,0,0,,,,Sessions beforeSep12 unavailable; Sep12 partial; property/retained starts unavailable; outcomes use occurrence day and exact stored IDs.
AD,120250639705610660,120250602165530660,2026-08-29,0.3,3,0,100.0,0.0,,0,0,,,,Sessions beforeSep12 unavailable; Sep12 partial; property/retained starts unavailable; outcomes use occurrence day and exact stored IDs.
AD,120250639705610660,120250602165530660,2026-08-30,0.22,3,0,73.33,0.0,,0,0,,,,Sessions beforeSep12 unavailable; Sep12 partial; property/retained starts unavailable; outcomes use occurrence day and exact stored IDs.
AD,120250639705610660,120250602165530660,2026-08-31,0.16,3,0,53.33,0.0,,0,0,,,,Sessions beforeSep12 unavailable; Sep12 partial; property/retained starts unavailable; outcomes use occurrence day and exact stored IDs.
AD,120250639705610660,120250602165530660,2026-09-01,0.1,3,0,33.33,0.0,,0,0,,,,Sessions beforeSep12 unavailable; Sep12 partial; property/retained starts unavailable; outcomes use occurrence day and exact stored IDs.
AD,120250639705610660,120250602165530660,2026-09-03,0.03,1,0,30.0,0.0,,0,0,,,,Sessions beforeSep12 unavailable; Sep12 partial; property/retained starts unavailable; outcomes use occurrence day and exact stored IDs.
AD,120250639705610660,120250602165530660,2026-09-04,0.07,2,0,35.0,0.0,,0,0,,,,Sessions beforeSep12 unavailable; Sep12 partial; property/retained starts unavailable; outcomes use occurrence day and exact stored IDs.
AD,120250639705610660,120250602165530660,2026-09-08,0.04,1,0,40.0,0.0,,0,0,,,,Sessions beforeSep12 unavailable; Sep12 partial; property/retained starts unavailable; outcomes use occurrence day and exact stored IDs.
AD,120250639705610660,120250602165530660,2026-09-11,0.02,1,0,20.0,0.0,,0,0,,,,Sessions beforeSep12 unavailable; Sep12 partial; property/retained starts unavailable; outcomes use occurrence day and exact stored IDs.
AD,120250639705780660,120250602165530660,2026-08-15,2.87,96,2,29.9,2.083,1.44,0,0,,,,Sessions beforeSep12 unavailable; Sep12 partial; property/retained starts unavailable; outcomes use occurrence day and exact stored IDs.
AD,120250639705780660,120250602165530660,2026-08-16,2.85,70,0,40.71,0.0,,0,0,,,,Sessions beforeSep12 unavailable; Sep12 partial; property/retained starts unavailable; outcomes use occurrence day and exact stored IDs.
AD,120250639705780660,120250602165530660,2026-08-17,8.6,139,1,61.87,0.719,8.6,0,0,,,,Sessions beforeSep12 unavailable; Sep12 partial; property/retained starts unavailable; outcomes use occurrence day and exact stored IDs.
AD,120250639705780660,120250602165530660,2026-08-18,7.01,96,0,73.02,0.0,,0,0,,,,Sessions beforeSep12 unavailable; Sep12 partial; property/retained starts unavailable; outcomes use occurrence day and exact stored IDs.
AD,120250639706340660,120250602165530660,2026-08-15,2.27,57,1,39.82,1.754,2.27,0,0,,,,Sessions beforeSep12 unavailable; Sep12 partial; property/retained starts unavailable; outcomes use occurrence day and exact stored IDs.
AD,120250639706340660,120250602165530660,2026-08-16,1.51,28,0,53.93,0.0,,0,0,,,,Sessions beforeSep12 unavailable; Sep12 partial; property/retained starts unavailable; outcomes use occurrence day and exact stored IDs.
AD,120250639706340660,120250602165530660,2026-08-17,0.53,17,0,31.18,0.0,,0,0,,,,Sessions beforeSep12 unavailable; Sep12 partial; property/retained starts unavailable; outcomes use occurrence day and exact stored IDs.
AD,120250639706340660,120250602165530660,2026-08-18,0.12,5,0,24.0,0.0,,0,0,,,,Sessions beforeSep12 unavailable; Sep12 partial; property/retained starts unavailable; outcomes use occurrence day and exact stored IDs.
AD,120250639706610660,120250602165530660,2026-08-15,5.22,263,1,19.85,0.38,5.22,0,0,,,,Sessions beforeSep12 unavailable; Sep12 partial; property/retained starts unavailable; outcomes use occurrence day and exact stored IDs.
AD,120250639706610660,120250602165530660,2026-08-16,114.9,2945,36,39.02,1.222,3.19,0,0,,,,Sessions beforeSep12 unavailable; Sep12 partial; property/retained starts unavailable; outcomes use occurrence day and exact stored IDs.
AD,120250639706610660,120250602165530660,2026-08-17,33.87,736,8,46.02,1.087,4.23,0,0,,,,Sessions beforeSep12 unavailable; Sep12 partial; property/retained starts unavailable; outcomes use occurrence day and exact stored IDs.
AD,120250639706850660,120250602165530660,2026-08-15,3.7,109,0,33.94,0.0,,0,0,,,,Sessions beforeSep12 unavailable; Sep12 partial; property/retained starts unavailable; outcomes use occurrence day and exact stored IDs.
AD,120250639706850660,120250602165530660,2026-08-16,1.01,34,0,29.71,0.0,,0,0,,,,Sessions beforeSep12 unavailable; Sep12 partial; property/retained starts unavailable; outcomes use occurrence day and exact stored IDs.
AD,120250639706850660,120250602165530660,2026-08-17,0.25,9,0,27.78,0.0,,0,0,,,,Sessions beforeSep12 unavailable; Sep12 partial; property/retained starts unavailable; outcomes use occurrence day and exact stored IDs.
AD,120250639706850660,120250602165530660,2026-08-18,0.02,1,0,20.0,0.0,,0,0,,,,Sessions beforeSep12 unavailable; Sep12 partial; property/retained starts unavailable; outcomes use occurrence day and exact stored IDs.
AD,120250639707370660,120250602165530660,2026-08-15,2.02,48,1,42.08,2.083,2.02,0,0,,,,Sessions beforeSep12 unavailable; Sep12 partial; property/retained starts unavailable; outcomes use occurrence day and exact stored IDs.
AD,120250639707370660,120250602165530660,2026-08-16,0.41,15,0,27.33,0.0,,0,0,,,,Sessions beforeSep12 unavailable; Sep12 partial; property/retained starts unavailable; outcomes use occurrence day and exact stored IDs.
AD,120250639707720660,120250602165530660,2026-08-15,2.83,108,3,26.2,2.778,0.94,0,0,,,,Sessions beforeSep12 unavailable; Sep12 partial; property/retained starts unavailable; outcomes use occurrence day and exact stored IDs.
AD,120250639707720660,120250602165530660,2026-08-16,34.47,681,6,50.62,0.881,5.75,0,0,,,,Sessions beforeSep12 unavailable; Sep12 partial; property/retained starts unavailable; outcomes use occurrence day and exact stored IDs.
AD,120250639708190660,120250602165530660,2026-08-15,1.84,96,0,19.17,0.0,,0,0,,,,Sessions beforeSep12 unavailable; Sep12 partial; property/retained starts unavailable; outcomes use occurrence day and exact stored IDs.
AD,120250639708190660,120250602165530660,2026-08-16,13.5,341,2,39.59,0.587,6.75,0,0,,,,Sessions beforeSep12 unavailable; Sep12 partial; property/retained starts unavailable; outcomes use occurrence day and exact stored IDs.
AD,120250639708700660,120250602165530660,2026-08-15,3.51,98,1,35.82,1.02,3.51,0,0,,,,Sessions beforeSep12 unavailable; Sep12 partial; property/retained starts unavailable; outcomes use occurrence day and exact stored IDs.
AD,120250639708700660,120250602165530660,2026-08-16,27.16,286,1,94.97,0.35,27.16,0,0,,,,Sessions beforeSep12 unavailable; Sep12 partial; property/retained starts unavailable; outcomes use occurrence day and exact stored IDs.
AD,120250639708940660,120250602165530660,2026-08-15,3.9,96,1,40.62,1.042,3.9,0,0,,,,Sessions beforeSep12 unavailable; Sep12 partial; property/retained starts unavailable; outcomes use occurrence day and exact stored IDs.
AD,120250639708940660,120250602165530660,2026-08-16,13.4,192,0,69.79,0.0,,0,0,,,,Sessions beforeSep12 unavailable; Sep12 partial; property/retained starts unavailable; outcomes use occurrence day and exact stored IDs.
AD,120250674351650660,120250602165530660,2026-08-17,0.05,5,0,10.0,0.0,,0,0,,,,Sessions beforeSep12 unavailable; Sep12 partial; property/retained starts unavailable; outcomes use occurrence day and exact stored IDs.
AD,120250674351650660,120250602165530660,2026-08-18,0.37,13,0,28.46,0.0,,0,0,,,,Sessions beforeSep12 unavailable; Sep12 partial; property/retained starts unavailable; outcomes use occurrence day and exact stored IDs.
AD,120250674351650660,120250602165530660,2026-08-21,0.01,1,0,10.0,0.0,,0,0,,,,Sessions beforeSep12 unavailable; Sep12 partial; property/retained starts unavailable; outcomes use occurrence day and exact stored IDs.
AD,120250674351650660,120250602165530660,2026-08-22,0.01,1,0,10.0,0.0,,0,0,,,,Sessions beforeSep12 unavailable; Sep12 partial; property/retained starts unavailable; outcomes use occurrence day and exact stored IDs.
AD,120250674351650660,120250602165530660,2026-08-26,0.04,1,0,40.0,0.0,,0,0,,,,Sessions beforeSep12 unavailable; Sep12 partial; property/retained starts unavailable; outcomes use occurrence day and exact stored IDs.
AD,120250674354340660,120250602165530660,2026-08-17,4.32,162,4,26.67,2.469,1.08,0,0,,,,Sessions beforeSep12 unavailable; Sep12 partial; property/retained starts unavailable; outcomes use occurrence day and exact stored IDs.
AD,120250674354340660,120250602165530660,2026-08-18,19.04,319,3,59.69,0.94,6.35,0,0,,,,Sessions beforeSep12 unavailable; Sep12 partial; property/retained starts unavailable; outcomes use occurrence day and exact stored IDs.
AD,120250674354340660,120250602165530660,2026-08-19,17.86,370,4,48.27,1.081,4.46,0,0,,,,Sessions beforeSep12 unavailable; Sep12 partial; property/retained starts unavailable; outcomes use occurrence day and exact stored IDs.
AD,120250674354340660,120250602165530660,2026-08-20,4.65,93,2,50.0,2.151,2.33,0,0,,,,Sessions beforeSep12 unavailable; Sep12 partial; property/retained starts unavailable; outcomes use occurrence day and exact stored IDs.
AD,120250674354340660,120250602165530660,2026-08-21,1.7,56,0,30.36,0.0,,0,0,,,,Sessions beforeSep12 unavailable; Sep12 partial; property/retained starts unavailable; outcomes use occurrence day and exact stored IDs.
AD,120250674354340660,120250602165530660,2026-08-22,0.92,23,0,40.0,0.0,,0,0,,,,Sessions beforeSep12 unavailable; Sep12 partial; property/retained starts unavailable; outcomes use occurrence day and exact stored IDs.
AD,120250674354340660,120250602165530660,2026-08-23,0.36,14,0,25.71,0.0,,0,0,,,,Sessions beforeSep12 unavailable; Sep12 partial; property/retained starts unavailable; outcomes use occurrence day and exact stored IDs.
AD,120250674354340660,120250602165530660,2026-08-24,0.47,1,0,470.0,0.0,,0,0,,,,Sessions beforeSep12 unavailable; Sep12 partial; property/retained starts unavailable; outcomes use occurrence day and exact stored IDs.
AD,120250674354340660,120250602165530660,2026-08-25,0.09,3,0,30.0,0.0,,0,0,,,,Sessions beforeSep12 unavailable; Sep12 partial; property/retained starts unavailable; outcomes use occurrence day and exact stored IDs.
AD,120250674355820660,120250602165530660,2026-08-17,2.48,47,1,52.77,2.128,2.48,1,1,2.48,,,Sessions beforeSep12 unavailable; Sep12 partial; property/retained starts unavailable; outcomes use occurrence day and exact stored IDs.
AD,120250674355820660,120250602165530660,2026-08-18,0.89,22,0,40.45,0.0,,0,0,,,,Sessions beforeSep12 unavailable; Sep12 partial; property/retained starts unavailable; outcomes use occurrence day and exact stored IDs.
AD,120250674355820660,120250602165530660,2026-08-19,1.01,10,0,101.0,0.0,,0,0,,,,Sessions beforeSep12 unavailable; Sep12 partial; property/retained starts unavailable; outcomes use occurrence day and exact stored IDs.
AD,120250674355820660,120250602165530660,2026-08-20,0.01,1,0,10.0,0.0,,0,0,,,,Sessions beforeSep12 unavailable; Sep12 partial; property/retained starts unavailable; outcomes use occurrence day and exact stored IDs.
AD,120250674355820660,120250602165530660,2026-08-21,0.3,2,0,150.0,0.0,,0,0,,,,Sessions beforeSep12 unavailable; Sep12 partial; property/retained starts unavailable; outcomes use occurrence day and exact stored IDs.
AD,120250674355820660,120250602165530660,2026-08-23,2.28,5,0,456.0,0.0,,0,0,,,,Sessions beforeSep12 unavailable; Sep12 partial; property/retained starts unavailable; outcomes use occurrence day and exact stored IDs.
AD,120250674355820660,120250602165530660,2026-08-24,0.16,4,0,40.0,0.0,,0,0,,,,Sessions beforeSep12 unavailable; Sep12 partial; property/retained starts unavailable; outcomes use occurrence day and exact stored IDs.
AD,120250674355820660,120250602165530660,2026-08-25,0.13,4,0,32.5,0.0,,0,0,,,,Sessions beforeSep12 unavailable; Sep12 partial; property/retained starts unavailable; outcomes use occurrence day and exact stored IDs.
AD,120250674358490660,120250602165530660,2026-08-17,0.92,48,0,19.17,0.0,,0,0,,,,Sessions beforeSep12 unavailable; Sep12 partial; property/retained starts unavailable; outcomes use occurrence day and exact stored IDs.
AD,120250674358490660,120250602165530660,2026-08-18,4.13,68,1,60.74,1.471,4.13,0,0,,,,Sessions beforeSep12 unavailable; Sep12 partial; property/retained starts unavailable; outcomes use occurrence day and exact stored IDs.
AD,120250674358490660,120250602165530660,2026-08-19,5.14,83,0,61.93,0.0,,0,0,,,,Sessions beforeSep12 unavailable; Sep12 partial; property/retained starts unavailable; outcomes use occurrence day and exact stored IDs.
AD,120250674358490660,120250602165530660,2026-08-20,0.38,1,0,380.0,0.0,,0,0,,,,Sessions beforeSep12 unavailable; Sep12 partial; property/retained starts unavailable; outcomes use occurrence day and exact stored IDs.
AD,120250674358490660,120250602165530660,2026-08-22,1.47,1,0,1470.0,0.0,,0,0,,,,Sessions beforeSep12 unavailable; Sep12 partial; property/retained starts unavailable; outcomes use occurrence day and exact stored IDs.
AD,120250674358490660,120250602165530660,2026-08-23,0.06,3,0,20.0,0.0,,0,0,,,,Sessions beforeSep12 unavailable; Sep12 partial; property/retained starts unavailable; outcomes use occurrence day and exact stored IDs.
AD,120250674360880660,120250602165530660,2026-08-17,0.14,5,0,28.0,0.0,,0,0,,,,Sessions beforeSep12 unavailable; Sep12 partial; property/retained starts unavailable; outcomes use occurrence day and exact stored IDs.
AD,120250674360880660,120250602165530660,2026-08-18,0.1,10,0,10.0,0.0,,0,0,,,,Sessions beforeSep12 unavailable; Sep12 partial; property/retained starts unavailable; outcomes use occurrence day and exact stored IDs.
AD,120250674360880660,120250602165530660,2026-08-19,0.29,12,0,24.17,0.0,,0,0,,,,Sessions beforeSep12 unavailable; Sep12 partial; property/retained starts unavailable; outcomes use occurrence day and exact stored IDs.
AD,120250674360880660,120250602165530660,2026-08-23,0.04,1,0,40.0,0.0,,0,0,,,,Sessions beforeSep12 unavailable; Sep12 partial; property/retained starts unavailable; outcomes use occurrence day and exact stored IDs.
AD,120250674360880660,120250602165530660,2026-08-24,0.23,2,0,115.0,0.0,,0,0,,,,Sessions beforeSep12 unavailable; Sep12 partial; property/retained starts unavailable; outcomes use occurrence day and exact stored IDs.
AD,120250674360880660,120250602165530660,2026-08-26,0.09,1,0,90.0,0.0,,0,0,,,,Sessions beforeSep12 unavailable; Sep12 partial; property/retained starts unavailable; outcomes use occurrence day and exact stored IDs.
AD,120250674363950660,120250602165530660,2026-08-17,0.33,14,0,23.57,0.0,,0,0,,,,Sessions beforeSep12 unavailable; Sep12 partial; property/retained starts unavailable; outcomes use occurrence day and exact stored IDs.
AD,120250674363950660,120250602165530660,2026-08-18,0.01,1,0,10.0,0.0,,0,0,,,,Sessions beforeSep12 unavailable; Sep12 partial; property/retained starts unavailable; outcomes use occurrence day and exact stored IDs.
AD,120250674363950660,120250602165530660,2026-08-19,0.01,1,0,10.0,0.0,,0,0,,,,Sessions beforeSep12 unavailable; Sep12 partial; property/retained starts unavailable; outcomes use occurrence day and exact stored IDs.
AD,120250674363950660,120250602165530660,2026-08-23,0.18,3,0,60.0,0.0,,0,0,,,,Sessions beforeSep12 unavailable; Sep12 partial; property/retained starts unavailable; outcomes use occurrence day and exact stored IDs.
AD,120250674363950660,120250602165530660,2026-08-24,0.08,1,0,80.0,0.0,,0,0,,,,Sessions beforeSep12 unavailable; Sep12 partial; property/retained starts unavailable; outcomes use occurrence day and exact stored IDs.
AD,120250674363950660,120250602165530660,2026-08-26,1.97,166,1,11.87,0.602,1.97,0,0,,,,Sessions beforeSep12 unavailable; Sep12 partial; property/retained starts unavailable; outcomes use occurrence day and exact stored IDs.
AD,120250674366650660,120250602165530660,2026-08-17,0.23,5,0,46.0,0.0,,0,0,,,,Sessions beforeSep12 unavailable; Sep12 partial; property/retained starts unavailable; outcomes use occurrence day and exact stored IDs.
AD,120250674366650660,120250602165530660,2026-08-18,0.49,12,0,40.83,0.0,,0,0,,,,Sessions beforeSep12 unavailable; Sep12 partial; property/retained starts unavailable; outcomes use occurrence day and exact stored IDs.
AD,120250674366650660,120250602165530660,2026-08-19,0.05,6,0,8.33,0.0,,0,0,,,,Sessions beforeSep12 unavailable; Sep12 partial; property/retained starts unavailable; outcomes use occurrence day and exact stored IDs.
AD,120250674389360660,120250602165530660,2026-08-17,49.91,1737,9,28.73,0.518,5.55,1,1,49.91,,,Sessions beforeSep12 unavailable; Sep12 partial; property/retained starts unavailable; outcomes use occurrence day and exact stored IDs.
AD,120250674389360660,120250602165530660,2026-08-18,32.92,606,3,54.32,0.495,10.97,1,1,32.92,,,Sessions beforeSep12 unavailable; Sep12 partial; property/retained starts unavailable; outcomes use occurrence day and exact stored IDs.
AD,120250674389360660,120250602165530660,2026-08-19,26.62,393,6,67.74,1.527,4.44,3,3,8.87,,,Sessions beforeSep12 unavailable; Sep12 partial; property/retained starts unavailable; outcomes use occurrence day and exact stored IDs.
AD,120250674389360660,120250602165530660,2026-08-20,14.35,456,2,31.47,0.439,7.17,1,1,14.35,,,Sessions beforeSep12 unavailable; Sep12 partial; property/retained starts unavailable; outcomes use occurrence day and exact stored IDs.
AD,120250674389360660,120250602165530660,2026-08-21,44.2,1291,13,34.24,1.007,3.4,1,1,44.2,,,Sessions beforeSep12 unavailable; Sep12 partial; property/retained starts unavailable; outcomes use occurrence day and exact stored IDs.
AD,120250674389360660,120250602165530660,2026-08-22,25.08,610,6,41.11,0.984,4.18,1,1,25.08,,,Sessions beforeSep12 unavailable; Sep12 partial; property/retained starts unavailable; outcomes use occurrence day and exact stored IDs.
AD,120250674389360660,120250602165530660,2026-08-23,39.21,1023,12,38.33,1.173,3.27,0,0,,,,Sessions beforeSep12 unavailable; Sep12 partial; property/retained starts unavailable; outcomes use occurrence day and exact stored IDs.
AD,120250674389360660,120250602165530660,2026-08-24,52.69,1306,7,40.34,0.536,7.53,0,0,,,,Sessions beforeSep12 unavailable; Sep12 partial; property/retained starts unavailable; outcomes use occurrence day and exact stored IDs.
AD,120250674389360660,120250602165530660,2026-08-25,36.58,774,5,47.26,0.646,7.32,1,1,36.58,,,Sessions beforeSep12 unavailable; Sep12 partial; property/retained starts unavailable; outcomes use occurrence day and exact stored IDs.
AD,120250674389360660,120250602165530660,2026-08-26,48.6,1231,10,39.48,0.812,4.86,0,0,,,,Sessions beforeSep12 unavailable; Sep12 partial; property/retained starts unavailable; outcomes use occurrence day and exact stored IDs.
AD,120250674389360660,120250602165530660,2026-08-27,77.61,1808,14,42.93,0.774,5.54,2,2,38.8,,,Sessions beforeSep12 unavailable; Sep12 partial; property/retained starts unavailable; outcomes use occurrence day and exact stored IDs.
AD,120250674389360660,120250602165530660,2026-08-28,69.91,1678,10,41.66,0.596,6.99,0,0,,,,Sessions beforeSep12 unavailable; Sep12 partial; property/retained starts unavailable; outcomes use occurrence day and exact stored IDs.
AD,120250674389360660,120250602165530660,2026-08-29,66.05,1958,14,33.73,0.715,4.72,0,0,,,,Sessions beforeSep12 unavailable; Sep12 partial; property/retained starts unavailable; outcomes use occurrence day and exact stored IDs.
AD,120250674389360660,120250602165530660,2026-08-30,79.46,2176,16,36.52,0.735,4.97,1,1,79.46,,,Sessions beforeSep12 unavailable; Sep12 partial; property/retained starts unavailable; outcomes use occurrence day and exact stored IDs.
AD,120250674389360660,120250602165530660,2026-08-31,90.9,2766,17,32.86,0.615,5.35,0,0,,,,Sessions beforeSep12 unavailable; Sep12 partial; property/retained starts unavailable; outcomes use occurrence day and exact stored IDs.
AD,120250674389360660,120250602165530660,2026-09-01,80.01,2299,14,34.8,0.609,5.72,1,1,80.01,,,Sessions beforeSep12 unavailable; Sep12 partial; property/retained starts unavailable; outcomes use occurrence day and exact stored IDs.
AD,120250674389360660,120250602165530660,2026-09-02,67.33,2346,12,28.7,0.512,5.61,0,0,,,,Sessions beforeSep12 unavailable; Sep12 partial; property/retained starts unavailable; outcomes use occurrence day and exact stored IDs.
AD,120250674389360660,120250602165530660,2026-09-03,67.85,2233,17,30.39,0.761,3.99,0,0,,,,Sessions beforeSep12 unavailable; Sep12 partial; property/retained starts unavailable; outcomes use occurrence day and exact stored IDs.
AD,120250674389360660,120250602165530660,2026-09-04,65.12,1850,13,35.2,0.703,5.01,2,2,32.56,,,Sessions beforeSep12 unavailable; Sep12 partial; property/retained starts unavailable; outcomes use occurrence day and exact stored IDs.
AD,120250674389360660,120250602165530660,2026-09-05,71.75,2079,18,34.51,0.866,3.99,1,1,71.75,,,Sessions beforeSep12 unavailable; Sep12 partial; property/retained starts unavailable; outcomes use occurrence day and exact stored IDs.
AD,120250674389360660,120250602165530660,2026-09-06,78.51,1479,14,53.08,0.947,5.61,0,0,,,,Sessions beforeSep12 unavailable; Sep12 partial; property/retained starts unavailable; outcomes use occurrence day and exact stored IDs.
AD,120250674389360660,120250602165530660,2026-09-07,86.79,1836,15,47.27,0.817,5.79,2,2,43.4,,,Sessions beforeSep12 unavailable; Sep12 partial; property/retained starts unavailable; outcomes use occurrence day and exact stored IDs.
AD,120250674389360660,120250602165530660,2026-09-08,67.04,1598,5,41.95,0.313,13.41,0,0,,,,Sessions beforeSep12 unavailable; Sep12 partial; property/retained starts unavailable; outcomes use occurrence day and exact stored IDs.
AD,120250674389360660,120250602165530660,2026-09-09,63.36,1245,9,50.89,0.723,7.04,0,0,,,,Sessions beforeSep12 unavailable; Sep12 partial; property/retained starts unavailable; outcomes use occurrence day and exact stored IDs.
AD,120250674389360660,120250602165530660,2026-09-10,60.71,1326,7,45.78,0.528,8.67,0,0,,,,Sessions beforeSep12 unavailable; Sep12 partial; property/retained starts unavailable; outcomes use occurrence day and exact stored IDs.
AD,120250674389360660,120250602165530660,2026-09-11,55.65,1011,7,55.04,0.692,7.95,1,1,55.65,,,Sessions beforeSep12 unavailable; Sep12 partial; property/retained starts unavailable; outcomes use occurrence day and exact stored IDs.
AD,120250674389360660,120250602165530660,2026-09-12,54.79,1018,14,53.82,1.375,3.91,1,1,54.79,2,,Sessions beforeSep12 unavailable; Sep12 partial; property/retained starts unavailable; outcomes use occurrence day and exact stored IDs.
AD,120250674389360660,120250602165530660,2026-09-13,70.18,1093,10,64.21,0.915,7.02,0,0,,8,,Sessions beforeSep12 unavailable; Sep12 partial; property/retained starts unavailable; outcomes use occurrence day and exact stored IDs.
AD,120250674389360660,120250602165530660,2026-09-14,61.94,1011,3,61.27,0.297,20.65,0,0,,4,,Sessions beforeSep12 unavailable; Sep12 partial; property/retained starts unavailable; outcomes use occurrence day and exact stored IDs.
AD,120250674389360660,120250602165530660,2026-09-15,60.46,1209,14,50.01,1.158,4.32,0,0,,12,,Sessions beforeSep12 unavailable; Sep12 partial; property/retained starts unavailable; outcomes use occurrence day and exact stored IDs.
AD,120250674389360660,120250602165530660,2026-09-16,61.51,1029,7,59.78,0.68,8.79,0,0,,9,,Sessions beforeSep12 unavailable; Sep12 partial; property/retained starts unavailable; outcomes use occurrence day and exact stored IDs.
AD,120250674389360660,120250602165530660,2026-09-17,46.6,914,8,50.98,0.875,5.83,0,0,,9,,Sessions beforeSep12 unavailable; Sep12 partial; property/retained starts unavailable; outcomes use occurrence day and exact stored IDs.
AD,120250674389360660,120250602165530660,2026-09-18,34.45,665,8,51.8,1.203,4.31,0,0,,9,,Sessions beforeSep12 unavailable; Sep12 partial; property/retained starts unavailable; outcomes use occurrence day and exact stored IDs.
AD,120250674392330660,120250602165530660,2026-08-17,3.19,87,0,36.67,0.0,,0,0,,,,Sessions beforeSep12 unavailable; Sep12 partial; property/retained starts unavailable; outcomes use occurrence day and exact stored IDs.
AD,120250674392330660,120250602165530660,2026-08-18,12.26,296,0,41.42,0.0,,0,0,,,,Sessions beforeSep12 unavailable; Sep12 partial; property/retained starts unavailable; outcomes use occurrence day and exact stored IDs.
AD,120250674392330660,120250602165530660,2026-08-19,33.1,679,8,48.75,1.178,4.14,0,0,,,,Sessions beforeSep12 unavailable; Sep12 partial; property/retained starts unavailable; outcomes use occurrence day and exact stored IDs.
AD,120250674392330660,120250602165530660,2026-08-20,22.33,506,8,44.13,1.581,2.79,0,0,,,,Sessions beforeSep12 unavailable; Sep12 partial; property/retained starts unavailable; outcomes use occurrence day and exact stored IDs.
AD,120250674392330660,120250602165530660,2026-08-21,10.84,270,3,40.15,1.111,3.61,0,0,,,,Sessions beforeSep12 unavailable; Sep12 partial; property/retained starts unavailable; outcomes use occurrence day and exact stored IDs.
AD,120250674392330660,120250602165530660,2026-08-22,7.9,175,2,45.14,1.143,3.95,0,0,,,,Sessions beforeSep12 unavailable; Sep12 partial; property/retained starts unavailable; outcomes use occurrence day and exact stored IDs.
AD,120250674392330660,120250602165530660,2026-08-23,13.2,239,1,55.23,0.418,13.2,0,0,,,,Sessions beforeSep12 unavailable; Sep12 partial; property/retained starts unavailable; outcomes use occurrence day and exact stored IDs.
AD,120250674392330660,120250602165530660,2026-08-24,8.16,165,0,49.45,0.0,,0,0,,,,Sessions beforeSep12 unavailable; Sep12 partial; property/retained starts unavailable; outcomes use occurrence day and exact stored IDs.
AD,120250674392330660,120250602165530660,2026-08-25,8.87,270,5,32.85,1.852,1.77,0,0,,,,Sessions beforeSep12 unavailable; Sep12 partial; property/retained starts unavailable; outcomes use occurrence day and exact stored IDs.
AD,120250674392330660,120250602165530660,2026-08-26,19.71,448,3,44.0,0.67,6.57,0,0,,,,Sessions beforeSep12 unavailable; Sep12 partial; property/retained starts unavailable; outcomes use occurrence day and exact stored IDs.
AD,120250674394090660,120250602165530660,2026-08-17,4.23,127,0,33.31,0.0,,0,0,,,,Sessions beforeSep12 unavailable; Sep12 partial; property/retained starts unavailable; outcomes use occurrence day and exact stored IDs.
AD,120250674394090660,120250602165530660,2026-08-18,4.82,49,0,98.37,0.0,,0,0,,,,Sessions beforeSep12 unavailable; Sep12 partial; property/retained starts unavailable; outcomes use occurrence day and exact stored IDs.
AD,120250674394090660,120250602165530660,2026-08-19,1.71,52,0,32.88,0.0,,0,0,,,,Sessions beforeSep12 unavailable; Sep12 partial; property/retained starts unavailable; outcomes use occurrence day and exact stored IDs.
AD,120250674394090660,120250602165530660,2026-08-20,0.73,20,0,36.5,0.0,,0,0,,,,Sessions beforeSep12 unavailable; Sep12 partial; property/retained starts unavailable; outcomes use occurrence day and exact stored IDs.
AD,120250674394090660,120250602165530660,2026-08-21,1.51,33,0,45.76,0.0,,0,0,,,,Sessions beforeSep12 unavailable; Sep12 partial; property/retained starts unavailable; outcomes use occurrence day and exact stored IDs.
AD,120250674394090660,120250602165530660,2026-08-22,2.16,38,0,56.84,0.0,,0,0,,,,Sessions beforeSep12 unavailable; Sep12 partial; property/retained starts unavailable; outcomes use occurrence day and exact stored IDs.
AD,120250674394090660,120250602165530660,2026-08-23,2.45,72,0,34.03,0.0,,0,0,,,,Sessions beforeSep12 unavailable; Sep12 partial; property/retained starts unavailable; outcomes use occurrence day and exact stored IDs.
AD,120250674394090660,120250602165530660,2026-08-24,1.03,24,0,42.92,0.0,,0,0,,,,Sessions beforeSep12 unavailable; Sep12 partial; property/retained starts unavailable; outcomes use occurrence day and exact stored IDs.
AD,120250674394090660,120250602165530660,2026-08-25,0.25,7,0,35.71,0.0,,0,0,,,,Sessions beforeSep12 unavailable; Sep12 partial; property/retained starts unavailable; outcomes use occurrence day and exact stored IDs.
AD,120250674395500660,120250602165530660,2026-08-17,0.47,14,0,33.57,0.0,,0,0,,,,Sessions beforeSep12 unavailable; Sep12 partial; property/retained starts unavailable; outcomes use occurrence day and exact stored IDs.
AD,120250674395500660,120250602165530660,2026-08-18,2.24,60,0,37.33,0.0,,0,0,,,,Sessions beforeSep12 unavailable; Sep12 partial; property/retained starts unavailable; outcomes use occurrence day and exact stored IDs.
AD,120250674395500660,120250602165530660,2026-08-19,1.49,48,0,31.04,0.0,,0,0,,,,Sessions beforeSep12 unavailable; Sep12 partial; property/retained starts unavailable; outcomes use occurrence day and exact stored IDs.
AD,120250674395500660,120250602165530660,2026-08-20,0.02,1,0,20.0,0.0,,0,0,,,,Sessions beforeSep12 unavailable; Sep12 partial; property/retained starts unavailable; outcomes use occurrence day and exact stored IDs.
AD,120250674395500660,120250602165530660,2026-08-25,0.26,8,0,32.5,0.0,,0,0,,,,Sessions beforeSep12 unavailable; Sep12 partial; property/retained starts unavailable; outcomes use occurrence day and exact stored IDs.
AD,120250674396310660,120250602165530660,2026-08-17,0.36,19,0,18.95,0.0,,0,0,,,,Sessions beforeSep12 unavailable; Sep12 partial; property/retained starts unavailable; outcomes use occurrence day and exact stored IDs.
AD,120250674396310660,120250602165530660,2026-08-18,1.11,10,0,111.0,0.0,,0,0,,,,Sessions beforeSep12 unavailable; Sep12 partial; property/retained starts unavailable; outcomes use occurrence day and exact stored IDs.
AD,120250674396310660,120250602165530660,2026-08-19,0.1,3,0,33.33,0.0,,0,0,,,,Sessions beforeSep12 unavailable; Sep12 partial; property/retained starts unavailable; outcomes use occurrence day and exact stored IDs.
AD,120250674396310660,120250602165530660,2026-08-21,0.07,1,0,70.0,0.0,,0,0,,,,Sessions beforeSep12 unavailable; Sep12 partial; property/retained starts unavailable; outcomes use occurrence day and exact stored IDs.
AD,120250674396310660,120250602165530660,2026-08-24,0.78,10,0,78.0,0.0,,0,0,,,,Sessions beforeSep12 unavailable; Sep12 partial; property/retained starts unavailable; outcomes use occurrence day and exact stored IDs.
AD,120250674396310660,120250602165530660,2026-08-25,0.49,8,0,61.25,0.0,,0,0,,,,Sessions beforeSep12 unavailable; Sep12 partial; property/retained starts unavailable; outcomes use occurrence day and exact stored IDs.
AD,120250674397270660,120250602165530660,2026-08-17,4.08,78,0,52.31,0.0,,0,0,,,,Sessions beforeSep12 unavailable; Sep12 partial; property/retained starts unavailable; outcomes use occurrence day and exact stored IDs.
AD,120250674397270660,120250602165530660,2026-08-18,2.94,57,0,51.58,0.0,,0,0,,,,Sessions beforeSep12 unavailable; Sep12 partial; property/retained starts unavailable; outcomes use occurrence day and exact stored IDs.
AD,120250674397270660,120250602165530660,2026-08-19,2.94,66,0,44.55,0.0,,0,0,,,,Sessions beforeSep12 unavailable; Sep12 partial; property/retained starts unavailable; outcomes use occurrence day and exact stored IDs.
AD,120250674397270660,120250602165530660,2026-08-20,0.44,3,0,146.67,0.0,,0,0,,,,Sessions beforeSep12 unavailable; Sep12 partial; property/retained starts unavailable; outcomes use occurrence day and exact stored IDs.
AD,120250674397270660,120250602165530660,2026-08-21,0.8,7,0,114.29,0.0,,0,0,,,,Sessions beforeSep12 unavailable; Sep12 partial; property/retained starts unavailable; outcomes use occurrence day and exact stored IDs.
AD,120250674397270660,120250602165530660,2026-08-22,0.49,7,0,70.0,0.0,,0,0,,,,Sessions beforeSep12 unavailable; Sep12 partial; property/retained starts unavailable; outcomes use occurrence day and exact stored IDs.
AD,120250674397270660,120250602165530660,2026-08-23,0.28,6,0,46.67,0.0,,0,0,,,,Sessions beforeSep12 unavailable; Sep12 partial; property/retained starts unavailable; outcomes use occurrence day and exact stored IDs.
AD,120250674397270660,120250602165530660,2026-08-24,0.07,3,1,23.33,33.333,0.07,0,0,,,,Sessions beforeSep12 unavailable; Sep12 partial; property/retained starts unavailable; outcomes use occurrence day and exact stored IDs.
AD,120250674397270660,120250602165530660,2026-08-25,0.22,4,0,55.0,0.0,,0,0,,,,Sessions beforeSep12 unavailable; Sep12 partial; property/retained starts unavailable; outcomes use occurrence day and exact stored IDs.
AD,120250674398280660,120250602165530660,2026-08-17,0.02,1,0,20.0,0.0,,0,0,,,,Sessions beforeSep12 unavailable; Sep12 partial; property/retained starts unavailable; outcomes use occurrence day and exact stored IDs.
AD,120250674398280660,120250602165530660,2026-08-18,3.77,399,1,9.45,0.251,3.77,0,0,,,,Sessions beforeSep12 unavailable; Sep12 partial; property/retained starts unavailable; outcomes use occurrence day and exact stored IDs.
AD,120250674398280660,120250602165530660,2026-08-19,9.64,1022,2,9.43,0.196,4.82,0,0,,,,Sessions beforeSep12 unavailable; Sep12 partial; property/retained starts unavailable; outcomes use occurrence day and exact stored IDs.
AD,120250674398280660,120250602165530660,2026-08-20,0.13,5,0,26.0,0.0,,0,0,,,,Sessions beforeSep12 unavailable; Sep12 partial; property/retained starts unavailable; outcomes use occurrence day and exact stored IDs.
AD,120250674398280660,120250602165530660,2026-08-21,0.08,7,0,11.43,0.0,,0,0,,,,Sessions beforeSep12 unavailable; Sep12 partial; property/retained starts unavailable; outcomes use occurrence day and exact stored IDs.
AD,120250674398280660,120250602165530660,2026-08-23,0.34,5,0,68.0,0.0,,0,0,,,,Sessions beforeSep12 unavailable; Sep12 partial; property/retained starts unavailable; outcomes use occurrence day and exact stored IDs.
AD,120250674398280660,120250602165530660,2026-08-25,0.21,4,0,52.5,0.0,,0,0,,,,Sessions beforeSep12 unavailable; Sep12 partial; property/retained starts unavailable; outcomes use occurrence day and exact stored IDs.
AD,120250674412700660,120250602165530660,2026-08-17,2.38,53,2,44.91,3.774,1.19,0,0,,,,Sessions beforeSep12 unavailable; Sep12 partial; property/retained starts unavailable; outcomes use occurrence day and exact stored IDs.
AD,120250674412700660,120250602165530660,2026-08-18,1.47,7,1,210.0,14.286,1.47,0,0,,,,Sessions beforeSep12 unavailable; Sep12 partial; property/retained starts unavailable; outcomes use occurrence day and exact stored IDs.
AD,120250674412700660,120250602165530660,2026-08-19,1.33,19,0,70.0,0.0,,0,0,,,,Sessions beforeSep12 unavailable; Sep12 partial; property/retained starts unavailable; outcomes use occurrence day and exact stored IDs.
AD,120250674412700660,120250602165530660,2026-08-20,0.13,2,0,65.0,0.0,,0,0,,,,Sessions beforeSep12 unavailable; Sep12 partial; property/retained starts unavailable; outcomes use occurrence day and exact stored IDs.
AD,120250674412700660,120250602165530660,2026-08-24,0.83,6,0,138.33,0.0,,0,0,,,,Sessions beforeSep12 unavailable; Sep12 partial; property/retained starts unavailable; outcomes use occurrence day and exact stored IDs.
AD,120250674412700660,120250602165530660,2026-08-25,0.82,13,0,63.08,0.0,,0,0,,,,Sessions beforeSep12 unavailable; Sep12 partial; property/retained starts unavailable; outcomes use occurrence day and exact stored IDs.
AD,120250674412700660,120250602165530660,2026-08-26,0.02,1,0,20.0,0.0,,0,0,,,,Sessions beforeSep12 unavailable; Sep12 partial; property/retained starts unavailable; outcomes use occurrence day and exact stored IDs.
AD,120250674414120660,120250602165530660,2026-08-17,0.72,24,0,30.0,0.0,,0,0,,,,Sessions beforeSep12 unavailable; Sep12 partial; property/retained starts unavailable; outcomes use occurrence day and exact stored IDs.
AD,120250674414120660,120250602165530660,2026-08-18,4.4,9,0,488.89,0.0,,0,0,,,,Sessions beforeSep12 unavailable; Sep12 partial; property/retained starts unavailable; outcomes use occurrence day and exact stored IDs.
AD,120250674414120660,120250602165530660,2026-08-19,0.95,12,0,79.17,0.0,,0,0,,,,Sessions beforeSep12 unavailable; Sep12 partial; property/retained starts unavailable; outcomes use occurrence day and exact stored IDs.
AD,120250674414120660,120250602165530660,2026-08-20,0.01,1,0,10.0,0.0,,0,0,,,,Sessions beforeSep12 unavailable; Sep12 partial; property/retained starts unavailable; outcomes use occurrence day and exact stored IDs.
AD,120250674414120660,120250602165530660,2026-08-23,0.22,3,0,73.33,0.0,,0,0,,,,Sessions beforeSep12 unavailable; Sep12 partial; property/retained starts unavailable; outcomes use occurrence day and exact stored IDs.
AD,120250674414120660,120250602165530660,2026-08-25,0.07,1,0,70.0,0.0,,0,0,,,,Sessions beforeSep12 unavailable; Sep12 partial; property/retained starts unavailable; outcomes use occurrence day and exact stored IDs.
AD,120250674414990660,120250602165530660,2026-08-17,0.5,9,0,55.56,0.0,,0,0,,,,Sessions beforeSep12 unavailable; Sep12 partial; property/retained starts unavailable; outcomes use occurrence day and exact stored IDs.
AD,120250674414990660,120250602165530660,2026-08-18,1.11,35,0,31.71,0.0,,0,0,,,,Sessions beforeSep12 unavailable; Sep12 partial; property/retained starts unavailable; outcomes use occurrence day and exact stored IDs.
AD,120250674414990660,120250602165530660,2026-08-19,0.14,8,0,17.5,0.0,,0,0,,,,Sessions beforeSep12 unavailable; Sep12 partial; property/retained starts unavailable; outcomes use occurrence day and exact stored IDs.
AD,120250674414990660,120250602165530660,2026-08-24,0.22,3,0,73.33,0.0,,0,0,,,,Sessions beforeSep12 unavailable; Sep12 partial; property/retained starts unavailable; outcomes use occurrence day and exact stored IDs.
AD,120250674414990660,120250602165530660,2026-08-26,0.05,1,0,50.0,0.0,,0,0,,,,Sessions beforeSep12 unavailable; Sep12 partial; property/retained starts unavailable; outcomes use occurrence day and exact stored IDs.
AD,120250674416470660,120250602165530660,2026-08-17,2.47,59,1,41.86,1.695,2.47,0,0,,,,Sessions beforeSep12 unavailable; Sep12 partial; property/retained starts unavailable; outcomes use occurrence day and exact stored IDs.
AD,120250674416470660,120250602165530660,2026-08-18,0.3,4,0,75.0,0.0,,0,0,,,,Sessions beforeSep12 unavailable; Sep12 partial; property/retained starts unavailable; outcomes use occurrence day and exact stored IDs.
AD,120250674416470660,120250602165530660,2026-08-19,0.04,1,0,40.0,0.0,,0,0,,,,Sessions beforeSep12 unavailable; Sep12 partial; property/retained starts unavailable; outcomes use occurrence day and exact stored IDs.
AD,120250674416470660,120250602165530660,2026-08-23,0.2,7,0,28.57,0.0,,0,0,,,,Sessions beforeSep12 unavailable; Sep12 partial; property/retained starts unavailable; outcomes use occurrence day and exact stored IDs.
AD,120250674416470660,120250602165530660,2026-08-24,0.11,2,0,55.0,0.0,,0,0,,,,Sessions beforeSep12 unavailable; Sep12 partial; property/retained starts unavailable; outcomes use occurrence day and exact stored IDs.
AD,120250674416470660,120250602165530660,2026-08-25,0.18,3,0,60.0,0.0,,0,0,,,,Sessions beforeSep12 unavailable; Sep12 partial; property/retained starts unavailable; outcomes use occurrence day and exact stored IDs.
AD,120250674417620660,120250602165530660,2026-08-17,11.36,177,1,64.18,0.565,11.36,0,0,,,,Sessions beforeSep12 unavailable; Sep12 partial; property/retained starts unavailable; outcomes use occurrence day and exact stored IDs.
AD,120250674417620660,120250602165530660,2026-08-18,41.22,911,7,45.25,0.768,5.89,2,2,20.61,,,Sessions beforeSep12 unavailable; Sep12 partial; property/retained starts unavailable; outcomes use occurrence day and exact stored IDs.
AD,120250674417620660,120250602165530660,2026-08-19,52.15,671,1,77.72,0.149,52.15,0,0,,,,Sessions beforeSep12 unavailable; Sep12 partial; property/retained starts unavailable; outcomes use occurrence day and exact stored IDs.
AD,120250674417620660,120250602165530660,2026-08-20,22.48,359,0,62.62,0.0,,0,0,,,,Sessions beforeSep12 unavailable; Sep12 partial; property/retained starts unavailable; outcomes use occurrence day and exact stored IDs.
AD,120250674417620660,120250602165530660,2026-08-21,19.86,320,4,62.06,1.25,4.96,0,0,,,,Sessions beforeSep12 unavailable; Sep12 partial; property/retained starts unavailable; outcomes use occurrence day and exact stored IDs.
AD,120250674417620660,120250602165530660,2026-08-22,11.52,169,0,68.17,0.0,,0,0,,,,Sessions beforeSep12 unavailable; Sep12 partial; property/retained starts unavailable; outcomes use occurrence day and exact stored IDs.
AD,120250674417620660,120250602165530660,2026-08-23,19.14,213,0,89.86,0.0,,0,0,,,,Sessions beforeSep12 unavailable; Sep12 partial; property/retained starts unavailable; outcomes use occurrence day and exact stored IDs.
AD,120250674417620660,120250602165530660,2026-08-24,5.63,119,0,47.31,0.0,,0,0,,,,Sessions beforeSep12 unavailable; Sep12 partial; property/retained starts unavailable; outcomes use occurrence day and exact stored IDs.
AD,120250674417620660,120250602165530660,2026-08-25,9.57,185,2,51.73,1.081,4.79,1,1,9.57,,,Sessions beforeSep12 unavailable; Sep12 partial; property/retained starts unavailable; outcomes use occurrence day and exact stored IDs.
AD,120250674417620660,120250602165530660,2026-08-26,6.19,113,1,54.78,0.885,6.19,0,0,,,,Sessions beforeSep12 unavailable; Sep12 partial; property/retained starts unavailable; outcomes use occurrence day and exact stored IDs.
AD,120250674418840660,120250602165530660,2026-08-17,1.93,24,0,80.42,0.0,,0,0,,,,Sessions beforeSep12 unavailable; Sep12 partial; property/retained starts unavailable; outcomes use occurrence day and exact stored IDs.
AD,120250674418840660,120250602165530660,2026-08-18,1.0,7,0,142.86,0.0,,0,0,,,,Sessions beforeSep12 unavailable; Sep12 partial; property/retained starts unavailable; outcomes use occurrence day and exact stored IDs.
AD,120250674418840660,120250602165530660,2026-08-19,0.22,4,0,55.0,0.0,,0,0,,,,Sessions beforeSep12 unavailable; Sep12 partial; property/retained starts unavailable; outcomes use occurrence day and exact stored IDs.
AD,120250674418840660,120250602165530660,2026-08-23,1.36,7,0,194.29,0.0,,0,0,,,,Sessions beforeSep12 unavailable; Sep12 partial; property/retained starts unavailable; outcomes use occurrence day and exact stored IDs.
AD,120250674418840660,120250602165530660,2026-08-24,0.29,11,0,26.36,0.0,,0,0,,,,Sessions beforeSep12 unavailable; Sep12 partial; property/retained starts unavailable; outcomes use occurrence day and exact stored IDs.
AD,120250674418840660,120250602165530660,2026-08-25,0.22,5,0,44.0,0.0,,0,0,,,,Sessions beforeSep12 unavailable; Sep12 partial; property/retained starts unavailable; outcomes use occurrence day and exact stored IDs.
AD,120250674419980660,120250602165530660,2026-08-17,0.97,24,0,40.42,0.0,,0,0,,,,Sessions beforeSep12 unavailable; Sep12 partial; property/retained starts unavailable; outcomes use occurrence day and exact stored IDs.
AD,120250674419980660,120250602165530660,2026-08-18,0.28,9,0,31.11,0.0,,0,0,,,,Sessions beforeSep12 unavailable; Sep12 partial; property/retained starts unavailable; outcomes use occurrence day and exact stored IDs.
AD,120250674419980660,120250602165530660,2026-08-19,0.52,28,0,18.57,0.0,,0,0,,,,Sessions beforeSep12 unavailable; Sep12 partial; property/retained starts unavailable; outcomes use occurrence day and exact stored IDs.
AD,120250674419980660,120250602165530660,2026-08-23,0.06,3,0,20.0,0.0,,0,0,,,,Sessions beforeSep12 unavailable; Sep12 partial; property/retained starts unavailable; outcomes use occurrence day and exact stored IDs.
AD,120250674419980660,120250602165530660,2026-08-25,0.21,2,0,105.0,0.0,,0,0,,,,Sessions beforeSep12 unavailable; Sep12 partial; property/retained starts unavailable; outcomes use occurrence day and exact stored IDs.
AD,120250674419980660,120250602165530660,2026-08-26,0.02,1,0,20.0,0.0,,0,0,,,,Sessions beforeSep12 unavailable; Sep12 partial; property/retained starts unavailable; outcomes use occurrence day and exact stored IDs.
AD,120250674420930660,120250602165530660,2026-08-17,0.12,7,0,17.14,0.0,,0,0,,,,Sessions beforeSep12 unavailable; Sep12 partial; property/retained starts unavailable; outcomes use occurrence day and exact stored IDs.
AD,120250674420930660,120250602165530660,2026-08-19,0.01,1,0,10.0,0.0,,0,0,,,,Sessions beforeSep12 unavailable; Sep12 partial; property/retained starts unavailable; outcomes use occurrence day and exact stored IDs.
AD,120250674420930660,120250602165530660,2026-08-24,0.36,3,0,120.0,0.0,,0,0,,,,Sessions beforeSep12 unavailable; Sep12 partial; property/retained starts unavailable; outcomes use occurrence day and exact stored IDs.
AD,120250674420930660,120250602165530660,2026-08-26,2.25,80,1,28.12,1.25,2.25,0,0,,,,Sessions beforeSep12 unavailable; Sep12 partial; property/retained starts unavailable; outcomes use occurrence day and exact stored IDs.
AD,120250674422240660,120250602165530660,2026-08-17,0.42,8,0,52.5,0.0,,0,0,,,,Sessions beforeSep12 unavailable; Sep12 partial; property/retained starts unavailable; outcomes use occurrence day and exact stored IDs.
AD,120250674422240660,120250602165530660,2026-08-18,13.73,1199,6,11.45,0.5,2.29,0,0,,,,Sessions beforeSep12 unavailable; Sep12 partial; property/retained starts unavailable; outcomes use occurrence day and exact stored IDs.
AD,120250674422240660,120250602165530660,2026-08-19,0.95,30,0,31.67,0.0,,0,0,,,,Sessions beforeSep12 unavailable; Sep12 partial; property/retained starts unavailable; outcomes use occurrence day and exact stored IDs.
AD,120250674422240660,120250602165530660,2026-08-20,0.02,2,0,10.0,0.0,,0,0,,,,Sessions beforeSep12 unavailable; Sep12 partial; property/retained starts unavailable; outcomes use occurrence day and exact stored IDs.
AD,120250674422240660,120250602165530660,2026-08-21,0.22,3,0,73.33,0.0,,0,0,,,,Sessions beforeSep12 unavailable; Sep12 partial; property/retained starts unavailable; outcomes use occurrence day and exact stored IDs.
AD,120250674422240660,120250602165530660,2026-08-23,0.18,3,0,60.0,0.0,,0,0,,,,Sessions beforeSep12 unavailable; Sep12 partial; property/retained starts unavailable; outcomes use occurrence day and exact stored IDs.
AD,120250674422240660,120250602165530660,2026-08-24,0.15,2,0,75.0,0.0,,0,0,,,,Sessions beforeSep12 unavailable; Sep12 partial; property/retained starts unavailable; outcomes use occurrence day and exact stored IDs.
AD,120250674422240660,120250602165530660,2026-08-26,0.01,6,0,1.67,0.0,,0,0,,,,Sessions beforeSep12 unavailable; Sep12 partial; property/retained starts unavailable; outcomes use occurrence day and exact stored IDs.
AD,120250674423310660,120250602165530660,2026-08-17,0.01,1,0,10.0,0.0,,0,0,,,,Sessions beforeSep12 unavailable; Sep12 partial; property/retained starts unavailable; outcomes use occurrence day and exact stored IDs.
AD,120250674423310660,120250602165530660,2026-08-18,0.73,5,0,146.0,0.0,,0,0,,,,Sessions beforeSep12 unavailable; Sep12 partial; property/retained starts unavailable; outcomes use occurrence day and exact stored IDs.
AD,120250674423310660,120250602165530660,2026-08-21,0.0,1,0,0.0,0.0,,0,0,,,,Sessions beforeSep12 unavailable; Sep12 partial; property/retained starts unavailable; outcomes use occurrence day and exact stored IDs.
AD,120250674424640660,120250602165530660,2026-08-17,5.84,114,2,51.23,1.754,2.92,0,0,,,,Sessions beforeSep12 unavailable; Sep12 partial; property/retained starts unavailable; outcomes use occurrence day and exact stored IDs.
AD,120250674424640660,120250602165530660,2026-08-18,14.19,134,1,105.9,0.746,14.19,0,0,,,,Sessions beforeSep12 unavailable; Sep12 partial; property/retained starts unavailable; outcomes use occurrence day and exact stored IDs.
AD,120250674424640660,120250602165530660,2026-08-19,6.98,90,0,77.56,0.0,,0,0,,,,Sessions beforeSep12 unavailable; Sep12 partial; property/retained starts unavailable; outcomes use occurrence day and exact stored IDs.
AD,120250674424640660,120250602165530660,2026-08-20,2.33,42,0,55.48,0.0,,0,0,,,,Sessions beforeSep12 unavailable; Sep12 partial; property/retained starts unavailable; outcomes use occurrence day and exact stored IDs.
AD,120250674424640660,120250602165530660,2026-08-21,2.08,42,0,49.52,0.0,,0,0,,,,Sessions beforeSep12 unavailable; Sep12 partial; property/retained starts unavailable; outcomes use occurrence day and exact stored IDs.
AD,120250674424640660,120250602165530660,2026-08-22,4.5,69,1,65.22,1.449,4.5,0,0,,,,Sessions beforeSep12 unavailable; Sep12 partial; property/retained starts unavailable; outcomes use occurrence day and exact stored IDs.
AD,120250674424640660,120250602165530660,2026-08-23,7.06,84,1,84.05,1.19,7.06,0,0,,,,Sessions beforeSep12 unavailable; Sep12 partial; property/retained starts unavailable; outcomes use occurrence day and exact stored IDs.
AD,120250674424640660,120250602165530660,2026-08-24,1.95,46,0,42.39,0.0,,0,0,,,,Sessions beforeSep12 unavailable; Sep12 partial; property/retained starts unavailable; outcomes use occurrence day and exact stored IDs.
AD,120250674424640660,120250602165530660,2026-08-25,6.29,113,1,55.66,0.885,6.29,0,0,,,,Sessions beforeSep12 unavailable; Sep12 partial; property/retained starts unavailable; outcomes use occurrence day and exact stored IDs.
AD,120250674424640660,120250602165530660,2026-08-26,1.65,62,0,26.61,0.0,,0,0,,,,Sessions beforeSep12 unavailable; Sep12 partial; property/retained starts unavailable; outcomes use occurrence day and exact stored IDs.
AD,120250674433750660,120250602165530660,2026-08-17,1.31,32,0,40.94,0.0,,0,0,,,,Sessions beforeSep12 unavailable; Sep12 partial; property/retained starts unavailable; outcomes use occurrence day and exact stored IDs.
AD,120250674433750660,120250602165530660,2026-08-18,0.79,14,0,56.43,0.0,,0,0,,,,Sessions beforeSep12 unavailable; Sep12 partial; property/retained starts unavailable; outcomes use occurrence day and exact stored IDs.
AD,120250674433750660,120250602165530660,2026-08-19,0.13,7,1,18.57,14.286,0.13,0,0,,,,Sessions beforeSep12 unavailable; Sep12 partial; property/retained starts unavailable; outcomes use occurrence day and exact stored IDs.
AD,120250674433750660,120250602165530660,2026-08-22,0.02,1,0,20.0,0.0,,0,0,,,,Sessions beforeSep12 unavailable; Sep12 partial; property/retained starts unavailable; outcomes use occurrence day and exact stored IDs.
AD,120250674433750660,120250602165530660,2026-08-25,0.01,1,0,10.0,0.0,,0,0,,,,Sessions beforeSep12 unavailable; Sep12 partial; property/retained starts unavailable; outcomes use occurrence day and exact stored IDs.
AD,120250729050320660,120250602165530660,2026-08-20,15.22,518,7,29.38,1.351,2.17,1,1,15.22,,,Sessions beforeSep12 unavailable; Sep12 partial; property/retained starts unavailable; outcomes use occurrence day and exact stored IDs.
AD,120250729050320660,120250602165530660,2026-08-21,42.61,1534,15,27.78,0.978,2.84,2,2,21.3,,,Sessions beforeSep12 unavailable; Sep12 partial; property/retained starts unavailable; outcomes use occurrence day and exact stored IDs.
AD,120250729050320660,120250602165530660,2026-08-22,29.76,1232,18,24.16,1.461,1.65,4,4,7.44,,,Sessions beforeSep12 unavailable; Sep12 partial; property/retained starts unavailable; outcomes use occurrence day and exact stored IDs.
AD,120250729050320660,120250602165530660,2026-08-23,55.53,2408,21,23.06,0.872,2.64,2,2,27.77,,,Sessions beforeSep12 unavailable; Sep12 partial; property/retained starts unavailable; outcomes use occurrence day and exact stored IDs.
AD,120250729050320660,120250602165530660,2026-08-24,122.11,5646,81,21.63,1.435,1.51,6,6,20.35,,,Sessions beforeSep12 unavailable; Sep12 partial; property/retained starts unavailable; outcomes use occurrence day and exact stored IDs.
AD,120250729050320660,120250602165530660,2026-08-25,66.9,3236,48,20.67,1.483,1.39,0,0,,,,Sessions beforeSep12 unavailable; Sep12 partial; property/retained starts unavailable; outcomes use occurrence day and exact stored IDs.
AD,120250729050320660,120250602165530660,2026-08-26,90.61,2817,34,32.17,1.207,2.67,3,3,30.2,,,Sessions beforeSep12 unavailable; Sep12 partial; property/retained starts unavailable; outcomes use occurrence day and exact stored IDs.
AD,120250729050320660,120250602165530660,2026-08-27,138.3,5912,68,23.39,1.15,2.03,5,5,27.66,,,Sessions beforeSep12 unavailable; Sep12 partial; property/retained starts unavailable; outcomes use occurrence day and exact stored IDs.
AD,120250729050320660,120250602165530660,2026-08-28,105.18,3824,30,27.51,0.785,3.51,3,3,35.06,,,Sessions beforeSep12 unavailable; Sep12 partial; property/retained starts unavailable; outcomes use occurrence day and exact stored IDs.
AD,120250729050320660,120250602165530660,2026-08-29,101.41,3963,36,25.59,0.908,2.82,6,6,16.9,,,Sessions beforeSep12 unavailable; Sep12 partial; property/retained starts unavailable; outcomes use occurrence day and exact stored IDs.
AD,120250729050320660,120250602165530660,2026-08-30,139.84,6104,67,22.91,1.098,2.09,7,7,19.98,,,Sessions beforeSep12 unavailable; Sep12 partial; property/retained starts unavailable; outcomes use occurrence day and exact stored IDs.
AD,120250729050320660,120250602165530660,2026-08-31,125.23,5906,70,21.2,1.185,1.79,1,1,125.23,,,Sessions beforeSep12 unavailable; Sep12 partial; property/retained starts unavailable; outcomes use occurrence day and exact stored IDs.
AD,120250729050320660,120250602165530660,2026-09-01,118.43,5443,36,21.76,0.661,3.29,1,1,118.43,,,Sessions beforeSep12 unavailable; Sep12 partial; property/retained starts unavailable; outcomes use occurrence day and exact stored IDs.
AD,120250729050320660,120250602165530660,2026-09-02,113.86,4986,36,22.84,0.722,3.16,0,0,,,,Sessions beforeSep12 unavailable; Sep12 partial; property/retained starts unavailable; outcomes use occurrence day and exact stored IDs.
AD,120250893042460660,120250602165530660,2026-09-03,36.29,371,1,97.82,0.27,36.29,0,0,,,,Sessions beforeSep12 unavailable; Sep12 partial; property/retained starts unavailable; outcomes use occurrence day and exact stored IDs.
AD,120250893042460660,120250602165530660,2026-09-04,32.24,344,1,93.72,0.291,32.24,0,0,,,,Sessions beforeSep12 unavailable; Sep12 partial; property/retained starts unavailable; outcomes use occurrence day and exact stored IDs.
AD,120250893042460660,120250602165530660,2026-09-05,21.66,247,1,87.69,0.405,21.66,0,0,,,,Sessions beforeSep12 unavailable; Sep12 partial; property/retained starts unavailable; outcomes use occurrence day and exact stored IDs.
AD,120250893042460660,120250602165530660,2026-09-06,47.89,449,5,106.66,1.114,9.58,1,1,47.89,,,Sessions beforeSep12 unavailable; Sep12 partial; property/retained starts unavailable; outcomes use occurrence day and exact stored IDs.
AD,120250893042460660,120250602165530660,2026-09-07,45.83,307,3,149.28,0.977,15.28,1,1,45.83,,,Sessions beforeSep12 unavailable; Sep12 partial; property/retained starts unavailable; outcomes use occurrence day and exact stored IDs.
AD,120250893042460660,120250602165530660,2026-09-08,29.36,235,2,124.94,0.851,14.68,0,0,,,,Sessions beforeSep12 unavailable; Sep12 partial; property/retained starts unavailable; outcomes use occurrence day and exact stored IDs.
AD,120250893042460660,120250602165530660,2026-09-09,0.03,3,0,10.0,0.0,,0,0,,,,Sessions beforeSep12 unavailable; Sep12 partial; property/retained starts unavailable; outcomes use occurrence day and exact stored IDs.
AD,120250893044620660,120250602165530660,2026-09-03,33.52,334,1,100.36,0.299,33.52,1,1,33.52,,,Sessions beforeSep12 unavailable; Sep12 partial; property/retained starts unavailable; outcomes use occurrence day and exact stored IDs.
AD,120250893044620660,120250602165530660,2026-09-04,24.12,220,0,109.64,0.0,,0,0,,,,Sessions beforeSep12 unavailable; Sep12 partial; property/retained starts unavailable; outcomes use occurrence day and exact stored IDs.
AD,120250893044620660,120250602165530660,2026-09-05,17.55,235,1,74.68,0.426,17.55,0,0,,,,Sessions beforeSep12 unavailable; Sep12 partial; property/retained starts unavailable; outcomes use occurrence day and exact stored IDs.
AD,120250893044620660,120250602165530660,2026-09-06,40.12,335,4,119.76,1.194,10.03,0,0,,,,Sessions beforeSep12 unavailable; Sep12 partial; property/retained starts unavailable; outcomes use occurrence day and exact stored IDs.
AD,120250893044620660,120250602165530660,2026-09-07,41.01,369,1,111.14,0.271,41.01,0,0,,,,Sessions beforeSep12 unavailable; Sep12 partial; property/retained starts unavailable; outcomes use occurrence day and exact stored IDs.
AD,120250893044620660,120250602165530660,2026-09-08,29.99,225,0,133.29,0.0,,0,0,,,,Sessions beforeSep12 unavailable; Sep12 partial; property/retained starts unavailable; outcomes use occurrence day and exact stored IDs.
AD,120250893046380660,120250602165530660,2026-09-03,0.25,18,0,13.89,0.0,,0,0,,,,Sessions beforeSep12 unavailable; Sep12 partial; property/retained starts unavailable; outcomes use occurrence day and exact stored IDs.
AD,120250893046380660,120250602165530660,2026-09-04,0.61,32,0,19.06,0.0,,0,0,,,,Sessions beforeSep12 unavailable; Sep12 partial; property/retained starts unavailable; outcomes use occurrence day and exact stored IDs.
AD,120250893046380660,120250602165530660,2026-09-05,0.18,2,0,90.0,0.0,,0,0,,,,Sessions beforeSep12 unavailable; Sep12 partial; property/retained starts unavailable; outcomes use occurrence day and exact stored IDs.
AD,120250893046380660,120250602165530660,2026-09-06,0.02,2,0,10.0,0.0,,0,0,,,,Sessions beforeSep12 unavailable; Sep12 partial; property/retained starts unavailable; outcomes use occurrence day and exact stored IDs.
AD,120250893046380660,120250602165530660,2026-09-08,0.02,2,0,10.0,0.0,,0,0,,,,Sessions beforeSep12 unavailable; Sep12 partial; property/retained starts unavailable; outcomes use occurrence day and exact stored IDs.
AD,120250893048720660,120250602165530660,2026-09-03,45.67,1199,11,38.09,0.917,4.15,1,1,45.67,,,Sessions beforeSep12 unavailable; Sep12 partial; property/retained starts unavailable; outcomes use occurrence day and exact stored IDs.
AD,120250893048720660,120250602165530660,2026-09-04,35.3,1062,6,33.24,0.565,5.88,0,0,,,,Sessions beforeSep12 unavailable; Sep12 partial; property/retained starts unavailable; outcomes use occurrence day and exact stored IDs.
AD,120250893048720660,120250602165530660,2026-09-05,53.28,1273,4,41.85,0.314,13.32,0,0,,,,Sessions beforeSep12 unavailable; Sep12 partial; property/retained starts unavailable; outcomes use occurrence day and exact stored IDs.
AD,120250893048720660,120250602165530660,2026-09-06,43.89,925,3,47.45,0.324,14.63,0,0,,,,Sessions beforeSep12 unavailable; Sep12 partial; property/retained starts unavailable; outcomes use occurrence day and exact stored IDs.
AD,120250893048720660,120250602165530660,2026-09-07,35.15,720,4,48.82,0.556,8.79,0,0,,,,Sessions beforeSep12 unavailable; Sep12 partial; property/retained starts unavailable; outcomes use occurrence day and exact stored IDs.
AD,120250893048720660,120250602165530660,2026-09-08,43.43,948,4,45.81,0.422,10.86,0,0,,,,Sessions beforeSep12 unavailable; Sep12 partial; property/retained starts unavailable; outcomes use occurrence day and exact stored IDs.
AD,120250893048720660,120250602165530660,2026-09-09,0.95,17,0,55.88,0.0,,0,0,,,,Sessions beforeSep12 unavailable; Sep12 partial; property/retained starts unavailable; outcomes use occurrence day and exact stored IDs.
AD,120250893051390660,120250602165530660,2026-09-03,21.46,597,3,35.95,0.503,7.15,0,0,,,,Sessions beforeSep12 unavailable; Sep12 partial; property/retained starts unavailable; outcomes use occurrence day and exact stored IDs.
AD,120250893051390660,120250602165530660,2026-09-04,19.42,414,1,46.91,0.242,19.42,0,0,,,,Sessions beforeSep12 unavailable; Sep12 partial; property/retained starts unavailable; outcomes use occurrence day and exact stored IDs.
AD,120250893051390660,120250602165530660,2026-09-05,18.97,440,0,43.11,0.0,,0,0,,,,Sessions beforeSep12 unavailable; Sep12 partial; property/retained starts unavailable; outcomes use occurrence day and exact stored IDs.
AD,120250893051390660,120250602165530660,2026-09-06,27.72,661,4,41.94,0.605,6.93,0,0,,,,Sessions beforeSep12 unavailable; Sep12 partial; property/retained starts unavailable; outcomes use occurrence day and exact stored IDs.
AD,120250893051390660,120250602165530660,2026-09-07,22.06,439,1,50.25,0.228,22.06,0,0,,,,Sessions beforeSep12 unavailable; Sep12 partial; property/retained starts unavailable; outcomes use occurrence day and exact stored IDs.
AD,120250893051390660,120250602165530660,2026-09-08,12.53,240,0,52.21,0.0,,0,0,,,,Sessions beforeSep12 unavailable; Sep12 partial; property/retained starts unavailable; outcomes use occurrence day and exact stored IDs.
AD,120250893051390660,120250602165530660,2026-09-09,0.81,16,0,50.62,0.0,,0,0,,,,Sessions beforeSep12 unavailable; Sep12 partial; property/retained starts unavailable; outcomes use occurrence day and exact stored IDs.
AD,120250893053810660,120250602165530660,2026-09-03,18.48,423,2,43.69,0.473,9.24,0,0,,,,Sessions beforeSep12 unavailable; Sep12 partial; property/retained starts unavailable; outcomes use occurrence day and exact stored IDs.
AD,120250893053810660,120250602165530660,2026-09-04,24.84,751,3,33.08,0.399,8.28,0,0,,,,Sessions beforeSep12 unavailable; Sep12 partial; property/retained starts unavailable; outcomes use occurrence day and exact stored IDs.
AD,120250893053810660,120250602165530660,2026-09-05,16.6,648,4,25.62,0.617,4.15,0,0,,,,Sessions beforeSep12 unavailable; Sep12 partial; property/retained starts unavailable; outcomes use occurrence day and exact stored IDs.
AD,120250893053810660,120250602165530660,2026-09-06,21.87,578,3,37.84,0.519,7.29,0,0,,,,Sessions beforeSep12 unavailable; Sep12 partial; property/retained starts unavailable; outcomes use occurrence day and exact stored IDs.
AD,120250893053810660,120250602165530660,2026-09-07,18.01,278,2,64.78,0.719,9.01,0,0,,,,Sessions beforeSep12 unavailable; Sep12 partial; property/retained starts unavailable; outcomes use occurrence day and exact stored IDs.
AD,120250893053810660,120250602165530660,2026-09-08,19.68,356,3,55.28,0.843,6.56,0,0,,,,Sessions beforeSep12 unavailable; Sep12 partial; property/retained starts unavailable; outcomes use occurrence day and exact stored IDs.
AD,120250893053810660,120250602165530660,2026-09-09,0.35,8,0,43.75,0.0,,0,0,,,,Sessions beforeSep12 unavailable; Sep12 partial; property/retained starts unavailable; outcomes use occurrence day and exact stored IDs.
AD,120250893055820660,120250602165530660,2026-09-03,19.44,501,4,38.8,0.798,4.86,1,1,19.44,,,Sessions beforeSep12 unavailable; Sep12 partial; property/retained starts unavailable; outcomes use occurrence day and exact stored IDs.
AD,120250893055820660,120250602165530660,2026-09-04,20.41,436,7,46.81,1.606,2.92,0,0,,,,Sessions beforeSep12 unavailable; Sep12 partial; property/retained starts unavailable; outcomes use occurrence day and exact stored IDs.
AD,120250893055820660,120250602165530660,2026-09-05,19.84,534,0,37.15,0.0,,0,0,,,,Sessions beforeSep12 unavailable; Sep12 partial; property/retained starts unavailable; outcomes use occurrence day and exact stored IDs.
AD,120250893055820660,120250602165530660,2026-09-06,25.23,546,1,46.21,0.183,25.23,0,0,,,,Sessions beforeSep12 unavailable; Sep12 partial; property/retained starts unavailable; outcomes use occurrence day and exact stored IDs.
AD,120250893055820660,120250602165530660,2026-09-07,24.11,526,2,45.84,0.38,12.05,1,1,24.11,,,Sessions beforeSep12 unavailable; Sep12 partial; property/retained starts unavailable; outcomes use occurrence day and exact stored IDs.
AD,120250893055820660,120250602165530660,2026-09-08,21.23,460,5,46.15,1.087,4.25,0,0,,,,Sessions beforeSep12 unavailable; Sep12 partial; property/retained starts unavailable; outcomes use occurrence day and exact stored IDs.
AD,120250893055820660,120250602165530660,2026-09-09,22.12,391,2,56.57,0.512,11.06,0,0,,,,Sessions beforeSep12 unavailable; Sep12 partial; property/retained starts unavailable; outcomes use occurrence day and exact stored IDs.
AD,120250893055820660,120250602165530660,2026-09-10,13.96,288,1,48.47,0.347,13.96,0,0,,,,Sessions beforeSep12 unavailable; Sep12 partial; property/retained starts unavailable; outcomes use occurrence day and exact stored IDs.
AD,120250893055820660,120250602165530660,2026-09-11,22.59,393,4,57.48,1.018,5.65,0,0,,,,Sessions beforeSep12 unavailable; Sep12 partial; property/retained starts unavailable; outcomes use occurrence day and exact stored IDs.
AD,120250893055820660,120250602165530660,2026-09-12,5.01,132,0,37.95,0.0,,0,0,,0,,Sessions beforeSep12 unavailable; Sep12 partial; property/retained starts unavailable; outcomes use occurrence day and exact stored IDs.
AD,120250893057510660,120250602165530660,2026-09-03,16.8,531,3,31.64,0.565,5.6,0,0,,,,Sessions beforeSep12 unavailable; Sep12 partial; property/retained starts unavailable; outcomes use occurrence day and exact stored IDs.
AD,120250893057510660,120250602165530660,2026-09-04,21.55,516,1,41.76,0.194,21.55,0,0,,,,Sessions beforeSep12 unavailable; Sep12 partial; property/retained starts unavailable; outcomes use occurrence day and exact stored IDs.
AD,120250893057510660,120250602165530660,2026-09-05,21.16,560,1,37.79,0.179,21.16,0,0,,,,Sessions beforeSep12 unavailable; Sep12 partial; property/retained starts unavailable; outcomes use occurrence day and exact stored IDs.
AD,120250893057510660,120250602165530660,2026-09-06,23.2,469,4,49.47,0.853,5.8,0,0,,,,Sessions beforeSep12 unavailable; Sep12 partial; property/retained starts unavailable; outcomes use occurrence day and exact stored IDs.
AD,120250893057510660,120250602165530660,2026-09-07,14.58,241,1,60.5,0.415,14.58,0,0,,,,Sessions beforeSep12 unavailable; Sep12 partial; property/retained starts unavailable; outcomes use occurrence day and exact stored IDs.
AD,120250893057510660,120250602165530660,2026-09-08,13.95,284,0,49.12,0.0,,0,0,,,,Sessions beforeSep12 unavailable; Sep12 partial; property/retained starts unavailable; outcomes use occurrence day and exact stored IDs.
AD,120250893057510660,120250602165530660,2026-09-09,1.18,10,0,118.0,0.0,,0,0,,,,Sessions beforeSep12 unavailable; Sep12 partial; property/retained starts unavailable; outcomes use occurrence day and exact stored IDs.
AD,120250893059540660,120250602165530660,2026-09-03,16.4,611,1,26.84,0.164,16.4,0,0,,,,Sessions beforeSep12 unavailable; Sep12 partial; property/retained starts unavailable; outcomes use occurrence day and exact stored IDs.
AD,120250893059540660,120250602165530660,2026-09-04,25.28,825,6,30.64,0.727,4.21,0,0,,,,Sessions beforeSep12 unavailable; Sep12 partial; property/retained starts unavailable; outcomes use occurrence day and exact stored IDs.
AD,120250893059540660,120250602165530660,2026-09-05,18.49,744,3,24.85,0.403,6.16,0,0,,,,Sessions beforeSep12 unavailable; Sep12 partial; property/retained starts unavailable; outcomes use occurrence day and exact stored IDs.
AD,120250893059540660,120250602165530660,2026-09-06,21.78,706,5,30.85,0.708,4.36,1,1,21.78,,,Sessions beforeSep12 unavailable; Sep12 partial; property/retained starts unavailable; outcomes use occurrence day and exact stored IDs.
AD,120250893059540660,120250602165530660,2026-09-07,22.14,608,3,36.41,0.493,7.38,0,0,,,,Sessions beforeSep12 unavailable; Sep12 partial; property/retained starts unavailable; outcomes use occurrence day and exact stored IDs.
AD,120250893059540660,120250602165530660,2026-09-08,15.58,606,4,25.71,0.66,3.9,0,0,,,,Sessions beforeSep12 unavailable; Sep12 partial; property/retained starts unavailable; outcomes use occurrence day and exact stored IDs.
AD,120250893059540660,120250602165530660,2026-09-09,0.88,22,1,40.0,4.545,0.88,0,0,,,,Sessions beforeSep12 unavailable; Sep12 partial; property/retained starts unavailable; outcomes use occurrence day and exact stored IDs.
AD,120251012011470660,120250602165530660,2026-09-09,39.94,1194,10,33.45,0.838,3.99,1,1,39.94,,,Sessions beforeSep12 unavailable; Sep12 partial; property/retained starts unavailable; outcomes use occurrence day and exact stored IDs.
AD,120251012011470660,120250602165530660,2026-09-10,26.93,782,5,34.44,0.639,5.39,0,0,,,,Sessions beforeSep12 unavailable; Sep12 partial; property/retained starts unavailable; outcomes use occurrence day and exact stored IDs.
AD,120251012011950660,120250602165530660,2026-09-09,12.85,225,2,57.11,0.889,6.42,0,0,,,,Sessions beforeSep12 unavailable; Sep12 partial; property/retained starts unavailable; outcomes use occurrence day and exact stored IDs.
AD,120251012011950660,120250602165530660,2026-09-10,4.78,77,0,62.08,0.0,,0,0,,,,Sessions beforeSep12 unavailable; Sep12 partial; property/retained starts unavailable; outcomes use occurrence day and exact stored IDs.
AD,120251012013200660,120250602165530660,2026-09-09,13.8,177,1,77.97,0.565,13.8,0,0,,,,Sessions beforeSep12 unavailable; Sep12 partial; property/retained starts unavailable; outcomes use occurrence day and exact stored IDs.
AD,120251012013200660,120250602165530660,2026-09-10,3.99,49,0,81.43,0.0,,0,0,,,,Sessions beforeSep12 unavailable; Sep12 partial; property/retained starts unavailable; outcomes use occurrence day and exact stored IDs.
AD,120251012013200660,120250602165530660,2026-09-11,0.02,1,0,20.0,0.0,,0,0,,,,Sessions beforeSep12 unavailable; Sep12 partial; property/retained starts unavailable; outcomes use occurrence day and exact stored IDs.
AD,120251012013200660,120250602165530660,2026-09-14,0.09,1,0,90.0,0.0,,0,0,,0,,Sessions beforeSep12 unavailable; Sep12 partial; property/retained starts unavailable; outcomes use occurrence day and exact stored IDs.
AD,120251012014290660,120250602165530660,2026-09-09,69.24,1366,9,50.69,0.659,7.69,0,0,,,,Sessions beforeSep12 unavailable; Sep12 partial; property/retained starts unavailable; outcomes use occurrence day and exact stored IDs.
AD,120251012014290660,120250602165530660,2026-09-10,76.58,1771,14,43.24,0.791,5.47,3,3,25.53,,,Sessions beforeSep12 unavailable; Sep12 partial; property/retained starts unavailable; outcomes use occurrence day and exact stored IDs.
AD,120251012014290660,120250602165530660,2026-09-11,63.32,1626,14,38.94,0.861,4.52,0,0,,,,Sessions beforeSep12 unavailable; Sep12 partial; property/retained starts unavailable; outcomes use occurrence day and exact stored IDs.
AD,120251012014290660,120250602165530660,2026-09-12,48.08,1378,7,34.89,0.508,6.87,0,0,,0,,Sessions beforeSep12 unavailable; Sep12 partial; property/retained starts unavailable; outcomes use occurrence day and exact stored IDs.
AD,120251012014290660,120250602165530660,2026-09-13,55.77,1415,10,39.41,0.707,5.58,0,0,,9,,Sessions beforeSep12 unavailable; Sep12 partial; property/retained starts unavailable; outcomes use occurrence day and exact stored IDs.
AD,120251012014290660,120250602165530660,2026-09-14,40.79,732,3,55.72,0.41,13.6,1,1,40.79,4,,Sessions beforeSep12 unavailable; Sep12 partial; property/retained starts unavailable; outcomes use occurrence day and exact stored IDs.
AD,120251012014290660,120250602165530660,2026-09-15,65.94,1461,6,45.13,0.411,10.99,1,1,65.94,6,,Sessions beforeSep12 unavailable; Sep12 partial; property/retained starts unavailable; outcomes use occurrence day and exact stored IDs.
AD,120251012014290660,120250602165530660,2026-09-16,52.78,1263,8,41.79,0.633,6.6,1,1,52.78,8,,Sessions beforeSep12 unavailable; Sep12 partial; property/retained starts unavailable; outcomes use occurrence day and exact stored IDs.
AD,120251012014290660,120250602165530660,2026-09-17,50.35,980,2,51.38,0.204,25.18,1,1,50.35,4,,Sessions beforeSep12 unavailable; Sep12 partial; property/retained starts unavailable; outcomes use occurrence day and exact stored IDs.
AD,120251012014290660,120250602165530660,2026-09-18,43.46,962,1,45.18,0.104,43.46,0,0,,1,,Sessions beforeSep12 unavailable; Sep12 partial; property/retained starts unavailable; outcomes use occurrence day and exact stored IDs.
AD,120251012014630660,120250602165530660,2026-09-09,114.81,2880,23,39.86,0.799,4.99,1,0,114.81,,,Sessions beforeSep12 unavailable; Sep12 partial; property/retained starts unavailable; outcomes use occurrence day and exact stored IDs.
AD,120251012014630660,120250602165530660,2026-09-10,127.83,3551,26,36.0,0.732,4.92,0,0,,,,Sessions beforeSep12 unavailable; Sep12 partial; property/retained starts unavailable; outcomes use occurrence day and exact stored IDs.
AD,120251012014630660,120250602165530660,2026-09-11,87.52,2023,15,43.26,0.741,5.83,0,0,,,,Sessions beforeSep12 unavailable; Sep12 partial; property/retained starts unavailable; outcomes use occurrence day and exact stored IDs.
AD,120251012014630660,120250602165530660,2026-09-12,23.71,344,2,68.92,0.581,11.86,0,0,,0,,Sessions beforeSep12 unavailable; Sep12 partial; property/retained starts unavailable; outcomes use occurrence day and exact stored IDs.
AD,120251012014630660,120250602165530660,2026-09-13,9.05,171,0,52.92,0.0,,0,0,,0,,Sessions beforeSep12 unavailable; Sep12 partial; property/retained starts unavailable; outcomes use occurrence day and exact stored IDs.
AD,120251012014630660,120250602165530660,2026-09-14,7.28,116,0,62.76,0.0,,0,0,,0,,Sessions beforeSep12 unavailable; Sep12 partial; property/retained starts unavailable; outcomes use occurrence day and exact stored IDs.
AD,120251012014630660,120250602165530660,2026-09-15,3.2,37,0,86.49,0.0,,0,0,,0,,Sessions beforeSep12 unavailable; Sep12 partial; property/retained starts unavailable; outcomes use occurrence day and exact stored IDs.
AD,120251012014630660,120250602165530660,2026-09-16,5.74,75,2,76.53,2.667,2.87,0,0,,2,,Sessions beforeSep12 unavailable; Sep12 partial; property/retained starts unavailable; outcomes use occurrence day and exact stored IDs.
AD,120251012014630660,120250602165530660,2026-09-17,0.05,3,0,16.67,0.0,,0,0,,0,,Sessions beforeSep12 unavailable; Sep12 partial; property/retained starts unavailable; outcomes use occurrence day and exact stored IDs.
AD,120251012014630660,120250602165530660,2026-09-18,2.24,20,0,112.0,0.0,,0,0,,0,,Sessions beforeSep12 unavailable; Sep12 partial; property/retained starts unavailable; outcomes use occurrence day and exact stored IDs.
AD,120251012015050660,120250602165530660,2026-09-09,96.47,1406,6,68.61,0.427,16.08,1,1,96.47,,,Sessions beforeSep12 unavailable; Sep12 partial; property/retained starts unavailable; outcomes use occurrence day and exact stored IDs.
AD,120251012015050660,120250602165530660,2026-09-10,77.24,1251,7,61.74,0.56,11.03,1,1,77.24,,,Sessions beforeSep12 unavailable; Sep12 partial; property/retained starts unavailable; outcomes use occurrence day and exact stored IDs.
AD,120251012015050660,120250602165530660,2026-09-11,42.8,545,5,78.53,0.917,8.56,1,1,42.8,,,Sessions beforeSep12 unavailable; Sep12 partial; property/retained starts unavailable; outcomes use occurrence day and exact stored IDs.
AD,120251012015050660,120250602165530660,2026-09-12,70.9,1337,11,53.03,0.823,6.45,1,1,70.9,0,,Sessions beforeSep12 unavailable; Sep12 partial; property/retained starts unavailable; outcomes use occurrence day and exact stored IDs.
AD,120251012015050660,120250602165530660,2026-09-13,133.21,2241,13,59.44,0.58,10.25,1,1,133.21,12,,Sessions beforeSep12 unavailable; Sep12 partial; property/retained starts unavailable; outcomes use occurrence day and exact stored IDs.
AD,120251012015050660,120250602165530660,2026-09-14,115.15,1866,12,61.71,0.643,9.6,1,1,115.15,12,,Sessions beforeSep12 unavailable; Sep12 partial; property/retained starts unavailable; outcomes use occurrence day and exact stored IDs.
AD,120251012015050660,120250602165530660,2026-09-15,114.82,2103,9,54.6,0.428,12.76,1,1,114.82,9,,Sessions beforeSep12 unavailable; Sep12 partial; property/retained starts unavailable; outcomes use occurrence day and exact stored IDs.
AD,120251012015050660,120250602165530660,2026-09-16,83.94,1541,6,54.47,0.389,13.99,0,0,,6,,Sessions beforeSep12 unavailable; Sep12 partial; property/retained starts unavailable; outcomes use occurrence day and exact stored IDs.
AD,120251012015050660,120250602165530660,2026-09-17,79.43,1462,7,54.33,0.479,11.35,0,0,,6,,Sessions beforeSep12 unavailable; Sep12 partial; property/retained starts unavailable; outcomes use occurrence day and exact stored IDs.
AD,120251012015050660,120250602165530660,2026-09-18,101.29,1943,8,52.13,0.412,12.66,0,0,,7,,Sessions beforeSep12 unavailable; Sep12 partial; property/retained starts unavailable; outcomes use occurrence day and exact stored IDs.
AD,120251054456910660,120250602165530660,2026-09-10,1.33,43,0,30.93,0.0,,0,0,,,,Sessions beforeSep12 unavailable; Sep12 partial; property/retained starts unavailable; outcomes use occurrence day and exact stored IDs.
AD,120251054456910660,120250602165530660,2026-09-11,6.73,169,0,39.82,0.0,,0,0,,,,Sessions beforeSep12 unavailable; Sep12 partial; property/retained starts unavailable; outcomes use occurrence day and exact stored IDs.
AD,120251054456910660,120250602165530660,2026-09-12,2.23,44,1,50.68,2.273,2.23,0,0,,0,,Sessions beforeSep12 unavailable; Sep12 partial; property/retained starts unavailable; outcomes use occurrence day and exact stored IDs.
AD,120251054456910660,120250602165530660,2026-09-13,1.66,42,0,39.52,0.0,,0,0,,0,,Sessions beforeSep12 unavailable; Sep12 partial; property/retained starts unavailable; outcomes use occurrence day and exact stored IDs.
AD,120251054456910660,120250602165530660,2026-09-14,0.81,16,0,50.62,0.0,,0,0,,0,,Sessions beforeSep12 unavailable; Sep12 partial; property/retained starts unavailable; outcomes use occurrence day and exact stored IDs.
AD,120251054456910660,120250602165530660,2026-09-15,1.03,25,0,41.2,0.0,,0,0,,0,,Sessions beforeSep12 unavailable; Sep12 partial; property/retained starts unavailable; outcomes use occurrence day and exact stored IDs.
AD,120251054456910660,120250602165530660,2026-09-16,0.07,4,0,17.5,0.0,,0,0,,0,,Sessions beforeSep12 unavailable; Sep12 partial; property/retained starts unavailable; outcomes use occurrence day and exact stored IDs.
AD,120251054456910660,120250602165530660,2026-09-18,0.17,4,0,42.5,0.0,,0,0,,0,,Sessions beforeSep12 unavailable; Sep12 partial; property/retained starts unavailable; outcomes use occurrence day and exact stored IDs.
AD,120251054457880660,120250602165530660,2026-09-10,5.38,175,0,30.74,0.0,,0,0,,,,Sessions beforeSep12 unavailable; Sep12 partial; property/retained starts unavailable; outcomes use occurrence day and exact stored IDs.
AD,120251054457880660,120250602165530660,2026-09-11,105.0,2814,12,37.31,0.426,8.75,0,0,,,,Sessions beforeSep12 unavailable; Sep12 partial; property/retained starts unavailable; outcomes use occurrence day and exact stored IDs.
AD,120251054457880660,120250602165530660,2026-09-12,67.51,1660,6,40.67,0.361,11.25,0,0,,3,,Sessions beforeSep12 unavailable; Sep12 partial; property/retained starts unavailable; outcomes use occurrence day and exact stored IDs.
AD,120251054457880660,120250602165530660,2026-09-13,105.04,2652,13,39.61,0.49,8.08,0,0,,12,,Sessions beforeSep12 unavailable; Sep12 partial; property/retained starts unavailable; outcomes use occurrence day and exact stored IDs.
AD,120251054457880660,120250602165530660,2026-09-14,118.85,2548,14,46.64,0.549,8.49,0,0,,14,,Sessions beforeSep12 unavailable; Sep12 partial; property/retained starts unavailable; outcomes use occurrence day and exact stored IDs.
AD,120251054457880660,120250602165530660,2026-09-15,163.48,3484,14,46.92,0.402,11.68,1,1,163.48,15,,Sessions beforeSep12 unavailable; Sep12 partial; property/retained starts unavailable; outcomes use occurrence day and exact stored IDs.
AD,120251054457880660,120250602165530660,2026-09-16,154.43,2784,18,55.47,0.647,8.58,0,0,,16,,Sessions beforeSep12 unavailable; Sep12 partial; property/retained starts unavailable; outcomes use occurrence day and exact stored IDs.
AD,120251054457880660,120250602165530660,2026-09-17,2.39,23,1,103.91,4.348,2.39,0,0,,1,,Sessions beforeSep12 unavailable; Sep12 partial; property/retained starts unavailable; outcomes use occurrence day and exact stored IDs.
AD,120251054457880660,120250602165530660,2026-09-18,1.45,30,0,48.33,0.0,,0,0,,0,,Sessions beforeSep12 unavailable; Sep12 partial; property/retained starts unavailable; outcomes use occurrence day and exact stored IDs.
AD,120251054458340660,120250602165530660,2026-09-10,10.31,313,1,32.94,0.319,10.31,0,0,,,,Sessions beforeSep12 unavailable; Sep12 partial; property/retained starts unavailable; outcomes use occurrence day and exact stored IDs.
AD,120251054458340660,120250602165530660,2026-09-11,159.65,5014,20,31.84,0.399,7.98,0,0,,,,Sessions beforeSep12 unavailable; Sep12 partial; property/retained starts unavailable; outcomes use occurrence day and exact stored IDs.
AD,120251054458340660,120250602165530660,2026-09-12,158.58,4372,30,36.27,0.686,5.29,1,1,158.58,8,,Sessions beforeSep12 unavailable; Sep12 partial; property/retained starts unavailable; outcomes use occurrence day and exact stored IDs.
AD,120251054458340660,120250602165530660,2026-09-13,118.94,2305,9,51.6,0.39,13.22,0,0,,9,,Sessions beforeSep12 unavailable; Sep12 partial; property/retained starts unavailable; outcomes use occurrence day and exact stored IDs.
AD,120251054458340660,120250602165530660,2026-09-14,28.21,453,1,62.27,0.221,28.21,0,0,,1,,Sessions beforeSep12 unavailable; Sep12 partial; property/retained starts unavailable; outcomes use occurrence day and exact stored IDs.
AD,120251054458340660,120250602165530660,2026-09-15,6.8,109,0,62.39,0.0,,0,0,,0,,Sessions beforeSep12 unavailable; Sep12 partial; property/retained starts unavailable; outcomes use occurrence day and exact stored IDs.
AD,120251054458340660,120250602165530660,2026-09-16,36.12,598,8,60.4,1.338,4.51,0,0,,10,,Sessions beforeSep12 unavailable; Sep12 partial; property/retained starts unavailable; outcomes use occurrence day and exact stored IDs.
AD,120251054458340660,120250602165530660,2026-09-17,4.56,41,0,111.22,0.0,,0,0,,0,,Sessions beforeSep12 unavailable; Sep12 partial; property/retained starts unavailable; outcomes use occurrence day and exact stored IDs.
AD,120251054458340660,120250602165530660,2026-09-18,1.77,34,0,52.06,0.0,,0,0,,0,,Sessions beforeSep12 unavailable; Sep12 partial; property/retained starts unavailable; outcomes use occurrence day and exact stored IDs.
AD,120251054838390660,120250602165530660,2026-09-10,3.53,97,0,36.39,0.0,,0,0,,,,Sessions beforeSep12 unavailable; Sep12 partial; property/retained starts unavailable; outcomes use occurrence day and exact stored IDs.
AD,120251054838390660,120250602165530660,2026-09-11,16.12,317,3,50.85,0.946,5.37,0,0,,,,Sessions beforeSep12 unavailable; Sep12 partial; property/retained starts unavailable; outcomes use occurrence day and exact stored IDs.
AD,120251054838390660,120250602165530660,2026-09-12,16.38,347,2,47.2,0.576,8.19,1,1,16.38,0,,Sessions beforeSep12 unavailable; Sep12 partial; property/retained starts unavailable; outcomes use occurrence day and exact stored IDs.
AD,120251054839240660,120250602165530660,2026-09-10,8.03,134,1,59.93,0.746,8.03,0,0,,,,Sessions beforeSep12 unavailable; Sep12 partial; property/retained starts unavailable; outcomes use occurrence day and exact stored IDs.
AD,120251054839240660,120250602165530660,2026-09-11,27.06,529,1,51.15,0.189,27.06,0,0,,,,Sessions beforeSep12 unavailable; Sep12 partial; property/retained starts unavailable; outcomes use occurrence day and exact stored IDs.
AD,120251054839240660,120250602165530660,2026-09-12,3.31,51,0,64.9,0.0,,0,0,,0,,Sessions beforeSep12 unavailable; Sep12 partial; property/retained starts unavailable; outcomes use occurrence day and exact stored IDs.
AD,120251054839700660,120250602165530660,2026-09-10,3.02,62,1,48.71,1.613,3.02,0,0,,,,Sessions beforeSep12 unavailable; Sep12 partial; property/retained starts unavailable; outcomes use occurrence day and exact stored IDs.
AD,120251054839700660,120250602165530660,2026-09-11,40.26,500,3,80.52,0.6,13.42,0,0,,,,Sessions beforeSep12 unavailable; Sep12 partial; property/retained starts unavailable; outcomes use occurrence day and exact stored IDs.
AD,120251054839700660,120250602165530660,2026-09-12,15.87,198,2,80.15,1.01,7.93,0,0,,0,,Sessions beforeSep12 unavailable; Sep12 partial; property/retained starts unavailable; outcomes use occurrence day and exact stored IDs.
AD,120251054840050660,120250602165530660,2026-09-10,6.59,95,0,69.37,0.0,,0,0,,,,Sessions beforeSep12 unavailable; Sep12 partial; property/retained starts unavailable; outcomes use occurrence day and exact stored IDs.
AD,120251054840050660,120250602165530660,2026-09-11,8.13,117,0,69.49,0.0,,0,0,,,,Sessions beforeSep12 unavailable; Sep12 partial; property/retained starts unavailable; outcomes use occurrence day and exact stored IDs.
AD,120251054840050660,120250602165530660,2026-09-12,1.64,37,0,44.32,0.0,,0,0,,0,,Sessions beforeSep12 unavailable; Sep12 partial; property/retained starts unavailable; outcomes use occurrence day and exact stored IDs.
AD,120251054840190660,120250602165530660,2026-09-10,6.47,156,0,41.47,0.0,,0,0,,,,Sessions beforeSep12 unavailable; Sep12 partial; property/retained starts unavailable; outcomes use occurrence day and exact stored IDs.
AD,120251054840190660,120250602165530660,2026-09-11,10.09,199,2,50.7,1.005,5.04,0,0,,,,Sessions beforeSep12 unavailable; Sep12 partial; property/retained starts unavailable; outcomes use occurrence day and exact stored IDs.
AD,120251054840190660,120250602165530660,2026-09-12,14.6,183,0,79.78,0.0,,0,0,,0,,Sessions beforeSep12 unavailable; Sep12 partial; property/retained starts unavailable; outcomes use occurrence day and exact stored IDs.
AD,120251054840530660,120250602165530660,2026-09-10,1.09,22,1,49.55,4.545,1.09,0,0,,,,Sessions beforeSep12 unavailable; Sep12 partial; property/retained starts unavailable; outcomes use occurrence day and exact stored IDs.
AD,120251054840530660,120250602165530660,2026-09-11,43.59,957,5,45.55,0.522,8.72,0,0,,,,Sessions beforeSep12 unavailable; Sep12 partial; property/retained starts unavailable; outcomes use occurrence day and exact stored IDs.
AD,120251054840530660,120250602165530660,2026-09-12,3.32,41,0,80.98,0.0,,0,0,,0,,Sessions beforeSep12 unavailable; Sep12 partial; property/retained starts unavailable; outcomes use occurrence day and exact stored IDs.
AD,120251054841070660,120250602165530660,2026-09-10,3.71,90,0,41.22,0.0,,0,0,,,,Sessions beforeSep12 unavailable; Sep12 partial; property/retained starts unavailable; outcomes use occurrence day and exact stored IDs.
AD,120251054841070660,120250602165530660,2026-09-11,27.92,584,3,47.81,0.514,9.31,0,0,,,,Sessions beforeSep12 unavailable; Sep12 partial; property/retained starts unavailable; outcomes use occurrence day and exact stored IDs.
AD,120251054841070660,120250602165530660,2026-09-12,1.64,35,0,46.86,0.0,,0,0,,0,,Sessions beforeSep12 unavailable; Sep12 partial; property/retained starts unavailable; outcomes use occurrence day and exact stored IDs.
AD,120251054841370660,120250602165530660,2026-09-10,3.67,110,0,33.36,0.0,,0,0,,,,Sessions beforeSep12 unavailable; Sep12 partial; property/retained starts unavailable; outcomes use occurrence day and exact stored IDs.
AD,120251054841370660,120250602165530660,2026-09-11,42.26,942,1,44.86,0.106,42.26,0,0,,,,Sessions beforeSep12 unavailable; Sep12 partial; property/retained starts unavailable; outcomes use occurrence day and exact stored IDs.
AD,120251054841370660,120250602165530660,2026-09-12,15.48,275,2,56.29,0.727,7.74,0,0,,0,,Sessions beforeSep12 unavailable; Sep12 partial; property/retained starts unavailable; outcomes use occurrence day and exact stored IDs.
AD,120251054842280660,120250602165530660,2026-09-10,1.17,4,0,292.5,0.0,,0,0,,,,Sessions beforeSep12 unavailable; Sep12 partial; property/retained starts unavailable; outcomes use occurrence day and exact stored IDs.
AD,120251054842280660,120250602165530660,2026-09-11,3.15,34,0,92.65,0.0,,0,0,,,,Sessions beforeSep12 unavailable; Sep12 partial; property/retained starts unavailable; outcomes use occurrence day and exact stored IDs.
AD,120251054842280660,120250602165530660,2026-09-12,5.25,21,0,250.0,0.0,,0,0,,0,,Sessions beforeSep12 unavailable; Sep12 partial; property/retained starts unavailable; outcomes use occurrence day and exact stored IDs.
AD,120251054842280660,120250602165530660,2026-09-13,0.3,4,0,75.0,0.0,,0,0,,0,,Sessions beforeSep12 unavailable; Sep12 partial; property/retained starts unavailable; outcomes use occurrence day and exact stored IDs.
AD,120251054842280660,120250602165530660,2026-09-14,0.01,1,0,10.0,0.0,,0,0,,0,,Sessions beforeSep12 unavailable; Sep12 partial; property/retained starts unavailable; outcomes use occurrence day and exact stored IDs.
AD,120251054842280660,120250602165530660,2026-09-16,0.05,2,0,25.0,0.0,,0,0,,0,,Sessions beforeSep12 unavailable; Sep12 partial; property/retained starts unavailable; outcomes use occurrence day and exact stored IDs.
AD,120251054842280660,120250602165530660,2026-09-18,0.02,1,0,20.0,0.0,,0,0,,0,,Sessions beforeSep12 unavailable; Sep12 partial; property/retained starts unavailable; outcomes use occurrence day and exact stored IDs.
AD,120251056378980660,120250602165530660,2026-09-11,31.82,529,0,60.15,0.0,,0,0,,,,Sessions beforeSep12 unavailable; Sep12 partial; property/retained starts unavailable; outcomes use occurrence day and exact stored IDs.
AD,120251056378980660,120250602165530660,2026-09-12,33.26,376,4,88.46,1.064,8.31,0,0,,0,,Sessions beforeSep12 unavailable; Sep12 partial; property/retained starts unavailable; outcomes use occurrence day and exact stored IDs.
AD,120251056379180660,120250602165530660,2026-09-11,73.51,1924,7,38.21,0.364,10.5,0,0,,,,Sessions beforeSep12 unavailable; Sep12 partial; property/retained starts unavailable; outcomes use occurrence day and exact stored IDs.
AD,120251056379180660,120250602165530660,2026-09-12,2.61,95,0,27.47,0.0,,0,0,,0,,Sessions beforeSep12 unavailable; Sep12 partial; property/retained starts unavailable; outcomes use occurrence day and exact stored IDs.
AD,120251149675830660,120250602165530660,2026-09-16,29.27,685,0,42.73,0.0,,0,0,,0,,Sessions beforeSep12 unavailable; Sep12 partial; property/retained starts unavailable; outcomes use occurrence day and exact stored IDs.
AD,120251149675830660,120250602165530660,2026-09-17,10.47,162,0,64.63,0.0,,0,0,,0,,Sessions beforeSep12 unavailable; Sep12 partial; property/retained starts unavailable; outcomes use occurrence day and exact stored IDs.
AD,120251149675830660,120250602165530660,2026-09-18,1.89,41,0,46.1,0.0,,0,0,,0,,Sessions beforeSep12 unavailable; Sep12 partial; property/retained starts unavailable; outcomes use occurrence day and exact stored IDs.
AD,120251150763880660,120250602165530660,2026-09-16,8.17,113,0,72.3,0.0,,0,0,,0,,Sessions beforeSep12 unavailable; Sep12 partial; property/retained starts unavailable; outcomes use occurrence day and exact stored IDs.
AD,120251150763880660,120250602165530660,2026-09-17,205.18,2316,13,88.59,0.561,15.78,0,0,,12,,Sessions beforeSep12 unavailable; Sep12 partial; property/retained starts unavailable; outcomes use occurrence day and exact stored IDs.
AD,120251150763880660,120250602165530660,2026-09-18,132.8,936,12,141.88,1.282,11.07,0,0,,11,,Sessions beforeSep12 unavailable; Sep12 partial; property/retained starts unavailable; outcomes use occurrence day and exact stored IDs.
AD,120251150835020660,120250602165530660,2026-09-16,0.96,24,0,40.0,0.0,,0,0,,4,,Sessions beforeSep12 unavailable; Sep12 partial; property/retained starts unavailable; outcomes use occurrence day and exact stored IDs.
AD,120251150835020660,120250602165530660,2026-09-17,7.42,115,1,64.52,0.87,7.42,0,0,,1,,Sessions beforeSep12 unavailable; Sep12 partial; property/retained starts unavailable; outcomes use occurrence day and exact stored IDs.
AD,120251150835020660,120250602165530660,2026-09-18,2.54,46,0,55.22,0.0,,0,0,,0,,Sessions beforeSep12 unavailable; Sep12 partial; property/retained starts unavailable; outcomes use occurrence day and exact stored IDs.
AD,120251161811980660,120250602165530660,2026-09-17,4.37,72,0,60.69,0.0,,0,0,,4,,Sessions beforeSep12 unavailable; Sep12 partial; property/retained starts unavailable; outcomes use occurrence day and exact stored IDs.
AD,120251161811980660,120250602165530660,2026-09-18,0.54,18,0,30.0,0.0,,0,0,,0,,Sessions beforeSep12 unavailable; Sep12 partial; property/retained starts unavailable; outcomes use occurrence day and exact stored IDs.
AD,120251182364940660,120250602165530660,2026-09-18,2.03,45,0,45.11,0.0,,0,0,,0,,Sessions beforeSep12 unavailable; Sep12 partial; property/retained starts unavailable; outcomes use occurrence day and exact stored IDs.
AD,120251182369630660,120250602165530660,2026-09-18,9.05,144,0,62.85,0.0,,0,0,,0,,Sessions beforeSep12 unavailable; Sep12 partial; property/retained starts unavailable; outcomes use occurrence day and exact stored IDs.
AD,120251001085430660,120251001083740660,2026-09-08,9.48,301,1,31.5,0.332,9.48,0,0,,,,Sessions beforeSep12 unavailable; Sep12 partial; property/retained starts unavailable; outcomes use occurrence day and exact stored IDs.
AD,120251001085430660,120251001083740660,2026-09-09,19.22,500,4,38.44,0.8,4.8,0,0,,,,Sessions beforeSep12 unavailable; Sep12 partial; property/retained starts unavailable; outcomes use occurrence day and exact stored IDs.
AD,120251001085430660,120251001083740660,2026-09-10,14.78,379,1,39.0,0.264,14.78,0,0,,,,Sessions beforeSep12 unavailable; Sep12 partial; property/retained starts unavailable; outcomes use occurrence day and exact stored IDs.
AD,120251001085430660,120251001083740660,2026-09-11,16.12,299,4,53.91,1.338,4.03,0,0,,,,Sessions beforeSep12 unavailable; Sep12 partial; property/retained starts unavailable; outcomes use occurrence day and exact stored IDs.
AD,120251001085430660,120251001083740660,2026-09-12,6.71,172,0,39.01,0.0,,0,0,,0,,Sessions beforeSep12 unavailable; Sep12 partial; property/retained starts unavailable; outcomes use occurrence day and exact stored IDs.
AD,120251001086630660,120251001083740660,2026-09-08,0.61,24,0,25.42,0.0,,0,0,,,,Sessions beforeSep12 unavailable; Sep12 partial; property/retained starts unavailable; outcomes use occurrence day and exact stored IDs.
AD,120251001086630660,120251001083740660,2026-09-09,2.52,60,1,42.0,1.667,2.52,0,0,,,,Sessions beforeSep12 unavailable; Sep12 partial; property/retained starts unavailable; outcomes use occurrence day and exact stored IDs.
AD,120251001086630660,120251001083740660,2026-09-10,1.6,38,0,42.11,0.0,,0,0,,,,Sessions beforeSep12 unavailable; Sep12 partial; property/retained starts unavailable; outcomes use occurrence day and exact stored IDs.
AD,120251001086630660,120251001083740660,2026-09-11,0.32,10,0,32.0,0.0,,0,0,,,,Sessions beforeSep12 unavailable; Sep12 partial; property/retained starts unavailable; outcomes use occurrence day and exact stored IDs.
AD,120251001086630660,120251001083740660,2026-09-12,0.02,1,0,20.0,0.0,,0,0,,0,,Sessions beforeSep12 unavailable; Sep12 partial; property/retained starts unavailable; outcomes use occurrence day and exact stored IDs.
AD,120251001087290660,120251001083740660,2026-09-08,1.51,32,0,47.19,0.0,,0,0,,,,Sessions beforeSep12 unavailable; Sep12 partial; property/retained starts unavailable; outcomes use occurrence day and exact stored IDs.
AD,120251001087290660,120251001083740660,2026-09-09,2.33,44,0,52.95,0.0,,0,0,,,,Sessions beforeSep12 unavailable; Sep12 partial; property/retained starts unavailable; outcomes use occurrence day and exact stored IDs.
AD,120251001087290660,120251001083740660,2026-09-10,1.49,17,0,87.65,0.0,,0,0,,,,Sessions beforeSep12 unavailable; Sep12 partial; property/retained starts unavailable; outcomes use occurrence day and exact stored IDs.
AD,120251001087290660,120251001083740660,2026-09-11,0.62,12,1,51.67,8.333,0.62,0,0,,,,Sessions beforeSep12 unavailable; Sep12 partial; property/retained starts unavailable; outcomes use occurrence day and exact stored IDs.
AD,120251001087290660,120251001083740660,2026-09-12,0.09,7,0,12.86,0.0,,0,0,,0,,Sessions beforeSep12 unavailable; Sep12 partial; property/retained starts unavailable; outcomes use occurrence day and exact stored IDs.
AD,120251001088240660,120251001083740660,2026-09-08,10.29,261,2,39.43,0.766,5.14,2,1,5.14,,,Sessions beforeSep12 unavailable; Sep12 partial; property/retained starts unavailable; outcomes use occurrence day and exact stored IDs.
AD,120251001088240660,120251001083740660,2026-09-09,22.22,568,3,39.12,0.528,7.41,1,1,22.22,,,Sessions beforeSep12 unavailable; Sep12 partial; property/retained starts unavailable; outcomes use occurrence day and exact stored IDs.
AD,120251001088240660,120251001083740660,2026-09-10,19.26,581,2,33.15,0.344,9.63,1,1,19.26,,,Sessions beforeSep12 unavailable; Sep12 partial; property/retained starts unavailable; outcomes use occurrence day and exact stored IDs.
AD,120251001088240660,120251001083740660,2026-09-11,13.46,347,1,38.79,0.288,13.46,0,0,,,,Sessions beforeSep12 unavailable; Sep12 partial; property/retained starts unavailable; outcomes use occurrence day and exact stored IDs.
AD,120251001088240660,120251001083740660,2026-09-12,4.48,118,2,37.97,1.695,2.24,0,0,,0,,Sessions beforeSep12 unavailable; Sep12 partial; property/retained starts unavailable; outcomes use occurrence day and exact stored IDs.
AD,120251001088620660,120251001083740660,2026-09-08,1.69,47,0,35.96,0.0,,0,0,,,,Sessions beforeSep12 unavailable; Sep12 partial; property/retained starts unavailable; outcomes use occurrence day and exact stored IDs.
AD,120251001088620660,120251001083740660,2026-09-09,2.83,58,1,48.79,1.724,2.83,0,0,,,,Sessions beforeSep12 unavailable; Sep12 partial; property/retained starts unavailable; outcomes use occurrence day and exact stored IDs.
AD,120251001088620660,120251001083740660,2026-09-10,1.85,21,0,88.1,0.0,,0,0,,,,Sessions beforeSep12 unavailable; Sep12 partial; property/retained starts unavailable; outcomes use occurrence day and exact stored IDs.
AD,120251001088620660,120251001083740660,2026-09-11,1.9,10,0,190.0,0.0,,0,0,,,,Sessions beforeSep12 unavailable; Sep12 partial; property/retained starts unavailable; outcomes use occurrence day and exact stored IDs.
AD,120251001089170660,120251001083740660,2026-09-08,1.27,44,0,28.86,0.0,,0,0,,,,Sessions beforeSep12 unavailable; Sep12 partial; property/retained starts unavailable; outcomes use occurrence day and exact stored IDs.
AD,120251001089170660,120251001083740660,2026-09-09,0.25,6,0,41.67,0.0,,0,0,,,,Sessions beforeSep12 unavailable; Sep12 partial; property/retained starts unavailable; outcomes use occurrence day and exact stored IDs.
AD,120251001089170660,120251001083740660,2026-09-10,0.33,4,0,82.5,0.0,,0,0,,,,Sessions beforeSep12 unavailable; Sep12 partial; property/retained starts unavailable; outcomes use occurrence day and exact stored IDs.
AD,120251001090570660,120251001083740660,2026-09-08,7.87,221,0,35.61,0.0,,0,0,,,,Sessions beforeSep12 unavailable; Sep12 partial; property/retained starts unavailable; outcomes use occurrence day and exact stored IDs.
AD,120251001090570660,120251001083740660,2026-09-09,7.91,191,1,41.41,0.524,7.91,1,1,7.91,,,Sessions beforeSep12 unavailable; Sep12 partial; property/retained starts unavailable; outcomes use occurrence day and exact stored IDs.
AD,120251001090570660,120251001083740660,2026-09-10,14.01,397,1,35.29,0.252,14.01,0,0,,,,Sessions beforeSep12 unavailable; Sep12 partial; property/retained starts unavailable; outcomes use occurrence day and exact stored IDs.
AD,120251001090570660,120251001083740660,2026-09-11,18.26,510,4,35.8,0.784,4.57,1,1,18.26,,,Sessions beforeSep12 unavailable; Sep12 partial; property/retained starts unavailable; outcomes use occurrence day and exact stored IDs.
AD,120251001090570660,120251001083740660,2026-09-12,4.08,92,0,44.35,0.0,,0,0,,0,,Sessions beforeSep12 unavailable; Sep12 partial; property/retained starts unavailable; outcomes use occurrence day and exact stored IDs.
AD,120251001091180660,120251001083740660,2026-09-08,2.97,80,0,37.13,0.0,,0,0,,,,Sessions beforeSep12 unavailable; Sep12 partial; property/retained starts unavailable; outcomes use occurrence day and exact stored IDs.
AD,120251001091180660,120251001083740660,2026-09-09,10.04,219,0,45.84,0.0,,0,0,,,,Sessions beforeSep12 unavailable; Sep12 partial; property/retained starts unavailable; outcomes use occurrence day and exact stored IDs.
AD,120251001091180660,120251001083740660,2026-09-10,1.58,36,0,43.89,0.0,,0,0,,,,Sessions beforeSep12 unavailable; Sep12 partial; property/retained starts unavailable; outcomes use occurrence day and exact stored IDs.
AD,120251001091180660,120251001083740660,2026-09-11,0.79,14,0,56.43,0.0,,0,0,,,,Sessions beforeSep12 unavailable; Sep12 partial; property/retained starts unavailable; outcomes use occurrence day and exact stored IDs.
AD,120251001091180660,120251001083740660,2026-09-12,0.01,1,0,10.0,0.0,,0,0,,0,,Sessions beforeSep12 unavailable; Sep12 partial; property/retained starts unavailable; outcomes use occurrence day and exact stored IDs.
AD,120251001091790660,120251001083740660,2026-09-08,1.22,49,0,24.9,0.0,,0,0,,,,Sessions beforeSep12 unavailable; Sep12 partial; property/retained starts unavailable; outcomes use occurrence day and exact stored IDs.
AD,120251001091790660,120251001083740660,2026-09-09,4.0,61,0,65.57,0.0,,0,0,,,,Sessions beforeSep12 unavailable; Sep12 partial; property/retained starts unavailable; outcomes use occurrence day and exact stored IDs.
AD,120251001091790660,120251001083740660,2026-09-10,3.16,62,0,50.97,0.0,,0,0,,,,Sessions beforeSep12 unavailable; Sep12 partial; property/retained starts unavailable; outcomes use occurrence day and exact stored IDs.
AD,120251001091790660,120251001083740660,2026-09-11,1.48,30,0,49.33,0.0,,0,0,,,,Sessions beforeSep12 unavailable; Sep12 partial; property/retained starts unavailable; outcomes use occurrence day and exact stored IDs.
AD,120251001091790660,120251001083740660,2026-09-12,0.04,3,0,13.33,0.0,,0,0,,0,,Sessions beforeSep12 unavailable; Sep12 partial; property/retained starts unavailable; outcomes use occurrence day and exact stored IDs.
AD,120251001092950660,120251001083740660,2026-09-08,10.38,223,1,46.55,0.448,10.38,0,0,,,,Sessions beforeSep12 unavailable; Sep12 partial; property/retained starts unavailable; outcomes use occurrence day and exact stored IDs.
AD,120251001092950660,120251001083740660,2026-09-09,18.71,601,6,31.13,0.998,3.12,0,0,,,,Sessions beforeSep12 unavailable; Sep12 partial; property/retained starts unavailable; outcomes use occurrence day and exact stored IDs.
AD,120251001092950660,120251001083740660,2026-09-10,17.9,568,3,31.51,0.528,5.97,0,0,,,,Sessions beforeSep12 unavailable; Sep12 partial; property/retained starts unavailable; outcomes use occurrence day and exact stored IDs.
AD,120251001092950660,120251001083740660,2026-09-11,14.01,365,2,38.38,0.548,7.0,0,0,,,,Sessions beforeSep12 unavailable; Sep12 partial; property/retained starts unavailable; outcomes use occurrence day and exact stored IDs.
AD,120251001092950660,120251001083740660,2026-09-12,7.61,211,5,36.07,2.37,1.52,0,0,,0,,Sessions beforeSep12 unavailable; Sep12 partial; property/retained starts unavailable; outcomes use occurrence day and exact stored IDs.
AD,120251001093160660,120251001083740660,2026-09-08,0.95,26,0,36.54,0.0,,0,0,,,,Sessions beforeSep12 unavailable; Sep12 partial; property/retained starts unavailable; outcomes use occurrence day and exact stored IDs.
AD,120251001093160660,120251001083740660,2026-09-09,3.46,45,0,76.89,0.0,,0,0,,,,Sessions beforeSep12 unavailable; Sep12 partial; property/retained starts unavailable; outcomes use occurrence day and exact stored IDs.
AD,120251001093160660,120251001083740660,2026-09-10,0.19,5,0,38.0,0.0,,0,0,,,,Sessions beforeSep12 unavailable; Sep12 partial; property/retained starts unavailable; outcomes use occurrence day and exact stored IDs.
AD,120251001093160660,120251001083740660,2026-09-11,0.02,1,0,20.0,0.0,,0,0,,,,Sessions beforeSep12 unavailable; Sep12 partial; property/retained starts unavailable; outcomes use occurrence day and exact stored IDs.
AD,120251001093660660,120251001083740660,2026-09-08,1.05,33,0,31.82,0.0,,0,0,,,,Sessions beforeSep12 unavailable; Sep12 partial; property/retained starts unavailable; outcomes use occurrence day and exact stored IDs.
AD,120251001093660660,120251001083740660,2026-09-09,2.33,44,0,52.95,0.0,,0,0,,,,Sessions beforeSep12 unavailable; Sep12 partial; property/retained starts unavailable; outcomes use occurrence day and exact stored IDs.
AD,120251001093660660,120251001083740660,2026-09-10,0.18,7,0,25.71,0.0,,0,0,,,,Sessions beforeSep12 unavailable; Sep12 partial; property/retained starts unavailable; outcomes use occurrence day and exact stored IDs.
AD,120251001093660660,120251001083740660,2026-09-12,0.04,2,0,20.0,0.0,,0,0,,0,,Sessions beforeSep12 unavailable; Sep12 partial; property/retained starts unavailable; outcomes use occurrence day and exact stored IDs.
AD,120251001094450660,120251001083740660,2026-09-08,11.13,305,5,36.49,1.639,2.23,0,0,,,,Sessions beforeSep12 unavailable; Sep12 partial; property/retained starts unavailable; outcomes use occurrence day and exact stored IDs.
AD,120251001094450660,120251001083740660,2026-09-09,19.7,469,2,42.0,0.426,9.85,0,0,,,,Sessions beforeSep12 unavailable; Sep12 partial; property/retained starts unavailable; outcomes use occurrence day and exact stored IDs.
AD,120251001094450660,120251001083740660,2026-09-10,11.0,274,1,40.15,0.365,11.0,0,0,,,,Sessions beforeSep12 unavailable; Sep12 partial; property/retained starts unavailable; outcomes use occurrence day and exact stored IDs.
AD,120251001094450660,120251001083740660,2026-09-11,12.85,349,1,36.82,0.287,12.85,1,1,12.85,,,Sessions beforeSep12 unavailable; Sep12 partial; property/retained starts unavailable; outcomes use occurrence day and exact stored IDs.
AD,120251001094450660,120251001083740660,2026-09-12,4.48,106,0,42.26,0.0,,0,0,,0,,Sessions beforeSep12 unavailable; Sep12 partial; property/retained starts unavailable; outcomes use occurrence day and exact stored IDs.
AD,120251001095130660,120251001083740660,2026-09-08,0.27,15,0,18.0,0.0,,0,0,,,,Sessions beforeSep12 unavailable; Sep12 partial; property/retained starts unavailable; outcomes use occurrence day and exact stored IDs.
AD,120251001095130660,120251001083740660,2026-09-09,2.26,33,0,68.48,0.0,,0,0,,,,Sessions beforeSep12 unavailable; Sep12 partial; property/retained starts unavailable; outcomes use occurrence day and exact stored IDs.
AD,120251001095130660,120251001083740660,2026-09-10,1.49,40,0,37.25,0.0,,0,0,,,,Sessions beforeSep12 unavailable; Sep12 partial; property/retained starts unavailable; outcomes use occurrence day and exact stored IDs.
AD,120251001095130660,120251001083740660,2026-09-11,5.29,73,0,72.47,0.0,,0,0,,,,Sessions beforeSep12 unavailable; Sep12 partial; property/retained starts unavailable; outcomes use occurrence day and exact stored IDs.
AD,120251001095130660,120251001083740660,2026-09-12,0.11,5,0,22.0,0.0,,0,0,,0,,Sessions beforeSep12 unavailable; Sep12 partial; property/retained starts unavailable; outcomes use occurrence day and exact stored IDs.
AD,120251001096440660,120251001083740660,2026-09-08,1.19,33,0,36.06,0.0,,0,0,,,,Sessions beforeSep12 unavailable; Sep12 partial; property/retained starts unavailable; outcomes use occurrence day and exact stored IDs.
AD,120251001096440660,120251001083740660,2026-09-09,1.41,43,0,32.79,0.0,,0,0,,,,Sessions beforeSep12 unavailable; Sep12 partial; property/retained starts unavailable; outcomes use occurrence day and exact stored IDs.
AD,120251001096440660,120251001083740660,2026-09-10,3.56,44,0,80.91,0.0,,0,0,,,,Sessions beforeSep12 unavailable; Sep12 partial; property/retained starts unavailable; outcomes use occurrence day and exact stored IDs.
AD,120251001096440660,120251001083740660,2026-09-11,1.82,39,0,46.67,0.0,,0,0,,,,Sessions beforeSep12 unavailable; Sep12 partial; property/retained starts unavailable; outcomes use occurrence day and exact stored IDs.
AD,120251001096440660,120251001083740660,2026-09-12,0.22,9,0,24.44,0.0,,0,0,,0,,Sessions beforeSep12 unavailable; Sep12 partial; property/retained starts unavailable; outcomes use occurrence day and exact stored IDs.
AD,120251001098490660,120251001083740660,2026-09-08,3.61,132,1,27.35,0.758,3.61,0,0,,,,Sessions beforeSep12 unavailable; Sep12 partial; property/retained starts unavailable; outcomes use occurrence day and exact stored IDs.
AD,120251001098490660,120251001083740660,2026-09-09,6.04,177,1,34.12,0.565,6.04,0,0,,,,Sessions beforeSep12 unavailable; Sep12 partial; property/retained starts unavailable; outcomes use occurrence day and exact stored IDs.
AD,120251001098490660,120251001083740660,2026-09-10,5.38,161,2,33.42,1.242,2.69,0,0,,,,Sessions beforeSep12 unavailable; Sep12 partial; property/retained starts unavailable; outcomes use occurrence day and exact stored IDs.
AD,120251001098490660,120251001083740660,2026-09-11,5.06,152,0,33.29,0.0,,0,0,,,,Sessions beforeSep12 unavailable; Sep12 partial; property/retained starts unavailable; outcomes use occurrence day and exact stored IDs.
AD,120251001098490660,120251001083740660,2026-09-12,1.2,39,1,30.77,2.564,1.2,0,0,,0,,Sessions beforeSep12 unavailable; Sep12 partial; property/retained starts unavailable; outcomes use occurrence day and exact stored IDs.
AD,120251001099100660,120251001083740660,2026-09-08,0.65,30,0,21.67,0.0,,0,0,,,,Sessions beforeSep12 unavailable; Sep12 partial; property/retained starts unavailable; outcomes use occurrence day and exact stored IDs.
AD,120251001099100660,120251001083740660,2026-09-09,1.31,36,0,36.39,0.0,,0,0,,,,Sessions beforeSep12 unavailable; Sep12 partial; property/retained starts unavailable; outcomes use occurrence day and exact stored IDs.
AD,120251001099100660,120251001083740660,2026-09-10,0.43,12,0,35.83,0.0,,0,0,,,,Sessions beforeSep12 unavailable; Sep12 partial; property/retained starts unavailable; outcomes use occurrence day and exact stored IDs.
AD,120251001099100660,120251001083740660,2026-09-11,0.26,6,0,43.33,0.0,,0,0,,,,Sessions beforeSep12 unavailable; Sep12 partial; property/retained starts unavailable; outcomes use occurrence day and exact stored IDs.
AD,120251001099100660,120251001083740660,2026-09-12,0.11,5,0,22.0,0.0,,0,0,,0,,Sessions beforeSep12 unavailable; Sep12 partial; property/retained starts unavailable; outcomes use occurrence day and exact stored IDs.
AD,120251001100600660,120251001083740660,2026-09-08,11.31,407,7,27.79,1.72,1.62,0,0,,,,Sessions beforeSep12 unavailable; Sep12 partial; property/retained starts unavailable; outcomes use occurrence day and exact stored IDs.
AD,120251001100600660,120251001083740660,2026-09-09,15.85,471,4,33.65,0.849,3.96,0,0,,,,Sessions beforeSep12 unavailable; Sep12 partial; property/retained starts unavailable; outcomes use occurrence day and exact stored IDs.
AD,120251001100600660,120251001083740660,2026-09-10,10.71,312,0,34.33,0.0,,0,0,,,,Sessions beforeSep12 unavailable; Sep12 partial; property/retained starts unavailable; outcomes use occurrence day and exact stored IDs.
AD,120251001100600660,120251001083740660,2026-09-11,9.88,325,3,30.4,0.923,3.29,0,0,,,,Sessions beforeSep12 unavailable; Sep12 partial; property/retained starts unavailable; outcomes use occurrence day and exact stored IDs.
AD,120251001100600660,120251001083740660,2026-09-12,3.88,83,0,46.75,0.0,,0,0,,0,,Sessions beforeSep12 unavailable; Sep12 partial; property/retained starts unavailable; outcomes use occurrence day and exact stored IDs.
AD,120251001101770660,120251001083740660,2026-09-08,5.72,198,2,28.89,1.01,2.86,0,0,,,,Sessions beforeSep12 unavailable; Sep12 partial; property/retained starts unavailable; outcomes use occurrence day and exact stored IDs.
AD,120251001101770660,120251001083740660,2026-09-09,12.2,358,3,34.08,0.838,4.07,0,0,,,,Sessions beforeSep12 unavailable; Sep12 partial; property/retained starts unavailable; outcomes use occurrence day and exact stored IDs.
AD,120251001101770660,120251001083740660,2026-09-10,4.26,103,0,41.36,0.0,,0,0,,,,Sessions beforeSep12 unavailable; Sep12 partial; property/retained starts unavailable; outcomes use occurrence day and exact stored IDs.
AD,120251001101770660,120251001083740660,2026-09-11,4.68,127,0,36.85,0.0,,0,0,,,,Sessions beforeSep12 unavailable; Sep12 partial; property/retained starts unavailable; outcomes use occurrence day and exact stored IDs.
AD,120251001101770660,120251001083740660,2026-09-12,1.37,36,0,38.06,0.0,,0,0,,0,,Sessions beforeSep12 unavailable; Sep12 partial; property/retained starts unavailable; outcomes use occurrence day and exact stored IDs.
AD,120251001102450660,120251001083740660,2026-09-08,4.88,179,3,27.26,1.676,1.63,0,0,,,,Sessions beforeSep12 unavailable; Sep12 partial; property/retained starts unavailable; outcomes use occurrence day and exact stored IDs.
AD,120251001102450660,120251001083740660,2026-09-09,9.45,266,0,35.53,0.0,,0,0,,,,Sessions beforeSep12 unavailable; Sep12 partial; property/retained starts unavailable; outcomes use occurrence day and exact stored IDs.
AD,120251001102450660,120251001083740660,2026-09-10,7.8,206,1,37.86,0.485,7.8,0,0,,,,Sessions beforeSep12 unavailable; Sep12 partial; property/retained starts unavailable; outcomes use occurrence day and exact stored IDs.
AD,120251001102450660,120251001083740660,2026-09-11,8.34,202,0,41.29,0.0,,0,0,,,,Sessions beforeSep12 unavailable; Sep12 partial; property/retained starts unavailable; outcomes use occurrence day and exact stored IDs.
AD,120251001102450660,120251001083740660,2026-09-12,4.24,121,1,35.04,0.826,4.24,0,0,,0,,Sessions beforeSep12 unavailable; Sep12 partial; property/retained starts unavailable; outcomes use occurrence day and exact stored IDs.
AD,120251001103570660,120251001083740660,2026-09-08,1.27,29,0,43.79,0.0,,0,0,,,,Sessions beforeSep12 unavailable; Sep12 partial; property/retained starts unavailable; outcomes use occurrence day and exact stored IDs.
AD,120251001103570660,120251001083740660,2026-09-09,1.02,23,0,44.35,0.0,,0,0,,,,Sessions beforeSep12 unavailable; Sep12 partial; property/retained starts unavailable; outcomes use occurrence day and exact stored IDs.
AD,120251001103570660,120251001083740660,2026-09-10,4.65,132,2,35.23,1.515,2.33,0,0,,,,Sessions beforeSep12 unavailable; Sep12 partial; property/retained starts unavailable; outcomes use occurrence day and exact stored IDs.
AD,120251001103570660,120251001083740660,2026-09-11,5.36,153,0,35.03,0.0,,0,0,,,,Sessions beforeSep12 unavailable; Sep12 partial; property/retained starts unavailable; outcomes use occurrence day and exact stored IDs.
AD,120251001103570660,120251001083740660,2026-09-12,0.72,19,0,37.89,0.0,,0,0,,0,,Sessions beforeSep12 unavailable; Sep12 partial; property/retained starts unavailable; outcomes use occurrence day and exact stored IDs.
AD,120251001105320660,120251001083740660,2026-09-08,9.36,350,1,26.74,0.286,9.36,0,0,,,,Sessions beforeSep12 unavailable; Sep12 partial; property/retained starts unavailable; outcomes use occurrence day and exact stored IDs.
AD,120251001105320660,120251001083740660,2026-09-09,15.8,379,1,41.69,0.264,15.8,0,0,,,,Sessions beforeSep12 unavailable; Sep12 partial; property/retained starts unavailable; outcomes use occurrence day and exact stored IDs.
AD,120251001105320660,120251001083740660,2026-09-10,10.58,283,0,37.39,0.0,,0,0,,,,Sessions beforeSep12 unavailable; Sep12 partial; property/retained starts unavailable; outcomes use occurrence day and exact stored IDs.
AD,120251001105320660,120251001083740660,2026-09-11,16.37,437,4,37.46,0.915,4.09,0,0,,,,Sessions beforeSep12 unavailable; Sep12 partial; property/retained starts unavailable; outcomes use occurrence day and exact stored IDs.
AD,120251001105320660,120251001083740660,2026-09-12,8.58,253,0,33.91,0.0,,0,0,,0,,Sessions beforeSep12 unavailable; Sep12 partial; property/retained starts unavailable; outcomes use occurrence day and exact stored IDs.
AD,120251001105320660,120251001083740660,2026-09-13,3.96,104,0,38.08,0.0,,0,0,,0,,Sessions beforeSep12 unavailable; Sep12 partial; property/retained starts unavailable; outcomes use occurrence day and exact stored IDs.
AD,120251001105320660,120251001083740660,2026-09-14,1.77,57,0,31.05,0.0,,0,0,,0,,Sessions beforeSep12 unavailable; Sep12 partial; property/retained starts unavailable; outcomes use occurrence day and exact stored IDs.
AD,120251001105320660,120251001083740660,2026-09-15,0.41,1,0,410.0,0.0,,0,0,,0,,Sessions beforeSep12 unavailable; Sep12 partial; property/retained starts unavailable; outcomes use occurrence day and exact stored IDs.
AD,120251001105320660,120251001083740660,2026-09-16,0.24,3,0,80.0,0.0,,0,0,,0,,Sessions beforeSep12 unavailable; Sep12 partial; property/retained starts unavailable; outcomes use occurrence day and exact stored IDs.
AD,120251001105320660,120251001083740660,2026-09-17,1.36,41,0,33.17,0.0,,0,0,,0,,Sessions beforeSep12 unavailable; Sep12 partial; property/retained starts unavailable; outcomes use occurrence day and exact stored IDs.
AD,120251001105320660,120251001083740660,2026-09-18,0.01,1,0,10.0,0.0,,0,0,,0,,Sessions beforeSep12 unavailable; Sep12 partial; property/retained starts unavailable; outcomes use occurrence day and exact stored IDs.
AD,120251001106080660,120251001083740660,2026-09-08,0.44,30,0,14.67,0.0,,0,0,,,,Sessions beforeSep12 unavailable; Sep12 partial; property/retained starts unavailable; outcomes use occurrence day and exact stored IDs.
AD,120251001106080660,120251001083740660,2026-09-09,6.43,183,0,35.14,0.0,,0,0,,,,Sessions beforeSep12 unavailable; Sep12 partial; property/retained starts unavailable; outcomes use occurrence day and exact stored IDs.
AD,120251001106080660,120251001083740660,2026-09-10,4.58,115,0,39.83,0.0,,0,0,,,,Sessions beforeSep12 unavailable; Sep12 partial; property/retained starts unavailable; outcomes use occurrence day and exact stored IDs.
AD,120251001106080660,120251001083740660,2026-09-11,2.88,87,2,33.1,2.299,1.44,1,1,2.88,,,Sessions beforeSep12 unavailable; Sep12 partial; property/retained starts unavailable; outcomes use occurrence day and exact stored IDs.
AD,120251001106080660,120251001083740660,2026-09-12,7.41,266,2,27.86,0.752,3.71,0,0,,0,,Sessions beforeSep12 unavailable; Sep12 partial; property/retained starts unavailable; outcomes use occurrence day and exact stored IDs.
AD,120251001106080660,120251001083740660,2026-09-13,22.04,602,0,36.61,0.0,,0,0,,0,,Sessions beforeSep12 unavailable; Sep12 partial; property/retained starts unavailable; outcomes use occurrence day and exact stored IDs.
AD,120251001106080660,120251001083740660,2026-09-14,19.76,604,2,32.72,0.331,9.88,0,0,,3,,Sessions beforeSep12 unavailable; Sep12 partial; property/retained starts unavailable; outcomes use occurrence day and exact stored IDs.
AD,120251001106080660,120251001083740660,2026-09-15,16.96,525,1,32.3,0.19,16.96,0,0,,1,,Sessions beforeSep12 unavailable; Sep12 partial; property/retained starts unavailable; outcomes use occurrence day and exact stored IDs.
AD,120251001106080660,120251001083740660,2026-09-16,18.55,536,4,34.61,0.746,4.64,0,0,,3,,Sessions beforeSep12 unavailable; Sep12 partial; property/retained starts unavailable; outcomes use occurrence day and exact stored IDs.
AD,120251001106080660,120251001083740660,2026-09-17,18.69,479,2,39.02,0.418,9.35,0,0,,2,,Sessions beforeSep12 unavailable; Sep12 partial; property/retained starts unavailable; outcomes use occurrence day and exact stored IDs.
AD,120251001106080660,120251001083740660,2026-09-18,17.31,489,5,35.4,1.022,3.46,0,0,,4,,Sessions beforeSep12 unavailable; Sep12 partial; property/retained starts unavailable; outcomes use occurrence day and exact stored IDs.
AD,120251001107000660,120251001083740660,2026-09-08,1.25,36,0,34.72,0.0,,0,0,,,,Sessions beforeSep12 unavailable; Sep12 partial; property/retained starts unavailable; outcomes use occurrence day and exact stored IDs.
AD,120251001107000660,120251001083740660,2026-09-09,0.84,24,0,35.0,0.0,,0,0,,,,Sessions beforeSep12 unavailable; Sep12 partial; property/retained starts unavailable; outcomes use occurrence day and exact stored IDs.
AD,120251001107000660,120251001083740660,2026-09-10,0.49,22,0,22.27,0.0,,0,0,,,,Sessions beforeSep12 unavailable; Sep12 partial; property/retained starts unavailable; outcomes use occurrence day and exact stored IDs.
AD,120251001107000660,120251001083740660,2026-09-11,1.74,22,0,79.09,0.0,,0,0,,,,Sessions beforeSep12 unavailable; Sep12 partial; property/retained starts unavailable; outcomes use occurrence day and exact stored IDs.
AD,120251001107000660,120251001083740660,2026-09-12,0.16,6,0,26.67,0.0,,0,0,,0,,Sessions beforeSep12 unavailable; Sep12 partial; property/retained starts unavailable; outcomes use occurrence day and exact stored IDs.
AD,120251001107000660,120251001083740660,2026-09-13,0.16,8,0,20.0,0.0,,0,0,,0,,Sessions beforeSep12 unavailable; Sep12 partial; property/retained starts unavailable; outcomes use occurrence day and exact stored IDs.
AD,120251001107000660,120251001083740660,2026-09-15,0.1,3,0,33.33,0.0,,0,0,,0,,Sessions beforeSep12 unavailable; Sep12 partial; property/retained starts unavailable; outcomes use occurrence day and exact stored IDs.
AD,120251001107000660,120251001083740660,2026-09-16,0.52,19,0,27.37,0.0,,0,0,,0,,Sessions beforeSep12 unavailable; Sep12 partial; property/retained starts unavailable; outcomes use occurrence day and exact stored IDs.
AD,120251001107000660,120251001083740660,2026-09-17,0.02,2,0,10.0,0.0,,0,0,,0,,Sessions beforeSep12 unavailable; Sep12 partial; property/retained starts unavailable; outcomes use occurrence day and exact stored IDs.
AD,120251001107000660,120251001083740660,2026-09-18,0.7,15,0,46.67,0.0,,0,0,,0,,Sessions beforeSep12 unavailable; Sep12 partial; property/retained starts unavailable; outcomes use occurrence day and exact stored IDs.
AD,120251001108160660,120251001083740660,2026-09-08,6.9,185,2,37.3,1.081,3.45,0,0,,,,Sessions beforeSep12 unavailable; Sep12 partial; property/retained starts unavailable; outcomes use occurrence day and exact stored IDs.
AD,120251001108160660,120251001083740660,2026-09-09,6.24,175,1,35.66,0.571,6.24,0,0,,,,Sessions beforeSep12 unavailable; Sep12 partial; property/retained starts unavailable; outcomes use occurrence day and exact stored IDs.
AD,120251001108160660,120251001083740660,2026-09-10,6.92,231,1,29.96,0.433,6.92,0,0,,,,Sessions beforeSep12 unavailable; Sep12 partial; property/retained starts unavailable; outcomes use occurrence day and exact stored IDs.
AD,120251001108160660,120251001083740660,2026-09-11,10.24,320,0,32.0,0.0,,0,0,,,,Sessions beforeSep12 unavailable; Sep12 partial; property/retained starts unavailable; outcomes use occurrence day and exact stored IDs.
AD,120251001108160660,120251001083740660,2026-09-12,7.07,170,2,41.59,1.176,3.54,0,0,,0,,Sessions beforeSep12 unavailable; Sep12 partial; property/retained starts unavailable; outcomes use occurrence day and exact stored IDs.
AD,120251001108830660,120251001083740660,2026-09-08,5.49,101,2,54.36,1.98,2.75,1,1,5.49,,,Sessions beforeSep12 unavailable; Sep12 partial; property/retained starts unavailable; outcomes use occurrence day and exact stored IDs.
AD,120251001108830660,120251001083740660,2026-09-09,15.48,365,1,42.41,0.274,15.48,0,0,,,,Sessions beforeSep12 unavailable; Sep12 partial; property/retained starts unavailable; outcomes use occurrence day and exact stored IDs.
AD,120251001108830660,120251001083740660,2026-09-10,8.54,247,0,34.57,0.0,,0,0,,,,Sessions beforeSep12 unavailable; Sep12 partial; property/retained starts unavailable; outcomes use occurrence day and exact stored IDs.
AD,120251001108830660,120251001083740660,2026-09-11,4.57,107,3,42.71,2.804,1.52,0,0,,,,Sessions beforeSep12 unavailable; Sep12 partial; property/retained starts unavailable; outcomes use occurrence day and exact stored IDs.
AD,120251001108830660,120251001083740660,2026-09-12,0.75,26,0,28.85,0.0,,0,0,,0,,Sessions beforeSep12 unavailable; Sep12 partial; property/retained starts unavailable; outcomes use occurrence day and exact stored IDs.
AD,120251001109840660,120251001083740660,2026-09-08,1.7,29,0,58.62,0.0,,0,0,,,,Sessions beforeSep12 unavailable; Sep12 partial; property/retained starts unavailable; outcomes use occurrence day and exact stored IDs.
AD,120251001109840660,120251001083740660,2026-09-09,0.72,19,0,37.89,0.0,,0,0,,,,Sessions beforeSep12 unavailable; Sep12 partial; property/retained starts unavailable; outcomes use occurrence day and exact stored IDs.
AD,120251001109840660,120251001083740660,2026-09-10,1.47,21,0,70.0,0.0,,0,0,,,,Sessions beforeSep12 unavailable; Sep12 partial; property/retained starts unavailable; outcomes use occurrence day and exact stored IDs.
AD,120251001109840660,120251001083740660,2026-09-11,1.75,39,0,44.87,0.0,,0,0,,,,Sessions beforeSep12 unavailable; Sep12 partial; property/retained starts unavailable; outcomes use occurrence day and exact stored IDs.
AD,120251001109840660,120251001083740660,2026-09-12,0.26,10,0,26.0,0.0,,0,0,,0,,Sessions beforeSep12 unavailable; Sep12 partial; property/retained starts unavailable; outcomes use occurrence day and exact stored IDs.
AD,120251001110560660,120251001083740660,2026-09-08,11.25,222,2,50.68,0.901,5.62,0,0,,,,Sessions beforeSep12 unavailable; Sep12 partial; property/retained starts unavailable; outcomes use occurrence day and exact stored IDs.
AD,120251001110560660,120251001083740660,2026-09-09,21.59,550,6,39.25,1.091,3.6,0,0,,,,Sessions beforeSep12 unavailable; Sep12 partial; property/retained starts unavailable; outcomes use occurrence day and exact stored IDs.
AD,120251001110560660,120251001083740660,2026-09-10,15.98,419,0,38.14,0.0,,0,0,,,,Sessions beforeSep12 unavailable; Sep12 partial; property/retained starts unavailable; outcomes use occurrence day and exact stored IDs.
AD,120251001110560660,120251001083740660,2026-09-11,14.93,339,1,44.04,0.295,14.93,0,0,,,,Sessions beforeSep12 unavailable; Sep12 partial; property/retained starts unavailable; outcomes use occurrence day and exact stored IDs.
AD,120251001110560660,120251001083740660,2026-09-12,5.16,130,0,39.69,0.0,,0,0,,0,,Sessions beforeSep12 unavailable; Sep12 partial; property/retained starts unavailable; outcomes use occurrence day and exact stored IDs.
AD,120251001111590660,120251001083740660,2026-09-08,0.63,24,0,26.25,0.0,,0,0,,,,Sessions beforeSep12 unavailable; Sep12 partial; property/retained starts unavailable; outcomes use occurrence day and exact stored IDs.
AD,120251001111590660,120251001083740660,2026-09-09,0.81,19,0,42.63,0.0,,0,0,,,,Sessions beforeSep12 unavailable; Sep12 partial; property/retained starts unavailable; outcomes use occurrence day and exact stored IDs.
AD,120251001111590660,120251001083740660,2026-09-10,1.0,40,0,25.0,0.0,,0,0,,,,Sessions beforeSep12 unavailable; Sep12 partial; property/retained starts unavailable; outcomes use occurrence day and exact stored IDs.
AD,120251001111590660,120251001083740660,2026-09-11,0.53,29,1,18.28,3.448,0.53,0,0,,,,Sessions beforeSep12 unavailable; Sep12 partial; property/retained starts unavailable; outcomes use occurrence day and exact stored IDs.
AD,120251001111590660,120251001083740660,2026-09-12,0.32,9,0,35.56,0.0,,0,0,,0,,Sessions beforeSep12 unavailable; Sep12 partial; property/retained starts unavailable; outcomes use occurrence day and exact stored IDs.
AD,120251001111970660,120251001083740660,2026-09-08,1.59,50,0,31.8,0.0,,0,0,,,,Sessions beforeSep12 unavailable; Sep12 partial; property/retained starts unavailable; outcomes use occurrence day and exact stored IDs.
AD,120251001111970660,120251001083740660,2026-09-09,2.62,45,0,58.22,0.0,,0,0,,,,Sessions beforeSep12 unavailable; Sep12 partial; property/retained starts unavailable; outcomes use occurrence day and exact stored IDs.
AD,120251001111970660,120251001083740660,2026-09-10,0.62,20,1,31.0,5.0,0.62,0,0,,,,Sessions beforeSep12 unavailable; Sep12 partial; property/retained starts unavailable; outcomes use occurrence day and exact stored IDs.
AD,120251001111970660,120251001083740660,2026-09-11,0.66,22,0,30.0,0.0,,0,0,,,,Sessions beforeSep12 unavailable; Sep12 partial; property/retained starts unavailable; outcomes use occurrence day and exact stored IDs.
AD,120251001111970660,120251001083740660,2026-09-12,0.03,2,0,15.0,0.0,,0,0,,0,,Sessions beforeSep12 unavailable; Sep12 partial; property/retained starts unavailable; outcomes use occurrence day and exact stored IDs.
AD,120251001113110660,120251001083740660,2026-09-08,9.85,126,3,78.17,2.381,3.28,1,1,9.85,,,Sessions beforeSep12 unavailable; Sep12 partial; property/retained starts unavailable; outcomes use occurrence day and exact stored IDs.
AD,120251001113110660,120251001083740660,2026-09-09,15.25,247,1,61.74,0.405,15.25,1,1,15.25,,,Sessions beforeSep12 unavailable; Sep12 partial; property/retained starts unavailable; outcomes use occurrence day and exact stored IDs.
AD,120251001113110660,120251001083740660,2026-09-10,8.77,167,0,52.51,0.0,,0,0,,,,Sessions beforeSep12 unavailable; Sep12 partial; property/retained starts unavailable; outcomes use occurrence day and exact stored IDs.
AD,120251001113110660,120251001083740660,2026-09-11,0.73,20,0,36.5,0.0,,0,0,,,,Sessions beforeSep12 unavailable; Sep12 partial; property/retained starts unavailable; outcomes use occurrence day and exact stored IDs.
AD,120251001113110660,120251001083740660,2026-09-12,0.74,24,1,30.83,4.167,0.74,0,0,,0,,Sessions beforeSep12 unavailable; Sep12 partial; property/retained starts unavailable; outcomes use occurrence day and exact stored IDs.
AD,120251001113110660,120251001083740660,2026-09-13,1.09,22,0,49.55,0.0,,0,0,,0,,Sessions beforeSep12 unavailable; Sep12 partial; property/retained starts unavailable; outcomes use occurrence day and exact stored IDs.
AD,120251001113110660,120251001083740660,2026-09-14,7.37,130,2,56.69,1.538,3.69,1,1,7.37,2,,Sessions beforeSep12 unavailable; Sep12 partial; property/retained starts unavailable; outcomes use occurrence day and exact stored IDs.
AD,120251001113110660,120251001083740660,2026-09-15,1.39,33,0,42.12,0.0,,0,0,,0,,Sessions beforeSep12 unavailable; Sep12 partial; property/retained starts unavailable; outcomes use occurrence day and exact stored IDs.
AD,120251001113110660,120251001083740660,2026-09-16,0.56,7,0,80.0,0.0,,0,0,,0,,Sessions beforeSep12 unavailable; Sep12 partial; property/retained starts unavailable; outcomes use occurrence day and exact stored IDs.
AD,120251001113110660,120251001083740660,2026-09-17,0.91,8,0,113.75,0.0,,0,0,,0,,Sessions beforeSep12 unavailable; Sep12 partial; property/retained starts unavailable; outcomes use occurrence day and exact stored IDs.
AD,120251001114910660,120251001083740660,2026-09-08,0.4,15,0,26.67,0.0,,0,0,,,,Sessions beforeSep12 unavailable; Sep12 partial; property/retained starts unavailable; outcomes use occurrence day and exact stored IDs.
AD,120251001114910660,120251001083740660,2026-09-09,0.6,15,0,40.0,0.0,,0,0,,,,Sessions beforeSep12 unavailable; Sep12 partial; property/retained starts unavailable; outcomes use occurrence day and exact stored IDs.
AD,120251001114910660,120251001083740660,2026-09-10,0.73,10,1,73.0,10.0,0.73,0,0,,,,Sessions beforeSep12 unavailable; Sep12 partial; property/retained starts unavailable; outcomes use occurrence day and exact stored IDs.
AD,120251001114910660,120251001083740660,2026-09-12,0.12,1,0,120.0,0.0,,0,0,,0,,Sessions beforeSep12 unavailable; Sep12 partial; property/retained starts unavailable; outcomes use occurrence day and exact stored IDs.
AD,120251001114910660,120251001083740660,2026-09-14,0.62,4,0,155.0,0.0,,0,0,,0,,Sessions beforeSep12 unavailable; Sep12 partial; property/retained starts unavailable; outcomes use occurrence day and exact stored IDs.
AD,120251001114910660,120251001083740660,2026-09-17,0.1,3,0,33.33,0.0,,0,0,,0,,Sessions beforeSep12 unavailable; Sep12 partial; property/retained starts unavailable; outcomes use occurrence day and exact stored IDs.
AD,120251001116790660,120251001083740660,2026-09-08,4.89,132,1,37.05,0.758,4.89,0,0,,,,Sessions beforeSep12 unavailable; Sep12 partial; property/retained starts unavailable; outcomes use occurrence day and exact stored IDs.
AD,120251001116790660,120251001083740660,2026-09-09,9.45,186,3,50.81,1.613,3.15,0,0,,,,Sessions beforeSep12 unavailable; Sep12 partial; property/retained starts unavailable; outcomes use occurrence day and exact stored IDs.
AD,120251001116790660,120251001083740660,2026-09-10,9.21,249,5,36.99,2.008,1.84,1,1,9.21,,,Sessions beforeSep12 unavailable; Sep12 partial; property/retained starts unavailable; outcomes use occurrence day and exact stored IDs.
AD,120251001116790660,120251001083740660,2026-09-11,16.94,390,2,43.44,0.513,8.47,2,2,8.47,,,Sessions beforeSep12 unavailable; Sep12 partial; property/retained starts unavailable; outcomes use occurrence day and exact stored IDs.
AD,120251001116790660,120251001083740660,2026-09-12,9.15,238,3,38.45,1.261,3.05,0,0,,0,,Sessions beforeSep12 unavailable; Sep12 partial; property/retained starts unavailable; outcomes use occurrence day and exact stored IDs.
AD,120251001116790660,120251001083740660,2026-09-13,21.07,348,4,60.55,1.149,5.27,1,1,21.07,3,,Sessions beforeSep12 unavailable; Sep12 partial; property/retained starts unavailable; outcomes use occurrence day and exact stored IDs.
AD,120251001116790660,120251001083740660,2026-09-14,20.79,363,3,57.27,0.826,6.93,0,0,,2,,Sessions beforeSep12 unavailable; Sep12 partial; property/retained starts unavailable; outcomes use occurrence day and exact stored IDs.
AD,120251001116790660,120251001083740660,2026-09-15,21.83,410,3,53.24,0.732,7.28,1,1,21.83,3,,Sessions beforeSep12 unavailable; Sep12 partial; property/retained starts unavailable; outcomes use occurrence day and exact stored IDs.
AD,120251001116790660,120251001083740660,2026-09-16,20.05,407,2,49.26,0.491,10.03,1,1,20.05,2,,Sessions beforeSep12 unavailable; Sep12 partial; property/retained starts unavailable; outcomes use occurrence day and exact stored IDs.
AD,120251001116790660,120251001083740660,2026-09-17,17.7,317,1,55.84,0.315,17.7,0,0,,1,,Sessions beforeSep12 unavailable; Sep12 partial; property/retained starts unavailable; outcomes use occurrence day and exact stored IDs.
AD,120251001116790660,120251001083740660,2026-09-18,13.98,313,2,44.66,0.639,6.99,0,0,,2,,Sessions beforeSep12 unavailable; Sep12 partial; property/retained starts unavailable; outcomes use occurrence day and exact stored IDs.
AD,120251001119990660,120251001083740660,2026-09-08,6.35,211,0,30.09,0.0,,0,0,,,,Sessions beforeSep12 unavailable; Sep12 partial; property/retained starts unavailable; outcomes use occurrence day and exact stored IDs.
AD,120251001119990660,120251001083740660,2026-09-09,4.05,113,1,35.84,0.885,4.05,0,0,,,,Sessions beforeSep12 unavailable; Sep12 partial; property/retained starts unavailable; outcomes use occurrence day and exact stored IDs.
AD,120251001119990660,120251001083740660,2026-09-10,11.04,351,2,31.45,0.57,5.52,0,0,,,,Sessions beforeSep12 unavailable; Sep12 partial; property/retained starts unavailable; outcomes use occurrence day and exact stored IDs.
AD,120251001119990660,120251001083740660,2026-09-11,12.04,395,4,30.48,1.013,3.01,0,0,,,,Sessions beforeSep12 unavailable; Sep12 partial; property/retained starts unavailable; outcomes use occurrence day and exact stored IDs.
AD,120251001119990660,120251001083740660,2026-09-12,5.56,178,0,31.24,0.0,,0,0,,0,,Sessions beforeSep12 unavailable; Sep12 partial; property/retained starts unavailable; outcomes use occurrence day and exact stored IDs.
AD,120251001120620660,120251001083740660,2026-09-08,2.43,79,0,30.76,0.0,,0,0,,,,Sessions beforeSep12 unavailable; Sep12 partial; property/retained starts unavailable; outcomes use occurrence day and exact stored IDs.
AD,120251001120620660,120251001083740660,2026-09-09,2.06,55,0,37.45,0.0,,0,0,,,,Sessions beforeSep12 unavailable; Sep12 partial; property/retained starts unavailable; outcomes use occurrence day and exact stored IDs.
AD,120251001120620660,120251001083740660,2026-09-10,0.4,15,0,26.67,0.0,,0,0,,,,Sessions beforeSep12 unavailable; Sep12 partial; property/retained starts unavailable; outcomes use occurrence day and exact stored IDs.
AD,120251001120620660,120251001083740660,2026-09-11,0.28,4,1,70.0,25.0,0.28,0,0,,,,Sessions beforeSep12 unavailable; Sep12 partial; property/retained starts unavailable; outcomes use occurrence day and exact stored IDs.
AD,120251001121000660,120251001083740660,2026-09-08,2.23,64,1,34.84,1.562,2.23,0,0,,,,Sessions beforeSep12 unavailable; Sep12 partial; property/retained starts unavailable; outcomes use occurrence day and exact stored IDs.
AD,120251001121000660,120251001083740660,2026-09-09,13.86,426,1,32.54,0.235,13.86,0,0,,,,Sessions beforeSep12 unavailable; Sep12 partial; property/retained starts unavailable; outcomes use occurrence day and exact stored IDs.
AD,120251001121000660,120251001083740660,2026-09-10,11.11,397,2,27.98,0.504,5.55,0,0,,,,Sessions beforeSep12 unavailable; Sep12 partial; property/retained starts unavailable; outcomes use occurrence day and exact stored IDs.
AD,120251001121000660,120251001083740660,2026-09-11,7.29,175,3,41.66,1.714,2.43,0,0,,,,Sessions beforeSep12 unavailable; Sep12 partial; property/retained starts unavailable; outcomes use occurrence day and exact stored IDs.
AD,120251001121000660,120251001083740660,2026-09-12,0.99,27,0,36.67,0.0,,0,0,,0,,Sessions beforeSep12 unavailable; Sep12 partial; property/retained starts unavailable; outcomes use occurrence day and exact stored IDs.
AD,120251001121780660,120251001083740660,2026-09-08,5.07,192,1,26.41,0.521,5.07,0,0,,,,Sessions beforeSep12 unavailable; Sep12 partial; property/retained starts unavailable; outcomes use occurrence day and exact stored IDs.
AD,120251001121780660,120251001083740660,2026-09-09,19.1,648,4,29.48,0.617,4.78,0,0,,,,Sessions beforeSep12 unavailable; Sep12 partial; property/retained starts unavailable; outcomes use occurrence day and exact stored IDs.
AD,120251001121780660,120251001083740660,2026-09-10,19.49,667,6,29.22,0.9,3.25,0,0,,,,Sessions beforeSep12 unavailable; Sep12 partial; property/retained starts unavailable; outcomes use occurrence day and exact stored IDs.
AD,120251001121780660,120251001083740660,2026-09-11,10.44,354,1,29.49,0.282,10.44,0,0,,,,Sessions beforeSep12 unavailable; Sep12 partial; property/retained starts unavailable; outcomes use occurrence day and exact stored IDs.
AD,120251001121780660,120251001083740660,2026-09-12,5.13,122,2,42.05,1.639,2.56,0,0,,0,,Sessions beforeSep12 unavailable; Sep12 partial; property/retained starts unavailable; outcomes use occurrence day and exact stored IDs.
AD,120251001122580660,120251001083740660,2026-09-08,0.87,39,0,22.31,0.0,,0,0,,,,Sessions beforeSep12 unavailable; Sep12 partial; property/retained starts unavailable; outcomes use occurrence day and exact stored IDs.
AD,120251001122580660,120251001083740660,2026-09-09,0.72,14,0,51.43,0.0,,0,0,,,,Sessions beforeSep12 unavailable; Sep12 partial; property/retained starts unavailable; outcomes use occurrence day and exact stored IDs.
AD,120251001122580660,120251001083740660,2026-09-10,0.24,9,0,26.67,0.0,,0,0,,,,Sessions beforeSep12 unavailable; Sep12 partial; property/retained starts unavailable; outcomes use occurrence day and exact stored IDs.
AD,120251001122580660,120251001083740660,2026-09-11,0.23,17,0,13.53,0.0,,0,0,,,,Sessions beforeSep12 unavailable; Sep12 partial; property/retained starts unavailable; outcomes use occurrence day and exact stored IDs.
AD,120251001125660660,120251001083740660,2026-09-08,4.6,164,0,28.05,0.0,,0,0,,,,Sessions beforeSep12 unavailable; Sep12 partial; property/retained starts unavailable; outcomes use occurrence day and exact stored IDs.
AD,120251001125660660,120251001083740660,2026-09-09,4.37,80,0,54.62,0.0,,0,0,,,,Sessions beforeSep12 unavailable; Sep12 partial; property/retained starts unavailable; outcomes use occurrence day and exact stored IDs.
AD,120251001125660660,120251001083740660,2026-09-10,0.49,16,0,30.62,0.0,,0,0,,,,Sessions beforeSep12 unavailable; Sep12 partial; property/retained starts unavailable; outcomes use occurrence day and exact stored IDs.
AD,120251001125660660,120251001083740660,2026-09-11,4.13,138,1,29.93,0.725,4.13,1,1,4.13,,,Sessions beforeSep12 unavailable; Sep12 partial; property/retained starts unavailable; outcomes use occurrence day and exact stored IDs.
AD,120251001125660660,120251001083740660,2026-09-12,2.48,45,0,55.11,0.0,,0,0,,0,,Sessions beforeSep12 unavailable; Sep12 partial; property/retained starts unavailable; outcomes use occurrence day and exact stored IDs.
AD,120251001127550660,120251001083740660,2026-09-08,9.23,177,1,52.15,0.565,9.23,0,0,,,,Sessions beforeSep12 unavailable; Sep12 partial; property/retained starts unavailable; outcomes use occurrence day and exact stored IDs.
AD,120251001127550660,120251001083740660,2026-09-09,14.12,275,4,51.35,1.455,3.53,1,1,14.12,,,Sessions beforeSep12 unavailable; Sep12 partial; property/retained starts unavailable; outcomes use occurrence day and exact stored IDs.
AD,120251001127550660,120251001083740660,2026-09-10,12.96,316,0,41.01,0.0,,0,0,,,,Sessions beforeSep12 unavailable; Sep12 partial; property/retained starts unavailable; outcomes use occurrence day and exact stored IDs.
AD,120251001127550660,120251001083740660,2026-09-11,7.72,152,2,50.79,1.316,3.86,1,1,7.72,,,Sessions beforeSep12 unavailable; Sep12 partial; property/retained starts unavailable; outcomes use occurrence day and exact stored IDs.
AD,120251001127550660,120251001083740660,2026-09-12,3.1,74,3,41.89,4.054,1.03,1,1,3.1,0,,Sessions beforeSep12 unavailable; Sep12 partial; property/retained starts unavailable; outcomes use occurrence day and exact stored IDs.
AD,120251001128720660,120251001083740660,2026-09-08,3.02,71,0,42.54,0.0,,0,0,,,,Sessions beforeSep12 unavailable; Sep12 partial; property/retained starts unavailable; outcomes use occurrence day and exact stored IDs.
AD,120251001128720660,120251001083740660,2026-09-09,5.13,47,1,109.15,2.128,5.13,0,0,,,,Sessions beforeSep12 unavailable; Sep12 partial; property/retained starts unavailable; outcomes use occurrence day and exact stored IDs.
AD,120251001128720660,120251001083740660,2026-09-10,3.01,62,0,48.55,0.0,,0,0,,,,Sessions beforeSep12 unavailable; Sep12 partial; property/retained starts unavailable; outcomes use occurrence day and exact stored IDs.
AD,120251001128720660,120251001083740660,2026-09-11,8.22,227,2,36.21,0.881,4.11,0,0,,,,Sessions beforeSep12 unavailable; Sep12 partial; property/retained starts unavailable; outcomes use occurrence day and exact stored IDs.
AD,120251001128720660,120251001083740660,2026-09-12,0.57,23,0,24.78,0.0,,0,0,,0,,Sessions beforeSep12 unavailable; Sep12 partial; property/retained starts unavailable; outcomes use occurrence day and exact stored IDs.
AD,120251001129240660,120251001083740660,2026-09-08,2.76,56,0,49.29,0.0,,0,0,,,,Sessions beforeSep12 unavailable; Sep12 partial; property/retained starts unavailable; outcomes use occurrence day and exact stored IDs.
AD,120251001129240660,120251001083740660,2026-09-09,6.96,61,0,114.1,0.0,,0,0,,,,Sessions beforeSep12 unavailable; Sep12 partial; property/retained starts unavailable; outcomes use occurrence day and exact stored IDs.
AD,120251001129240660,120251001083740660,2026-09-10,0.29,10,0,29.0,0.0,,0,0,,,,Sessions beforeSep12 unavailable; Sep12 partial; property/retained starts unavailable; outcomes use occurrence day and exact stored IDs.
AD,120251001129240660,120251001083740660,2026-09-11,0.59,5,0,118.0,0.0,,0,0,,,,Sessions beforeSep12 unavailable; Sep12 partial; property/retained starts unavailable; outcomes use occurrence day and exact stored IDs.
AD,120251001129240660,120251001083740660,2026-09-12,0.16,6,0,26.67,0.0,,0,0,,0,,Sessions beforeSep12 unavailable; Sep12 partial; property/retained starts unavailable; outcomes use occurrence day and exact stored IDs.
AD,120251001131640660,120251001083740660,2026-09-08,9.81,277,2,35.42,0.722,4.91,0,0,,,,Sessions beforeSep12 unavailable; Sep12 partial; property/retained starts unavailable; outcomes use occurrence day and exact stored IDs.
AD,120251001131640660,120251001083740660,2026-09-09,14.78,419,3,35.27,0.716,4.93,1,1,14.78,,,Sessions beforeSep12 unavailable; Sep12 partial; property/retained starts unavailable; outcomes use occurrence day and exact stored IDs.
AD,120251001131640660,120251001083740660,2026-09-10,13.98,381,1,36.69,0.262,13.98,0,0,,,,Sessions beforeSep12 unavailable; Sep12 partial; property/retained starts unavailable; outcomes use occurrence day and exact stored IDs.
AD,120251001131640660,120251001083740660,2026-09-11,9.87,274,1,36.02,0.365,9.87,0,0,,,,Sessions beforeSep12 unavailable; Sep12 partial; property/retained starts unavailable; outcomes use occurrence day and exact stored IDs.
AD,120251001131640660,120251001083740660,2026-09-12,5.41,107,0,50.56,0.0,,0,0,,0,,Sessions beforeSep12 unavailable; Sep12 partial; property/retained starts unavailable; outcomes use occurrence day and exact stored IDs.
AD,120251001136920660,120251001083740660,2026-09-08,0.14,13,0,10.77,0.0,,0,0,,,,Sessions beforeSep12 unavailable; Sep12 partial; property/retained starts unavailable; outcomes use occurrence day and exact stored IDs.
AD,120251001136920660,120251001083740660,2026-09-09,2.13,76,1,28.03,1.316,2.13,1,1,2.13,,,Sessions beforeSep12 unavailable; Sep12 partial; property/retained starts unavailable; outcomes use occurrence day and exact stored IDs.
AD,120251001136920660,120251001083740660,2026-09-10,0.81,37,0,21.89,0.0,,0,0,,,,Sessions beforeSep12 unavailable; Sep12 partial; property/retained starts unavailable; outcomes use occurrence day and exact stored IDs.
AD,120251001136920660,120251001083740660,2026-09-11,0.13,7,0,18.57,0.0,,0,0,,,,Sessions beforeSep12 unavailable; Sep12 partial; property/retained starts unavailable; outcomes use occurrence day and exact stored IDs.
AD,120251001139460660,120251001083740660,2026-09-08,1.8,33,0,54.55,0.0,,0,0,,,,Sessions beforeSep12 unavailable; Sep12 partial; property/retained starts unavailable; outcomes use occurrence day and exact stored IDs.
AD,120251001139460660,120251001083740660,2026-09-09,7.65,178,2,42.98,1.124,3.83,0,0,,,,Sessions beforeSep12 unavailable; Sep12 partial; property/retained starts unavailable; outcomes use occurrence day and exact stored IDs.
AD,120251001139460660,120251001083740660,2026-09-10,3.41,86,1,39.65,1.163,3.41,0,0,,,,Sessions beforeSep12 unavailable; Sep12 partial; property/retained starts unavailable; outcomes use occurrence day and exact stored IDs.
AD,120251001139460660,120251001083740660,2026-09-11,7.72,178,1,43.37,0.562,7.72,0,0,,,,Sessions beforeSep12 unavailable; Sep12 partial; property/retained starts unavailable; outcomes use occurrence day and exact stored IDs.
AD,120251001139460660,120251001083740660,2026-09-12,1.46,58,0,25.17,0.0,,0,0,,0,,Sessions beforeSep12 unavailable; Sep12 partial; property/retained starts unavailable; outcomes use occurrence day and exact stored IDs.
AD,120251001141330660,120251001083740660,2026-09-08,12.18,288,3,42.29,1.042,4.06,1,0,12.18,,,Sessions beforeSep12 unavailable; Sep12 partial; property/retained starts unavailable; outcomes use occurrence day and exact stored IDs.
AD,120251001141330660,120251001083740660,2026-09-09,21.24,492,3,43.17,0.61,7.08,1,1,21.24,,,Sessions beforeSep12 unavailable; Sep12 partial; property/retained starts unavailable; outcomes use occurrence day and exact stored IDs.
AD,120251001141330660,120251001083740660,2026-09-10,19.11,579,5,33.01,0.864,3.82,0,0,,,,Sessions beforeSep12 unavailable; Sep12 partial; property/retained starts unavailable; outcomes use occurrence day and exact stored IDs.
AD,120251001141330660,120251001083740660,2026-09-11,15.11,408,7,37.03,1.716,2.16,0,0,,,,Sessions beforeSep12 unavailable; Sep12 partial; property/retained starts unavailable; outcomes use occurrence day and exact stored IDs.
AD,120251001141330660,120251001083740660,2026-09-12,4.3,123,0,34.96,0.0,,0,0,,0,,Sessions beforeSep12 unavailable; Sep12 partial; property/retained starts unavailable; outcomes use occurrence day and exact stored IDs.
AD,120251001142590660,120251001083740660,2026-09-08,0.43,20,0,21.5,0.0,,0,0,,,,Sessions beforeSep12 unavailable; Sep12 partial; property/retained starts unavailable; outcomes use occurrence day and exact stored IDs.
AD,120251001142590660,120251001083740660,2026-09-09,0.51,20,0,25.5,0.0,,0,0,,,,Sessions beforeSep12 unavailable; Sep12 partial; property/retained starts unavailable; outcomes use occurrence day and exact stored IDs.
AD,120251001142590660,120251001083740660,2026-09-10,0.22,11,0,20.0,0.0,,0,0,,,,Sessions beforeSep12 unavailable; Sep12 partial; property/retained starts unavailable; outcomes use occurrence day and exact stored IDs.
AD,120251001142590660,120251001083740660,2026-09-11,1.02,9,0,113.33,0.0,,0,0,,,,Sessions beforeSep12 unavailable; Sep12 partial; property/retained starts unavailable; outcomes use occurrence day and exact stored IDs.
AD,120251001144610660,120251001083740660,2026-09-08,2.2,47,0,46.81,0.0,,0,0,,,,Sessions beforeSep12 unavailable; Sep12 partial; property/retained starts unavailable; outcomes use occurrence day and exact stored IDs.
AD,120251001144610660,120251001083740660,2026-09-09,1.06,18,0,58.89,0.0,,0,0,,,,Sessions beforeSep12 unavailable; Sep12 partial; property/retained starts unavailable; outcomes use occurrence day and exact stored IDs.
AD,120251001144610660,120251001083740660,2026-09-10,0.93,17,0,54.71,0.0,,0,0,,,,Sessions beforeSep12 unavailable; Sep12 partial; property/retained starts unavailable; outcomes use occurrence day and exact stored IDs.
AD,120251001145810660,120251001083740660,2026-09-08,8.17,261,2,31.3,0.766,4.08,1,1,8.17,,,Sessions beforeSep12 unavailable; Sep12 partial; property/retained starts unavailable; outcomes use occurrence day and exact stored IDs.
AD,120251001145810660,120251001083740660,2026-09-09,9.85,252,1,39.09,0.397,9.85,0,0,,,,Sessions beforeSep12 unavailable; Sep12 partial; property/retained starts unavailable; outcomes use occurrence day and exact stored IDs.
AD,120251001145810660,120251001083740660,2026-09-10,4.4,133,0,33.08,0.0,,0,0,,,,Sessions beforeSep12 unavailable; Sep12 partial; property/retained starts unavailable; outcomes use occurrence day and exact stored IDs.
AD,120251001145810660,120251001083740660,2026-09-11,3.64,86,0,42.33,0.0,,0,0,,,,Sessions beforeSep12 unavailable; Sep12 partial; property/retained starts unavailable; outcomes use occurrence day and exact stored IDs.
AD,120251001145810660,120251001083740660,2026-09-12,0.67,19,0,35.26,0.0,,0,0,,0,,Sessions beforeSep12 unavailable; Sep12 partial; property/retained starts unavailable; outcomes use occurrence day and exact stored IDs.
AD,120251001146750660,120251001083740660,2026-09-08,3.38,130,3,26.0,2.308,1.13,0,0,,,,Sessions beforeSep12 unavailable; Sep12 partial; property/retained starts unavailable; outcomes use occurrence day and exact stored IDs.
AD,120251001146750660,120251001083740660,2026-09-09,14.59,502,3,29.06,0.598,4.86,0,0,,,,Sessions beforeSep12 unavailable; Sep12 partial; property/retained starts unavailable; outcomes use occurrence day and exact stored IDs.
AD,120251001146750660,120251001083740660,2026-09-10,12.2,338,2,36.09,0.592,6.1,0,0,,,,Sessions beforeSep12 unavailable; Sep12 partial; property/retained starts unavailable; outcomes use occurrence day and exact stored IDs.
AD,120251001146750660,120251001083740660,2026-09-11,10.67,302,1,35.33,0.331,10.67,0,0,,,,Sessions beforeSep12 unavailable; Sep12 partial; property/retained starts unavailable; outcomes use occurrence day and exact stored IDs.
AD,120251001146750660,120251001083740660,2026-09-12,2.91,58,0,50.17,0.0,,0,0,,0,,Sessions beforeSep12 unavailable; Sep12 partial; property/retained starts unavailable; outcomes use occurrence day and exact stored IDs.
AD,120251001148530660,120251001083740660,2026-09-08,0.95,41,0,23.17,0.0,,0,0,,,,Sessions beforeSep12 unavailable; Sep12 partial; property/retained starts unavailable; outcomes use occurrence day and exact stored IDs.
AD,120251001148530660,120251001083740660,2026-09-09,0.48,11,0,43.64,0.0,,0,0,,,,Sessions beforeSep12 unavailable; Sep12 partial; property/retained starts unavailable; outcomes use occurrence day and exact stored IDs.
AD,120251001148530660,120251001083740660,2026-09-10,2.24,19,0,117.89,0.0,,0,0,,,,Sessions beforeSep12 unavailable; Sep12 partial; property/retained starts unavailable; outcomes use occurrence day and exact stored IDs.
AD,120251001148530660,120251001083740660,2026-09-11,0.21,11,0,19.09,0.0,,0,0,,,,Sessions beforeSep12 unavailable; Sep12 partial; property/retained starts unavailable; outcomes use occurrence day and exact stored IDs.
AD,120251001148530660,120251001083740660,2026-09-12,1.47,40,0,36.75,0.0,,0,0,,0,,Sessions beforeSep12 unavailable; Sep12 partial; property/retained starts unavailable; outcomes use occurrence day and exact stored IDs.
AD,120251001149840660,120251001083740660,2026-09-08,9.63,298,3,32.32,1.007,3.21,1,1,9.63,,,Sessions beforeSep12 unavailable; Sep12 partial; property/retained starts unavailable; outcomes use occurrence day and exact stored IDs.
AD,120251001149840660,120251001083740660,2026-09-09,21.57,619,1,34.85,0.162,21.57,0,0,,,,Sessions beforeSep12 unavailable; Sep12 partial; property/retained starts unavailable; outcomes use occurrence day and exact stored IDs.
AD,120251001149840660,120251001083740660,2026-09-10,18.05,648,6,27.85,0.926,3.01,1,1,18.05,,,Sessions beforeSep12 unavailable; Sep12 partial; property/retained starts unavailable; outcomes use occurrence day and exact stored IDs.
AD,120251001149840660,120251001083740660,2026-09-11,12.42,398,1,31.21,0.251,12.42,0,0,,,,Sessions beforeSep12 unavailable; Sep12 partial; property/retained starts unavailable; outcomes use occurrence day and exact stored IDs.
AD,120251001149840660,120251001083740660,2026-09-12,6.25,169,0,36.98,0.0,,0,0,,0,,Sessions beforeSep12 unavailable; Sep12 partial; property/retained starts unavailable; outcomes use occurrence day and exact stored IDs.
AD,120251001151300660,120251001083740660,2026-09-08,1.05,27,0,38.89,0.0,,0,0,,,,Sessions beforeSep12 unavailable; Sep12 partial; property/retained starts unavailable; outcomes use occurrence day and exact stored IDs.
AD,120251001151300660,120251001083740660,2026-09-09,0.74,29,0,25.52,0.0,,0,0,,,,Sessions beforeSep12 unavailable; Sep12 partial; property/retained starts unavailable; outcomes use occurrence day and exact stored IDs.
AD,120251001151300660,120251001083740660,2026-09-10,0.58,18,0,32.22,0.0,,0,0,,,,Sessions beforeSep12 unavailable; Sep12 partial; property/retained starts unavailable; outcomes use occurrence day and exact stored IDs.
AD,120251001151300660,120251001083740660,2026-09-11,0.12,7,0,17.14,0.0,,0,0,,,,Sessions beforeSep12 unavailable; Sep12 partial; property/retained starts unavailable; outcomes use occurrence day and exact stored IDs.
AD,120251001151300660,120251001083740660,2026-09-12,0.06,6,0,10.0,0.0,,0,0,,0,,Sessions beforeSep12 unavailable; Sep12 partial; property/retained starts unavailable; outcomes use occurrence day and exact stored IDs.
AD,120251001152610660,120251001083740660,2026-09-08,2.67,96,0,27.81,0.0,,0,0,,,,Sessions beforeSep12 unavailable; Sep12 partial; property/retained starts unavailable; outcomes use occurrence day and exact stored IDs.
AD,120251001152610660,120251001083740660,2026-09-09,1.82,49,0,37.14,0.0,,0,0,,,,Sessions beforeSep12 unavailable; Sep12 partial; property/retained starts unavailable; outcomes use occurrence day and exact stored IDs.
AD,120251001152610660,120251001083740660,2026-09-10,0.62,18,0,34.44,0.0,,0,0,,,,Sessions beforeSep12 unavailable; Sep12 partial; property/retained starts unavailable; outcomes use occurrence day and exact stored IDs.
AD,120251001152610660,120251001083740660,2026-09-11,0.16,3,0,53.33,0.0,,0,0,,,,Sessions beforeSep12 unavailable; Sep12 partial; property/retained starts unavailable; outcomes use occurrence day and exact stored IDs.
AD,120251001152610660,120251001083740660,2026-09-12,0.46,11,0,41.82,0.0,,0,0,,0,,Sessions beforeSep12 unavailable; Sep12 partial; property/retained starts unavailable; outcomes use occurrence day and exact stored IDs.
AD,120251001154190660,120251001083740660,2026-09-08,8.37,230,2,36.39,0.87,4.18,0,0,,,,Sessions beforeSep12 unavailable; Sep12 partial; property/retained starts unavailable; outcomes use occurrence day and exact stored IDs.
AD,120251001154190660,120251001083740660,2026-09-09,17.49,483,2,36.21,0.414,8.74,1,1,17.49,,,Sessions beforeSep12 unavailable; Sep12 partial; property/retained starts unavailable; outcomes use occurrence day and exact stored IDs.
AD,120251001154190660,120251001083740660,2026-09-10,9.57,286,0,33.46,0.0,,0,0,,,,Sessions beforeSep12 unavailable; Sep12 partial; property/retained starts unavailable; outcomes use occurrence day and exact stored IDs.
AD,120251001154190660,120251001083740660,2026-09-11,11.06,202,1,54.75,0.495,11.06,0,0,,,,Sessions beforeSep12 unavailable; Sep12 partial; property/retained starts unavailable; outcomes use occurrence day and exact stored IDs.
AD,120251001154190660,120251001083740660,2026-09-12,9.71,233,1,41.67,0.429,9.71,0,0,,0,,Sessions beforeSep12 unavailable; Sep12 partial; property/retained starts unavailable; outcomes use occurrence day and exact stored IDs.
AD,120251001155540660,120251001083740660,2026-09-08,0.6,21,0,28.57,0.0,,0,0,,,,Sessions beforeSep12 unavailable; Sep12 partial; property/retained starts unavailable; outcomes use occurrence day and exact stored IDs.
AD,120251001155540660,120251001083740660,2026-09-09,0.59,10,0,59.0,0.0,,0,0,,,,Sessions beforeSep12 unavailable; Sep12 partial; property/retained starts unavailable; outcomes use occurrence day and exact stored IDs.
AD,120251001155540660,120251001083740660,2026-09-10,0.51,10,0,51.0,0.0,,0,0,,,,Sessions beforeSep12 unavailable; Sep12 partial; property/retained starts unavailable; outcomes use occurrence day and exact stored IDs.
AD,120251001155540660,120251001083740660,2026-09-11,0.27,12,0,22.5,0.0,,0,0,,,,Sessions beforeSep12 unavailable; Sep12 partial; property/retained starts unavailable; outcomes use occurrence day and exact stored IDs.
AD,120251001155540660,120251001083740660,2026-09-12,0.07,1,0,70.0,0.0,,0,0,,0,,Sessions beforeSep12 unavailable; Sep12 partial; property/retained starts unavailable; outcomes use occurrence day and exact stored IDs.
AD,120251001155840660,120251001083740660,2026-09-08,3.33,108,0,30.83,0.0,,0,0,,,,Sessions beforeSep12 unavailable; Sep12 partial; property/retained starts unavailable; outcomes use occurrence day and exact stored IDs.
AD,120251001155840660,120251001083740660,2026-09-09,4.51,131,0,34.43,0.0,,0,0,,,,Sessions beforeSep12 unavailable; Sep12 partial; property/retained starts unavailable; outcomes use occurrence day and exact stored IDs.
AD,120251001155840660,120251001083740660,2026-09-10,6.98,194,1,35.98,0.515,6.98,1,1,6.98,,,Sessions beforeSep12 unavailable; Sep12 partial; property/retained starts unavailable; outcomes use occurrence day and exact stored IDs.
AD,120251001155840660,120251001083740660,2026-09-11,5.72,171,0,33.45,0.0,,0,0,,,,Sessions beforeSep12 unavailable; Sep12 partial; property/retained starts unavailable; outcomes use occurrence day and exact stored IDs.
AD,120251001155840660,120251001083740660,2026-09-12,0.61,20,0,30.5,0.0,,0,0,,0,,Sessions beforeSep12 unavailable; Sep12 partial; property/retained starts unavailable; outcomes use occurrence day and exact stored IDs.
AD,120251001158780660,120251001083740660,2026-09-08,8.02,293,3,27.37,1.024,2.67,0,0,,,,Sessions beforeSep12 unavailable; Sep12 partial; property/retained starts unavailable; outcomes use occurrence day and exact stored IDs.
AD,120251001158780660,120251001083740660,2026-09-09,7.71,234,2,32.95,0.855,3.85,0,0,,,,Sessions beforeSep12 unavailable; Sep12 partial; property/retained starts unavailable; outcomes use occurrence day and exact stored IDs.
AD,120251001158780660,120251001083740660,2026-09-10,10.02,354,2,28.31,0.565,5.01,1,1,10.02,,,Sessions beforeSep12 unavailable; Sep12 partial; property/retained starts unavailable; outcomes use occurrence day and exact stored IDs.
AD,120251001158780660,120251001083740660,2026-09-11,17.93,707,5,25.36,0.707,3.59,0,0,,,,Sessions beforeSep12 unavailable; Sep12 partial; property/retained starts unavailable; outcomes use occurrence day and exact stored IDs.
AD,120251001158780660,120251001083740660,2026-09-12,6.43,187,3,34.39,1.604,2.14,1,1,6.43,0,,Sessions beforeSep12 unavailable; Sep12 partial; property/retained starts unavailable; outcomes use occurrence day and exact stored IDs.
AD,120251001159800660,120251001083740660,2026-09-08,0.67,26,0,25.77,0.0,,0,0,,,,Sessions beforeSep12 unavailable; Sep12 partial; property/retained starts unavailable; outcomes use occurrence day and exact stored IDs.
AD,120251001159800660,120251001083740660,2026-09-09,0.25,10,0,25.0,0.0,,0,0,,,,Sessions beforeSep12 unavailable; Sep12 partial; property/retained starts unavailable; outcomes use occurrence day and exact stored IDs.
AD,120251001159800660,120251001083740660,2026-09-10,1.16,15,0,77.33,0.0,,0,0,,,,Sessions beforeSep12 unavailable; Sep12 partial; property/retained starts unavailable; outcomes use occurrence day and exact stored IDs.
AD,120251001159800660,120251001083740660,2026-09-11,0.29,2,0,145.0,0.0,,0,0,,,,Sessions beforeSep12 unavailable; Sep12 partial; property/retained starts unavailable; outcomes use occurrence day and exact stored IDs.
AD,120251001161220660,120251001083740660,2026-09-08,4.74,177,2,26.78,1.13,2.37,0,0,,,,Sessions beforeSep12 unavailable; Sep12 partial; property/retained starts unavailable; outcomes use occurrence day and exact stored IDs.
AD,120251001161220660,120251001083740660,2026-09-09,15.43,433,3,35.64,0.693,5.14,1,1,15.43,,,Sessions beforeSep12 unavailable; Sep12 partial; property/retained starts unavailable; outcomes use occurrence day and exact stored IDs.
AD,120251001161220660,120251001083740660,2026-09-10,4.77,189,0,25.24,0.0,,0,0,,,,Sessions beforeSep12 unavailable; Sep12 partial; property/retained starts unavailable; outcomes use occurrence day and exact stored IDs.
AD,120251001161220660,120251001083740660,2026-09-11,2.42,46,0,52.61,0.0,,0,0,,,,Sessions beforeSep12 unavailable; Sep12 partial; property/retained starts unavailable; outcomes use occurrence day and exact stored IDs.
AD,120251001161220660,120251001083740660,2026-09-12,0.05,3,0,16.67,0.0,,0,0,,0,,Sessions beforeSep12 unavailable; Sep12 partial; property/retained starts unavailable; outcomes use occurrence day and exact stored IDs.
AD,120251081773670660,120251080549940660,2026-09-13,1.89,34,1,55.59,2.941,1.89,0,0,,1,0,Sessions beforeSep12 unavailable; Sep12 partial; property/retained starts unavailable; outcomes use occurrence day and exact stored IDs.
AD,120251081773670660,120251080549940660,2026-09-14,0.19,3,0,63.33,0.0,,0,0,,0,0,Sessions beforeSep12 unavailable; Sep12 partial; property/retained starts unavailable; outcomes use occurrence day and exact stored IDs.
AD,120251081773670660,120251080549940660,2026-09-15,0.38,5,0,76.0,0.0,,0,0,,0,0,Sessions beforeSep12 unavailable; Sep12 partial; property/retained starts unavailable; outcomes use occurrence day and exact stored IDs.
AD,120251081773670660,120251080549940660,2026-09-16,0.07,1,0,70.0,0.0,,0,0,,0,0,Sessions beforeSep12 unavailable; Sep12 partial; property/retained starts unavailable; outcomes use occurrence day and exact stored IDs.
AD,120251081774360660,120251080549940660,2026-09-13,2.59,32,0,80.94,0.0,,0,0,,0,0,Sessions beforeSep12 unavailable; Sep12 partial; property/retained starts unavailable; outcomes use occurrence day and exact stored IDs.
AD,120251081774360660,120251080549940660,2026-09-14,0.05,2,0,25.0,0.0,,0,0,,0,0,Sessions beforeSep12 unavailable; Sep12 partial; property/retained starts unavailable; outcomes use occurrence day and exact stored IDs.
AD,120251081774360660,120251080549940660,2026-09-15,0.47,4,0,117.5,0.0,,0,0,,0,0,Sessions beforeSep12 unavailable; Sep12 partial; property/retained starts unavailable; outcomes use occurrence day and exact stored IDs.
AD,120251081774360660,120251080549940660,2026-09-17,0.47,4,0,117.5,0.0,,0,0,,0,0,Sessions beforeSep12 unavailable; Sep12 partial; property/retained starts unavailable; outcomes use occurrence day and exact stored IDs.
AD,120251081774840660,120251080549940660,2026-09-13,54.07,891,33,60.68,3.704,1.64,0,0,,33,0,Sessions beforeSep12 unavailable; Sep12 partial; property/retained starts unavailable; outcomes use occurrence day and exact stored IDs.
AD,120251081774840660,120251080549940660,2026-09-14,3.79,75,2,50.53,2.667,1.9,0,0,,2,0,Sessions beforeSep12 unavailable; Sep12 partial; property/retained starts unavailable; outcomes use occurrence day and exact stored IDs.
AD,120251081774840660,120251080549940660,2026-09-15,2.88,27,2,106.67,7.407,1.44,0,0,,2,0,Sessions beforeSep12 unavailable; Sep12 partial; property/retained starts unavailable; outcomes use occurrence day and exact stored IDs.
AD,120251081774840660,120251080549940660,2026-09-16,5.42,47,1,115.32,2.128,5.42,0,0,,1,0,Sessions beforeSep12 unavailable; Sep12 partial; property/retained starts unavailable; outcomes use occurrence day and exact stored IDs.
AD,120251081774840660,120251080549940660,2026-09-17,2.61,31,2,84.19,6.452,1.3,0,0,,2,0,Sessions beforeSep12 unavailable; Sep12 partial; property/retained starts unavailable; outcomes use occurrence day and exact stored IDs.
AD,120251081774840660,120251080549940660,2026-09-18,1.33,23,2,57.83,8.696,0.67,0,0,,2,0,Sessions beforeSep12 unavailable; Sep12 partial; property/retained starts unavailable; outcomes use occurrence day and exact stored IDs.
AD,120251081992970660,120251080549940660,2026-09-13,12.42,216,1,57.5,0.463,12.42,0,0,,1,0,Sessions beforeSep12 unavailable; Sep12 partial; property/retained starts unavailable; outcomes use occurrence day and exact stored IDs.
AD,120251081992970660,120251080549940660,2026-09-14,1.0,8,0,125.0,0.0,,0,0,,0,0,Sessions beforeSep12 unavailable; Sep12 partial; property/retained starts unavailable; outcomes use occurrence day and exact stored IDs.
AD,120251081992970660,120251080549940660,2026-09-15,0.18,9,0,20.0,0.0,,0,0,,0,0,Sessions beforeSep12 unavailable; Sep12 partial; property/retained starts unavailable; outcomes use occurrence day and exact stored IDs.
AD,120251081992970660,120251080549940660,2026-09-17,0.11,1,0,110.0,0.0,,0,0,,0,0,Sessions beforeSep12 unavailable; Sep12 partial; property/retained starts unavailable; outcomes use occurrence day and exact stored IDs.
AD,120251081993460660,120251080549940660,2026-09-13,151.34,3334,22,45.39,0.66,6.88,0,0,,23,0,Sessions beforeSep12 unavailable; Sep12 partial; property/retained starts unavailable; outcomes use occurrence day and exact stored IDs.
AD,120251081993460660,120251080549940660,2026-09-14,18.13,385,1,47.09,0.26,18.13,0,0,,2,0,Sessions beforeSep12 unavailable; Sep12 partial; property/retained starts unavailable; outcomes use occurrence day and exact stored IDs.
AD,120251081993460660,120251080549940660,2026-09-15,4.84,145,0,33.38,0.0,,0,0,,0,0,Sessions beforeSep12 unavailable; Sep12 partial; property/retained starts unavailable; outcomes use occurrence day and exact stored IDs.
AD,120251081993460660,120251080549940660,2026-09-16,1.84,34,0,54.12,0.0,,0,0,,0,0,Sessions beforeSep12 unavailable; Sep12 partial; property/retained starts unavailable; outcomes use occurrence day and exact stored IDs.
AD,120251081993460660,120251080549940660,2026-09-17,5.02,109,1,46.06,0.917,5.02,1,0,5.02,1,1,Sessions beforeSep12 unavailable; Sep12 partial; property/retained starts unavailable; outcomes use occurrence day and exact stored IDs.
AD,120251081993460660,120251080549940660,2026-09-18,4.47,86,1,51.98,1.163,4.47,0,0,,1,0,Sessions beforeSep12 unavailable; Sep12 partial; property/retained starts unavailable; outcomes use occurrence day and exact stored IDs.
AD,120251081994030660,120251080549940660,2026-09-13,17.91,341,0,52.52,0.0,,0,0,,0,0,Sessions beforeSep12 unavailable; Sep12 partial; property/retained starts unavailable; outcomes use occurrence day and exact stored IDs.
AD,120251081994030660,120251080549940660,2026-09-14,3.21,29,0,110.69,0.0,,0,0,,0,0,Sessions beforeSep12 unavailable; Sep12 partial; property/retained starts unavailable; outcomes use occurrence day and exact stored IDs.
AD,120251081994030660,120251080549940660,2026-09-15,3.7,94,2,39.36,2.128,1.85,0,0,,2,0,Sessions beforeSep12 unavailable; Sep12 partial; property/retained starts unavailable; outcomes use occurrence day and exact stored IDs.
AD,120251081994030660,120251080549940660,2026-09-16,25.09,728,3,34.46,0.412,8.36,0,0,,3,0,Sessions beforeSep12 unavailable; Sep12 partial; property/retained starts unavailable; outcomes use occurrence day and exact stored IDs.
AD,120251081994030660,120251080549940660,2026-09-17,30.02,733,4,40.95,0.546,7.5,0,0,,4,0,Sessions beforeSep12 unavailable; Sep12 partial; property/retained starts unavailable; outcomes use occurrence day and exact stored IDs.
AD,120251081994030660,120251080549940660,2026-09-18,15.97,309,3,51.68,0.971,5.32,0,0,,3,1,Sessions beforeSep12 unavailable; Sep12 partial; property/retained starts unavailable; outcomes use occurrence day and exact stored IDs.
AD,120251081994750660,120251080549940660,2026-09-13,10.2,148,1,68.92,0.676,10.2,0,0,,4,0,Sessions beforeSep12 unavailable; Sep12 partial; property/retained starts unavailable; outcomes use occurrence day and exact stored IDs.
AD,120251081994750660,120251080549940660,2026-09-14,2.8,14,0,200.0,0.0,,0,0,,0,0,Sessions beforeSep12 unavailable; Sep12 partial; property/retained starts unavailable; outcomes use occurrence day and exact stored IDs.
AD,120251081994750660,120251080549940660,2026-09-15,0.22,2,0,110.0,0.0,,0,0,,0,0,Sessions beforeSep12 unavailable; Sep12 partial; property/retained starts unavailable; outcomes use occurrence day and exact stored IDs.
AD,120251082230300660,120251080549940660,2026-09-13,0.44,11,0,40.0,0.0,,0,0,,0,0,Sessions beforeSep12 unavailable; Sep12 partial; property/retained starts unavailable; outcomes use occurrence day and exact stored IDs.
AD,120251082230300660,120251080549940660,2026-09-14,0.12,3,0,40.0,0.0,,0,0,,0,0,Sessions beforeSep12 unavailable; Sep12 partial; property/retained starts unavailable; outcomes use occurrence day and exact stored IDs.
AD,120251082230300660,120251080549940660,2026-09-15,0.02,1,0,20.0,0.0,,0,0,,0,0,Sessions beforeSep12 unavailable; Sep12 partial; property/retained starts unavailable; outcomes use occurrence day and exact stored IDs.
AD,120251082230300660,120251080549940660,2026-09-16,0.22,6,0,36.67,0.0,,0,0,,0,0,Sessions beforeSep12 unavailable; Sep12 partial; property/retained starts unavailable; outcomes use occurrence day and exact stored IDs.
AD,120251082230300660,120251080549940660,2026-09-18,0.01,1,0,10.0,0.0,,0,0,,0,0,Sessions beforeSep12 unavailable; Sep12 partial; property/retained starts unavailable; outcomes use occurrence day and exact stored IDs.
AD,120251082230630660,120251080549940660,2026-09-13,0.19,10,0,19.0,0.0,,0,0,,0,0,Sessions beforeSep12 unavailable; Sep12 partial; property/retained starts unavailable; outcomes use occurrence day and exact stored IDs.
AD,120251082230630660,120251080549940660,2026-09-14,0.12,3,0,40.0,0.0,,0,0,,0,0,Sessions beforeSep12 unavailable; Sep12 partial; property/retained starts unavailable; outcomes use occurrence day and exact stored IDs.
AD,120251082230630660,120251080549940660,2026-09-15,0.11,5,0,22.0,0.0,,0,0,,0,0,Sessions beforeSep12 unavailable; Sep12 partial; property/retained starts unavailable; outcomes use occurrence day and exact stored IDs.
AD,120251082230630660,120251080549940660,2026-09-18,0.03,2,0,15.0,0.0,,0,0,,0,0,Sessions beforeSep12 unavailable; Sep12 partial; property/retained starts unavailable; outcomes use occurrence day and exact stored IDs.
AD,120251082230790660,120251080549940660,2026-09-13,6.25,148,0,42.23,0.0,,0,0,,0,0,Sessions beforeSep12 unavailable; Sep12 partial; property/retained starts unavailable; outcomes use occurrence day and exact stored IDs.
AD,120251082230790660,120251080549940660,2026-09-14,3.05,81,1,37.65,1.235,3.05,0,0,,1,0,Sessions beforeSep12 unavailable; Sep12 partial; property/retained starts unavailable; outcomes use occurrence day and exact stored IDs.
AD,120251082230790660,120251080549940660,2026-09-15,5.33,127,1,41.97,0.787,5.33,0,0,,1,0,Sessions beforeSep12 unavailable; Sep12 partial; property/retained starts unavailable; outcomes use occurrence day and exact stored IDs.
AD,120251082230790660,120251080549940660,2026-09-16,6.9,149,1,46.31,0.671,6.9,0,0,,1,0,Sessions beforeSep12 unavailable; Sep12 partial; property/retained starts unavailable; outcomes use occurrence day and exact stored IDs.
AD,120251082230790660,120251080549940660,2026-09-17,8.85,200,1,44.25,0.5,8.85,0,0,,1,0,Sessions beforeSep12 unavailable; Sep12 partial; property/retained starts unavailable; outcomes use occurrence day and exact stored IDs.
AD,120251082230790660,120251080549940660,2026-09-18,1.9,61,0,31.15,0.0,,0,0,,0,0,Sessions beforeSep12 unavailable; Sep12 partial; property/retained starts unavailable; outcomes use occurrence day and exact stored IDs.
AD,120251082231010660,120251080549940660,2026-09-13,3.54,88,0,40.23,0.0,,0,0,,0,0,Sessions beforeSep12 unavailable; Sep12 partial; property/retained starts unavailable; outcomes use occurrence day and exact stored IDs.
AD,120251082231010660,120251080549940660,2026-09-14,1.4,43,0,32.56,0.0,,0,0,,0,0,Sessions beforeSep12 unavailable; Sep12 partial; property/retained starts unavailable; outcomes use occurrence day and exact stored IDs.
AD,120251082231010660,120251080549940660,2026-09-15,0.36,11,0,32.73,0.0,,0,0,,0,0,Sessions beforeSep12 unavailable; Sep12 partial; property/retained starts unavailable; outcomes use occurrence day and exact stored IDs.
AD,120251082231010660,120251080549940660,2026-09-18,0.03,3,0,10.0,0.0,,0,0,,0,0,Sessions beforeSep12 unavailable; Sep12 partial; property/retained starts unavailable; outcomes use occurrence day and exact stored IDs.
AD,120251082231240660,120251080549940660,2026-09-13,1.09,19,0,57.37,0.0,,0,0,,0,0,Sessions beforeSep12 unavailable; Sep12 partial; property/retained starts unavailable; outcomes use occurrence day and exact stored IDs.
AD,120251082231240660,120251080549940660,2026-09-14,0.48,2,0,240.0,0.0,,0,0,,0,0,Sessions beforeSep12 unavailable; Sep12 partial; property/retained starts unavailable; outcomes use occurrence day and exact stored IDs.
AD,120251082231240660,120251080549940660,2026-09-17,0.16,5,0,32.0,0.0,,0,0,,0,0,Sessions beforeSep12 unavailable; Sep12 partial; property/retained starts unavailable; outcomes use occurrence day and exact stored IDs.
AD,120251082231970660,120251080549940660,2026-09-13,0.17,2,0,85.0,0.0,,0,0,,0,0,Sessions beforeSep12 unavailable; Sep12 partial; property/retained starts unavailable; outcomes use occurrence day and exact stored IDs.
AD,120251082231970660,120251080549940660,2026-09-14,0.35,6,0,58.33,0.0,,0,0,,0,0,Sessions beforeSep12 unavailable; Sep12 partial; property/retained starts unavailable; outcomes use occurrence day and exact stored IDs.
AD,120251082231970660,120251080549940660,2026-09-16,1.18,20,0,59.0,0.0,,0,0,,0,0,Sessions beforeSep12 unavailable; Sep12 partial; property/retained starts unavailable; outcomes use occurrence day and exact stored IDs.
AD,120251082231970660,120251080549940660,2026-09-17,0.24,3,0,80.0,0.0,,0,0,,0,0,Sessions beforeSep12 unavailable; Sep12 partial; property/retained starts unavailable; outcomes use occurrence day and exact stored IDs.
AD,120251082232990660,120251080549940660,2026-09-13,0.03,2,0,15.0,0.0,,0,0,,0,0,Sessions beforeSep12 unavailable; Sep12 partial; property/retained starts unavailable; outcomes use occurrence day and exact stored IDs.
AD,120251082233920660,120251080549940660,2026-09-13,0.02,1,0,20.0,0.0,,0,0,,0,0,Sessions beforeSep12 unavailable; Sep12 partial; property/retained starts unavailable; outcomes use occurrence day and exact stored IDs.
AD,120251082234370660,120251080549940660,2026-09-13,0.31,9,0,34.44,0.0,,0,0,,0,0,Sessions beforeSep12 unavailable; Sep12 partial; property/retained starts unavailable; outcomes use occurrence day and exact stored IDs.
AD,120251082234950660,120251080549940660,2026-09-13,0.09,1,0,90.0,0.0,,0,0,,0,0,Sessions beforeSep12 unavailable; Sep12 partial; property/retained starts unavailable; outcomes use occurrence day and exact stored IDs.
AD,120251082234950660,120251080549940660,2026-09-16,0.1,1,0,100.0,0.0,,0,0,,0,0,Sessions beforeSep12 unavailable; Sep12 partial; property/retained starts unavailable; outcomes use occurrence day and exact stored IDs.
AD,120251082234950660,120251080549940660,2026-09-17,0.03,1,0,30.0,0.0,,0,0,,0,0,Sessions beforeSep12 unavailable; Sep12 partial; property/retained starts unavailable; outcomes use occurrence day and exact stored IDs.
AD,120251082236480660,120251080549940660,2026-09-13,0.16,3,0,53.33,0.0,,0,0,,0,0,Sessions beforeSep12 unavailable; Sep12 partial; property/retained starts unavailable; outcomes use occurrence day and exact stored IDs.
AD,120251082236480660,120251080549940660,2026-09-16,0.0,1,0,0.0,0.0,,0,0,,0,0,Sessions beforeSep12 unavailable; Sep12 partial; property/retained starts unavailable; outcomes use occurrence day and exact stored IDs.
AD,120251082236480660,120251080549940660,2026-09-17,0.05,2,0,25.0,0.0,,0,0,,0,0,Sessions beforeSep12 unavailable; Sep12 partial; property/retained starts unavailable; outcomes use occurrence day and exact stored IDs.
AD,120251082236950660,120251080549940660,2026-09-14,0.11,1,0,110.0,0.0,,0,0,,0,0,Sessions beforeSep12 unavailable; Sep12 partial; property/retained starts unavailable; outcomes use occurrence day and exact stored IDs.
AD,120251082236950660,120251080549940660,2026-09-16,0.11,4,0,27.5,0.0,,0,0,,0,0,Sessions beforeSep12 unavailable; Sep12 partial; property/retained starts unavailable; outcomes use occurrence day and exact stored IDs.
AD,120251082237260660,120251080549940660,2026-09-13,0.02,2,0,10.0,0.0,,0,0,,0,0,Sessions beforeSep12 unavailable; Sep12 partial; property/retained starts unavailable; outcomes use occurrence day and exact stored IDs.
AD,120251082237260660,120251080549940660,2026-09-16,0.02,2,0,10.0,0.0,,0,0,,0,0,Sessions beforeSep12 unavailable; Sep12 partial; property/retained starts unavailable; outcomes use occurrence day and exact stored IDs.
AD,120251082238600660,120251080549940660,2026-09-15,0.03,1,0,30.0,0.0,,0,0,,0,0,Sessions beforeSep12 unavailable; Sep12 partial; property/retained starts unavailable; outcomes use occurrence day and exact stored IDs.
AD,120251082238600660,120251080549940660,2026-09-17,0.19,4,0,47.5,0.0,,0,0,,0,0,Sessions beforeSep12 unavailable; Sep12 partial; property/retained starts unavailable; outcomes use occurrence day and exact stored IDs.
AD,120251082239500660,120251080549940660,2026-09-13,1.25,31,2,40.32,6.452,0.62,1,1,1.25,2,1,Sessions beforeSep12 unavailable; Sep12 partial; property/retained starts unavailable; outcomes use occurrence day and exact stored IDs.
AD,120251082239500660,120251080549940660,2026-09-14,3.5,95,0,36.84,0.0,,0,0,,0,0,Sessions beforeSep12 unavailable; Sep12 partial; property/retained starts unavailable; outcomes use occurrence day and exact stored IDs.
AD,120251082239500660,120251080549940660,2026-09-15,8.26,266,0,31.05,0.0,,0,0,,0,0,Sessions beforeSep12 unavailable; Sep12 partial; property/retained starts unavailable; outcomes use occurrence day and exact stored IDs.
AD,120251082239500660,120251080549940660,2026-09-16,78.08,2163,12,36.1,0.555,6.51,1,1,78.08,10,1,Sessions beforeSep12 unavailable; Sep12 partial; property/retained starts unavailable; outcomes use occurrence day and exact stored IDs.
AD,120251082239500660,120251080549940660,2026-09-17,17.05,343,3,49.71,0.875,5.68,0,0,,3,0,Sessions beforeSep12 unavailable; Sep12 partial; property/retained starts unavailable; outcomes use occurrence day and exact stored IDs.
AD,120251082239500660,120251080549940660,2026-09-18,0.25,9,0,27.78,0.0,,0,0,,0,0,Sessions beforeSep12 unavailable; Sep12 partial; property/retained starts unavailable; outcomes use occurrence day and exact stored IDs.
AD,120251082240150660,120251080549940660,2026-09-13,0.63,13,0,48.46,0.0,,0,0,,0,0,Sessions beforeSep12 unavailable; Sep12 partial; property/retained starts unavailable; outcomes use occurrence day and exact stored IDs.
AD,120251082240150660,120251080549940660,2026-09-14,1.43,28,1,51.07,3.571,1.43,0,0,,1,0,Sessions beforeSep12 unavailable; Sep12 partial; property/retained starts unavailable; outcomes use occurrence day and exact stored IDs.
AD,120251082240150660,120251080549940660,2026-09-15,0.3,2,0,150.0,0.0,,0,0,,0,0,Sessions beforeSep12 unavailable; Sep12 partial; property/retained starts unavailable; outcomes use occurrence day and exact stored IDs.
AD,120251082240150660,120251080549940660,2026-09-16,0.13,2,0,65.0,0.0,,0,0,,0,0,Sessions beforeSep12 unavailable; Sep12 partial; property/retained starts unavailable; outcomes use occurrence day and exact stored IDs.
AD,120251082240150660,120251080549940660,2026-09-17,0.98,13,0,75.38,0.0,,0,0,,0,0,Sessions beforeSep12 unavailable; Sep12 partial; property/retained starts unavailable; outcomes use occurrence day and exact stored IDs.
AD,120251082241060660,120251080549940660,2026-09-13,0.09,4,0,22.5,0.0,,0,0,,0,0,Sessions beforeSep12 unavailable; Sep12 partial; property/retained starts unavailable; outcomes use occurrence day and exact stored IDs.
AD,120251082241520660,120251080549940660,2026-09-13,0.13,3,0,43.33,0.0,,0,0,,0,0,Sessions beforeSep12 unavailable; Sep12 partial; property/retained starts unavailable; outcomes use occurrence day and exact stored IDs.
AD,120251082241520660,120251080549940660,2026-09-15,0.01,1,0,10.0,0.0,,0,0,,0,0,Sessions beforeSep12 unavailable; Sep12 partial; property/retained starts unavailable; outcomes use occurrence day and exact stored IDs.
AD,120251082241810660,120251080549940660,2026-09-13,3.32,85,0,39.06,0.0,,0,0,,0,0,Sessions beforeSep12 unavailable; Sep12 partial; property/retained starts unavailable; outcomes use occurrence day and exact stored IDs.
AD,120251082241810660,120251080549940660,2026-09-14,1.03,18,1,57.22,5.556,1.03,0,0,,1,0,Sessions beforeSep12 unavailable; Sep12 partial; property/retained starts unavailable; outcomes use occurrence day and exact stored IDs.
AD,120251082241810660,120251080549940660,2026-09-15,0.68,14,0,48.57,0.0,,0,0,,0,0,Sessions beforeSep12 unavailable; Sep12 partial; property/retained starts unavailable; outcomes use occurrence day and exact stored IDs.
AD,120251082241810660,120251080549940660,2026-09-17,0.09,1,0,90.0,0.0,,0,0,,0,0,Sessions beforeSep12 unavailable; Sep12 partial; property/retained starts unavailable; outcomes use occurrence day and exact stored IDs.
AD,120251082242990660,120251080549940660,2026-09-13,2.81,85,0,33.06,0.0,,0,0,,0,0,Sessions beforeSep12 unavailable; Sep12 partial; property/retained starts unavailable; outcomes use occurrence day and exact stored IDs.
AD,120251082242990660,120251080549940660,2026-09-14,1.91,50,0,38.2,0.0,,0,0,,0,0,Sessions beforeSep12 unavailable; Sep12 partial; property/retained starts unavailable; outcomes use occurrence day and exact stored IDs.
AD,120251082242990660,120251080549940660,2026-09-15,1.97,50,0,39.4,0.0,,0,0,,0,0,Sessions beforeSep12 unavailable; Sep12 partial; property/retained starts unavailable; outcomes use occurrence day and exact stored IDs.
AD,120251082242990660,120251080549940660,2026-09-16,0.02,1,0,20.0,0.0,,0,0,,0,0,Sessions beforeSep12 unavailable; Sep12 partial; property/retained starts unavailable; outcomes use occurrence day and exact stored IDs.
AD,120251082242990660,120251080549940660,2026-09-17,0.07,3,0,23.33,0.0,,0,0,,0,0,Sessions beforeSep12 unavailable; Sep12 partial; property/retained starts unavailable; outcomes use occurrence day and exact stored IDs.
AD,120251082243290660,120251080549940660,2026-09-13,0.03,2,0,15.0,0.0,,0,0,,0,0,Sessions beforeSep12 unavailable; Sep12 partial; property/retained starts unavailable; outcomes use occurrence day and exact stored IDs.
AD,120251082243670660,120251080549940660,2026-09-13,0.01,2,0,5.0,0.0,,0,0,,0,0,Sessions beforeSep12 unavailable; Sep12 partial; property/retained starts unavailable; outcomes use occurrence day and exact stored IDs.
AD,120251082243670660,120251080549940660,2026-09-14,0.02,2,0,10.0,0.0,,0,0,,0,0,Sessions beforeSep12 unavailable; Sep12 partial; property/retained starts unavailable; outcomes use occurrence day and exact stored IDs.
AD,120251082244290660,120251080549940660,2026-09-13,120.06,2883,19,41.64,0.659,6.32,3,3,40.02,18,4,Sessions beforeSep12 unavailable; Sep12 partial; property/retained starts unavailable; outcomes use occurrence day and exact stored IDs.
AD,120251082244290660,120251080549940660,2026-09-14,303.64,6929,48,43.82,0.693,6.33,4,4,75.91,48,6,Sessions beforeSep12 unavailable; Sep12 partial; property/retained starts unavailable; outcomes use occurrence day and exact stored IDs.
AD,120251082244290660,120251080549940660,2026-09-15,250.91,5532,28,45.36,0.506,8.96,1,1,250.91,28,2,Sessions beforeSep12 unavailable; Sep12 partial; property/retained starts unavailable; outcomes use occurrence day and exact stored IDs.
AD,120251082244290660,120251080549940660,2026-09-16,156.74,3131,14,50.06,0.447,11.2,0,0,,13,0,Sessions beforeSep12 unavailable; Sep12 partial; property/retained starts unavailable; outcomes use occurrence day and exact stored IDs.
AD,120251082244290660,120251080549940660,2026-09-17,5.68,86,0,66.05,0.0,,0,0,,1,0,Sessions beforeSep12 unavailable; Sep12 partial; property/retained starts unavailable; outcomes use occurrence day and exact stored IDs.
AD,120251082244290660,120251080549940660,2026-09-18,0.16,7,0,22.86,0.0,,0,0,,0,0,Sessions beforeSep12 unavailable; Sep12 partial; property/retained starts unavailable; outcomes use occurrence day and exact stored IDs.
AD,120251082245310660,120251080549940660,2026-09-13,1.32,41,0,32.2,0.0,,0,0,,0,0,Sessions beforeSep12 unavailable; Sep12 partial; property/retained starts unavailable; outcomes use occurrence day and exact stored IDs.
AD,120251082245310660,120251080549940660,2026-09-14,0.36,12,0,30.0,0.0,,0,0,,0,0,Sessions beforeSep12 unavailable; Sep12 partial; property/retained starts unavailable; outcomes use occurrence day and exact stored IDs.
AD,120251082245310660,120251080549940660,2026-09-15,0.01,2,0,5.0,0.0,,0,0,,0,0,Sessions beforeSep12 unavailable; Sep12 partial; property/retained starts unavailable; outcomes use occurrence day and exact stored IDs.
AD,120251082245310660,120251080549940660,2026-09-18,0.07,3,0,23.33,0.0,,0,0,,0,0,Sessions beforeSep12 unavailable; Sep12 partial; property/retained starts unavailable; outcomes use occurrence day and exact stored IDs.
AD,120251149675390660,120251080549940660,2026-09-16,2.38,50,0,47.6,0.0,,0,0,,0,0,Sessions beforeSep12 unavailable; Sep12 partial; property/retained starts unavailable; outcomes use occurrence day and exact stored IDs.
AD,120251149675390660,120251080549940660,2026-09-17,1.53,29,0,52.76,0.0,,0,0,,0,0,Sessions beforeSep12 unavailable; Sep12 partial; property/retained starts unavailable; outcomes use occurrence day and exact stored IDs.
AD,120251149675390660,120251080549940660,2026-09-18,0.27,6,0,45.0,0.0,,0,0,,0,0,Sessions beforeSep12 unavailable; Sep12 partial; property/retained starts unavailable; outcomes use occurrence day and exact stored IDs.
AD,120251150763640660,120251080549940660,2026-09-16,1.04,19,0,54.74,0.0,,0,0,,0,0,Sessions beforeSep12 unavailable; Sep12 partial; property/retained starts unavailable; outcomes use occurrence day and exact stored IDs.
AD,120251150763640660,120251080549940660,2026-09-17,138.1,1756,9,78.64,0.513,15.34,0,0,,7,0,Sessions beforeSep12 unavailable; Sep12 partial; property/retained starts unavailable; outcomes use occurrence day and exact stored IDs.
AD,120251150763640660,120251080549940660,2026-09-18,81.98,974,2,84.17,0.205,40.99,0,0,,2,0,Sessions beforeSep12 unavailable; Sep12 partial; property/retained starts unavailable; outcomes use occurrence day and exact stored IDs.
AD,120251150829870660,120251080549940660,2026-09-16,1.18,33,1,35.76,3.03,1.18,0,0,,0,0,Sessions beforeSep12 unavailable; Sep12 partial; property/retained starts unavailable; outcomes use occurrence day and exact stored IDs.
AD,120251150829870660,120251080549940660,2026-09-17,21.32,417,3,51.13,0.719,7.11,0,0,,4,0,Sessions beforeSep12 unavailable; Sep12 partial; property/retained starts unavailable; outcomes use occurrence day and exact stored IDs.
AD,120251150829870660,120251080549940660,2026-09-18,12.73,266,1,47.86,0.376,12.73,0,0,,1,0,Sessions beforeSep12 unavailable; Sep12 partial; property/retained starts unavailable; outcomes use occurrence day and exact stored IDs.
AD,120251150831050660,120251080549940660,2026-09-16,0.81,18,0,45.0,0.0,,0,0,,0,0,Sessions beforeSep12 unavailable; Sep12 partial; property/retained starts unavailable; outcomes use occurrence day and exact stored IDs.
AD,120251150831050660,120251080549940660,2026-09-17,20.28,460,2,44.09,0.435,10.14,0,0,,2,0,Sessions beforeSep12 unavailable; Sep12 partial; property/retained starts unavailable; outcomes use occurrence day and exact stored IDs.
AD,120251150831050660,120251080549940660,2026-09-18,3.95,119,0,33.19,0.0,,0,0,,0,0,Sessions beforeSep12 unavailable; Sep12 partial; property/retained starts unavailable; outcomes use occurrence day and exact stored IDs.
AD,120251150831390660,120251080549940660,2026-09-16,1.64,33,0,49.7,0.0,,0,0,,0,0,Sessions beforeSep12 unavailable; Sep12 partial; property/retained starts unavailable; outcomes use occurrence day and exact stored IDs.
AD,120251150831390660,120251080549940660,2026-09-17,28.99,600,4,48.32,0.667,7.25,0,0,,5,1,Sessions beforeSep12 unavailable; Sep12 partial; property/retained starts unavailable; outcomes use occurrence day and exact stored IDs.
AD,120251150831390660,120251080549940660,2026-09-18,4.51,82,0,55.0,0.0,,0,0,,0,0,Sessions beforeSep12 unavailable; Sep12 partial; property/retained starts unavailable; outcomes use occurrence day and exact stored IDs.
AD,120251161811550660,120251080549940660,2026-09-17,10.66,185,1,57.62,0.541,10.66,0,0,,1,0,Sessions beforeSep12 unavailable; Sep12 partial; property/retained starts unavailable; outcomes use occurrence day and exact stored IDs.
AD,120251161811550660,120251080549940660,2026-09-18,9.68,154,2,62.86,1.299,4.84,0,0,,2,0,Sessions beforeSep12 unavailable; Sep12 partial; property/retained starts unavailable; outcomes use occurrence day and exact stored IDs.
AD,120251161811800660,120251080549940660,2026-09-17,12.79,308,2,41.53,0.649,6.39,0,0,,2,0,Sessions beforeSep12 unavailable; Sep12 partial; property/retained starts unavailable; outcomes use occurrence day and exact stored IDs.
AD,120251161811800660,120251080549940660,2026-09-18,0.37,7,0,52.86,0.0,,0,0,,0,0,Sessions beforeSep12 unavailable; Sep12 partial; property/retained starts unavailable; outcomes use occurrence day and exact stored IDs.
AD,120251167872240660,120251080549940660,2026-09-17,0.86,20,0,43.0,0.0,,0,0,,0,0,Sessions beforeSep12 unavailable; Sep12 partial; property/retained starts unavailable; outcomes use occurrence day and exact stored IDs.
AD,120251167872240660,120251080549940660,2026-09-18,6.94,156,2,44.49,1.282,3.47,0,0,,2,0,Sessions beforeSep12 unavailable; Sep12 partial; property/retained starts unavailable; outcomes use occurrence day and exact stored IDs.
AD,120251167872420660,120251080549940660,2026-09-17,2.94,71,0,41.41,0.0,,0,0,,0,0,Sessions beforeSep12 unavailable; Sep12 partial; property/retained starts unavailable; outcomes use occurrence day and exact stored IDs.
AD,120251167872420660,120251080549940660,2026-09-18,2.76,64,0,43.12,0.0,,0,0,,0,0,Sessions beforeSep12 unavailable; Sep12 partial; property/retained starts unavailable; outcomes use occurrence day and exact stored IDs.
AD,120251169467360660,120251080549940660,2026-09-18,2.69,58,0,46.38,0.0,,0,0,,0,0,Sessions beforeSep12 unavailable; Sep12 partial; property/retained starts unavailable; outcomes use occurrence day and exact stored IDs.
AD,120251169535380660,120251080549940660,2026-09-18,3.22,60,0,53.67,0.0,,0,0,,0,0,Sessions beforeSep12 unavailable; Sep12 partial; property/retained starts unavailable; outcomes use occurrence day and exact stored IDs.
AD,120251169544430660,120251080549940660,2026-09-18,3.22,65,0,49.54,0.0,,0,0,,0,0,Sessions beforeSep12 unavailable; Sep12 partial; property/retained starts unavailable; outcomes use occurrence day and exact stored IDs.
AD,120251169594500660,120251080549940660,2026-09-18,1.01,11,0,91.82,0.0,,0,0,,0,0,Sessions beforeSep12 unavailable; Sep12 partial; property/retained starts unavailable; outcomes use occurrence day and exact stored IDs.
AD,120251169601310660,120251080549940660,2026-09-18,0.37,11,0,33.64,0.0,,0,0,,0,0,Sessions beforeSep12 unavailable; Sep12 partial; property/retained starts unavailable; outcomes use occurrence day and exact stored IDs.
AD,120251169606390660,120251080549940660,2026-09-18,2.77,27,0,102.59,0.0,,0,0,,0,0,Sessions beforeSep12 unavailable; Sep12 partial; property/retained starts unavailable; outcomes use occurrence day and exact stored IDs.
AD,120251169614440660,120251080549940660,2026-09-18,1.11,18,0,61.67,0.0,,0,0,,0,0,Sessions beforeSep12 unavailable; Sep12 partial; property/retained starts unavailable; outcomes use occurrence day and exact stored IDs.
AD,120251170047610660,120251080549940660,2026-09-18,0.33,10,0,33.0,0.0,,0,0,,0,0,Sessions beforeSep12 unavailable; Sep12 partial; property/retained starts unavailable; outcomes use occurrence day and exact stored IDs.
AD,120251170104590660,120251080549940660,2026-09-18,14.54,291,0,49.97,0.0,,0,0,,0,0,Sessions beforeSep12 unavailable; Sep12 partial; property/retained starts unavailable; outcomes use occurrence day and exact stored IDs.
AD,120251170106500660,120251080549940660,2026-09-18,16.06,491,0,32.71,0.0,,0,0,,0,0,Sessions beforeSep12 unavailable; Sep12 partial; property/retained starts unavailable; outcomes use occurrence day and exact stored IDs.
AD,120251170116900660,120251080549940660,2026-09-18,130.47,3144,32,41.5,1.018,4.08,0,0,,29,2,Sessions beforeSep12 unavailable; Sep12 partial; property/retained starts unavailable; outcomes use occurrence day and exact stored IDs.
AD,120251182349110660,120251080549940660,2026-09-18,5.0,143,1,34.97,0.699,5.0,0,0,,1,0,Sessions beforeSep12 unavailable; Sep12 partial; property/retained starts unavailable; outcomes use occurrence day and exact stored IDs.
AD,120251182351260660,120251080549940660,2026-09-18,3.41,85,0,40.12,0.0,,0,0,,0,0,Sessions beforeSep12 unavailable; Sep12 partial; property/retained starts unavailable; outcomes use occurrence day and exact stored IDs.
AD,120251081775390660,120251080550020660,2026-09-13,0.58,9,0,64.44,0.0,,0,0,,0,0,Sessions beforeSep12 unavailable; Sep12 partial; property/retained starts unavailable; outcomes use occurrence day and exact stored IDs.
AD,120251081775390660,120251080550020660,2026-09-14,0.04,1,0,40.0,0.0,,0,0,,0,0,Sessions beforeSep12 unavailable; Sep12 partial; property/retained starts unavailable; outcomes use occurrence day and exact stored IDs.
AD,120251081775630660,120251080550020660,2026-09-13,3.37,17,0,198.24,0.0,,0,0,,0,0,Sessions beforeSep12 unavailable; Sep12 partial; property/retained starts unavailable; outcomes use occurrence day and exact stored IDs.
AD,120251081775630660,120251080550020660,2026-09-14,0.35,2,0,175.0,0.0,,0,0,,0,0,Sessions beforeSep12 unavailable; Sep12 partial; property/retained starts unavailable; outcomes use occurrence day and exact stored IDs.
AD,120251081775630660,120251080550020660,2026-09-15,0.04,1,0,40.0,0.0,,0,0,,0,0,Sessions beforeSep12 unavailable; Sep12 partial; property/retained starts unavailable; outcomes use occurrence day and exact stored IDs.
AD,120251081775630660,120251080550020660,2026-09-16,0.05,2,0,25.0,0.0,,0,0,,0,0,Sessions beforeSep12 unavailable; Sep12 partial; property/retained starts unavailable; outcomes use occurrence day and exact stored IDs.
AD,120251081775630660,120251080550020660,2026-09-18,0.08,2,0,40.0,0.0,,0,0,,0,0,Sessions beforeSep12 unavailable; Sep12 partial; property/retained starts unavailable; outcomes use occurrence day and exact stored IDs.
AD,120251081896740660,120251080550020660,2026-09-13,6.46,23,1,280.87,4.348,6.46,0,0,,1,0,Sessions beforeSep12 unavailable; Sep12 partial; property/retained starts unavailable; outcomes use occurrence day and exact stored IDs.
AD,120251081896740660,120251080550020660,2026-09-14,0.01,2,0,5.0,0.0,,0,0,,0,0,Sessions beforeSep12 unavailable; Sep12 partial; property/retained starts unavailable; outcomes use occurrence day and exact stored IDs.
AD,120251081993520660,120251080550020660,2026-09-13,298.04,5298,36,56.26,0.68,8.28,2,2,149.02,31,3,Sessions beforeSep12 unavailable; Sep12 partial; property/retained starts unavailable; outcomes use occurrence day and exact stored IDs.
AD,120251081993520660,120251080550020660,2026-09-14,283.83,7683,40,36.94,0.521,7.1,6,6,47.3,40,9,Sessions beforeSep12 unavailable; Sep12 partial; property/retained starts unavailable; outcomes use occurrence day and exact stored IDs.
AD,120251081993520660,120251080550020660,2026-09-15,332.69,9030,50,36.84,0.554,6.65,5,5,66.54,51,6,Sessions beforeSep12 unavailable; Sep12 partial; property/retained starts unavailable; outcomes use occurrence day and exact stored IDs.
AD,120251081993520660,120251080550020660,2026-09-16,253.11,6225,39,40.66,0.627,6.49,1,1,253.11,36,3,Sessions beforeSep12 unavailable; Sep12 partial; property/retained starts unavailable; outcomes use occurrence day and exact stored IDs.
AD,120251081993520660,120251080550020660,2026-09-17,122.44,2835,18,43.19,0.635,6.8,3,3,40.81,19,3,Sessions beforeSep12 unavailable; Sep12 partial; property/retained starts unavailable; outcomes use occurrence day and exact stored IDs.
AD,120251081993520660,120251080550020660,2026-09-18,12.63,293,2,43.11,0.683,6.32,1,1,12.63,2,2,Sessions beforeSep12 unavailable; Sep12 partial; property/retained starts unavailable; outcomes use occurrence day and exact stored IDs.
AD,120251081993590660,120251080550020660,2026-09-13,5.73,161,1,35.59,0.621,5.73,0,0,,1,0,Sessions beforeSep12 unavailable; Sep12 partial; property/retained starts unavailable; outcomes use occurrence day and exact stored IDs.
AD,120251081993590660,120251080550020660,2026-09-14,1.64,27,2,60.74,7.407,0.82,0,0,,1,0,Sessions beforeSep12 unavailable; Sep12 partial; property/retained starts unavailable; outcomes use occurrence day and exact stored IDs.
AD,120251081993590660,120251080550020660,2026-09-15,0.23,6,0,38.33,0.0,,0,0,,1,0,Sessions beforeSep12 unavailable; Sep12 partial; property/retained starts unavailable; outcomes use occurrence day and exact stored IDs.
AD,120251081994480660,120251080550020660,2026-09-13,13.68,358,2,38.21,0.559,6.84,1,1,13.68,2,1,Sessions beforeSep12 unavailable; Sep12 partial; property/retained starts unavailable; outcomes use occurrence day and exact stored IDs.
AD,120251081994480660,120251080550020660,2026-09-14,6.12,144,0,42.5,0.0,,0,0,,0,0,Sessions beforeSep12 unavailable; Sep12 partial; property/retained starts unavailable; outcomes use occurrence day and exact stored IDs.
AD,120251081994480660,120251080550020660,2026-09-15,0.49,32,0,15.31,0.0,,0,0,,0,0,Sessions beforeSep12 unavailable; Sep12 partial; property/retained starts unavailable; outcomes use occurrence day and exact stored IDs.
AD,120251081994480660,120251080550020660,2026-09-16,1.05,39,0,26.92,0.0,,0,0,,0,0,Sessions beforeSep12 unavailable; Sep12 partial; property/retained starts unavailable; outcomes use occurrence day and exact stored IDs.
AD,120251081994480660,120251080550020660,2026-09-17,14.6,254,0,57.48,0.0,,0,0,,0,0,Sessions beforeSep12 unavailable; Sep12 partial; property/retained starts unavailable; outcomes use occurrence day and exact stored IDs.
AD,120251081994480660,120251080550020660,2026-09-18,2.62,50,0,52.4,0.0,,0,0,,0,0,Sessions beforeSep12 unavailable; Sep12 partial; property/retained starts unavailable; outcomes use occurrence day and exact stored IDs.
AD,120251082299630660,120251080550020660,2026-09-13,5.31,60,0,88.5,0.0,,0,0,,0,0,Sessions beforeSep12 unavailable; Sep12 partial; property/retained starts unavailable; outcomes use occurrence day and exact stored IDs.
AD,120251082299630660,120251080550020660,2026-09-14,3.34,9,0,371.11,0.0,,0,0,,0,0,Sessions beforeSep12 unavailable; Sep12 partial; property/retained starts unavailable; outcomes use occurrence day and exact stored IDs.
AD,120251082299630660,120251080550020660,2026-09-15,1.19,3,0,396.67,0.0,,0,0,,0,0,Sessions beforeSep12 unavailable; Sep12 partial; property/retained starts unavailable; outcomes use occurrence day and exact stored IDs.
AD,120251082299630660,120251080550020660,2026-09-17,3.95,2,0,1975.0,0.0,,0,0,,0,0,Sessions beforeSep12 unavailable; Sep12 partial; property/retained starts unavailable; outcomes use occurrence day and exact stored IDs.
AD,120251082299630660,120251080550020660,2026-09-18,0.01,1,0,10.0,0.0,,0,0,,0,0,Sessions beforeSep12 unavailable; Sep12 partial; property/retained starts unavailable; outcomes use occurrence day and exact stored IDs.
AD,120251082300350660,120251080550020660,2026-09-13,15.75,107,1,147.2,0.935,15.75,0,0,,1,0,Sessions beforeSep12 unavailable; Sep12 partial; property/retained starts unavailable; outcomes use occurrence day and exact stored IDs.
AD,120251082300350660,120251080550020660,2026-09-14,28.1,118,1,238.14,0.847,28.1,1,1,28.1,1,1,Sessions beforeSep12 unavailable; Sep12 partial; property/retained starts unavailable; outcomes use occurrence day and exact stored IDs.
AD,120251082300350660,120251080550020660,2026-09-15,14.78,94,1,157.23,1.064,14.78,0,0,,1,0,Sessions beforeSep12 unavailable; Sep12 partial; property/retained starts unavailable; outcomes use occurrence day and exact stored IDs.
AD,120251082300350660,120251080550020660,2026-09-16,32.72,113,0,289.56,0.0,,0,0,,0,0,Sessions beforeSep12 unavailable; Sep12 partial; property/retained starts unavailable; outcomes use occurrence day and exact stored IDs.
AD,120251082300350660,120251080550020660,2026-09-17,10.19,93,0,109.57,0.0,,0,0,,0,0,Sessions beforeSep12 unavailable; Sep12 partial; property/retained starts unavailable; outcomes use occurrence day and exact stored IDs.
AD,120251082300350660,120251080550020660,2026-09-18,18.66,118,3,158.14,2.542,6.22,2,2,9.33,3,2,Sessions beforeSep12 unavailable; Sep12 partial; property/retained starts unavailable; outcomes use occurrence day and exact stored IDs.
AD,120251082300980660,120251080550020660,2026-09-13,4.55,40,0,113.75,0.0,,0,0,,0,0,Sessions beforeSep12 unavailable; Sep12 partial; property/retained starts unavailable; outcomes use occurrence day and exact stored IDs.
AD,120251082300980660,120251080550020660,2026-09-14,2.5,17,0,147.06,0.0,,0,0,,0,0,Sessions beforeSep12 unavailable; Sep12 partial; property/retained starts unavailable; outcomes use occurrence day and exact stored IDs.
AD,120251082300980660,120251080550020660,2026-09-15,0.49,8,0,61.25,0.0,,0,0,,0,0,Sessions beforeSep12 unavailable; Sep12 partial; property/retained starts unavailable; outcomes use occurrence day and exact stored IDs.
AD,120251082300980660,120251080550020660,2026-09-16,0.1,2,0,50.0,0.0,,0,0,,0,0,Sessions beforeSep12 unavailable; Sep12 partial; property/retained starts unavailable; outcomes use occurrence day and exact stored IDs.
AD,120251082300980660,120251080550020660,2026-09-17,0.1,4,0,25.0,0.0,,0,0,,0,0,Sessions beforeSep12 unavailable; Sep12 partial; property/retained starts unavailable; outcomes use occurrence day and exact stored IDs.
AD,120251082301660660,120251080550020660,2026-09-13,6.19,47,0,131.7,0.0,,0,0,,0,0,Sessions beforeSep12 unavailable; Sep12 partial; property/retained starts unavailable; outcomes use occurrence day and exact stored IDs.
AD,120251082301660660,120251080550020660,2026-09-14,7.28,34,0,214.12,0.0,,0,0,,0,0,Sessions beforeSep12 unavailable; Sep12 partial; property/retained starts unavailable; outcomes use occurrence day and exact stored IDs.
AD,120251082301660660,120251080550020660,2026-09-15,1.05,15,0,70.0,0.0,,0,0,,0,0,Sessions beforeSep12 unavailable; Sep12 partial; property/retained starts unavailable; outcomes use occurrence day and exact stored IDs.
AD,120251082301660660,120251080550020660,2026-09-16,0.02,1,0,20.0,0.0,,0,0,,0,0,Sessions beforeSep12 unavailable; Sep12 partial; property/retained starts unavailable; outcomes use occurrence day and exact stored IDs.
AD,120251082301660660,120251080550020660,2026-09-17,0.43,6,0,71.67,0.0,,0,0,,0,0,Sessions beforeSep12 unavailable; Sep12 partial; property/retained starts unavailable; outcomes use occurrence day and exact stored IDs.
AD,120251082302370660,120251080550020660,2026-09-13,1.99,35,0,56.86,0.0,,0,0,,0,0,Sessions beforeSep12 unavailable; Sep12 partial; property/retained starts unavailable; outcomes use occurrence day and exact stored IDs.
AD,120251082302370660,120251080550020660,2026-09-14,2.69,12,0,224.17,0.0,,0,0,,0,0,Sessions beforeSep12 unavailable; Sep12 partial; property/retained starts unavailable; outcomes use occurrence day and exact stored IDs.
AD,120251082302370660,120251080550020660,2026-09-15,0.68,6,0,113.33,0.0,,0,0,,0,0,Sessions beforeSep12 unavailable; Sep12 partial; property/retained starts unavailable; outcomes use occurrence day and exact stored IDs.
AD,120251082302370660,120251080550020660,2026-09-16,0.04,1,0,40.0,0.0,,0,0,,0,0,Sessions beforeSep12 unavailable; Sep12 partial; property/retained starts unavailable; outcomes use occurrence day and exact stored IDs.
AD,120251082302880660,120251080550020660,2026-09-13,4.88,23,1,212.17,4.348,4.88,0,0,,1,0,Sessions beforeSep12 unavailable; Sep12 partial; property/retained starts unavailable; outcomes use occurrence day and exact stored IDs.
AD,120251082302880660,120251080550020660,2026-09-14,8.12,60,0,135.33,0.0,,0,0,,0,0,Sessions beforeSep12 unavailable; Sep12 partial; property/retained starts unavailable; outcomes use occurrence day and exact stored IDs.
AD,120251082302880660,120251080550020660,2026-09-15,1.21,19,0,63.68,0.0,,0,0,,0,0,Sessions beforeSep12 unavailable; Sep12 partial; property/retained starts unavailable; outcomes use occurrence day and exact stored IDs.
AD,120251082302880660,120251080550020660,2026-09-16,0.62,1,0,620.0,0.0,,0,0,,0,0,Sessions beforeSep12 unavailable; Sep12 partial; property/retained starts unavailable; outcomes use occurrence day and exact stored IDs.
AD,120251082302880660,120251080550020660,2026-09-17,0.25,2,0,125.0,0.0,,0,0,,0,0,Sessions beforeSep12 unavailable; Sep12 partial; property/retained starts unavailable; outcomes use occurrence day and exact stored IDs.
AD,120251082303940660,120251080550020660,2026-09-13,3.08,5,0,616.0,0.0,,0,0,,0,0,Sessions beforeSep12 unavailable; Sep12 partial; property/retained starts unavailable; outcomes use occurrence day and exact stored IDs.
AD,120251082312810660,120251080550020660,2026-09-13,1.66,2,0,830.0,0.0,,0,0,,0,0,Sessions beforeSep12 unavailable; Sep12 partial; property/retained starts unavailable; outcomes use occurrence day and exact stored IDs.
AD,120251082312810660,120251080550020660,2026-09-14,0.05,1,0,50.0,0.0,,0,0,,0,0,Sessions beforeSep12 unavailable; Sep12 partial; property/retained starts unavailable; outcomes use occurrence day and exact stored IDs.
AD,120251082314540660,120251080550020660,2026-09-13,0.77,3,0,256.67,0.0,,0,0,,0,0,Sessions beforeSep12 unavailable; Sep12 partial; property/retained starts unavailable; outcomes use occurrence day and exact stored IDs.
AD,120251082320930660,120251080550020660,2026-09-13,0.36,5,0,72.0,0.0,,0,0,,0,0,Sessions beforeSep12 unavailable; Sep12 partial; property/retained starts unavailable; outcomes use occurrence day and exact stored IDs.
AD,120251082320930660,120251080550020660,2026-09-14,2.1,4,0,525.0,0.0,,0,0,,0,0,Sessions beforeSep12 unavailable; Sep12 partial; property/retained starts unavailable; outcomes use occurrence day and exact stored IDs.
AD,120251082321450660,120251080550020660,2026-09-13,0.07,3,0,23.33,0.0,,0,0,,0,0,Sessions beforeSep12 unavailable; Sep12 partial; property/retained starts unavailable; outcomes use occurrence day and exact stored IDs.
AD,120251082321450660,120251080550020660,2026-09-14,1.81,4,0,452.5,0.0,,0,0,,0,0,Sessions beforeSep12 unavailable; Sep12 partial; property/retained starts unavailable; outcomes use occurrence day and exact stored IDs.
AD,120251082322680660,120251080550020660,2026-09-13,0.12,2,0,60.0,0.0,,0,0,,0,0,Sessions beforeSep12 unavailable; Sep12 partial; property/retained starts unavailable; outcomes use occurrence day and exact stored IDs.
AD,120251082322680660,120251080550020660,2026-09-14,0.06,1,0,60.0,0.0,,0,0,,0,0,Sessions beforeSep12 unavailable; Sep12 partial; property/retained starts unavailable; outcomes use occurrence day and exact stored IDs.
AD,120251082323310660,120251080550020660,2026-09-14,0.05,1,0,50.0,0.0,,0,0,,0,0,Sessions beforeSep12 unavailable; Sep12 partial; property/retained starts unavailable; outcomes use occurrence day and exact stored IDs.
AD,120251082323310660,120251080550020660,2026-09-17,0.09,2,0,45.0,0.0,,0,0,,0,0,Sessions beforeSep12 unavailable; Sep12 partial; property/retained starts unavailable; outcomes use occurrence day and exact stored IDs.
AD,120251150764510660,120251080550020660,2026-09-17,0.07,2,0,35.0,0.0,,0,0,,0,0,Sessions beforeSep12 unavailable; Sep12 partial; property/retained starts unavailable; outcomes use occurrence day and exact stored IDs.
AD,120251161811400660,120251080550020660,2026-09-17,142.54,2737,14,52.08,0.512,10.18,1,1,142.54,17,3,Sessions beforeSep12 unavailable; Sep12 partial; property/retained starts unavailable; outcomes use occurrence day and exact stored IDs.
AD,120251161811400660,120251080550020660,2026-09-18,250.12,4082,18,61.27,0.441,13.9,2,2,125.06,20,3,Sessions beforeSep12 unavailable; Sep12 partial; property/retained starts unavailable; outcomes use occurrence day and exact stored IDs.
AD,120251169453540660,120251080550020660,2026-09-18,0.09,2,0,45.0,0.0,,0,0,,4,0,Sessions beforeSep12 unavailable; Sep12 partial; property/retained starts unavailable; outcomes use occurrence day and exact stored IDs.
AD,120251169589340660,120251080550020660,2026-09-18,0.02,1,0,20.0,0.0,,0,0,,0,0,Sessions beforeSep12 unavailable; Sep12 partial; property/retained starts unavailable; outcomes use occurrence day and exact stored IDs.
AD,120251169612410660,120251080550020660,2026-09-18,3.21,12,0,267.5,0.0,,0,0,,0,0,Sessions beforeSep12 unavailable; Sep12 partial; property/retained starts unavailable; outcomes use occurrence day and exact stored IDs.
AD,120251170042860660,120251080550020660,2026-09-18,0.48,7,0,68.57,0.0,,0,0,,0,0,Sessions beforeSep12 unavailable; Sep12 partial; property/retained starts unavailable; outcomes use occurrence day and exact stored IDs.
AD,120251170074400660,120251080550020660,2026-09-18,0.17,2,0,85.0,0.0,,0,0,,0,0,Sessions beforeSep12 unavailable; Sep12 partial; property/retained starts unavailable; outcomes use occurrence day and exact stored IDs.
AD,120251170084450660,120251080550020660,2026-09-18,24.96,374,3,66.74,0.802,8.32,0,0,,1,0,Sessions beforeSep12 unavailable; Sep12 partial; property/retained starts unavailable; outcomes use occurrence day and exact stored IDs.
AD,120251170113270660,120251080550020660,2026-09-18,0.44,4,0,110.0,0.0,,0,0,,0,0,Sessions beforeSep12 unavailable; Sep12 partial; property/retained starts unavailable; outcomes use occurrence day and exact stored IDs.
AD,120251182353790660,120251080550020660,2026-09-18,0.12,6,0,20.0,0.0,,0,0,,0,0,Sessions beforeSep12 unavailable; Sep12 partial; property/retained starts unavailable; outcomes use occurrence day and exact stored IDs.
AD,120251182360990660,120251080550020660,2026-09-18,0.23,9,0,25.56,0.0,,0,0,,0,0,Sessions beforeSep12 unavailable; Sep12 partial; property/retained starts unavailable; outcomes use occurrence day and exact stored IDs.
AD,120251081776610660,120251080550110660,2026-09-13,7.29,48,0,151.88,0.0,,0,0,,0,0,Sessions beforeSep12 unavailable; Sep12 partial; property/retained starts unavailable; outcomes use occurrence day and exact stored IDs.
AD,120251081776610660,120251080550110660,2026-09-14,2.34,16,0,146.25,0.0,,0,0,,0,0,Sessions beforeSep12 unavailable; Sep12 partial; property/retained starts unavailable; outcomes use occurrence day and exact stored IDs.
AD,120251081776610660,120251080550110660,2026-09-15,0.17,1,0,170.0,0.0,,0,0,,0,0,Sessions beforeSep12 unavailable; Sep12 partial; property/retained starts unavailable; outcomes use occurrence day and exact stored IDs.
AD,120251081777120660,120251080550110660,2026-09-13,14.74,150,1,98.27,0.667,14.74,0,0,,1,0,Sessions beforeSep12 unavailable; Sep12 partial; property/retained starts unavailable; outcomes use occurrence day and exact stored IDs.
AD,120251081777120660,120251080550110660,2026-09-14,8.14,36,1,226.11,2.778,8.14,0,0,,1,1,Sessions beforeSep12 unavailable; Sep12 partial; property/retained starts unavailable; outcomes use occurrence day and exact stored IDs.
AD,120251081777120660,120251080550110660,2026-09-15,6.43,79,0,81.39,0.0,,0,0,,1,1,Sessions beforeSep12 unavailable; Sep12 partial; property/retained starts unavailable; outcomes use occurrence day and exact stored IDs.
AD,120251081777120660,120251080550110660,2026-09-16,18.3,182,2,100.55,1.099,9.15,0,0,,2,1,Sessions beforeSep12 unavailable; Sep12 partial; property/retained starts unavailable; outcomes use occurrence day and exact stored IDs.
AD,120251081777120660,120251080550110660,2026-09-17,13.47,141,2,95.53,1.418,6.74,0,0,,2,0,Sessions beforeSep12 unavailable; Sep12 partial; property/retained starts unavailable; outcomes use occurrence day and exact stored IDs.
AD,120251081777120660,120251080550110660,2026-09-18,2.88,23,1,125.22,4.348,2.88,0,0,,0,0,Sessions beforeSep12 unavailable; Sep12 partial; property/retained starts unavailable; outcomes use occurrence day and exact stored IDs.
AD,120251081898230660,120251080550110660,2026-09-13,37.62,357,0,105.38,0.0,,0,0,,1,0,Sessions beforeSep12 unavailable; Sep12 partial; property/retained starts unavailable; outcomes use occurrence day and exact stored IDs.
AD,120251081898230660,120251080550110660,2026-09-14,15.8,106,1,149.06,0.943,15.8,0,0,,0,0,Sessions beforeSep12 unavailable; Sep12 partial; property/retained starts unavailable; outcomes use occurrence day and exact stored IDs.
AD,120251081898230660,120251080550110660,2026-09-15,21.46,214,2,100.28,0.935,10.73,1,1,21.46,3,1,Sessions beforeSep12 unavailable; Sep12 partial; property/retained starts unavailable; outcomes use occurrence day and exact stored IDs.
AD,120251081898230660,120251080550110660,2026-09-16,22.66,302,4,75.03,1.325,5.67,0,0,,4,0,Sessions beforeSep12 unavailable; Sep12 partial; property/retained starts unavailable; outcomes use occurrence day and exact stored IDs.
AD,120251081898230660,120251080550110660,2026-09-17,10.45,107,0,97.66,0.0,,0,0,,0,0,Sessions beforeSep12 unavailable; Sep12 partial; property/retained starts unavailable; outcomes use occurrence day and exact stored IDs.
AD,120251081898230660,120251080550110660,2026-09-18,3.11,13,0,239.23,0.0,,0,0,,0,0,Sessions beforeSep12 unavailable; Sep12 partial; property/retained starts unavailable; outcomes use occurrence day and exact stored IDs.
AD,120251081993290660,120251080550110660,2026-09-13,35.5,382,4,92.93,1.047,8.88,0,0,,8,0,Sessions beforeSep12 unavailable; Sep12 partial; property/retained starts unavailable; outcomes use occurrence day and exact stored IDs.
AD,120251081993290660,120251080550110660,2026-09-14,27.96,201,1,139.1,0.498,27.96,0,0,,3,0,Sessions beforeSep12 unavailable; Sep12 partial; property/retained starts unavailable; outcomes use occurrence day and exact stored IDs.
AD,120251081993290660,120251080550110660,2026-09-15,33.67,271,2,124.24,0.738,16.84,0,0,,1,0,Sessions beforeSep12 unavailable; Sep12 partial; property/retained starts unavailable; outcomes use occurrence day and exact stored IDs.
AD,120251081993290660,120251080550110660,2026-09-16,18.12,157,0,115.41,0.0,,0,0,,0,0,Sessions beforeSep12 unavailable; Sep12 partial; property/retained starts unavailable; outcomes use occurrence day and exact stored IDs.
AD,120251081993290660,120251080550110660,2026-09-17,1.31,3,0,436.67,0.0,,0,0,,0,0,Sessions beforeSep12 unavailable; Sep12 partial; property/retained starts unavailable; outcomes use occurrence day and exact stored IDs.
AD,120251081993780660,120251080550110660,2026-09-13,23.88,125,0,191.04,0.0,,0,0,,1,0,Sessions beforeSep12 unavailable; Sep12 partial; property/retained starts unavailable; outcomes use occurrence day and exact stored IDs.
AD,120251081993780660,120251080550110660,2026-09-14,15.86,86,2,184.42,2.326,7.93,0,0,,2,1,Sessions beforeSep12 unavailable; Sep12 partial; property/retained starts unavailable; outcomes use occurrence day and exact stored IDs.
AD,120251081993780660,120251080550110660,2026-09-15,5.14,30,0,171.33,0.0,,0,0,,0,0,Sessions beforeSep12 unavailable; Sep12 partial; property/retained starts unavailable; outcomes use occurrence day and exact stored IDs.
AD,120251081993780660,120251080550110660,2026-09-16,1.09,14,0,77.86,0.0,,0,0,,0,0,Sessions beforeSep12 unavailable; Sep12 partial; property/retained starts unavailable; outcomes use occurrence day and exact stored IDs.
AD,120251081993780660,120251080550110660,2026-09-17,0.2,5,0,40.0,0.0,,0,0,,0,0,Sessions beforeSep12 unavailable; Sep12 partial; property/retained starts unavailable; outcomes use occurrence day and exact stored IDs.
AD,120251081993780660,120251080550110660,2026-09-18,0.0,1,0,0.0,0.0,,0,0,,0,0,Sessions beforeSep12 unavailable; Sep12 partial; property/retained starts unavailable; outcomes use occurrence day and exact stored IDs.
AD,120251082365040660,120251080550110660,2026-09-13,0.75,23,0,32.61,0.0,,0,0,,0,0,Sessions beforeSep12 unavailable; Sep12 partial; property/retained starts unavailable; outcomes use occurrence day and exact stored IDs.
AD,120251082365040660,120251080550110660,2026-09-14,3.45,2,0,1725.0,0.0,,0,0,,0,0,Sessions beforeSep12 unavailable; Sep12 partial; property/retained starts unavailable; outcomes use occurrence day and exact stored IDs.
AD,120251082365040660,120251080550110660,2026-09-15,5.65,72,3,78.47,4.167,1.88,0,0,,3,0,Sessions beforeSep12 unavailable; Sep12 partial; property/retained starts unavailable; outcomes use occurrence day and exact stored IDs.
AD,120251082365040660,120251080550110660,2026-09-16,0.42,3,0,140.0,0.0,,0,0,,0,0,Sessions beforeSep12 unavailable; Sep12 partial; property/retained starts unavailable; outcomes use occurrence day and exact stored IDs.
AD,120251082365040660,120251080550110660,2026-09-17,0.08,2,0,40.0,0.0,,0,0,,1,0,Sessions beforeSep12 unavailable; Sep12 partial; property/retained starts unavailable; outcomes use occurrence day and exact stored IDs.
AD,120251082365480660,120251080550110660,2026-09-13,9.2,59,1,155.93,1.695,9.2,0,0,,2,1,Sessions beforeSep12 unavailable; Sep12 partial; property/retained starts unavailable; outcomes use occurrence day and exact stored IDs.
AD,120251082365480660,120251080550110660,2026-09-14,9.73,112,0,86.88,0.0,,0,0,,0,0,Sessions beforeSep12 unavailable; Sep12 partial; property/retained starts unavailable; outcomes use occurrence day and exact stored IDs.
AD,120251082365480660,120251080550110660,2026-09-15,15.15,131,0,115.65,0.0,,0,0,,0,0,Sessions beforeSep12 unavailable; Sep12 partial; property/retained starts unavailable; outcomes use occurrence day and exact stored IDs.
AD,120251082365480660,120251080550110660,2026-09-16,8.82,105,3,84.0,2.857,2.94,0,0,,1,0,Sessions beforeSep12 unavailable; Sep12 partial; property/retained starts unavailable; outcomes use occurrence day and exact stored IDs.
AD,120251082365480660,120251080550110660,2026-09-17,11.79,23,0,512.61,0.0,,0,0,,1,0,Sessions beforeSep12 unavailable; Sep12 partial; property/retained starts unavailable; outcomes use occurrence day and exact stored IDs.
AD,120251082365480660,120251080550110660,2026-09-18,0.02,1,0,20.0,0.0,,0,0,,0,0,Sessions beforeSep12 unavailable; Sep12 partial; property/retained starts unavailable; outcomes use occurrence day and exact stored IDs.
AD,120251082366490660,120251080550110660,2026-09-13,0.66,11,0,60.0,0.0,,0,0,,0,0,Sessions beforeSep12 unavailable; Sep12 partial; property/retained starts unavailable; outcomes use occurrence day and exact stored IDs.
AD,120251082366490660,120251080550110660,2026-09-14,1.35,38,0,35.53,0.0,,0,0,,0,0,Sessions beforeSep12 unavailable; Sep12 partial; property/retained starts unavailable; outcomes use occurrence day and exact stored IDs.
AD,120251082366490660,120251080550110660,2026-09-15,1.19,16,0,74.38,0.0,,0,0,,0,0,Sessions beforeSep12 unavailable; Sep12 partial; property/retained starts unavailable; outcomes use occurrence day and exact stored IDs.
AD,120251082367120660,120251080550110660,2026-09-13,6.76,80,0,84.5,0.0,,0,0,,0,0,Sessions beforeSep12 unavailable; Sep12 partial; property/retained starts unavailable; outcomes use occurrence day and exact stored IDs.
AD,120251082367120660,120251080550110660,2026-09-14,6.11,90,0,67.89,0.0,,0,0,,0,0,Sessions beforeSep12 unavailable; Sep12 partial; property/retained starts unavailable; outcomes use occurrence day and exact stored IDs.
AD,120251082367120660,120251080550110660,2026-09-15,2.93,31,0,94.52,0.0,,0,0,,0,0,Sessions beforeSep12 unavailable; Sep12 partial; property/retained starts unavailable; outcomes use occurrence day and exact stored IDs.
AD,120251082367120660,120251080550110660,2026-09-16,0.22,3,0,73.33,0.0,,0,0,,0,0,Sessions beforeSep12 unavailable; Sep12 partial; property/retained starts unavailable; outcomes use occurrence day and exact stored IDs.
AD,120251082367720660,120251080550110660,2026-09-13,2.33,23,0,101.3,0.0,,0,0,,0,0,Sessions beforeSep12 unavailable; Sep12 partial; property/retained starts unavailable; outcomes use occurrence day and exact stored IDs.
AD,120251082367720660,120251080550110660,2026-09-14,6.36,116,0,54.83,0.0,,0,0,,0,0,Sessions beforeSep12 unavailable; Sep12 partial; property/retained starts unavailable; outcomes use occurrence day and exact stored IDs.
AD,120251082367720660,120251080550110660,2026-09-15,1.89,40,0,47.25,0.0,,0,0,,0,0,Sessions beforeSep12 unavailable; Sep12 partial; property/retained starts unavailable; outcomes use occurrence day and exact stored IDs.
AD,120251082367720660,120251080550110660,2026-09-16,0.33,9,0,36.67,0.0,,0,0,,0,0,Sessions beforeSep12 unavailable; Sep12 partial; property/retained starts unavailable; outcomes use occurrence day and exact stored IDs.
AD,120251082368780660,120251080550110660,2026-09-13,0.6,18,0,33.33,0.0,,0,0,,0,0,Sessions beforeSep12 unavailable; Sep12 partial; property/retained starts unavailable; outcomes use occurrence day and exact stored IDs.
AD,120251082368780660,120251080550110660,2026-09-14,2.19,54,0,40.56,0.0,,0,0,,0,0,Sessions beforeSep12 unavailable; Sep12 partial; property/retained starts unavailable; outcomes use occurrence day and exact stored IDs.
AD,120251082368780660,120251080550110660,2026-09-15,0.69,18,0,38.33,0.0,,0,0,,0,0,Sessions beforeSep12 unavailable; Sep12 partial; property/retained starts unavailable; outcomes use occurrence day and exact stored IDs.
AD,120251082369990660,120251080550110660,2026-09-13,2.46,9,0,273.33,0.0,,0,0,,0,0,Sessions beforeSep12 unavailable; Sep12 partial; property/retained starts unavailable; outcomes use occurrence day and exact stored IDs.
AD,120251082369990660,120251080550110660,2026-09-14,0.26,11,0,23.64,0.0,,0,0,,0,0,Sessions beforeSep12 unavailable; Sep12 partial; property/retained starts unavailable; outcomes use occurrence day and exact stored IDs.
AD,120251082370500660,120251080550110660,2026-09-13,0.21,5,0,42.0,0.0,,0,0,,0,0,Sessions beforeSep12 unavailable; Sep12 partial; property/retained starts unavailable; outcomes use occurrence day and exact stored IDs.
AD,120251082370500660,120251080550110660,2026-09-14,0.48,11,0,43.64,0.0,,0,0,,0,0,Sessions beforeSep12 unavailable; Sep12 partial; property/retained starts unavailable; outcomes use occurrence day and exact stored IDs.
AD,120251082370500660,120251080550110660,2026-09-16,0.09,2,0,45.0,0.0,,0,0,,0,0,Sessions beforeSep12 unavailable; Sep12 partial; property/retained starts unavailable; outcomes use occurrence day and exact stored IDs.
AD,120251082371280660,120251080550110660,2026-09-13,0.05,1,0,50.0,0.0,,0,0,,0,0,Sessions beforeSep12 unavailable; Sep12 partial; property/retained starts unavailable; outcomes use occurrence day and exact stored IDs.
AD,120251082371280660,120251080550110660,2026-09-14,0.04,3,0,13.33,0.0,,0,0,,0,0,Sessions beforeSep12 unavailable; Sep12 partial; property/retained starts unavailable; outcomes use occurrence day and exact stored IDs.
AD,120251082371280660,120251080550110660,2026-09-15,0.05,1,0,50.0,0.0,,0,0,,0,0,Sessions beforeSep12 unavailable; Sep12 partial; property/retained starts unavailable; outcomes use occurrence day and exact stored IDs.
AD,120251082371740660,120251080550110660,2026-09-13,0.02,2,0,10.0,0.0,,0,0,,0,0,Sessions beforeSep12 unavailable; Sep12 partial; property/retained starts unavailable; outcomes use occurrence day and exact stored IDs.
AD,120251082371740660,120251080550110660,2026-09-14,0.34,3,0,113.33,0.0,,0,0,,0,0,Sessions beforeSep12 unavailable; Sep12 partial; property/retained starts unavailable; outcomes use occurrence day and exact stored IDs.
AD,120251082371740660,120251080550110660,2026-09-15,0.29,1,0,290.0,0.0,,0,0,,0,0,Sessions beforeSep12 unavailable; Sep12 partial; property/retained starts unavailable; outcomes use occurrence day and exact stored IDs.
AD,120251082372330660,120251080550110660,2026-09-13,0.81,5,0,162.0,0.0,,0,0,,0,0,Sessions beforeSep12 unavailable; Sep12 partial; property/retained starts unavailable; outcomes use occurrence day and exact stored IDs.
AD,120251082372330660,120251080550110660,2026-09-14,0.29,5,0,58.0,0.0,,0,0,,0,0,Sessions beforeSep12 unavailable; Sep12 partial; property/retained starts unavailable; outcomes use occurrence day and exact stored IDs.
AD,120251082372330660,120251080550110660,2026-09-15,0.03,1,0,30.0,0.0,,0,0,,0,0,Sessions beforeSep12 unavailable; Sep12 partial; property/retained starts unavailable; outcomes use occurrence day and exact stored IDs.
AD,120251082372330660,120251080550110660,2026-09-16,0.1,2,0,50.0,0.0,,0,0,,0,0,Sessions beforeSep12 unavailable; Sep12 partial; property/retained starts unavailable; outcomes use occurrence day and exact stored IDs.
AD,120251082373080660,120251080550110660,2026-09-13,1.23,27,0,45.56,0.0,,0,0,,0,0,Sessions beforeSep12 unavailable; Sep12 partial; property/retained starts unavailable; outcomes use occurrence day and exact stored IDs.
AD,120251082373080660,120251080550110660,2026-09-14,0.78,19,0,41.05,0.0,,0,0,,0,0,Sessions beforeSep12 unavailable; Sep12 partial; property/retained starts unavailable; outcomes use occurrence day and exact stored IDs.
AD,120251082373080660,120251080550110660,2026-09-15,0.4,4,0,100.0,0.0,,0,0,,0,0,Sessions beforeSep12 unavailable; Sep12 partial; property/retained starts unavailable; outcomes use occurrence day and exact stored IDs.
AD,120251082373080660,120251080550110660,2026-09-16,2.9,31,0,93.55,0.0,,0,0,,0,0,Sessions beforeSep12 unavailable; Sep12 partial; property/retained starts unavailable; outcomes use occurrence day and exact stored IDs.
AD,120251082373080660,120251080550110660,2026-09-17,1.5,4,0,375.0,0.0,,0,0,,0,0,Sessions beforeSep12 unavailable; Sep12 partial; property/retained starts unavailable; outcomes use occurrence day and exact stored IDs.
AD,120251082374250660,120251080550110660,2026-09-13,0.13,5,0,26.0,0.0,,0,0,,0,0,Sessions beforeSep12 unavailable; Sep12 partial; property/retained starts unavailable; outcomes use occurrence day and exact stored IDs.
AD,120251082374920660,120251080550110660,2026-09-13,0.17,5,0,34.0,0.0,,0,0,,0,0,Sessions beforeSep12 unavailable; Sep12 partial; property/retained starts unavailable; outcomes use occurrence day and exact stored IDs.
AD,120251082374920660,120251080550110660,2026-09-14,0.16,5,0,32.0,0.0,,0,0,,0,0,Sessions beforeSep12 unavailable; Sep12 partial; property/retained starts unavailable; outcomes use occurrence day and exact stored IDs.
AD,120251082375750660,120251080550110660,2026-09-14,0.04,1,0,40.0,0.0,,0,0,,0,0,Sessions beforeSep12 unavailable; Sep12 partial; property/retained starts unavailable; outcomes use occurrence day and exact stored IDs.
AD,120251082376480660,120251080550110660,2026-09-13,0.07,1,0,70.0,0.0,,0,0,,0,0,Sessions beforeSep12 unavailable; Sep12 partial; property/retained starts unavailable; outcomes use occurrence day and exact stored IDs.
AD,120251082377000660,120251080550110660,2026-09-13,0.02,1,0,20.0,0.0,,0,0,,0,0,Sessions beforeSep12 unavailable; Sep12 partial; property/retained starts unavailable; outcomes use occurrence day and exact stored IDs.
AD,120251082377000660,120251080550110660,2026-09-14,0.01,1,0,10.0,0.0,,0,0,,0,0,Sessions beforeSep12 unavailable; Sep12 partial; property/retained starts unavailable; outcomes use occurrence day and exact stored IDs.
AD,120251082377470660,120251080550110660,2026-09-13,0.25,12,0,20.83,0.0,,0,0,,0,0,Sessions beforeSep12 unavailable; Sep12 partial; property/retained starts unavailable; outcomes use occurrence day and exact stored IDs.
AD,120251082377470660,120251080550110660,2026-09-14,1.38,12,0,115.0,0.0,,0,0,,0,0,Sessions beforeSep12 unavailable; Sep12 partial; property/retained starts unavailable; outcomes use occurrence day and exact stored IDs.
AD,120251082377470660,120251080550110660,2026-09-15,0.03,1,0,30.0,0.0,,0,0,,0,0,Sessions beforeSep12 unavailable; Sep12 partial; property/retained starts unavailable; outcomes use occurrence day and exact stored IDs.
AD,120251082377470660,120251080550110660,2026-09-17,0.08,1,0,80.0,0.0,,0,0,,0,0,Sessions beforeSep12 unavailable; Sep12 partial; property/retained starts unavailable; outcomes use occurrence day and exact stored IDs.
AD,120251082378670660,120251080550110660,2026-09-13,0.04,3,0,13.33,0.0,,0,0,,0,0,Sessions beforeSep12 unavailable; Sep12 partial; property/retained starts unavailable; outcomes use occurrence day and exact stored IDs.
AD,120251082378670660,120251080550110660,2026-09-16,0.21,5,0,42.0,0.0,,0,0,,0,0,Sessions beforeSep12 unavailable; Sep12 partial; property/retained starts unavailable; outcomes use occurrence day and exact stored IDs.
AD,120251082379590660,120251080550110660,2026-09-13,0.01,2,0,5.0,0.0,,0,0,,0,0,Sessions beforeSep12 unavailable; Sep12 partial; property/retained starts unavailable; outcomes use occurrence day and exact stored IDs.
AD,120251082379590660,120251080550110660,2026-09-15,1.7,6,0,283.33,0.0,,0,0,,0,0,Sessions beforeSep12 unavailable; Sep12 partial; property/retained starts unavailable; outcomes use occurrence day and exact stored IDs.
AD,120251082379590660,120251080550110660,2026-09-16,0.03,1,0,30.0,0.0,,0,0,,0,0,Sessions beforeSep12 unavailable; Sep12 partial; property/retained starts unavailable; outcomes use occurrence day and exact stored IDs.
AD,120251082379590660,120251080550110660,2026-09-17,0.11,1,0,110.0,0.0,,0,0,,0,0,Sessions beforeSep12 unavailable; Sep12 partial; property/retained starts unavailable; outcomes use occurrence day and exact stored IDs.
AD,120251082379900660,120251080550110660,2026-09-13,0.1,6,0,16.67,0.0,,0,0,,0,0,Sessions beforeSep12 unavailable; Sep12 partial; property/retained starts unavailable; outcomes use occurrence day and exact stored IDs.
AD,120251082379900660,120251080550110660,2026-09-14,2.63,17,0,154.71,0.0,,0,0,,0,0,Sessions beforeSep12 unavailable; Sep12 partial; property/retained starts unavailable; outcomes use occurrence day and exact stored IDs.
AD,120251082379900660,120251080550110660,2026-09-15,0.44,6,0,73.33,0.0,,0,0,,0,0,Sessions beforeSep12 unavailable; Sep12 partial; property/retained starts unavailable; outcomes use occurrence day and exact stored IDs.
AD,120251082379900660,120251080550110660,2026-09-16,8.81,118,0,74.66,0.0,,0,0,,0,0,Sessions beforeSep12 unavailable; Sep12 partial; property/retained starts unavailable; outcomes use occurrence day and exact stored IDs.
AD,120251082379900660,120251080550110660,2026-09-17,3.36,41,0,81.95,0.0,,0,0,,0,0,Sessions beforeSep12 unavailable; Sep12 partial; property/retained starts unavailable; outcomes use occurrence day and exact stored IDs.
AD,120251082380210660,120251080550110660,2026-09-13,1.25,26,0,48.08,0.0,,0,0,,0,0,Sessions beforeSep12 unavailable; Sep12 partial; property/retained starts unavailable; outcomes use occurrence day and exact stored IDs.
AD,120251082380210660,120251080550110660,2026-09-14,3.01,20,0,150.5,0.0,,0,0,,0,0,Sessions beforeSep12 unavailable; Sep12 partial; property/retained starts unavailable; outcomes use occurrence day and exact stored IDs.
AD,120251082380210660,120251080550110660,2026-09-15,2.61,27,0,96.67,0.0,,0,0,,0,0,Sessions beforeSep12 unavailable; Sep12 partial; property/retained starts unavailable; outcomes use occurrence day and exact stored IDs.
AD,120251082380210660,120251080550110660,2026-09-16,0.44,8,0,55.0,0.0,,0,0,,0,0,Sessions beforeSep12 unavailable; Sep12 partial; property/retained starts unavailable; outcomes use occurrence day and exact stored IDs.
AD,120251082380210660,120251080550110660,2026-09-17,0.26,1,0,260.0,0.0,,0,0,,0,0,Sessions beforeSep12 unavailable; Sep12 partial; property/retained starts unavailable; outcomes use occurrence day and exact stored IDs.
AD,120251082380210660,120251080550110660,2026-09-18,0.01,1,0,10.0,0.0,,0,0,,0,0,Sessions beforeSep12 unavailable; Sep12 partial; property/retained starts unavailable; outcomes use occurrence day and exact stored IDs.
AD,120251082380850660,120251080550110660,2026-09-13,0.29,9,0,32.22,0.0,,0,0,,0,0,Sessions beforeSep12 unavailable; Sep12 partial; property/retained starts unavailable; outcomes use occurrence day and exact stored IDs.
AD,120251082380850660,120251080550110660,2026-09-14,0.82,10,0,82.0,0.0,,0,0,,0,0,Sessions beforeSep12 unavailable; Sep12 partial; property/retained starts unavailable; outcomes use occurrence day and exact stored IDs.
AD,120251082380850660,120251080550110660,2026-09-15,0.44,4,0,110.0,0.0,,0,0,,0,0,Sessions beforeSep12 unavailable; Sep12 partial; property/retained starts unavailable; outcomes use occurrence day and exact stored IDs.
AD,120251082380850660,120251080550110660,2026-09-16,0.26,4,0,65.0,0.0,,0,0,,0,0,Sessions beforeSep12 unavailable; Sep12 partial; property/retained starts unavailable; outcomes use occurrence day and exact stored IDs.
AD,120251082381610660,120251080550110660,2026-09-13,0.5,4,0,125.0,0.0,,0,0,,0,0,Sessions beforeSep12 unavailable; Sep12 partial; property/retained starts unavailable; outcomes use occurrence day and exact stored IDs.
AD,120251082381610660,120251080550110660,2026-09-14,2.37,28,0,84.64,0.0,,0,0,,0,0,Sessions beforeSep12 unavailable; Sep12 partial; property/retained starts unavailable; outcomes use occurrence day and exact stored IDs.
AD,120251082381610660,120251080550110660,2026-09-15,0.19,5,0,38.0,0.0,,0,0,,0,0,Sessions beforeSep12 unavailable; Sep12 partial; property/retained starts unavailable; outcomes use occurrence day and exact stored IDs.
AD,120251082381610660,120251080550110660,2026-09-16,0.14,3,0,46.67,0.0,,0,0,,0,0,Sessions beforeSep12 unavailable; Sep12 partial; property/retained starts unavailable; outcomes use occurrence day and exact stored IDs.
AD,120251082381610660,120251080550110660,2026-09-17,0.25,1,0,250.0,0.0,,0,0,,0,0,Sessions beforeSep12 unavailable; Sep12 partial; property/retained starts unavailable; outcomes use occurrence day and exact stored IDs.
AD,120251090343530660,120251080550110660,2026-09-13,0.3,6,0,50.0,0.0,,0,0,,0,0,Sessions beforeSep12 unavailable; Sep12 partial; property/retained starts unavailable; outcomes use occurrence day and exact stored IDs.
AD,120251090343530660,120251080550110660,2026-09-14,12.94,127,0,101.89,0.0,,0,0,,0,0,Sessions beforeSep12 unavailable; Sep12 partial; property/retained starts unavailable; outcomes use occurrence day and exact stored IDs.
AD,120251090343530660,120251080550110660,2026-09-15,33.21,313,3,106.1,0.958,11.07,0,0,,5,0,Sessions beforeSep12 unavailable; Sep12 partial; property/retained starts unavailable; outcomes use occurrence day and exact stored IDs.
AD,120251090343530660,120251080550110660,2026-09-16,33.41,296,0,112.87,0.0,,0,0,,0,0,Sessions beforeSep12 unavailable; Sep12 partial; property/retained starts unavailable; outcomes use occurrence day and exact stored IDs.
AD,120251090343530660,120251080550110660,2026-09-17,12.95,60,1,215.83,1.667,12.95,0,0,,1,0,Sessions beforeSep12 unavailable; Sep12 partial; property/retained starts unavailable; outcomes use occurrence day and exact stored IDs.
AD,120251090343530660,120251080550110660,2026-09-18,1.73,6,1,288.33,16.667,1.73,0,0,,1,0,Sessions beforeSep12 unavailable; Sep12 partial; property/retained starts unavailable; outcomes use occurrence day and exact stored IDs.
AD,120251149675200660,120251080550110660,2026-09-16,0.8,10,0,80.0,0.0,,0,0,,4,0,Sessions beforeSep12 unavailable; Sep12 partial; property/retained starts unavailable; outcomes use occurrence day and exact stored IDs.
AD,120251149675200660,120251080550110660,2026-09-17,1.19,11,0,108.18,0.0,,0,0,,0,0,Sessions beforeSep12 unavailable; Sep12 partial; property/retained starts unavailable; outcomes use occurrence day and exact stored IDs.
AD,120251149675200660,120251080550110660,2026-09-18,0.04,1,0,40.0,0.0,,0,0,,0,0,Sessions beforeSep12 unavailable; Sep12 partial; property/retained starts unavailable; outcomes use occurrence day and exact stored IDs.
AD,120251150763430660,120251080550110660,2026-09-16,1.03,13,0,79.23,0.0,,0,0,,0,0,Sessions beforeSep12 unavailable; Sep12 partial; property/retained starts unavailable; outcomes use occurrence day and exact stored IDs.
AD,120251150763430660,120251080550110660,2026-09-17,58.31,578,4,100.88,0.692,14.58,0,0,,4,0,Sessions beforeSep12 unavailable; Sep12 partial; property/retained starts unavailable; outcomes use occurrence day and exact stored IDs.
AD,120251150763430660,120251080550110660,2026-09-18,2.81,26,0,108.08,0.0,,0,0,,0,0,Sessions beforeSep12 unavailable; Sep12 partial; property/retained starts unavailable; outcomes use occurrence day and exact stored IDs.
AD,120251150832050660,120251080550110660,2026-09-17,0.26,8,0,32.5,0.0,,0,0,,0,0,Sessions beforeSep12 unavailable; Sep12 partial; property/retained starts unavailable; outcomes use occurrence day and exact stored IDs.
AD,120251150832370660,120251080550110660,2026-09-17,0.06,2,0,30.0,0.0,,0,0,,0,0,Sessions beforeSep12 unavailable; Sep12 partial; property/retained starts unavailable; outcomes use occurrence day and exact stored IDs.
AD,120251161808830660,120251080550110660,2026-09-17,0.94,10,0,94.0,0.0,,0,0,,5,0,Sessions beforeSep12 unavailable; Sep12 partial; property/retained starts unavailable; outcomes use occurrence day and exact stored IDs.
AD,120251161808830660,120251080550110660,2026-09-18,0.02,1,0,20.0,0.0,,0,0,,0,0,Sessions beforeSep12 unavailable; Sep12 partial; property/retained starts unavailable; outcomes use occurrence day and exact stored IDs.
AD,120251167871310660,120251080550110660,2026-09-17,0.06,1,0,60.0,0.0,,0,0,,4,0,Sessions beforeSep12 unavailable; Sep12 partial; property/retained starts unavailable; outcomes use occurrence day and exact stored IDs.
AD,120251169389440660,120251080550110660,2026-09-18,1.46,37,1,39.46,2.703,1.46,0,0,,5,1,Sessions beforeSep12 unavailable; Sep12 partial; property/retained starts unavailable; outcomes use occurrence day and exact stored IDs.
AD,120251169390170660,120251080550110660,2026-09-18,1.46,28,0,52.14,0.0,,0,0,,4,0,Sessions beforeSep12 unavailable; Sep12 partial; property/retained starts unavailable; outcomes use occurrence day and exact stored IDs.
AD,120251169390630660,120251080550110660,2026-09-18,0.35,9,0,38.89,0.0,,0,0,,4,0,Sessions beforeSep12 unavailable; Sep12 partial; property/retained starts unavailable; outcomes use occurrence day and exact stored IDs.
AD,120251169537280660,120251080550110660,2026-09-18,95.2,2433,15,39.13,0.617,6.35,5,5,19.04,18,6,Sessions beforeSep12 unavailable; Sep12 partial; property/retained starts unavailable; outcomes use occurrence day and exact stored IDs.
AD,120251169550290660,120251080550110660,2026-09-18,0.81,11,0,73.64,0.0,,0,0,,4,0,Sessions beforeSep12 unavailable; Sep12 partial; property/retained starts unavailable; outcomes use occurrence day and exact stored IDs.
AD,120251169609560660,120251080550110660,2026-09-18,0.02,2,0,10.0,0.0,,0,0,,4,0,Sessions beforeSep12 unavailable; Sep12 partial; property/retained starts unavailable; outcomes use occurrence day and exact stored IDs.
AD,120251170035740660,120251080550110660,2026-09-18,0.07,5,0,14.0,0.0,,0,0,,4,0,Sessions beforeSep12 unavailable; Sep12 partial; property/retained starts unavailable; outcomes use occurrence day and exact stored IDs.
AD,120251170059570660,120251080550110660,2026-09-18,0.01,2,0,5.0,0.0,,0,0,,4,0,Sessions beforeSep12 unavailable; Sep12 partial; property/retained starts unavailable; outcomes use occurrence day and exact stored IDs.
AD,120251170071650660,120251080550110660,2026-09-18,0.43,8,0,53.75,0.0,,0,0,,4,0,Sessions beforeSep12 unavailable; Sep12 partial; property/retained starts unavailable; outcomes use occurrence day and exact stored IDs.
AD,120251170088000660,120251080550110660,2026-09-18,0.63,9,0,70.0,0.0,,0,0,,0,0,Sessions beforeSep12 unavailable; Sep12 partial; property/retained starts unavailable; outcomes use occurrence day and exact stored IDs.
AD,120251182140140660,120251080550110660,2026-09-18,0.01,2,0,5.0,0.0,,0,0,,4,0,Sessions beforeSep12 unavailable; Sep12 partial; property/retained starts unavailable; outcomes use occurrence day and exact stored IDs.
AD,120251182153020660,120251080550110660,2026-09-18,0.14,3,0,46.67,0.0,,0,0,,4,0,Sessions beforeSep12 unavailable; Sep12 partial; property/retained starts unavailable; outcomes use occurrence day and exact stored IDs.
AD,120251182163480660,120251080550110660,2026-09-18,0.09,2,0,45.0,0.0,,0,0,,4,0,Sessions beforeSep12 unavailable; Sep12 partial; property/retained starts unavailable; outcomes use occurrence day and exact stored IDs.
AD,120251182269680660,120251080550110660,2026-09-18,0.61,10,0,61.0,0.0,,0,0,,4,0,Sessions beforeSep12 unavailable; Sep12 partial; property/retained starts unavailable; outcomes use occurrence day and exact stored IDs.
AD,120251182339470660,120251080550110660,2026-09-18,0.28,8,0,35.0,0.0,,0,0,,4,0,Sessions beforeSep12 unavailable; Sep12 partial; property/retained starts unavailable; outcomes use occurrence day and exact stored IDs.
AD,120251081859460660,120251080550210660,2026-09-13,0.06,2,0,30.0,0.0,,0,0,,0,0,Sessions beforeSep12 unavailable; Sep12 partial; property/retained starts unavailable; outcomes use occurrence day and exact stored IDs.
AD,120251081859520660,120251080550210660,2026-09-14,0.02,1,0,20.0,0.0,,0,0,,0,0,Sessions beforeSep12 unavailable; Sep12 partial; property/retained starts unavailable; outcomes use occurrence day and exact stored IDs.
AD,120251081859640660,120251080550210660,2026-09-13,0.82,18,0,45.56,0.0,,0,0,,0,0,Sessions beforeSep12 unavailable; Sep12 partial; property/retained starts unavailable; outcomes use occurrence day and exact stored IDs.
AD,120251081859640660,120251080550210660,2026-09-14,0.14,2,0,70.0,0.0,,0,0,,0,0,Sessions beforeSep12 unavailable; Sep12 partial; property/retained starts unavailable; outcomes use occurrence day and exact stored IDs.
AD,120251081898840660,120251080550210660,2026-09-13,20.14,561,2,35.9,0.357,10.07,0,0,,2,1,Sessions beforeSep12 unavailable; Sep12 partial; property/retained starts unavailable; outcomes use occurrence day and exact stored IDs.
AD,120251081898840660,120251080550210660,2026-09-14,13.82,345,3,40.06,0.87,4.61,1,1,13.82,4,2,Sessions beforeSep12 unavailable; Sep12 partial; property/retained starts unavailable; outcomes use occurrence day and exact stored IDs.
AD,120251081898840660,120251080550210660,2026-09-15,3.94,160,1,24.62,0.625,3.94,0,0,,1,0,Sessions beforeSep12 unavailable; Sep12 partial; property/retained starts unavailable; outcomes use occurrence day and exact stored IDs.
AD,120251081898840660,120251080550210660,2026-09-16,0.17,4,0,42.5,0.0,,0,0,,0,0,Sessions beforeSep12 unavailable; Sep12 partial; property/retained starts unavailable; outcomes use occurrence day and exact stored IDs.
AD,120251081898840660,120251080550210660,2026-09-17,0.37,16,0,23.12,0.0,,0,0,,0,0,Sessions beforeSep12 unavailable; Sep12 partial; property/retained starts unavailable; outcomes use occurrence day and exact stored IDs.
AD,120251081898840660,120251080550210660,2026-09-18,0.89,34,0,26.18,0.0,,0,0,,0,0,Sessions beforeSep12 unavailable; Sep12 partial; property/retained starts unavailable; outcomes use occurrence day and exact stored IDs.
AD,120251081899920660,120251080550210660,2026-09-13,0.09,5,0,18.0,0.0,,0,0,,4,0,Sessions beforeSep12 unavailable; Sep12 partial; property/retained starts unavailable; outcomes use occurrence day and exact stored IDs.
AD,120251081899920660,120251080550210660,2026-09-14,0.01,1,0,10.0,0.0,,0,0,,0,0,Sessions beforeSep12 unavailable; Sep12 partial; property/retained starts unavailable; outcomes use occurrence day and exact stored IDs.
AD,120251081993110660,120251080550210660,2026-09-13,99.56,3396,20,29.32,0.589,4.98,1,1,99.56,18,2,Sessions beforeSep12 unavailable; Sep12 partial; property/retained starts unavailable; outcomes use occurrence day and exact stored IDs.
AD,120251081993110660,120251080550210660,2026-09-14,94.16,3498,17,26.92,0.486,5.54,2,2,47.08,14,3,Sessions beforeSep12 unavailable; Sep12 partial; property/retained starts unavailable; outcomes use occurrence day and exact stored IDs.
AD,120251081993110660,120251080550210660,2026-09-15,116.99,5345,27,21.89,0.505,4.33,1,1,116.99,23,4,Sessions beforeSep12 unavailable; Sep12 partial; property/retained starts unavailable; outcomes use occurrence day and exact stored IDs.
AD,120251081993110660,120251080550210660,2026-09-16,98.7,4335,16,22.77,0.369,6.17,2,2,49.35,15,3,Sessions beforeSep12 unavailable; Sep12 partial; property/retained starts unavailable; outcomes use occurrence day and exact stored IDs.
AD,120251081993110660,120251080550210660,2026-09-17,80.58,2881,8,27.97,0.278,10.07,0,0,,8,0,Sessions beforeSep12 unavailable; Sep12 partial; property/retained starts unavailable; outcomes use occurrence day and exact stored IDs.
AD,120251081993110660,120251080550210660,2026-09-18,69.6,2431,16,28.63,0.658,4.35,1,0,69.6,15,2,Sessions beforeSep12 unavailable; Sep12 partial; property/retained starts unavailable; outcomes use occurrence day and exact stored IDs.
AD,120251082426120660,120251080550210660,2026-09-13,0.18,7,0,25.71,0.0,,0,0,,0,0,Sessions beforeSep12 unavailable; Sep12 partial; property/retained starts unavailable; outcomes use occurrence day and exact stored IDs.
AD,120251082426120660,120251080550210660,2026-09-14,0.29,8,0,36.25,0.0,,0,0,,0,0,Sessions beforeSep12 unavailable; Sep12 partial; property/retained starts unavailable; outcomes use occurrence day and exact stored IDs.
AD,120251082426120660,120251080550210660,2026-09-15,0.58,17,0,34.12,0.0,,0,0,,0,0,Sessions beforeSep12 unavailable; Sep12 partial; property/retained starts unavailable; outcomes use occurrence day and exact stored IDs.
AD,120251082426120660,120251080550210660,2026-09-16,0.45,11,0,40.91,0.0,,0,0,,0,0,Sessions beforeSep12 unavailable; Sep12 partial; property/retained starts unavailable; outcomes use occurrence day and exact stored IDs.
AD,120251082426120660,120251080550210660,2026-09-17,0.47,9,0,52.22,0.0,,0,0,,0,0,Sessions beforeSep12 unavailable; Sep12 partial; property/retained starts unavailable; outcomes use occurrence day and exact stored IDs.
AD,120251082426120660,120251080550210660,2026-09-18,0.01,2,0,5.0,0.0,,0,0,,0,0,Sessions beforeSep12 unavailable; Sep12 partial; property/retained starts unavailable; outcomes use occurrence day and exact stored IDs.
AD,120251082426210660,120251080550210660,2026-09-13,0.05,4,0,12.5,0.0,,0,0,,0,0,Sessions beforeSep12 unavailable; Sep12 partial; property/retained starts unavailable; outcomes use occurrence day and exact stored IDs.
AD,120251082426210660,120251080550210660,2026-09-14,0.06,1,0,60.0,0.0,,0,0,,0,0,Sessions beforeSep12 unavailable; Sep12 partial; property/retained starts unavailable; outcomes use occurrence day and exact stored IDs.
AD,120251082426310660,120251080550210660,2026-09-13,0.19,7,0,27.14,0.0,,0,0,,0,0,Sessions beforeSep12 unavailable; Sep12 partial; property/retained starts unavailable; outcomes use occurrence day and exact stored IDs.
AD,120251082426310660,120251080550210660,2026-09-14,0.31,10,0,31.0,0.0,,0,0,,0,0,Sessions beforeSep12 unavailable; Sep12 partial; property/retained starts unavailable; outcomes use occurrence day and exact stored IDs.
AD,120251082426310660,120251080550210660,2026-09-17,0.0,1,0,0.0,0.0,,0,0,,0,0,Sessions beforeSep12 unavailable; Sep12 partial; property/retained starts unavailable; outcomes use occurrence day and exact stored IDs.
AD,120251082426570660,120251080550210660,2026-09-13,0.48,13,0,36.92,0.0,,0,0,,0,0,Sessions beforeSep12 unavailable; Sep12 partial; property/retained starts unavailable; outcomes use occurrence day and exact stored IDs.
AD,120251082426570660,120251080550210660,2026-09-14,0.01,1,0,10.0,0.0,,0,0,,0,0,Sessions beforeSep12 unavailable; Sep12 partial; property/retained starts unavailable; outcomes use occurrence day and exact stored IDs.
AD,120251082426570660,120251080550210660,2026-09-16,0.02,1,0,20.0,0.0,,0,0,,0,0,Sessions beforeSep12 unavailable; Sep12 partial; property/retained starts unavailable; outcomes use occurrence day and exact stored IDs.
AD,120251082426730660,120251080550210660,2026-09-13,0.23,5,0,46.0,0.0,,0,0,,0,0,Sessions beforeSep12 unavailable; Sep12 partial; property/retained starts unavailable; outcomes use occurrence day and exact stored IDs.
AD,120251082426730660,120251080550210660,2026-09-14,0.12,6,0,20.0,0.0,,0,0,,0,0,Sessions beforeSep12 unavailable; Sep12 partial; property/retained starts unavailable; outcomes use occurrence day and exact stored IDs.
AD,120251082426730660,120251080550210660,2026-09-15,0.14,5,0,28.0,0.0,,0,0,,0,0,Sessions beforeSep12 unavailable; Sep12 partial; property/retained starts unavailable; outcomes use occurrence day and exact stored IDs.
AD,120251082426730660,120251080550210660,2026-09-18,0.1,4,0,25.0,0.0,,0,0,,0,0,Sessions beforeSep12 unavailable; Sep12 partial; property/retained starts unavailable; outcomes use occurrence day and exact stored IDs.
AD,120251082426830660,120251080550210660,2026-09-13,2.06,45,1,45.78,2.222,2.06,1,1,2.06,1,1,Sessions beforeSep12 unavailable; Sep12 partial; property/retained starts unavailable; outcomes use occurrence day and exact stored IDs.
AD,120251082426830660,120251080550210660,2026-09-14,2.28,52,0,43.85,0.0,,0,0,,0,0,Sessions beforeSep12 unavailable; Sep12 partial; property/retained starts unavailable; outcomes use occurrence day and exact stored IDs.
AD,120251082426830660,120251080550210660,2026-09-15,2.25,26,0,86.54,0.0,,0,0,,0,0,Sessions beforeSep12 unavailable; Sep12 partial; property/retained starts unavailable; outcomes use occurrence day and exact stored IDs.
AD,120251082426830660,120251080550210660,2026-09-16,2.24,40,0,56.0,0.0,,0,0,,0,0,Sessions beforeSep12 unavailable; Sep12 partial; property/retained starts unavailable; outcomes use occurrence day and exact stored IDs.
AD,120251082426830660,120251080550210660,2026-09-17,2.78,39,0,71.28,0.0,,0,0,,0,0,Sessions beforeSep12 unavailable; Sep12 partial; property/retained starts unavailable; outcomes use occurrence day and exact stored IDs.
AD,120251082426830660,120251080550210660,2026-09-18,0.95,34,0,27.94,0.0,,0,0,,0,0,Sessions beforeSep12 unavailable; Sep12 partial; property/retained starts unavailable; outcomes use occurrence day and exact stored IDs.
AD,120251082427250660,120251080550210660,2026-09-14,0.08,1,0,80.0,0.0,,0,0,,0,0,Sessions beforeSep12 unavailable; Sep12 partial; property/retained starts unavailable; outcomes use occurrence day and exact stored IDs.
AD,120251082427810660,120251080550210660,2026-09-13,1.57,23,0,68.26,0.0,,0,0,,0,0,Sessions beforeSep12 unavailable; Sep12 partial; property/retained starts unavailable; outcomes use occurrence day and exact stored IDs.
AD,120251082427810660,120251080550210660,2026-09-14,1.9,30,0,63.33,0.0,,0,0,,0,0,Sessions beforeSep12 unavailable; Sep12 partial; property/retained starts unavailable; outcomes use occurrence day and exact stored IDs.
AD,120251082427810660,120251080550210660,2026-09-15,1.43,22,0,65.0,0.0,,0,0,,0,0,Sessions beforeSep12 unavailable; Sep12 partial; property/retained starts unavailable; outcomes use occurrence day and exact stored IDs.
AD,120251082427810660,120251080550210660,2026-09-16,1.63,32,0,50.94,0.0,,0,0,,0,0,Sessions beforeSep12 unavailable; Sep12 partial; property/retained starts unavailable; outcomes use occurrence day and exact stored IDs.
AD,120251082427810660,120251080550210660,2026-09-17,2.06,51,0,40.39,0.0,,0,0,,0,0,Sessions beforeSep12 unavailable; Sep12 partial; property/retained starts unavailable; outcomes use occurrence day and exact stored IDs.
AD,120251082427810660,120251080550210660,2026-09-18,1.95,46,0,42.39,0.0,,0,0,,0,0,Sessions beforeSep12 unavailable; Sep12 partial; property/retained starts unavailable; outcomes use occurrence day and exact stored IDs.
AD,120251082429050660,120251080550210660,2026-09-13,0.01,1,0,10.0,0.0,,0,0,,0,0,Sessions beforeSep12 unavailable; Sep12 partial; property/retained starts unavailable; outcomes use occurrence day and exact stored IDs.
AD,120251082429460660,120251080550210660,2026-09-13,0.11,7,0,15.71,0.0,,0,0,,0,0,Sessions beforeSep12 unavailable; Sep12 partial; property/retained starts unavailable; outcomes use occurrence day and exact stored IDs.
AD,120251082429460660,120251080550210660,2026-09-14,0.27,17,0,15.88,0.0,,0,0,,0,0,Sessions beforeSep12 unavailable; Sep12 partial; property/retained starts unavailable; outcomes use occurrence day and exact stored IDs.
AD,120251082429460660,120251080550210660,2026-09-15,0.05,1,0,50.0,0.0,,0,0,,0,0,Sessions beforeSep12 unavailable; Sep12 partial; property/retained starts unavailable; outcomes use occurrence day and exact stored IDs.
AD,120251082429460660,120251080550210660,2026-09-18,0.16,3,0,53.33,0.0,,0,0,,0,0,Sessions beforeSep12 unavailable; Sep12 partial; property/retained starts unavailable; outcomes use occurrence day and exact stored IDs.
AD,120251082429940660,120251080550210660,2026-09-13,0.19,4,0,47.5,0.0,,0,0,,0,0,Sessions beforeSep12 unavailable; Sep12 partial; property/retained starts unavailable; outcomes use occurrence day and exact stored IDs.
AD,120251082429940660,120251080550210660,2026-09-14,0.14,3,0,46.67,0.0,,0,0,,0,0,Sessions beforeSep12 unavailable; Sep12 partial; property/retained starts unavailable; outcomes use occurrence day and exact stored IDs.
AD,120251082429940660,120251080550210660,2026-09-16,0.09,1,0,90.0,0.0,,0,0,,0,0,Sessions beforeSep12 unavailable; Sep12 partial; property/retained starts unavailable; outcomes use occurrence day and exact stored IDs.
AD,120251082430650660,120251080550210660,2026-09-13,0.1,2,0,50.0,0.0,,0,0,,0,0,Sessions beforeSep12 unavailable; Sep12 partial; property/retained starts unavailable; outcomes use occurrence day and exact stored IDs.
AD,120251082430650660,120251080550210660,2026-09-14,0.17,1,0,170.0,0.0,,0,0,,0,0,Sessions beforeSep12 unavailable; Sep12 partial; property/retained starts unavailable; outcomes use occurrence day and exact stored IDs.
AD,120251082430940660,120251080550210660,2026-09-14,0.09,1,0,90.0,0.0,,0,0,,0,0,Sessions beforeSep12 unavailable; Sep12 partial; property/retained starts unavailable; outcomes use occurrence day and exact stored IDs.
AD,120251082432190660,120251080550210660,2026-09-14,0.05,2,0,25.0,0.0,,0,0,,0,0,Sessions beforeSep12 unavailable; Sep12 partial; property/retained starts unavailable; outcomes use occurrence day and exact stored IDs.
AD,120251082432190660,120251080550210660,2026-09-18,0.01,1,0,10.0,0.0,,0,0,,0,0,Sessions beforeSep12 unavailable; Sep12 partial; property/retained starts unavailable; outcomes use occurrence day and exact stored IDs.
AD,120251082432760660,120251080550210660,2026-09-13,0.03,1,0,30.0,0.0,,0,0,,0,0,Sessions beforeSep12 unavailable; Sep12 partial; property/retained starts unavailable; outcomes use occurrence day and exact stored IDs.
AD,120251082432760660,120251080550210660,2026-09-14,0.32,4,0,80.0,0.0,,0,0,,0,0,Sessions beforeSep12 unavailable; Sep12 partial; property/retained starts unavailable; outcomes use occurrence day and exact stored IDs.
AD,120251082432760660,120251080550210660,2026-09-15,0.14,3,0,46.67,0.0,,0,0,,0,0,Sessions beforeSep12 unavailable; Sep12 partial; property/retained starts unavailable; outcomes use occurrence day and exact stored IDs.
AD,120251082432760660,120251080550210660,2026-09-16,0.16,1,0,160.0,0.0,,0,0,,0,0,Sessions beforeSep12 unavailable; Sep12 partial; property/retained starts unavailable; outcomes use occurrence day and exact stored IDs.
AD,120251082432760660,120251080550210660,2026-09-17,0.0,1,0,0.0,0.0,,0,0,,0,0,Sessions beforeSep12 unavailable; Sep12 partial; property/retained starts unavailable; outcomes use occurrence day and exact stored IDs.
AD,120251082433750660,120251080550210660,2026-09-18,0.04,1,0,40.0,0.0,,0,0,,0,0,Sessions beforeSep12 unavailable; Sep12 partial; property/retained starts unavailable; outcomes use occurrence day and exact stored IDs.
AD,120251082434110660,120251080550210660,2026-09-13,0.15,1,0,150.0,0.0,,0,0,,0,0,Sessions beforeSep12 unavailable; Sep12 partial; property/retained starts unavailable; outcomes use occurrence day and exact stored IDs.
AD,120251082434110660,120251080550210660,2026-09-14,0.12,2,0,60.0,0.0,,0,0,,0,0,Sessions beforeSep12 unavailable; Sep12 partial; property/retained starts unavailable; outcomes use occurrence day and exact stored IDs.
AD,120251082434500660,120251080550210660,2026-09-13,0.66,12,0,55.0,0.0,,0,0,,0,0,Sessions beforeSep12 unavailable; Sep12 partial; property/retained starts unavailable; outcomes use occurrence day and exact stored IDs.
AD,120251082434500660,120251080550210660,2026-09-14,0.0,1,0,0.0,0.0,,0,0,,0,0,Sessions beforeSep12 unavailable; Sep12 partial; property/retained starts unavailable; outcomes use occurrence day and exact stored IDs.
AD,120251082434500660,120251080550210660,2026-09-15,0.01,1,0,10.0,0.0,,0,0,,0,0,Sessions beforeSep12 unavailable; Sep12 partial; property/retained starts unavailable; outcomes use occurrence day and exact stored IDs.
AD,120251082434500660,120251080550210660,2026-09-16,0.03,1,0,30.0,0.0,,0,0,,0,0,Sessions beforeSep12 unavailable; Sep12 partial; property/retained starts unavailable; outcomes use occurrence day and exact stored IDs.
AD,120251082435230660,120251080550210660,2026-09-13,0.29,10,0,29.0,0.0,,0,0,,0,0,Sessions beforeSep12 unavailable; Sep12 partial; property/retained starts unavailable; outcomes use occurrence day and exact stored IDs.
AD,120251082435230660,120251080550210660,2026-09-14,0.4,4,0,100.0,0.0,,0,0,,0,0,Sessions beforeSep12 unavailable; Sep12 partial; property/retained starts unavailable; outcomes use occurrence day and exact stored IDs.
AD,120251082435230660,120251080550210660,2026-09-17,0.54,4,0,135.0,0.0,,0,0,,0,0,Sessions beforeSep12 unavailable; Sep12 partial; property/retained starts unavailable; outcomes use occurrence day and exact stored IDs.
AD,120251082435740660,120251080550210660,2026-09-13,0.13,6,0,21.67,0.0,,0,0,,0,0,Sessions beforeSep12 unavailable; Sep12 partial; property/retained starts unavailable; outcomes use occurrence day and exact stored IDs.
AD,120251082435740660,120251080550210660,2026-09-14,0.62,17,0,36.47,0.0,,0,0,,0,0,Sessions beforeSep12 unavailable; Sep12 partial; property/retained starts unavailable; outcomes use occurrence day and exact stored IDs.
AD,120251082435740660,120251080550210660,2026-09-15,0.52,13,0,40.0,0.0,,0,0,,0,0,Sessions beforeSep12 unavailable; Sep12 partial; property/retained starts unavailable; outcomes use occurrence day and exact stored IDs.
AD,120251082435740660,120251080550210660,2026-09-16,2.23,65,0,34.31,0.0,,0,0,,0,0,Sessions beforeSep12 unavailable; Sep12 partial; property/retained starts unavailable; outcomes use occurrence day and exact stored IDs.
AD,120251082435740660,120251080550210660,2026-09-17,3.17,66,1,48.03,1.515,3.17,0,0,,0,0,Sessions beforeSep12 unavailable; Sep12 partial; property/retained starts unavailable; outcomes use occurrence day and exact stored IDs.
AD,120251082435740660,120251080550210660,2026-09-18,2.83,81,0,34.94,0.0,,0,0,,0,0,Sessions beforeSep12 unavailable; Sep12 partial; property/retained starts unavailable; outcomes use occurrence day and exact stored IDs.
AD,120251082436230660,120251080550210660,2026-09-13,0.21,3,0,70.0,0.0,,0,0,,0,0,Sessions beforeSep12 unavailable; Sep12 partial; property/retained starts unavailable; outcomes use occurrence day and exact stored IDs.
AD,120251082436230660,120251080550210660,2026-09-14,0.02,1,0,20.0,0.0,,0,0,,0,0,Sessions beforeSep12 unavailable; Sep12 partial; property/retained starts unavailable; outcomes use occurrence day and exact stored IDs.
AD,120251089581830660,120251080550210660,2026-09-13,5.61,143,2,39.23,1.399,2.81,0,0,,1,0,Sessions beforeSep12 unavailable; Sep12 partial; property/retained starts unavailable; outcomes use occurrence day and exact stored IDs.
AD,120251089581830660,120251080550210660,2026-09-14,20.43,476,2,42.92,0.42,10.21,0,0,,3,0,Sessions beforeSep12 unavailable; Sep12 partial; property/retained starts unavailable; outcomes use occurrence day and exact stored IDs.
AD,120251089581830660,120251080550210660,2026-09-15,6.07,159,2,38.18,1.258,3.04,1,1,6.07,2,1,Sessions beforeSep12 unavailable; Sep12 partial; property/retained starts unavailable; outcomes use occurrence day and exact stored IDs.
AD,120251089581830660,120251080550210660,2026-09-16,5.65,72,0,78.47,0.0,,0,0,,0,0,Sessions beforeSep12 unavailable; Sep12 partial; property/retained starts unavailable; outcomes use occurrence day and exact stored IDs.
AD,120251089581830660,120251080550210660,2026-09-17,9.34,174,0,53.68,0.0,,0,0,,0,0,Sessions beforeSep12 unavailable; Sep12 partial; property/retained starts unavailable; outcomes use occurrence day and exact stored IDs.
AD,120251089581830660,120251080550210660,2026-09-18,20.8,329,3,63.22,0.912,6.93,1,1,20.8,3,1,Sessions beforeSep12 unavailable; Sep12 partial; property/retained starts unavailable; outcomes use occurrence day and exact stored IDs.
AD,120251182913330660,120251080550210660,2026-09-18,10.66,306,4,34.84,1.307,2.67,0,0,,3,0,Sessions beforeSep12 unavailable; Sep12 partial; property/retained starts unavailable; outcomes use occurrence day and exact stored IDs.
AD,120251081860040660,120251080550480660,2026-09-13,0.23,2,0,115.0,0.0,,0,0,,0,0,Sessions beforeSep12 unavailable; Sep12 partial; property/retained starts unavailable; outcomes use occurrence day and exact stored IDs.
AD,120251081860040660,120251080550480660,2026-09-14,0.66,4,0,165.0,0.0,,0,0,,0,0,Sessions beforeSep12 unavailable; Sep12 partial; property/retained starts unavailable; outcomes use occurrence day and exact stored IDs.
AD,120251081860040660,120251080550480660,2026-09-15,0.08,2,0,40.0,0.0,,0,0,,0,0,Sessions beforeSep12 unavailable; Sep12 partial; property/retained starts unavailable; outcomes use occurrence day and exact stored IDs.
AD,120251081860270660,120251080550480660,2026-09-13,0.58,6,0,96.67,0.0,,0,0,,0,0,Sessions beforeSep12 unavailable; Sep12 partial; property/retained starts unavailable; outcomes use occurrence day and exact stored IDs.
AD,120251081860270660,120251080550480660,2026-09-14,0.44,3,0,146.67,0.0,,0,0,,0,0,Sessions beforeSep12 unavailable; Sep12 partial; property/retained starts unavailable; outcomes use occurrence day and exact stored IDs.
AD,120251081860270660,120251080550480660,2026-09-18,1.52,4,0,380.0,0.0,,0,0,,0,0,Sessions beforeSep12 unavailable; Sep12 partial; property/retained starts unavailable; outcomes use occurrence day and exact stored IDs.
AD,120251081897730660,120251080550480660,2026-09-13,3.56,27,0,131.85,0.0,,0,0,,0,0,Sessions beforeSep12 unavailable; Sep12 partial; property/retained starts unavailable; outcomes use occurrence day and exact stored IDs.
AD,120251081897730660,120251080550480660,2026-09-14,1.78,4,0,445.0,0.0,,0,0,,0,0,Sessions beforeSep12 unavailable; Sep12 partial; property/retained starts unavailable; outcomes use occurrence day and exact stored IDs.
AD,120251081897730660,120251080550480660,2026-09-15,0.03,1,0,30.0,0.0,,0,0,,0,0,Sessions beforeSep12 unavailable; Sep12 partial; property/retained starts unavailable; outcomes use occurrence day and exact stored IDs.
AD,120251081897730660,120251080550480660,2026-09-16,0.06,1,0,60.0,0.0,,0,0,,0,0,Sessions beforeSep12 unavailable; Sep12 partial; property/retained starts unavailable; outcomes use occurrence day and exact stored IDs.
AD,120251081897730660,120251080550480660,2026-09-18,0.17,1,0,170.0,0.0,,0,0,,0,0,Sessions beforeSep12 unavailable; Sep12 partial; property/retained starts unavailable; outcomes use occurrence day and exact stored IDs.
AD,120251081898270660,120251080550480660,2026-09-13,85.24,913,2,93.36,0.219,42.62,0,0,,2,0,Sessions beforeSep12 unavailable; Sep12 partial; property/retained starts unavailable; outcomes use occurrence day and exact stored IDs.
AD,120251081898270660,120251080550480660,2026-09-14,13.75,76,1,180.92,1.316,13.75,0,0,,1,0,Sessions beforeSep12 unavailable; Sep12 partial; property/retained starts unavailable; outcomes use occurrence day and exact stored IDs.
AD,120251081898270660,120251080550480660,2026-09-15,0.58,4,0,145.0,0.0,,0,0,,0,0,Sessions beforeSep12 unavailable; Sep12 partial; property/retained starts unavailable; outcomes use occurrence day and exact stored IDs.
AD,120251081898270660,120251080550480660,2026-09-18,3.27,15,0,218.0,0.0,,0,0,,0,0,Sessions beforeSep12 unavailable; Sep12 partial; property/retained starts unavailable; outcomes use occurrence day and exact stored IDs.
AD,120251081900260660,120251080550480660,2026-09-13,18.38,425,1,43.25,0.235,18.38,0,0,,1,0,Sessions beforeSep12 unavailable; Sep12 partial; property/retained starts unavailable; outcomes use occurrence day and exact stored IDs.
AD,120251081900260660,120251080550480660,2026-09-14,7.06,113,0,62.48,0.0,,0,0,,0,0,Sessions beforeSep12 unavailable; Sep12 partial; property/retained starts unavailable; outcomes use occurrence day and exact stored IDs.
AD,120251081900260660,120251080550480660,2026-09-15,1.8,34,0,52.94,0.0,,0,0,,0,0,Sessions beforeSep12 unavailable; Sep12 partial; property/retained starts unavailable; outcomes use occurrence day and exact stored IDs.
AD,120251081900260660,120251080550480660,2026-09-16,2.52,40,2,63.0,5.0,1.26,0,0,,2,1,Sessions beforeSep12 unavailable; Sep12 partial; property/retained starts unavailable; outcomes use occurrence day and exact stored IDs.
AD,120251081900260660,120251080550480660,2026-09-17,13.59,272,5,49.96,1.838,2.72,0,0,,4,0,Sessions beforeSep12 unavailable; Sep12 partial; property/retained starts unavailable; outcomes use occurrence day and exact stored IDs.
AD,120251081900260660,120251080550480660,2026-09-18,27.1,627,3,43.22,0.478,9.03,0,0,,4,2,Sessions beforeSep12 unavailable; Sep12 partial; property/retained starts unavailable; outcomes use occurrence day and exact stored IDs.
AD,120251082463040660,120251080550480660,2026-09-13,7.45,142,0,52.46,0.0,,0,0,,0,0,Sessions beforeSep12 unavailable; Sep12 partial; property/retained starts unavailable; outcomes use occurrence day and exact stored IDs.
AD,120251082463040660,120251080550480660,2026-09-14,1.55,37,0,41.89,0.0,,0,0,,0,0,Sessions beforeSep12 unavailable; Sep12 partial; property/retained starts unavailable; outcomes use occurrence day and exact stored IDs.
AD,120251082463040660,120251080550480660,2026-09-15,0.75,7,0,107.14,0.0,,0,0,,0,0,Sessions beforeSep12 unavailable; Sep12 partial; property/retained starts unavailable; outcomes use occurrence day and exact stored IDs.
AD,120251082463040660,120251080550480660,2026-09-16,0.13,1,0,130.0,0.0,,0,0,,0,0,Sessions beforeSep12 unavailable; Sep12 partial; property/retained starts unavailable; outcomes use occurrence day and exact stored IDs.
AD,120251082463040660,120251080550480660,2026-09-18,0.07,2,0,35.0,0.0,,0,0,,0,0,Sessions beforeSep12 unavailable; Sep12 partial; property/retained starts unavailable; outcomes use occurrence day and exact stored IDs.
AD,120251082463490660,120251080550480660,2026-09-13,3.23,71,0,45.49,0.0,,0,0,,0,0,Sessions beforeSep12 unavailable; Sep12 partial; property/retained starts unavailable; outcomes use occurrence day and exact stored IDs.
AD,120251082463490660,120251080550480660,2026-09-14,5.34,62,0,86.13,0.0,,0,0,,0,0,Sessions beforeSep12 unavailable; Sep12 partial; property/retained starts unavailable; outcomes use occurrence day and exact stored IDs.
AD,120251082463490660,120251080550480660,2026-09-15,0.42,9,0,46.67,0.0,,0,0,,0,0,Sessions beforeSep12 unavailable; Sep12 partial; property/retained starts unavailable; outcomes use occurrence day and exact stored IDs.
AD,120251082463490660,120251080550480660,2026-09-18,0.06,2,0,30.0,0.0,,0,0,,0,0,Sessions beforeSep12 unavailable; Sep12 partial; property/retained starts unavailable; outcomes use occurrence day and exact stored IDs.
AD,120251082463750660,120251080550480660,2026-09-13,1.17,22,0,53.18,0.0,,0,0,,0,0,Sessions beforeSep12 unavailable; Sep12 partial; property/retained starts unavailable; outcomes use occurrence day and exact stored IDs.
AD,120251082463750660,120251080550480660,2026-09-14,2.29,64,1,35.78,1.562,2.29,0,0,,1,0,Sessions beforeSep12 unavailable; Sep12 partial; property/retained starts unavailable; outcomes use occurrence day and exact stored IDs.
AD,120251082463750660,120251080550480660,2026-09-15,3.65,101,1,36.14,0.99,3.65,1,1,3.65,3,1,Sessions beforeSep12 unavailable; Sep12 partial; property/retained starts unavailable; outcomes use occurrence day and exact stored IDs.
AD,120251082463750660,120251080550480660,2026-09-16,0.6,5,0,120.0,0.0,,0,0,,0,0,Sessions beforeSep12 unavailable; Sep12 partial; property/retained starts unavailable; outcomes use occurrence day and exact stored IDs.
AD,120251082463750660,120251080550480660,2026-09-17,0.06,1,0,60.0,0.0,,0,0,,1,0,Sessions beforeSep12 unavailable; Sep12 partial; property/retained starts unavailable; outcomes use occurrence day and exact stored IDs.
AD,120251082463750660,120251080550480660,2026-09-18,1.35,12,0,112.5,0.0,,0,0,,0,0,Sessions beforeSep12 unavailable; Sep12 partial; property/retained starts unavailable; outcomes use occurrence day and exact stored IDs.
AD,120251082464030660,120251080550480660,2026-09-13,0.34,10,0,34.0,0.0,,0,0,,0,0,Sessions beforeSep12 unavailable; Sep12 partial; property/retained starts unavailable; outcomes use occurrence day and exact stored IDs.
AD,120251082464030660,120251080550480660,2026-09-14,0.29,9,0,32.22,0.0,,0,0,,0,0,Sessions beforeSep12 unavailable; Sep12 partial; property/retained starts unavailable; outcomes use occurrence day and exact stored IDs.
AD,120251082464030660,120251080550480660,2026-09-15,0.12,6,0,20.0,0.0,,0,0,,0,0,Sessions beforeSep12 unavailable; Sep12 partial; property/retained starts unavailable; outcomes use occurrence day and exact stored IDs.
AD,120251082464030660,120251080550480660,2026-09-16,0.97,5,0,194.0,0.0,,0,0,,0,0,Sessions beforeSep12 unavailable; Sep12 partial; property/retained starts unavailable; outcomes use occurrence day and exact stored IDs.
AD,120251082464030660,120251080550480660,2026-09-17,0.2,5,0,40.0,0.0,,0,0,,0,0,Sessions beforeSep12 unavailable; Sep12 partial; property/retained starts unavailable; outcomes use occurrence day and exact stored IDs.
AD,120251082464030660,120251080550480660,2026-09-18,0.03,1,0,30.0,0.0,,0,0,,0,0,Sessions beforeSep12 unavailable; Sep12 partial; property/retained starts unavailable; outcomes use occurrence day and exact stored IDs.
AD,120251082464390660,120251080550480660,2026-09-13,2.63,66,0,39.85,0.0,,0,0,,0,0,Sessions beforeSep12 unavailable; Sep12 partial; property/retained starts unavailable; outcomes use occurrence day and exact stored IDs.
AD,120251082464390660,120251080550480660,2026-09-14,16.41,318,3,51.6,0.943,5.47,0,0,,2,0,Sessions beforeSep12 unavailable; Sep12 partial; property/retained starts unavailable; outcomes use occurrence day and exact stored IDs.
AD,120251082464390660,120251080550480660,2026-09-15,11.11,146,0,76.1,0.0,,0,0,,0,0,Sessions beforeSep12 unavailable; Sep12 partial; property/retained starts unavailable; outcomes use occurrence day and exact stored IDs.
AD,120251082464390660,120251080550480660,2026-09-16,2.87,38,0,75.53,0.0,,0,0,,0,0,Sessions beforeSep12 unavailable; Sep12 partial; property/retained starts unavailable; outcomes use occurrence day and exact stored IDs.
AD,120251082464390660,120251080550480660,2026-09-17,8.88,100,0,88.8,0.0,,0,0,,0,0,Sessions beforeSep12 unavailable; Sep12 partial; property/retained starts unavailable; outcomes use occurrence day and exact stored IDs.
AD,120251082464390660,120251080550480660,2026-09-18,24.59,344,3,71.48,0.872,8.2,0,0,,3,0,Sessions beforeSep12 unavailable; Sep12 partial; property/retained starts unavailable; outcomes use occurrence day and exact stored IDs.
AD,120251082465250660,120251080550480660,2026-09-13,2.55,32,0,79.69,0.0,,0,0,,0,0,Sessions beforeSep12 unavailable; Sep12 partial; property/retained starts unavailable; outcomes use occurrence day and exact stored IDs.
AD,120251082465250660,120251080550480660,2026-09-14,7.36,118,0,62.37,0.0,,0,0,,0,0,Sessions beforeSep12 unavailable; Sep12 partial; property/retained starts unavailable; outcomes use occurrence day and exact stored IDs.
AD,120251082465250660,120251080550480660,2026-09-15,4.44,57,0,77.89,0.0,,0,0,,0,0,Sessions beforeSep12 unavailable; Sep12 partial; property/retained starts unavailable; outcomes use occurrence day and exact stored IDs.
AD,120251082465250660,120251080550480660,2026-09-16,1.76,14,0,125.71,0.0,,0,0,,0,0,Sessions beforeSep12 unavailable; Sep12 partial; property/retained starts unavailable; outcomes use occurrence day and exact stored IDs.
AD,120251082465250660,120251080550480660,2026-09-17,0.06,2,0,30.0,0.0,,0,0,,0,0,Sessions beforeSep12 unavailable; Sep12 partial; property/retained starts unavailable; outcomes use occurrence day and exact stored IDs.
AD,120251082466200660,120251080550480660,2026-09-13,0.85,20,0,42.5,0.0,,0,0,,0,0,Sessions beforeSep12 unavailable; Sep12 partial; property/retained starts unavailable; outcomes use occurrence day and exact stored IDs.
AD,120251082466200660,120251080550480660,2026-09-14,2.17,4,0,542.5,0.0,,0,0,,0,0,Sessions beforeSep12 unavailable; Sep12 partial; property/retained starts unavailable; outcomes use occurrence day and exact stored IDs.
AD,120251082466200660,120251080550480660,2026-09-15,0.67,3,0,223.33,0.0,,0,0,,0,0,Sessions beforeSep12 unavailable; Sep12 partial; property/retained starts unavailable; outcomes use occurrence day and exact stored IDs.
AD,120251082466200660,120251080550480660,2026-09-17,0.05,1,0,50.0,0.0,,0,0,,0,0,Sessions beforeSep12 unavailable; Sep12 partial; property/retained starts unavailable; outcomes use occurrence day and exact stored IDs.
AD,120251082466850660,120251080550480660,2026-09-13,0.4,11,0,36.36,0.0,,0,0,,0,0,Sessions beforeSep12 unavailable; Sep12 partial; property/retained starts unavailable; outcomes use occurrence day and exact stored IDs.
AD,120251082466850660,120251080550480660,2026-09-14,0.65,19,0,34.21,0.0,,0,0,,0,0,Sessions beforeSep12 unavailable; Sep12 partial; property/retained starts unavailable; outcomes use occurrence day and exact stored IDs.
AD,120251082467170660,120251080550480660,2026-09-13,0.15,4,0,37.5,0.0,,0,0,,0,0,Sessions beforeSep12 unavailable; Sep12 partial; property/retained starts unavailable; outcomes use occurrence day and exact stored IDs.
AD,120251082467170660,120251080550480660,2026-09-14,0.02,2,0,10.0,0.0,,0,0,,0,0,Sessions beforeSep12 unavailable; Sep12 partial; property/retained starts unavailable; outcomes use occurrence day and exact stored IDs.
AD,120251082467170660,120251080550480660,2026-09-18,0.26,6,0,43.33,0.0,,0,0,,0,0,Sessions beforeSep12 unavailable; Sep12 partial; property/retained starts unavailable; outcomes use occurrence day and exact stored IDs.
AD,120251082467470660,120251080550480660,2026-09-14,0.14,2,0,70.0,0.0,,0,0,,0,0,Sessions beforeSep12 unavailable; Sep12 partial; property/retained starts unavailable; outcomes use occurrence day and exact stored IDs.
AD,120251082468390660,120251080550480660,2026-09-13,0.35,10,0,35.0,0.0,,0,0,,0,0,Sessions beforeSep12 unavailable; Sep12 partial; property/retained starts unavailable; outcomes use occurrence day and exact stored IDs.
AD,120251082468390660,120251080550480660,2026-09-14,1.34,9,0,148.89,0.0,,0,0,,0,0,Sessions beforeSep12 unavailable; Sep12 partial; property/retained starts unavailable; outcomes use occurrence day and exact stored IDs.
AD,120251082469570660,120251080550480660,2026-09-13,1.01,26,0,38.85,0.0,,0,0,,0,0,Sessions beforeSep12 unavailable; Sep12 partial; property/retained starts unavailable; outcomes use occurrence day and exact stored IDs.
AD,120251082469570660,120251080550480660,2026-09-14,2.25,14,0,160.71,0.0,,0,0,,0,0,Sessions beforeSep12 unavailable; Sep12 partial; property/retained starts unavailable; outcomes use occurrence day and exact stored IDs.
AD,120251082470790660,120251080550480660,2026-09-13,0.44,6,0,73.33,0.0,,0,0,,0,0,Sessions beforeSep12 unavailable; Sep12 partial; property/retained starts unavailable; outcomes use occurrence day and exact stored IDs.
AD,120251082470790660,120251080550480660,2026-09-14,0.0,1,0,0.0,0.0,,0,0,,0,0,Sessions beforeSep12 unavailable; Sep12 partial; property/retained starts unavailable; outcomes use occurrence day and exact stored IDs.
AD,120251082471120660,120251080550480660,2026-09-13,0.54,7,0,77.14,0.0,,0,0,,0,0,Sessions beforeSep12 unavailable; Sep12 partial; property/retained starts unavailable; outcomes use occurrence day and exact stored IDs.
AD,120251082471120660,120251080550480660,2026-09-14,0.01,1,0,10.0,0.0,,0,0,,0,0,Sessions beforeSep12 unavailable; Sep12 partial; property/retained starts unavailable; outcomes use occurrence day and exact stored IDs.
AD,120251082471940660,120251080550480660,2026-09-14,0.04,1,0,40.0,0.0,,0,0,,0,0,Sessions beforeSep12 unavailable; Sep12 partial; property/retained starts unavailable; outcomes use occurrence day and exact stored IDs.
AD,120251082473280660,120251080550480660,2026-09-13,0.11,1,0,110.0,0.0,,0,0,,0,0,Sessions beforeSep12 unavailable; Sep12 partial; property/retained starts unavailable; outcomes use occurrence day and exact stored IDs.
AD,120251082475040660,120251080550480660,2026-09-18,0.05,2,0,25.0,0.0,,0,0,,0,0,Sessions beforeSep12 unavailable; Sep12 partial; property/retained starts unavailable; outcomes use occurrence day and exact stored IDs.
AD,120251082476800660,120251080550480660,2026-09-13,2.69,42,1,64.05,2.381,2.69,0,0,,2,1,Sessions beforeSep12 unavailable; Sep12 partial; property/retained starts unavailable; outcomes use occurrence day and exact stored IDs.
AD,120251082476800660,120251080550480660,2026-09-14,1.83,40,0,45.75,0.0,,0,0,,0,0,Sessions beforeSep12 unavailable; Sep12 partial; property/retained starts unavailable; outcomes use occurrence day and exact stored IDs.
AD,120251082476800660,120251080550480660,2026-09-15,1.01,25,0,40.4,0.0,,0,0,,0,0,Sessions beforeSep12 unavailable; Sep12 partial; property/retained starts unavailable; outcomes use occurrence day and exact stored IDs.
AD,120251082476800660,120251080550480660,2026-09-16,1.46,20,1,73.0,5.0,1.46,0,0,,1,0,Sessions beforeSep12 unavailable; Sep12 partial; property/retained starts unavailable; outcomes use occurrence day and exact stored IDs.
AD,120251082476800660,120251080550480660,2026-09-17,4.34,62,1,70.0,1.613,4.34,0,0,,1,0,Sessions beforeSep12 unavailable; Sep12 partial; property/retained starts unavailable; outcomes use occurrence day and exact stored IDs.
AD,120251082476800660,120251080550480660,2026-09-18,18.72,361,0,51.86,0.0,,0,0,,0,0,Sessions beforeSep12 unavailable; Sep12 partial; property/retained starts unavailable; outcomes use occurrence day and exact stored IDs.
AD,120251082479340660,120251080550480660,2026-09-14,0.11,5,0,22.0,0.0,,0,0,,0,0,Sessions beforeSep12 unavailable; Sep12 partial; property/retained starts unavailable; outcomes use occurrence day and exact stored IDs.
AD,120251082479340660,120251080550480660,2026-09-18,0.43,3,0,143.33,0.0,,0,0,,0,0,Sessions beforeSep12 unavailable; Sep12 partial; property/retained starts unavailable; outcomes use occurrence day and exact stored IDs.
AD,120251082482070660,120251080550480660,2026-09-13,0.41,7,0,58.57,0.0,,0,0,,0,0,Sessions beforeSep12 unavailable; Sep12 partial; property/retained starts unavailable; outcomes use occurrence day and exact stored IDs.
AD,120251082482070660,120251080550480660,2026-09-14,0.45,11,0,40.91,0.0,,0,0,,0,0,Sessions beforeSep12 unavailable; Sep12 partial; property/retained starts unavailable; outcomes use occurrence day and exact stored IDs.
AD,120251082482070660,120251080550480660,2026-09-17,0.02,1,0,20.0,0.0,,0,0,,0,0,Sessions beforeSep12 unavailable; Sep12 partial; property/retained starts unavailable; outcomes use occurrence day and exact stored IDs.
AD,120251082483830660,120251080550480660,2026-09-13,0.17,3,0,56.67,0.0,,0,0,,0,0,Sessions beforeSep12 unavailable; Sep12 partial; property/retained starts unavailable; outcomes use occurrence day and exact stored IDs.
AD,120251082483830660,120251080550480660,2026-09-14,0.27,5,0,54.0,0.0,,0,0,,0,0,Sessions beforeSep12 unavailable; Sep12 partial; property/retained starts unavailable; outcomes use occurrence day and exact stored IDs.
AD,120251082483830660,120251080550480660,2026-09-18,0.06,1,0,60.0,0.0,,0,0,,0,0,Sessions beforeSep12 unavailable; Sep12 partial; property/retained starts unavailable; outcomes use occurrence day and exact stored IDs.
AD,120251082485280660,120251080550480660,2026-09-13,0.5,10,0,50.0,0.0,,0,0,,0,0,Sessions beforeSep12 unavailable; Sep12 partial; property/retained starts unavailable; outcomes use occurrence day and exact stored IDs.
AD,120251082485280660,120251080550480660,2026-09-14,1.23,22,0,55.91,0.0,,0,0,,0,0,Sessions beforeSep12 unavailable; Sep12 partial; property/retained starts unavailable; outcomes use occurrence day and exact stored IDs.
AD,120251082485280660,120251080550480660,2026-09-15,0.12,3,0,40.0,0.0,,0,0,,0,0,Sessions beforeSep12 unavailable; Sep12 partial; property/retained starts unavailable; outcomes use occurrence day and exact stored IDs.
AD,120251082485280660,120251080550480660,2026-09-17,0.46,5,0,92.0,0.0,,0,0,,0,0,Sessions beforeSep12 unavailable; Sep12 partial; property/retained starts unavailable; outcomes use occurrence day and exact stored IDs.
AD,120251082485800660,120251080550480660,2026-09-13,1.76,31,0,56.77,0.0,,0,0,,0,0,Sessions beforeSep12 unavailable; Sep12 partial; property/retained starts unavailable; outcomes use occurrence day and exact stored IDs.
AD,120251082485800660,120251080550480660,2026-09-14,0.84,8,0,105.0,0.0,,0,0,,0,0,Sessions beforeSep12 unavailable; Sep12 partial; property/retained starts unavailable; outcomes use occurrence day and exact stored IDs.
AD,120251082485800660,120251080550480660,2026-09-15,0.12,3,0,40.0,0.0,,0,0,,0,0,Sessions beforeSep12 unavailable; Sep12 partial; property/retained starts unavailable; outcomes use occurrence day and exact stored IDs.
AD,120251090343150660,120251080550480660,2026-09-13,0.16,9,0,17.78,0.0,,0,0,,0,0,Sessions beforeSep12 unavailable; Sep12 partial; property/retained starts unavailable; outcomes use occurrence day and exact stored IDs.
AD,120251090343150660,120251080550480660,2026-09-14,72.84,776,5,93.87,0.644,14.57,0,0,,5,0,Sessions beforeSep12 unavailable; Sep12 partial; property/retained starts unavailable; outcomes use occurrence day and exact stored IDs.
AD,120251090343150660,120251080550480660,2026-09-15,113.25,1810,14,62.57,0.773,8.09,2,2,56.62,16,2,Sessions beforeSep12 unavailable; Sep12 partial; property/retained starts unavailable; outcomes use occurrence day and exact stored IDs.
AD,120251090343150660,120251080550480660,2026-09-16,107.6,1982,19,54.29,0.959,5.66,1,1,107.6,19,2,Sessions beforeSep12 unavailable; Sep12 partial; property/retained starts unavailable; outcomes use occurrence day and exact stored IDs.
AD,120251090343150660,120251080550480660,2026-09-17,52.9,856,4,61.8,0.467,13.22,0,0,,4,0,Sessions beforeSep12 unavailable; Sep12 partial; property/retained starts unavailable; outcomes use occurrence day and exact stored IDs.
AD,120251090343150660,120251080550480660,2026-09-18,24.56,402,2,61.09,0.498,12.28,0,0,,2,0,Sessions beforeSep12 unavailable; Sep12 partial; property/retained starts unavailable; outcomes use occurrence day and exact stored IDs.
AD,120251104417630660,120251080550480660,2026-09-14,0.03,1,0,30.0,0.0,,0,0,,0,0,Sessions beforeSep12 unavailable; Sep12 partial; property/retained starts unavailable; outcomes use occurrence day and exact stored IDs.
AD,120251104417630660,120251080550480660,2026-09-15,0.26,8,0,32.5,0.0,,0,0,,0,0,Sessions beforeSep12 unavailable; Sep12 partial; property/retained starts unavailable; outcomes use occurrence day and exact stored IDs.
AD,120251104417630660,120251080550480660,2026-09-16,0.02,2,0,10.0,0.0,,0,0,,0,0,Sessions beforeSep12 unavailable; Sep12 partial; property/retained starts unavailable; outcomes use occurrence day and exact stored IDs.
AD,120251104418140660,120251080550480660,2026-09-14,0.01,1,0,10.0,0.0,,0,0,,0,0,Sessions beforeSep12 unavailable; Sep12 partial; property/retained starts unavailable; outcomes use occurrence day and exact stored IDs.
AD,120251104418140660,120251080550480660,2026-09-15,0.23,5,0,46.0,0.0,,0,0,,0,0,Sessions beforeSep12 unavailable; Sep12 partial; property/retained starts unavailable; outcomes use occurrence day and exact stored IDs.
AD,120251104418140660,120251080550480660,2026-09-16,0.01,2,0,5.0,0.0,,0,0,,0,0,Sessions beforeSep12 unavailable; Sep12 partial; property/retained starts unavailable; outcomes use occurrence day and exact stored IDs.
AD,120251104418140660,120251080550480660,2026-09-17,0.08,1,0,80.0,0.0,,0,0,,0,0,Sessions beforeSep12 unavailable; Sep12 partial; property/retained starts unavailable; outcomes use occurrence day and exact stored IDs.
AD,120251104448320660,120251080550480660,2026-09-14,0.1,4,0,25.0,0.0,,0,0,,0,0,Sessions beforeSep12 unavailable; Sep12 partial; property/retained starts unavailable; outcomes use occurrence day and exact stored IDs.
AD,120251104448320660,120251080550480660,2026-09-15,0.24,7,0,34.29,0.0,,0,0,,0,0,Sessions beforeSep12 unavailable; Sep12 partial; property/retained starts unavailable; outcomes use occurrence day and exact stored IDs.
AD,120251150764910660,120251080550480660,2026-09-17,2.86,17,0,168.24,0.0,,0,0,,0,0,Sessions beforeSep12 unavailable; Sep12 partial; property/retained starts unavailable; outcomes use occurrence day and exact stored IDs.
AD,120251150764910660,120251080550480660,2026-09-18,8.96,44,0,203.64,0.0,,0,0,,0,0,Sessions beforeSep12 unavailable; Sep12 partial; property/retained starts unavailable; outcomes use occurrence day and exact stored IDs.
AD,120251170080900660,120251080550480660,2026-09-18,0.01,1,0,10.0,0.0,,0,0,,0,0,Sessions beforeSep12 unavailable; Sep12 partial; property/retained starts unavailable; outcomes use occurrence day and exact stored IDs.
AD,120251170120090660,120251080550480660,2026-09-18,0.04,1,0,40.0,0.0,,0,0,,0,0,Sessions beforeSep12 unavailable; Sep12 partial; property/retained starts unavailable; outcomes use occurrence day and exact stored IDs.
AD,120251182144640660,120251080550480660,2026-09-18,0.06,5,0,12.0,0.0,,0,0,,0,0,Sessions beforeSep12 unavailable; Sep12 partial; property/retained starts unavailable; outcomes use occurrence day and exact stored IDs.
AD,120251182150280660,120251080550480660,2026-09-18,1.92,56,1,34.29,1.786,1.92,0,0,,1,0,Sessions beforeSep12 unavailable; Sep12 partial; property/retained starts unavailable; outcomes use occurrence day and exact stored IDs.
AD,120251182157210660,120251080550480660,2026-09-18,0.41,5,0,82.0,0.0,,0,0,,0,0,Sessions beforeSep12 unavailable; Sep12 partial; property/retained starts unavailable; outcomes use occurrence day and exact stored IDs.
AD,120251182161350660,120251080550480660,2026-09-18,0.18,6,0,30.0,0.0,,0,0,,0,0,Sessions beforeSep12 unavailable; Sep12 partial; property/retained starts unavailable; outcomes use occurrence day and exact stored IDs.
AD,120251182165060660,120251080550480660,2026-09-18,2.05,19,0,107.89,0.0,,0,0,,0,0,Sessions beforeSep12 unavailable; Sep12 partial; property/retained starts unavailable; outcomes use occurrence day and exact stored IDs.
AD,120251182342990660,120251080550480660,2026-09-18,0.02,1,0,20.0,0.0,,0,0,,0,0,Sessions beforeSep12 unavailable; Sep12 partial; property/retained starts unavailable; outcomes use occurrence day and exact stored IDs.
AD,120251182344900660,120251080550480660,2026-09-18,0.29,10,0,29.0,0.0,,0,0,,0,0,Sessions beforeSep12 unavailable; Sep12 partial; property/retained starts unavailable; outcomes use occurrence day and exact stored IDs.
AD,120251081895520660,120251080550890660,2026-09-13,8.03,59,0,136.1,0.0,,0,0,,0,0,Sessions beforeSep12 unavailable; Sep12 partial; property/retained starts unavailable; outcomes use occurrence day and exact stored IDs.
AD,120251081895520660,120251080550890660,2026-09-14,0.73,5,0,146.0,0.0,,0,0,,0,0,Sessions beforeSep12 unavailable; Sep12 partial; property/retained starts unavailable; outcomes use occurrence day and exact stored IDs.
AD,120251081895520660,120251080550890660,2026-09-16,0.43,1,0,430.0,0.0,,0,0,,0,0,Sessions beforeSep12 unavailable; Sep12 partial; property/retained starts unavailable; outcomes use occurrence day and exact stored IDs.
AD,120251081895700660,120251080550890660,2026-09-13,1.81,27,0,67.04,0.0,,0,0,,0,0,Sessions beforeSep12 unavailable; Sep12 partial; property/retained starts unavailable; outcomes use occurrence day and exact stored IDs.
AD,120251081895700660,120251080550890660,2026-09-14,0.01,1,0,10.0,0.0,,0,0,,0,0,Sessions beforeSep12 unavailable; Sep12 partial; property/retained starts unavailable; outcomes use occurrence day and exact stored IDs.
AD,120251081895700660,120251080550890660,2026-09-18,0.04,1,0,40.0,0.0,,0,0,,0,0,Sessions beforeSep12 unavailable; Sep12 partial; property/retained starts unavailable; outcomes use occurrence day and exact stored IDs.
AD,120251081896430660,120251080550890660,2026-09-13,2.12,21,0,100.95,0.0,,0,0,,0,0,Sessions beforeSep12 unavailable; Sep12 partial; property/retained starts unavailable; outcomes use occurrence day and exact stored IDs.
AD,120251081897230660,120251080550890660,2026-09-13,17.53,272,2,64.45,0.735,8.77,0,0,,8,0,Sessions beforeSep12 unavailable; Sep12 partial; property/retained starts unavailable; outcomes use occurrence day and exact stored IDs.
AD,120251081897230660,120251080550890660,2026-09-14,0.31,6,0,51.67,0.0,,0,0,,0,0,Sessions beforeSep12 unavailable; Sep12 partial; property/retained starts unavailable; outcomes use occurrence day and exact stored IDs.
AD,120251081898700660,120251080550890660,2026-09-13,85.29,1848,4,46.15,0.216,21.32,1,1,85.29,4,1,Sessions beforeSep12 unavailable; Sep12 partial; property/retained starts unavailable; outcomes use occurrence day and exact stored IDs.
AD,120251081898700660,120251080550890660,2026-09-14,17.88,341,2,52.43,0.587,8.94,0,0,,3,0,Sessions beforeSep12 unavailable; Sep12 partial; property/retained starts unavailable; outcomes use occurrence day and exact stored IDs.
AD,120251081898700660,120251080550890660,2026-09-15,10.18,129,1,78.91,0.775,10.18,0,0,,1,1,Sessions beforeSep12 unavailable; Sep12 partial; property/retained starts unavailable; outcomes use occurrence day and exact stored IDs.
AD,120251081898700660,120251080550890660,2026-09-16,16.5,205,1,80.49,0.488,16.5,0,0,,1,0,Sessions beforeSep12 unavailable; Sep12 partial; property/retained starts unavailable; outcomes use occurrence day and exact stored IDs.
AD,120251081898700660,120251080550890660,2026-09-17,52.31,976,8,53.6,0.82,6.54,0,0,,7,0,Sessions beforeSep12 unavailable; Sep12 partial; property/retained starts unavailable; outcomes use occurrence day and exact stored IDs.
AD,120251081898700660,120251080550890660,2026-09-18,56.47,1081,13,52.24,1.203,4.34,0,0,,13,1,Sessions beforeSep12 unavailable; Sep12 partial; property/retained starts unavailable; outcomes use occurrence day and exact stored IDs.
AD,120251082520670660,120251080550890660,2026-09-13,0.23,9,0,25.56,0.0,,0,0,,0,0,Sessions beforeSep12 unavailable; Sep12 partial; property/retained starts unavailable; outcomes use occurrence day and exact stored IDs.
AD,120251082520670660,120251080550890660,2026-09-14,0.28,9,0,31.11,0.0,,0,0,,0,0,Sessions beforeSep12 unavailable; Sep12 partial; property/retained starts unavailable; outcomes use occurrence day and exact stored IDs.
AD,120251082520910660,120251080550890660,2026-09-13,2.71,12,0,225.83,0.0,,0,0,,0,0,Sessions beforeSep12 unavailable; Sep12 partial; property/retained starts unavailable; outcomes use occurrence day and exact stored IDs.
AD,120251082520910660,120251080550890660,2026-09-14,0.81,14,0,57.86,0.0,,0,0,,0,0,Sessions beforeSep12 unavailable; Sep12 partial; property/retained starts unavailable; outcomes use occurrence day and exact stored IDs.
AD,120251082520910660,120251080550890660,2026-09-15,0.15,1,0,150.0,0.0,,0,0,,0,0,Sessions beforeSep12 unavailable; Sep12 partial; property/retained starts unavailable; outcomes use occurrence day and exact stored IDs.
AD,120251082520910660,120251080550890660,2026-09-16,0.01,1,0,10.0,0.0,,0,0,,0,0,Sessions beforeSep12 unavailable; Sep12 partial; property/retained starts unavailable; outcomes use occurrence day and exact stored IDs.
AD,120251082520910660,120251080550890660,2026-09-17,0.01,1,0,10.0,0.0,,0,0,,0,0,Sessions beforeSep12 unavailable; Sep12 partial; property/retained starts unavailable; outcomes use occurrence day and exact stored IDs.
AD,120251082521910660,120251080550890660,2026-09-13,9.58,191,0,50.16,0.0,,0,0,,1,0,Sessions beforeSep12 unavailable; Sep12 partial; property/retained starts unavailable; outcomes use occurrence day and exact stored IDs.
AD,120251082521910660,120251080550890660,2026-09-14,3.72,56,0,66.43,0.0,,0,0,,0,0,Sessions beforeSep12 unavailable; Sep12 partial; property/retained starts unavailable; outcomes use occurrence day and exact stored IDs.
AD,120251082521910660,120251080550890660,2026-09-15,0.24,4,0,60.0,0.0,,0,0,,0,0,Sessions beforeSep12 unavailable; Sep12 partial; property/retained starts unavailable; outcomes use occurrence day and exact stored IDs.
AD,120251082521910660,120251080550890660,2026-09-16,1.94,6,0,323.33,0.0,,0,0,,0,0,Sessions beforeSep12 unavailable; Sep12 partial; property/retained starts unavailable; outcomes use occurrence day and exact stored IDs.
AD,120251082521910660,120251080550890660,2026-09-17,0.06,2,0,30.0,0.0,,0,0,,0,0,Sessions beforeSep12 unavailable; Sep12 partial; property/retained starts unavailable; outcomes use occurrence day and exact stored IDs.
AD,120251082522880660,120251080550890660,2026-09-13,12.37,302,2,40.96,0.662,6.18,0,0,,2,0,Sessions beforeSep12 unavailable; Sep12 partial; property/retained starts unavailable; outcomes use occurrence day and exact stored IDs.
AD,120251082522880660,120251080550890660,2026-09-14,114.77,2867,20,40.03,0.698,5.74,2,2,57.38,20,3,Sessions beforeSep12 unavailable; Sep12 partial; property/retained starts unavailable; outcomes use occurrence day and exact stored IDs.
AD,120251082522880660,120251080550890660,2026-09-15,110.45,2641,10,41.82,0.379,11.04,1,1,110.45,11,1,Sessions beforeSep12 unavailable; Sep12 partial; property/retained starts unavailable; outcomes use occurrence day and exact stored IDs.
AD,120251082522880660,120251080550890660,2026-09-16,77.64,1544,8,50.28,0.518,9.71,0,0,,6,0,Sessions beforeSep12 unavailable; Sep12 partial; property/retained starts unavailable; outcomes use occurrence day and exact stored IDs.
AD,120251082522880660,120251080550890660,2026-09-17,28.55,469,2,60.87,0.426,14.28,1,1,28.55,3,1,Sessions beforeSep12 unavailable; Sep12 partial; property/retained starts unavailable; outcomes use occurrence day and exact stored IDs.
AD,120251082522880660,120251080550890660,2026-09-18,4.31,109,3,39.54,2.752,1.44,0,0,,3,0,Sessions beforeSep12 unavailable; Sep12 partial; property/retained starts unavailable; outcomes use occurrence day and exact stored IDs.
AD,120251082522940660,120251080550890660,2026-09-13,1.96,58,0,33.79,0.0,,0,0,,0,0,Sessions beforeSep12 unavailable; Sep12 partial; property/retained starts unavailable; outcomes use occurrence day and exact stored IDs.
AD,120251082522940660,120251080550890660,2026-09-14,3.21,25,0,128.4,0.0,,0,0,,0,0,Sessions beforeSep12 unavailable; Sep12 partial; property/retained starts unavailable; outcomes use occurrence day and exact stored IDs.
AD,120251082522940660,120251080550890660,2026-09-15,0.53,7,0,75.71,0.0,,0,0,,0,0,Sessions beforeSep12 unavailable; Sep12 partial; property/retained starts unavailable; outcomes use occurrence day and exact stored IDs.
AD,120251082522940660,120251080550890660,2026-09-17,0.25,2,0,125.0,0.0,,0,0,,0,0,Sessions beforeSep12 unavailable; Sep12 partial; property/retained starts unavailable; outcomes use occurrence day and exact stored IDs.
AD,120251082523210660,120251080550890660,2026-09-13,0.25,10,0,25.0,0.0,,0,0,,0,0,Sessions beforeSep12 unavailable; Sep12 partial; property/retained starts unavailable; outcomes use occurrence day and exact stored IDs.
AD,120251082523210660,120251080550890660,2026-09-14,2.42,47,0,51.49,0.0,,0,0,,0,0,Sessions beforeSep12 unavailable; Sep12 partial; property/retained starts unavailable; outcomes use occurrence day and exact stored IDs.
AD,120251082523210660,120251080550890660,2026-09-15,0.52,11,0,47.27,0.0,,0,0,,0,0,Sessions beforeSep12 unavailable; Sep12 partial; property/retained starts unavailable; outcomes use occurrence day and exact stored IDs.
AD,120251082523210660,120251080550890660,2026-09-16,0.07,1,0,70.0,0.0,,0,0,,0,0,Sessions beforeSep12 unavailable; Sep12 partial; property/retained starts unavailable; outcomes use occurrence day and exact stored IDs.
AD,120251082524200660,120251080550890660,2026-09-14,0.06,1,0,60.0,0.0,,0,0,,0,0,Sessions beforeSep12 unavailable; Sep12 partial; property/retained starts unavailable; outcomes use occurrence day and exact stored IDs.
AD,120251082526800660,120251080550890660,2026-09-13,0.02,1,0,20.0,0.0,,0,0,,0,0,Sessions beforeSep12 unavailable; Sep12 partial; property/retained starts unavailable; outcomes use occurrence day and exact stored IDs.
AD,120251082527180660,120251080550890660,2026-09-13,0.05,2,0,25.0,0.0,,0,0,,0,0,Sessions beforeSep12 unavailable; Sep12 partial; property/retained starts unavailable; outcomes use occurrence day and exact stored IDs.
AD,120251082527180660,120251080550890660,2026-09-14,0.06,1,0,60.0,0.0,,0,0,,0,0,Sessions beforeSep12 unavailable; Sep12 partial; property/retained starts unavailable; outcomes use occurrence day and exact stored IDs.
AD,120251082527270660,120251080550890660,2026-09-13,0.09,6,0,15.0,0.0,,0,0,,0,0,Sessions beforeSep12 unavailable; Sep12 partial; property/retained starts unavailable; outcomes use occurrence day and exact stored IDs.
AD,120251082527270660,120251080550890660,2026-09-14,0.09,4,0,22.5,0.0,,0,0,,0,0,Sessions beforeSep12 unavailable; Sep12 partial; property/retained starts unavailable; outcomes use occurrence day and exact stored IDs.
AD,120251082527490660,120251080550890660,2026-09-13,0.59,7,0,84.29,0.0,,0,0,,0,0,Sessions beforeSep12 unavailable; Sep12 partial; property/retained starts unavailable; outcomes use occurrence day and exact stored IDs.
AD,120251082527490660,120251080550890660,2026-09-14,0.38,9,0,42.22,0.0,,0,0,,0,0,Sessions beforeSep12 unavailable; Sep12 partial; property/retained starts unavailable; outcomes use occurrence day and exact stored IDs.
AD,120251082527490660,120251080550890660,2026-09-15,0.06,1,0,60.0,0.0,,0,0,,0,0,Sessions beforeSep12 unavailable; Sep12 partial; property/retained starts unavailable; outcomes use occurrence day and exact stored IDs.
AD,120251082528370660,120251080550890660,2026-09-13,0.17,1,0,170.0,0.0,,0,0,,0,0,Sessions beforeSep12 unavailable; Sep12 partial; property/retained starts unavailable; outcomes use occurrence day and exact stored IDs.
AD,120251082531040660,120251080550890660,2026-09-13,2.87,3,0,956.67,0.0,,0,0,,0,0,Sessions beforeSep12 unavailable; Sep12 partial; property/retained starts unavailable; outcomes use occurrence day and exact stored IDs.
AD,120251082531040660,120251080550890660,2026-09-14,0.14,3,0,46.67,0.0,,0,0,,0,0,Sessions beforeSep12 unavailable; Sep12 partial; property/retained starts unavailable; outcomes use occurrence day and exact stored IDs.
AD,120251082532040660,120251080550890660,2026-09-13,0.88,16,0,55.0,0.0,,0,0,,0,0,Sessions beforeSep12 unavailable; Sep12 partial; property/retained starts unavailable; outcomes use occurrence day and exact stored IDs.
AD,120251082532040660,120251080550890660,2026-09-14,2.08,13,0,160.0,0.0,,0,0,,0,0,Sessions beforeSep12 unavailable; Sep12 partial; property/retained starts unavailable; outcomes use occurrence day and exact stored IDs.
AD,120251082532040660,120251080550890660,2026-09-16,0.1,3,0,33.33,0.0,,0,0,,0,0,Sessions beforeSep12 unavailable; Sep12 partial; property/retained starts unavailable; outcomes use occurrence day and exact stored IDs.
AD,120251082532040660,120251080550890660,2026-09-17,0.17,2,0,85.0,0.0,,0,0,,0,0,Sessions beforeSep12 unavailable; Sep12 partial; property/retained starts unavailable; outcomes use occurrence day and exact stored IDs.
AD,120251082532780660,120251080550890660,2026-09-13,0.28,3,0,93.33,0.0,,0,0,,0,0,Sessions beforeSep12 unavailable; Sep12 partial; property/retained starts unavailable; outcomes use occurrence day and exact stored IDs.
AD,120251082532780660,120251080550890660,2026-09-17,0.17,3,0,56.67,0.0,,0,0,,0,0,Sessions beforeSep12 unavailable; Sep12 partial; property/retained starts unavailable; outcomes use occurrence day and exact stored IDs.
AD,120251082533740660,120251080550890660,2026-09-13,0.27,2,0,135.0,0.0,,0,0,,0,0,Sessions beforeSep12 unavailable; Sep12 partial; property/retained starts unavailable; outcomes use occurrence day and exact stored IDs.
AD,120251082534440660,120251080550890660,2026-09-13,3.07,58,1,52.93,1.724,3.07,0,0,,1,0,Sessions beforeSep12 unavailable; Sep12 partial; property/retained starts unavailable; outcomes use occurrence day and exact stored IDs.
AD,120251082534440660,120251080550890660,2026-09-14,1.35,37,0,36.49,0.0,,0,0,,0,0,Sessions beforeSep12 unavailable; Sep12 partial; property/retained starts unavailable; outcomes use occurrence day and exact stored IDs.
AD,120251082534440660,120251080550890660,2026-09-15,1.7,28,0,60.71,0.0,,0,0,,0,0,Sessions beforeSep12 unavailable; Sep12 partial; property/retained starts unavailable; outcomes use occurrence day and exact stored IDs.
AD,120251082534440660,120251080550890660,2026-09-16,5.22,63,0,82.86,0.0,,0,0,,0,0,Sessions beforeSep12 unavailable; Sep12 partial; property/retained starts unavailable; outcomes use occurrence day and exact stored IDs.
AD,120251082534440660,120251080550890660,2026-09-17,6.56,112,1,58.57,0.893,6.56,0,0,,1,0,Sessions beforeSep12 unavailable; Sep12 partial; property/retained starts unavailable; outcomes use occurrence day and exact stored IDs.
AD,120251082534440660,120251080550890660,2026-09-18,4.26,39,0,109.23,0.0,,0,0,,0,0,Sessions beforeSep12 unavailable; Sep12 partial; property/retained starts unavailable; outcomes use occurrence day and exact stored IDs.
AD,120251082535210660,120251080550890660,2026-09-13,0.18,8,0,22.5,0.0,,0,0,,0,0,Sessions beforeSep12 unavailable; Sep12 partial; property/retained starts unavailable; outcomes use occurrence day and exact stored IDs.
AD,120251082535210660,120251080550890660,2026-09-14,0.04,1,0,40.0,0.0,,0,0,,0,0,Sessions beforeSep12 unavailable; Sep12 partial; property/retained starts unavailable; outcomes use occurrence day and exact stored IDs.
AD,120251082535210660,120251080550890660,2026-09-15,0.07,1,0,70.0,0.0,,0,0,,0,0,Sessions beforeSep12 unavailable; Sep12 partial; property/retained starts unavailable; outcomes use occurrence day and exact stored IDs.
AD,120251082535210660,120251080550890660,2026-09-17,0.03,2,0,15.0,0.0,,0,0,,0,0,Sessions beforeSep12 unavailable; Sep12 partial; property/retained starts unavailable; outcomes use occurrence day and exact stored IDs.
AD,120251082536120660,120251080550890660,2026-09-18,0.01,1,0,10.0,0.0,,0,0,,0,0,Sessions beforeSep12 unavailable; Sep12 partial; property/retained starts unavailable; outcomes use occurrence day and exact stored IDs.
AD,120251082536540660,120251080550890660,2026-09-13,0.35,9,0,38.89,0.0,,0,0,,0,0,Sessions beforeSep12 unavailable; Sep12 partial; property/retained starts unavailable; outcomes use occurrence day and exact stored IDs.
AD,120251082536540660,120251080550890660,2026-09-14,0.17,4,0,42.5,0.0,,0,0,,0,0,Sessions beforeSep12 unavailable; Sep12 partial; property/retained starts unavailable; outcomes use occurrence day and exact stored IDs.
AD,120251082536540660,120251080550890660,2026-09-18,0.14,4,0,35.0,0.0,,0,0,,0,0,Sessions beforeSep12 unavailable; Sep12 partial; property/retained starts unavailable; outcomes use occurrence day and exact stored IDs.
AD,120251090342520660,120251080550890660,2026-09-14,0.0,1,0,0.0,0.0,,0,0,,0,0,Sessions beforeSep12 unavailable; Sep12 partial; property/retained starts unavailable; outcomes use occurrence day and exact stored IDs.
AD,120251090342520660,120251080550890660,2026-09-17,0.05,1,0,50.0,0.0,,0,0,,0,0,Sessions beforeSep12 unavailable; Sep12 partial; property/retained starts unavailable; outcomes use occurrence day and exact stored IDs.
AD,120251150764290660,120251080550890660,2026-09-17,8.31,83,0,100.12,0.0,,0,0,,0,0,Sessions beforeSep12 unavailable; Sep12 partial; property/retained starts unavailable; outcomes use occurrence day and exact stored IDs.
AD,120251150764290660,120251080550890660,2026-09-18,0.94,10,0,94.0,0.0,,0,0,,0,0,Sessions beforeSep12 unavailable; Sep12 partial; property/retained starts unavailable; outcomes use occurrence day and exact stored IDs.
AD,120251150832840660,120251080550890660,2026-09-17,0.27,5,0,54.0,0.0,,0,0,,0,0,Sessions beforeSep12 unavailable; Sep12 partial; property/retained starts unavailable; outcomes use occurrence day and exact stored IDs.
AD,120251150832840660,120251080550890660,2026-09-18,0.18,3,0,60.0,0.0,,0,0,,0,0,Sessions beforeSep12 unavailable; Sep12 partial; property/retained starts unavailable; outcomes use occurrence day and exact stored IDs.
AD,120251150833460660,120251080550890660,2026-09-17,0.25,2,0,125.0,0.0,,0,0,,0,0,Sessions beforeSep12 unavailable; Sep12 partial; property/retained starts unavailable; outcomes use occurrence day and exact stored IDs.
AD,120251161809550660,120251080550890660,2026-09-17,0.44,11,0,40.0,0.0,,0,0,,0,0,Sessions beforeSep12 unavailable; Sep12 partial; property/retained starts unavailable; outcomes use occurrence day and exact stored IDs.
AD,120251161809550660,120251080550890660,2026-09-18,0.02,1,0,20.0,0.0,,0,0,,0,0,Sessions beforeSep12 unavailable; Sep12 partial; property/retained starts unavailable; outcomes use occurrence day and exact stored IDs.
AD,120251167871650660,120251080550890660,2026-09-17,0.03,2,0,15.0,0.0,,0,0,,0,0,Sessions beforeSep12 unavailable; Sep12 partial; property/retained starts unavailable; outcomes use occurrence day and exact stored IDs.
AD,120251169449470660,120251080550890660,2026-09-18,0.2,5,0,40.0,0.0,,0,0,,0,0,Sessions beforeSep12 unavailable; Sep12 partial; property/retained starts unavailable; outcomes use occurrence day and exact stored IDs.
AD,120251169539380660,120251080550890660,2026-09-18,32.84,818,5,40.15,0.611,6.57,0,0,,4,0,Sessions beforeSep12 unavailable; Sep12 partial; property/retained starts unavailable; outcomes use occurrence day and exact stored IDs.
AD,120251169552590660,120251080550890660,2026-09-18,0.11,4,0,27.5,0.0,,0,0,,0,0,Sessions beforeSep12 unavailable; Sep12 partial; property/retained starts unavailable; outcomes use occurrence day and exact stored IDs.
AD,120251169588020660,120251080550890660,2026-09-18,0.06,1,0,60.0,0.0,,0,0,,0,0,Sessions beforeSep12 unavailable; Sep12 partial; property/retained starts unavailable; outcomes use occurrence day and exact stored IDs.
AD,120251169592250660,120251080550890660,2026-09-18,1.03,14,0,73.57,0.0,,0,0,,0,0,Sessions beforeSep12 unavailable; Sep12 partial; property/retained starts unavailable; outcomes use occurrence day and exact stored IDs.
AD,120251169603040660,120251080550890660,2026-09-18,0.2,3,0,66.67,0.0,,0,0,,0,0,Sessions beforeSep12 unavailable; Sep12 partial; property/retained starts unavailable; outcomes use occurrence day and exact stored IDs.
AD,120251170067420660,120251080550890660,2026-09-18,9.6,103,0,93.2,0.0,,0,0,,0,0,Sessions beforeSep12 unavailable; Sep12 partial; property/retained starts unavailable; outcomes use occurrence day and exact stored IDs.
AD,120251170077630660,120251080550890660,2026-09-18,0.08,2,0,40.0,0.0,,0,0,,0,0,Sessions beforeSep12 unavailable; Sep12 partial; property/retained starts unavailable; outcomes use occurrence day and exact stored IDs.
AD,120251170093680660,120251080550890660,2026-09-18,0.27,8,0,33.75,0.0,,0,0,,0,0,Sessions beforeSep12 unavailable; Sep12 partial; property/retained starts unavailable; outcomes use occurrence day and exact stored IDs.
AD,120251170099840660,120251080550890660,2026-09-18,4.16,77,0,54.03,0.0,,0,0,,0,0,Sessions beforeSep12 unavailable; Sep12 partial; property/retained starts unavailable; outcomes use occurrence day and exact stored IDs.
AD,120251182133770660,120251080550890660,2026-09-18,2.01,36,0,55.83,0.0,,0,0,,0,0,Sessions beforeSep12 unavailable; Sep12 partial; property/retained starts unavailable; outcomes use occurrence day and exact stored IDs.
AD,120251182142420660,120251080550890660,2026-09-18,0.17,3,0,56.67,0.0,,0,0,,0,0,Sessions beforeSep12 unavailable; Sep12 partial; property/retained starts unavailable; outcomes use occurrence day and exact stored IDs.
AD,120251182148620660,120251080550890660,2026-09-18,0.53,14,0,37.86,0.0,,0,0,,0,0,Sessions beforeSep12 unavailable; Sep12 partial; property/retained starts unavailable; outcomes use occurrence day and exact stored IDs.
AD,120251182154730660,120251080550890660,2026-09-18,0.86,25,0,34.4,0.0,,0,0,,0,0,Sessions beforeSep12 unavailable; Sep12 partial; property/retained starts unavailable; outcomes use occurrence day and exact stored IDs.
AD,120251182159740660,120251080550890660,2026-09-18,0.37,16,0,23.12,0.0,,0,0,,0,0,Sessions beforeSep12 unavailable; Sep12 partial; property/retained starts unavailable; outcomes use occurrence day and exact stored IDs.
AD,120251182271850660,120251080550890660,2026-09-18,0.71,11,0,64.55,0.0,,0,0,,0,0,Sessions beforeSep12 unavailable; Sep12 partial; property/retained starts unavailable; outcomes use occurrence day and exact stored IDs.
AD,120251182341070660,120251080550890660,2026-09-18,1.28,28,0,45.71,0.0,,0,0,,0,0,Sessions beforeSep12 unavailable; Sep12 partial; property/retained starts unavailable; outcomes use occurrence day and exact stored IDs.
