level,object_id,campaign_id,day_ET,spend,impressions,link_clicks,CPM,link_CTR_pct,link_CPC,completed,new_acquisitions,completed_CPL,observed_sessions,observed_starts,measurement_flags
AD SET,120250540493670660,120250540492410660,2026-08-18,76.32,2165,23,35.25,1.062,3.32,0,0,,,,Sessions beforeSep12 unavailable; Sep12 partial; property/retained starts unavailable; outcomes use occurrence day and exact stored IDs.
AD SET,120250540493670660,120250540492410660,2026-08-19,98.27,2075,40,47.36,1.928,2.46,2,2,49.13,,,Sessions beforeSep12 unavailable; Sep12 partial; property/retained starts unavailable; outcomes use occurrence day and exact stored IDs.
AD SET,120250540493670660,120250540492410660,2026-08-20,68.36,1566,27,43.65,1.724,2.53,5,5,13.67,,,Sessions beforeSep12 unavailable; Sep12 partial; property/retained starts unavailable; outcomes use occurrence day and exact stored IDs.
AD SET,120250540493670660,120250540492410660,2026-08-21,55.25,1092,17,50.6,1.557,3.25,0,0,,,,Sessions beforeSep12 unavailable; Sep12 partial; property/retained starts unavailable; outcomes use occurrence day and exact stored IDs.
AD SET,120250540493670660,120250540492410660,2026-08-22,42.03,907,11,46.34,1.213,3.82,5,5,8.41,,,Sessions beforeSep12 unavailable; Sep12 partial; property/retained starts unavailable; outcomes use occurrence day and exact stored IDs.
AD SET,120250540493670660,120250540492410660,2026-08-23,100.63,2232,20,45.09,0.896,5.03,3,3,33.54,,,Sessions beforeSep12 unavailable; Sep12 partial; property/retained starts unavailable; outcomes use occurrence day and exact stored IDs.
AD SET,120250540493670660,120250540492410660,2026-08-24,89.51,2211,21,40.48,0.95,4.26,6,6,14.92,,,Sessions beforeSep12 unavailable; Sep12 partial; property/retained starts unavailable; outcomes use occurrence day and exact stored IDs.
AD SET,120250540493670660,120250540492410660,2026-08-25,77.45,1838,17,42.14,0.925,4.56,3,3,25.82,,,Sessions beforeSep12 unavailable; Sep12 partial; property/retained starts unavailable; outcomes use occurrence day and exact stored IDs.
AD SET,120250540493670660,120250540492410660,2026-08-26,51.72,1226,14,42.19,1.142,3.69,1,1,51.72,,,Sessions beforeSep12 unavailable; Sep12 partial; property/retained starts unavailable; outcomes use occurrence day and exact stored IDs.
AD SET,120250540493670660,120250540492410660,2026-08-27,70.36,1661,22,42.36,1.325,3.2,4,4,17.59,,,Sessions beforeSep12 unavailable; Sep12 partial; property/retained starts unavailable; outcomes use occurrence day and exact stored IDs.
AD SET,120250540493670660,120250540492410660,2026-08-28,66.43,1433,23,46.36,1.605,2.89,7,7,9.49,,,Sessions beforeSep12 unavailable; Sep12 partial; property/retained starts unavailable; outcomes use occurrence day and exact stored IDs.
AD SET,120250540493670660,120250540492410660,2026-08-29,68.19,1957,19,34.84,0.971,3.59,1,1,68.19,,,Sessions beforeSep12 unavailable; Sep12 partial; property/retained starts unavailable; outcomes use occurrence day and exact stored IDs.
AD SET,120250540493670660,120250540492410660,2026-08-30,100.64,2865,23,35.13,0.803,4.38,2,2,50.32,,,Sessions beforeSep12 unavailable; Sep12 partial; property/retained starts unavailable; outcomes use occurrence day and exact stored IDs.
AD SET,120250540493670660,120250540492410660,2026-08-31,67.14,1643,23,40.86,1.4,2.92,5,5,13.43,,,Sessions beforeSep12 unavailable; Sep12 partial; property/retained starts unavailable; outcomes use occurrence day and exact stored IDs.
AD SET,120250540493670660,120250540492410660,2026-09-01,73.02,1482,20,49.27,1.35,3.65,3,3,24.34,,,Sessions beforeSep12 unavailable; Sep12 partial; property/retained starts unavailable; outcomes use occurrence day and exact stored IDs.
AD SET,120250540493670660,120250540492410660,2026-09-02,80.72,1820,28,44.35,1.538,2.88,5,5,16.14,,,Sessions beforeSep12 unavailable; Sep12 partial; property/retained starts unavailable; outcomes use occurrence day and exact stored IDs.
AD SET,120250540493670660,120250540492410660,2026-09-03,151.61,4118,49,36.82,1.19,3.09,8,8,18.95,,,Sessions beforeSep12 unavailable; Sep12 partial; property/retained starts unavailable; outcomes use occurrence day and exact stored IDs.
AD SET,120250540493670660,120250540492410660,2026-09-04,107.3,2362,29,45.43,1.228,3.7,1,1,107.3,,,Sessions beforeSep12 unavailable; Sep12 partial; property/retained starts unavailable; outcomes use occurrence day and exact stored IDs.
AD SET,120250540493670660,120250540492410660,2026-09-05,114.18,2230,37,51.2,1.659,3.09,3,3,38.06,,,Sessions beforeSep12 unavailable; Sep12 partial; property/retained starts unavailable; outcomes use occurrence day and exact stored IDs.
AD SET,120250540493670660,120250540492410660,2026-09-06,144.56,3416,39,42.32,1.142,3.71,8,8,18.07,,,Sessions beforeSep12 unavailable; Sep12 partial; property/retained starts unavailable; outcomes use occurrence day and exact stored IDs.
AD SET,120250540493670660,120250540492410660,2026-09-07,130.55,3229,33,40.43,1.022,3.96,2,2,65.28,,,Sessions beforeSep12 unavailable; Sep12 partial; property/retained starts unavailable; outcomes use occurrence day and exact stored IDs.
AD SET,120250540493670660,120250540492410660,2026-09-08,105.62,2380,25,44.38,1.05,4.22,4,4,26.41,,,Sessions beforeSep12 unavailable; Sep12 partial; property/retained starts unavailable; outcomes use occurrence day and exact stored IDs.
AD SET,120250540493670660,120250540492410660,2026-09-09,120.64,2467,24,48.9,0.973,5.03,4,4,30.16,,,Sessions beforeSep12 unavailable; Sep12 partial; property/retained starts unavailable; outcomes use occurrence day and exact stored IDs.
AD SET,120250540493670660,120250540492410660,2026-09-10,126.92,2750,38,46.15,1.382,3.34,4,3,31.73,,,Sessions beforeSep12 unavailable; Sep12 partial; property/retained starts unavailable; outcomes use occurrence day and exact stored IDs.
AD SET,120250540493670660,120250540492410660,2026-09-11,119.58,2369,18,50.48,0.76,6.64,1,1,119.58,,,Sessions beforeSep12 unavailable; Sep12 partial; property/retained starts unavailable; outcomes use occurrence day and exact stored IDs.
AD SET,120250540493670660,120250540492410660,2026-09-12,68.97,1237,15,55.76,1.213,4.6,3,3,22.99,0,,Sessions beforeSep12 unavailable; Sep12 partial; property/retained starts unavailable; outcomes use occurrence day and exact stored IDs.
AD SET,120250540493670660,120250540492410660,2026-09-13,26.29,432,6,60.86,1.389,4.38,1,1,26.29,4,,Sessions beforeSep12 unavailable; Sep12 partial; property/retained starts unavailable; outcomes use occurrence day and exact stored IDs.
AD SET,120250540493670660,120250540492410660,2026-09-14,31.03,496,5,62.56,1.008,6.21,1,1,31.03,3,,Sessions beforeSep12 unavailable; Sep12 partial; property/retained starts unavailable; outcomes use occurrence day and exact stored IDs.
AD SET,120250540493670660,120250540492410660,2026-09-15,38.45,663,4,57.99,0.603,9.61,0,0,,4,,Sessions beforeSep12 unavailable; Sep12 partial; property/retained starts unavailable; outcomes use occurrence day and exact stored IDs.
AD SET,120250540493670660,120250540492410660,2026-09-16,40.03,608,7,65.84,1.151,5.72,2,2,20.02,8,,Sessions beforeSep12 unavailable; Sep12 partial; property/retained starts unavailable; outcomes use occurrence day and exact stored IDs.
AD SET,120250540493670660,120250540492410660,2026-09-17,42.09,661,11,63.68,1.664,3.83,2,2,21.05,12,,Sessions beforeSep12 unavailable; Sep12 partial; property/retained starts unavailable; outcomes use occurrence day and exact stored IDs.
AD SET,120250540493670660,120250540492410660,2026-09-18,34.33,587,9,58.48,1.533,3.81,1,1,34.33,8,,Sessions beforeSep12 unavailable; Sep12 partial; property/retained starts unavailable; outcomes use occurrence day and exact stored IDs.
AD SET,120250682685570660,120250540492410660,2026-08-18,87.72,2694,30,32.56,1.114,2.92,5,5,17.54,,,Sessions beforeSep12 unavailable; Sep12 partial; property/retained starts unavailable; outcomes use occurrence day and exact stored IDs.
AD SET,120250682685570660,120250540492410660,2026-08-19,82.85,2169,21,38.2,0.968,3.95,2,2,41.42,,,Sessions beforeSep12 unavailable; Sep12 partial; property/retained starts unavailable; outcomes use occurrence day and exact stored IDs.
AD SET,120250682685570660,120250540492410660,2026-08-20,58.58,1745,15,33.57,0.86,3.91,1,1,58.58,,,Sessions beforeSep12 unavailable; Sep12 partial; property/retained starts unavailable; outcomes use occurrence day and exact stored IDs.
AD SET,120250682685570660,120250540492410660,2026-08-21,57.16,1973,22,28.97,1.115,2.6,3,3,19.05,,,Sessions beforeSep12 unavailable; Sep12 partial; property/retained starts unavailable; outcomes use occurrence day and exact stored IDs.
AD SET,120250682685570660,120250540492410660,2026-08-22,53.22,2213,27,24.05,1.22,1.97,3,3,17.74,,,Sessions beforeSep12 unavailable; Sep12 partial; property/retained starts unavailable; outcomes use occurrence day and exact stored IDs.
AD SET,120250682685570660,120250540492410660,2026-08-23,96.36,4329,34,22.26,0.785,2.83,6,6,16.06,,,Sessions beforeSep12 unavailable; Sep12 partial; property/retained starts unavailable; outcomes use occurrence day and exact stored IDs.
AD SET,120250682685570660,120250540492410660,2026-08-24,86.21,3179,24,27.12,0.755,3.59,3,3,28.74,,,Sessions beforeSep12 unavailable; Sep12 partial; property/retained starts unavailable; outcomes use occurrence day and exact stored IDs.
AD SET,120250682685570660,120250540492410660,2026-08-25,78.62,2901,28,27.1,0.965,2.81,4,4,19.66,,,Sessions beforeSep12 unavailable; Sep12 partial; property/retained starts unavailable; outcomes use occurrence day and exact stored IDs.
AD SET,120250682685570660,120250540492410660,2026-08-26,62.82,2187,18,28.72,0.823,3.49,5,5,12.56,,,Sessions beforeSep12 unavailable; Sep12 partial; property/retained starts unavailable; outcomes use occurrence day and exact stored IDs.
AD SET,120250682685570660,120250540492410660,2026-08-27,72.14,2677,26,26.95,0.971,2.77,5,5,14.43,,,Sessions beforeSep12 unavailable; Sep12 partial; property/retained starts unavailable; outcomes use occurrence day and exact stored IDs.
AD SET,120250682685570660,120250540492410660,2026-08-28,68.84,2421,25,28.43,1.033,2.75,7,5,9.83,,,Sessions beforeSep12 unavailable; Sep12 partial; property/retained starts unavailable; outcomes use occurrence day and exact stored IDs.
AD SET,120250682685570660,120250540492410660,2026-08-29,58.37,2444,15,23.88,0.614,3.89,3,3,19.46,,,Sessions beforeSep12 unavailable; Sep12 partial; property/retained starts unavailable; outcomes use occurrence day and exact stored IDs.
AD SET,120250682685570660,120250540492410660,2026-08-30,95.69,4203,27,22.77,0.642,3.54,3,3,31.9,,,Sessions beforeSep12 unavailable; Sep12 partial; property/retained starts unavailable; outcomes use occurrence day and exact stored IDs.
AD SET,120250682685570660,120250540492410660,2026-08-31,80.18,3184,30,25.18,0.942,2.67,7,6,11.45,,,Sessions beforeSep12 unavailable; Sep12 partial; property/retained starts unavailable; outcomes use occurrence day and exact stored IDs.
AD SET,120250682685570660,120250540492410660,2026-09-01,79.69,3116,26,25.57,0.834,3.06,4,4,19.92,,,Sessions beforeSep12 unavailable; Sep12 partial; property/retained starts unavailable; outcomes use occurrence day and exact stored IDs.
AD SET,120250682685570660,120250540492410660,2026-09-02,73.24,2688,26,27.25,0.967,2.82,1,1,73.24,,,Sessions beforeSep12 unavailable; Sep12 partial; property/retained starts unavailable; outcomes use occurrence day and exact stored IDs.
AD SET,120250682685570660,120250540492410660,2026-09-03,152.83,6784,65,22.53,0.958,2.35,9,9,16.98,,,Sessions beforeSep12 unavailable; Sep12 partial; property/retained starts unavailable; outcomes use occurrence day and exact stored IDs.
AD SET,120250682685570660,120250540492410660,2026-09-04,104.24,4196,35,24.84,0.834,2.98,2,1,52.12,,,Sessions beforeSep12 unavailable; Sep12 partial; property/retained starts unavailable; outcomes use occurrence day and exact stored IDs.
AD SET,120250682685570660,120250540492410660,2026-09-05,115.96,4642,44,24.98,0.948,2.64,6,6,19.33,,,Sessions beforeSep12 unavailable; Sep12 partial; property/retained starts unavailable; outcomes use occurrence day and exact stored IDs.
AD SET,120250682685570660,120250540492410660,2026-09-06,154.13,6646,51,23.19,0.767,3.02,6,6,25.69,,,Sessions beforeSep12 unavailable; Sep12 partial; property/retained starts unavailable; outcomes use occurrence day and exact stored IDs.
AD SET,120250682685570660,120250540492410660,2026-09-07,135.79,5647,60,24.05,1.063,2.26,9,9,15.09,,,Sessions beforeSep12 unavailable; Sep12 partial; property/retained starts unavailable; outcomes use occurrence day and exact stored IDs.
AD SET,120250682685570660,120250540492410660,2026-09-08,121.89,4752,36,25.65,0.758,3.39,5,5,24.38,,,Sessions beforeSep12 unavailable; Sep12 partial; property/retained starts unavailable; outcomes use occurrence day and exact stored IDs.
AD SET,120250682685570660,120250540492410660,2026-09-09,111.02,3297,34,33.67,1.031,3.27,2,2,55.51,,,Sessions beforeSep12 unavailable; Sep12 partial; property/retained starts unavailable; outcomes use occurrence day and exact stored IDs.
AD SET,120250682685570660,120250540492410660,2026-09-10,120.07,3531,42,34.0,1.189,2.86,5,5,24.01,,,Sessions beforeSep12 unavailable; Sep12 partial; property/retained starts unavailable; outcomes use occurrence day and exact stored IDs.
AD SET,120250682685570660,120250540492410660,2026-09-11,113.8,3507,33,32.45,0.941,3.45,6,6,18.97,,,Sessions beforeSep12 unavailable; Sep12 partial; property/retained starts unavailable; outcomes use occurrence day and exact stored IDs.
AD SET,120250682685570660,120250540492410660,2026-09-12,114.98,4049,38,28.4,0.939,3.03,4,4,28.75,9,,Sessions beforeSep12 unavailable; Sep12 partial; property/retained starts unavailable; outcomes use occurrence day and exact stored IDs.
AD SET,120250682685570660,120250540492410660,2026-09-13,137.56,4451,35,30.91,0.786,3.93,6,5,22.93,34,,Sessions beforeSep12 unavailable; Sep12 partial; property/retained starts unavailable; outcomes use occurrence day and exact stored IDs.
AD SET,120250682685570660,120250540492410660,2026-09-14,148.37,3949,43,37.57,1.089,3.45,6,6,24.73,37,,Sessions beforeSep12 unavailable; Sep12 partial; property/retained starts unavailable; outcomes use occurrence day and exact stored IDs.
AD SET,120250682685570660,120250540492410660,2026-09-15,127.88,3394,36,37.68,1.061,3.55,5,5,25.58,37,,Sessions beforeSep12 unavailable; Sep12 partial; property/retained starts unavailable; outcomes use occurrence day and exact stored IDs.
AD SET,120250682685570660,120250540492410660,2026-09-16,125.26,3205,46,39.08,1.435,2.72,7,7,17.89,39,,Sessions beforeSep12 unavailable; Sep12 partial; property/retained starts unavailable; outcomes use occurrence day and exact stored IDs.
AD SET,120250682685570660,120250540492410660,2026-09-17,106.93,3163,31,33.81,0.98,3.45,6,6,17.82,33,,Sessions beforeSep12 unavailable; Sep12 partial; property/retained starts unavailable; outcomes use occurrence day and exact stored IDs.
AD SET,120250682685570660,120250540492410660,2026-09-18,119.15,4315,38,27.61,0.881,3.14,3,3,39.72,36,,Sessions beforeSep12 unavailable; Sep12 partial; property/retained starts unavailable; outcomes use occurrence day and exact stored IDs.
AD SET,120250602165650660,120250602165530660,2026-08-13,12.4,315,2,39.37,0.635,6.2,0,0,,,,Sessions beforeSep12 unavailable; Sep12 partial; property/retained starts unavailable; outcomes use occurrence day and exact stored IDs.
AD SET,120250602165650660,120250602165530660,2026-08-14,55.26,1102,6,50.15,0.544,9.21,0,0,,,,Sessions beforeSep12 unavailable; Sep12 partial; property/retained starts unavailable; outcomes use occurrence day and exact stored IDs.
AD SET,120250602441660660,120250602165530660,2026-08-13,13.0,477,7,27.25,1.468,1.86,0,0,,,,Sessions beforeSep12 unavailable; Sep12 partial; property/retained starts unavailable; outcomes use occurrence day and exact stored IDs.
AD SET,120250602441660660,120250602165530660,2026-08-14,248.53,7538,91,32.97,1.207,2.73,0,0,,,,Sessions beforeSep12 unavailable; Sep12 partial; property/retained starts unavailable; outcomes use occurrence day and exact stored IDs.
AD SET,120250602441660660,120250602165530660,2026-08-15,190.73,4394,36,43.41,0.819,5.3,0,0,,,,Sessions beforeSep12 unavailable; Sep12 partial; property/retained starts unavailable; outcomes use occurrence day and exact stored IDs.
AD SET,120250602442330660,120250602165530660,2026-08-13,12.06,484,5,24.92,1.033,2.41,0,0,,,,Sessions beforeSep12 unavailable; Sep12 partial; property/retained starts unavailable; outcomes use occurrence day and exact stored IDs.
AD SET,120250602442330660,120250602165530660,2026-08-14,71.94,1943,17,37.03,0.875,4.23,0,0,,,,Sessions beforeSep12 unavailable; Sep12 partial; property/retained starts unavailable; outcomes use occurrence day and exact stored IDs.
AD SET,120250636360410660,120250602165530660,2026-08-15,29.62,1289,21,22.98,1.629,1.41,0,0,,,,Sessions beforeSep12 unavailable; Sep12 partial; property/retained starts unavailable; outcomes use occurrence day and exact stored IDs.
AD SET,120250639696360660,120250602165530660,2026-08-15,21.13,658,7,32.11,1.064,3.02,0,0,,,,Sessions beforeSep12 unavailable; Sep12 partial; property/retained starts unavailable; outcomes use occurrence day and exact stored IDs.
AD SET,120250639696360660,120250602165530660,2026-08-16,141.17,3000,20,47.06,0.667,7.06,0,0,,,,Sessions beforeSep12 unavailable; Sep12 partial; property/retained starts unavailable; outcomes use occurrence day and exact stored IDs.
AD SET,120250639696360660,120250602165530660,2026-08-17,115.9,3001,23,38.62,0.766,5.04,3,3,38.63,,,Sessions beforeSep12 unavailable; Sep12 partial; property/retained starts unavailable; outcomes use occurrence day and exact stored IDs.
AD SET,120250639696360660,120250602165530660,2026-08-18,69.92,1266,8,55.23,0.632,8.74,1,1,69.92,,,Sessions beforeSep12 unavailable; Sep12 partial; property/retained starts unavailable; outcomes use occurrence day and exact stored IDs.
AD SET,120250639696360660,120250602165530660,2026-08-19,91.69,1570,15,58.4,0.955,6.11,0,0,,,,Sessions beforeSep12 unavailable; Sep12 partial; property/retained starts unavailable; outcomes use occurrence day and exact stored IDs.
AD SET,120250639696360660,120250602165530660,2026-08-20,40.43,967,4,41.81,0.414,10.11,1,1,40.43,,,Sessions beforeSep12 unavailable; Sep12 partial; property/retained starts unavailable; outcomes use occurrence day and exact stored IDs.
AD SET,120250639696360660,120250602165530660,2026-08-21,28.14,458,4,61.44,0.873,7.04,0,0,,,,Sessions beforeSep12 unavailable; Sep12 partial; property/retained starts unavailable; outcomes use occurrence day and exact stored IDs.
AD SET,120250639696360660,120250602165530660,2026-08-22,16.56,378,2,43.81,0.529,8.28,1,1,16.56,,,Sessions beforeSep12 unavailable; Sep12 partial; property/retained starts unavailable; outcomes use occurrence day and exact stored IDs.
AD SET,120250639696360660,120250602165530660,2026-08-23,36.02,712,6,50.59,0.843,6.0,0,0,,,,Sessions beforeSep12 unavailable; Sep12 partial; property/retained starts unavailable; outcomes use occurrence day and exact stored IDs.
AD SET,120250639696360660,120250602165530660,2026-08-24,29.75,678,7,43.88,1.032,4.25,1,1,29.75,,,Sessions beforeSep12 unavailable; Sep12 partial; property/retained starts unavailable; outcomes use occurrence day and exact stored IDs.
AD SET,120250639696360660,120250602165530660,2026-08-25,25.34,755,2,33.56,0.265,12.67,1,1,25.34,,,Sessions beforeSep12 unavailable; Sep12 partial; property/retained starts unavailable; outcomes use occurrence day and exact stored IDs.
AD SET,120250639696360660,120250602165530660,2026-08-26,24.09,645,3,37.35,0.465,8.03,0,0,,,,Sessions beforeSep12 unavailable; Sep12 partial; property/retained starts unavailable; outcomes use occurrence day and exact stored IDs.
AD SET,120250639696360660,120250602165530660,2026-08-27,23.74,444,5,53.47,1.126,4.75,0,0,,,,Sessions beforeSep12 unavailable; Sep12 partial; property/retained starts unavailable; outcomes use occurrence day and exact stored IDs.
AD SET,120250639696360660,120250602165530660,2026-08-28,17.47,400,4,43.67,1.0,4.37,0,0,,,,Sessions beforeSep12 unavailable; Sep12 partial; property/retained starts unavailable; outcomes use occurrence day and exact stored IDs.
AD SET,120250639696360660,120250602165530660,2026-08-29,13.05,361,1,36.15,0.277,13.05,0,0,,,,Sessions beforeSep12 unavailable; Sep12 partial; property/retained starts unavailable; outcomes use occurrence day and exact stored IDs.
AD SET,120250639696360660,120250602165530660,2026-08-30,27.09,780,3,34.73,0.385,9.03,1,1,27.09,,,Sessions beforeSep12 unavailable; Sep12 partial; property/retained starts unavailable; outcomes use occurrence day and exact stored IDs.
AD SET,120250639696360660,120250602165530660,2026-08-31,25.52,699,6,36.51,0.858,4.25,3,3,8.51,,,Sessions beforeSep12 unavailable; Sep12 partial; property/retained starts unavailable; outcomes use occurrence day and exact stored IDs.
AD SET,120250639696360660,120250602165530660,2026-09-01,20.43,668,4,30.58,0.599,5.11,0,0,,,,Sessions beforeSep12 unavailable; Sep12 partial; property/retained starts unavailable; outcomes use occurrence day and exact stored IDs.
AD SET,120250639696360660,120250602165530660,2026-09-02,23.53,545,5,43.17,0.917,4.71,1,1,23.53,,,Sessions beforeSep12 unavailable; Sep12 partial; property/retained starts unavailable; outcomes use occurrence day and exact stored IDs.
AD SET,120250639696360660,120250602165530660,2026-09-03,41.25,1101,3,37.47,0.272,13.75,1,1,41.25,,,Sessions beforeSep12 unavailable; Sep12 partial; property/retained starts unavailable; outcomes use occurrence day and exact stored IDs.
AD SET,120250639696360660,120250602165530660,2026-09-04,34.14,783,2,43.6,0.255,17.07,0,0,,,,Sessions beforeSep12 unavailable; Sep12 partial; property/retained starts unavailable; outcomes use occurrence day and exact stored IDs.
AD SET,120250639696360660,120250602165530660,2026-09-05,28.91,712,3,40.6,0.421,9.64,0,0,,,,Sessions beforeSep12 unavailable; Sep12 partial; property/retained starts unavailable; outcomes use occurrence day and exact stored IDs.
AD SET,120250639696360660,120250602165530660,2026-09-06,45.85,1070,7,42.85,0.654,6.55,0,0,,,,Sessions beforeSep12 unavailable; Sep12 partial; property/retained starts unavailable; outcomes use occurrence day and exact stored IDs.
AD SET,120250639696360660,120250602165530660,2026-09-07,38.96,938,11,41.54,1.173,3.54,0,0,,,,Sessions beforeSep12 unavailable; Sep12 partial; property/retained starts unavailable; outcomes use occurrence day and exact stored IDs.
AD SET,120250639696360660,120250602165530660,2026-09-08,36.19,958,6,37.78,0.626,6.03,0,0,,,,Sessions beforeSep12 unavailable; Sep12 partial; property/retained starts unavailable; outcomes use occurrence day and exact stored IDs.
AD SET,120250639696360660,120250602165530660,2026-09-09,1.58,41,0,38.54,0.0,,0,0,,,,Sessions beforeSep12 unavailable; Sep12 partial; property/retained starts unavailable; outcomes use occurrence day and exact stored IDs.
AD SET,120250639696880660,120250602165530660,2026-08-15,20.93,846,8,24.74,0.946,2.62,0,0,,,,Sessions beforeSep12 unavailable; Sep12 partial; property/retained starts unavailable; outcomes use occurrence day and exact stored IDs.
AD SET,120250639696880660,120250602165530660,2026-08-16,162.43,3764,35,43.15,0.93,4.64,0,0,,,,Sessions beforeSep12 unavailable; Sep12 partial; property/retained starts unavailable; outcomes use occurrence day and exact stored IDs.
AD SET,120250639696880660,120250602165530660,2026-08-17,69.47,1363,19,50.97,1.394,3.66,0,0,,,,Sessions beforeSep12 unavailable; Sep12 partial; property/retained starts unavailable; outcomes use occurrence day and exact stored IDs.
AD SET,120250639696880660,120250602165530660,2026-08-18,117.25,2641,25,44.4,0.947,4.69,2,2,58.62,,,Sessions beforeSep12 unavailable; Sep12 partial; property/retained starts unavailable; outcomes use occurrence day and exact stored IDs.
AD SET,120250639696880660,120250602165530660,2026-08-19,91.43,1823,17,50.15,0.933,5.38,0,0,,,,Sessions beforeSep12 unavailable; Sep12 partial; property/retained starts unavailable; outcomes use occurrence day and exact stored IDs.
AD SET,120250639696880660,120250602165530660,2026-08-20,49.62,1149,10,43.19,0.87,4.96,0,0,,,,Sessions beforeSep12 unavailable; Sep12 partial; property/retained starts unavailable; outcomes use occurrence day and exact stored IDs.
AD SET,120250639696880660,120250602165530660,2026-08-21,59.08,939,11,62.92,1.171,5.37,1,1,59.08,,,Sessions beforeSep12 unavailable; Sep12 partial; property/retained starts unavailable; outcomes use occurrence day and exact stored IDs.
AD SET,120250639696880660,120250602165530660,2026-08-22,31.47,612,2,51.42,0.327,15.73,0,0,,,,Sessions beforeSep12 unavailable; Sep12 partial; property/retained starts unavailable; outcomes use occurrence day and exact stored IDs.
AD SET,120250639696880660,120250602165530660,2026-08-23,60.55,1206,15,50.21,1.244,4.04,1,1,60.55,,,Sessions beforeSep12 unavailable; Sep12 partial; property/retained starts unavailable; outcomes use occurrence day and exact stored IDs.
AD SET,120250639696880660,120250602165530660,2026-08-24,53.98,1172,5,46.06,0.427,10.8,0,0,,,,Sessions beforeSep12 unavailable; Sep12 partial; property/retained starts unavailable; outcomes use occurrence day and exact stored IDs.
AD SET,120250639696880660,120250602165530660,2026-08-25,50.48,878,2,57.49,0.228,25.24,0,0,,,,Sessions beforeSep12 unavailable; Sep12 partial; property/retained starts unavailable; outcomes use occurrence day and exact stored IDs.
AD SET,120250639696880660,120250602165530660,2026-08-26,42.81,808,3,52.98,0.371,14.27,0,0,,,,Sessions beforeSep12 unavailable; Sep12 partial; property/retained starts unavailable; outcomes use occurrence day and exact stored IDs.
AD SET,120250639696880660,120250602165530660,2026-08-27,46.24,621,4,74.46,0.644,11.56,0,0,,,,Sessions beforeSep12 unavailable; Sep12 partial; property/retained starts unavailable; outcomes use occurrence day and exact stored IDs.
AD SET,120250639696880660,120250602165530660,2026-08-28,41.26,562,3,73.42,0.534,13.75,0,0,,,,Sessions beforeSep12 unavailable; Sep12 partial; property/retained starts unavailable; outcomes use occurrence day and exact stored IDs.
AD SET,120250639696880660,120250602165530660,2026-08-29,27.46,520,3,52.81,0.577,9.15,0,0,,,,Sessions beforeSep12 unavailable; Sep12 partial; property/retained starts unavailable; outcomes use occurrence day and exact stored IDs.
AD SET,120250639696880660,120250602165530660,2026-08-30,50.98,899,7,56.71,0.779,7.28,1,1,50.98,,,Sessions beforeSep12 unavailable; Sep12 partial; property/retained starts unavailable; outcomes use occurrence day and exact stored IDs.
AD SET,120250639696880660,120250602165530660,2026-08-31,49.91,1126,5,44.33,0.444,9.98,0,0,,,,Sessions beforeSep12 unavailable; Sep12 partial; property/retained starts unavailable; outcomes use occurrence day and exact stored IDs.
AD SET,120250639696880660,120250602165530660,2026-09-01,46.43,671,4,69.2,0.596,11.61,2,2,23.21,,,Sessions beforeSep12 unavailable; Sep12 partial; property/retained starts unavailable; outcomes use occurrence day and exact stored IDs.
AD SET,120250639696880660,120250602165530660,2026-09-02,36.76,649,4,56.64,0.616,9.19,1,1,36.76,,,Sessions beforeSep12 unavailable; Sep12 partial; property/retained starts unavailable; outcomes use occurrence day and exact stored IDs.
AD SET,120250639696880660,120250602165530660,2026-09-03,35.22,736,4,47.85,0.543,8.8,0,0,,,,Sessions beforeSep12 unavailable; Sep12 partial; property/retained starts unavailable; outcomes use occurrence day and exact stored IDs.
AD SET,120250639696880660,120250602165530660,2026-09-04,28.93,601,3,48.14,0.499,9.64,0,0,,,,Sessions beforeSep12 unavailable; Sep12 partial; property/retained starts unavailable; outcomes use occurrence day and exact stored IDs.
AD SET,120250639696880660,120250602165530660,2026-09-05,31.54,541,5,58.3,0.924,6.31,1,1,31.54,,,Sessions beforeSep12 unavailable; Sep12 partial; property/retained starts unavailable; outcomes use occurrence day and exact stored IDs.
AD SET,120250639696880660,120250602165530660,2026-09-06,51.15,766,5,66.78,0.653,10.23,1,1,51.15,,,Sessions beforeSep12 unavailable; Sep12 partial; property/retained starts unavailable; outcomes use occurrence day and exact stored IDs.
AD SET,120250639696880660,120250602165530660,2026-09-07,37.54,582,3,64.5,0.515,12.51,1,1,37.54,,,Sessions beforeSep12 unavailable; Sep12 partial; property/retained starts unavailable; outcomes use occurrence day and exact stored IDs.
AD SET,120250639696880660,120250602165530660,2026-09-08,36.49,713,6,51.18,0.842,6.08,0,0,,,,Sessions beforeSep12 unavailable; Sep12 partial; property/retained starts unavailable; outcomes use occurrence day and exact stored IDs.
AD SET,120250639696880660,120250602165530660,2026-09-09,40.71,578,3,70.43,0.519,13.57,0,0,,,,Sessions beforeSep12 unavailable; Sep12 partial; property/retained starts unavailable; outcomes use occurrence day and exact stored IDs.
AD SET,120250639696880660,120250602165530660,2026-09-10,35.34,482,1,73.32,0.207,35.34,0,0,,,,Sessions beforeSep12 unavailable; Sep12 partial; property/retained starts unavailable; outcomes use occurrence day and exact stored IDs.
AD SET,120250639696880660,120250602165530660,2026-09-11,30.01,408,5,73.55,1.225,6.0,0,0,,,,Sessions beforeSep12 unavailable; Sep12 partial; property/retained starts unavailable; outcomes use occurrence day and exact stored IDs.
AD SET,120250639696880660,120250602165530660,2026-09-12,8.57,116,0,73.88,0.0,,0,0,,0,,Sessions beforeSep12 unavailable; Sep12 partial; property/retained starts unavailable; outcomes use occurrence day and exact stored IDs.
AD SET,120250639697240660,120250602165530660,2026-08-15,14.1,446,6,31.61,1.345,2.35,0,0,,,,Sessions beforeSep12 unavailable; Sep12 partial; property/retained starts unavailable; outcomes use occurrence day and exact stored IDs.
AD SET,120250639697240660,120250602165530660,2026-08-16,88.94,1515,9,58.71,0.594,9.88,0,0,,,,Sessions beforeSep12 unavailable; Sep12 partial; property/retained starts unavailable; outcomes use occurrence day and exact stored IDs.
AD SET,120250639697820660,120250602165530660,2026-08-15,14.06,525,4,26.78,0.762,3.52,0,0,,,,Sessions beforeSep12 unavailable; Sep12 partial; property/retained starts unavailable; outcomes use occurrence day and exact stored IDs.
AD SET,120250639697820660,120250602165530660,2026-08-16,120.27,3077,36,39.09,1.17,3.34,0,0,,,,Sessions beforeSep12 unavailable; Sep12 partial; property/retained starts unavailable; outcomes use occurrence day and exact stored IDs.
AD SET,120250639697820660,120250602165530660,2026-08-17,43.25,901,9,48.0,0.999,4.81,0,0,,,,Sessions beforeSep12 unavailable; Sep12 partial; property/retained starts unavailable; outcomes use occurrence day and exact stored IDs.
AD SET,120250639697820660,120250602165530660,2026-08-18,7.15,102,0,70.1,0.0,,0,0,,,,Sessions beforeSep12 unavailable; Sep12 partial; property/retained starts unavailable; outcomes use occurrence day and exact stored IDs.
AD SET,120250674343900660,120250602165530660,2026-08-17,98.76,2881,20,34.28,0.694,4.94,2,2,49.38,,,Sessions beforeSep12 unavailable; Sep12 partial; property/retained starts unavailable; outcomes use occurrence day and exact stored IDs.
AD SET,120250674343900660,120250602165530660,2026-08-18,164.31,4256,23,38.61,0.54,7.14,3,3,54.77,,,Sessions beforeSep12 unavailable; Sep12 partial; property/retained starts unavailable; outcomes use occurrence day and exact stored IDs.
AD SET,120250674343900660,120250602165530660,2026-08-19,163.38,3616,22,45.18,0.608,7.43,3,3,54.46,,,Sessions beforeSep12 unavailable; Sep12 partial; property/retained starts unavailable; outcomes use occurrence day and exact stored IDs.
AD SET,120250674343900660,120250602165530660,2026-08-20,68.01,1492,12,45.58,0.804,5.67,1,1,68.01,,,Sessions beforeSep12 unavailable; Sep12 partial; property/retained starts unavailable; outcomes use occurrence day and exact stored IDs.
AD SET,120250674343900660,120250602165530660,2026-08-21,81.67,2034,20,40.15,0.983,4.08,1,1,81.67,,,Sessions beforeSep12 unavailable; Sep12 partial; property/retained starts unavailable; outcomes use occurrence day and exact stored IDs.
AD SET,120250674343900660,120250602165530660,2026-08-22,54.07,1094,9,49.42,0.823,6.01,1,1,54.07,,,Sessions beforeSep12 unavailable; Sep12 partial; property/retained starts unavailable; outcomes use occurrence day and exact stored IDs.
AD SET,120250674343900660,120250602165530660,2026-08-23,86.62,1691,14,51.22,0.828,6.19,0,0,,,,Sessions beforeSep12 unavailable; Sep12 partial; property/retained starts unavailable; outcomes use occurrence day and exact stored IDs.
AD SET,120250674343900660,120250602165530660,2026-08-24,73.21,1708,8,42.86,0.468,9.15,0,0,,,,Sessions beforeSep12 unavailable; Sep12 partial; property/retained starts unavailable; outcomes use occurrence day and exact stored IDs.
AD SET,120250674343900660,120250602165530660,2026-08-25,64.47,1405,13,45.89,0.925,4.96,2,2,32.23,,,Sessions beforeSep12 unavailable; Sep12 partial; property/retained starts unavailable; outcomes use occurrence day and exact stored IDs.
AD SET,120250674343900660,120250602165530660,2026-08-26,80.6,2111,16,38.18,0.758,5.04,0,0,,,,Sessions beforeSep12 unavailable; Sep12 partial; property/retained starts unavailable; outcomes use occurrence day and exact stored IDs.
AD SET,120250674343900660,120250602165530660,2026-08-27,77.61,1808,14,42.93,0.774,5.54,2,2,38.8,,,Sessions beforeSep12 unavailable; Sep12 partial; property/retained starts unavailable; outcomes use occurrence day and exact stored IDs.
AD SET,120250674343900660,120250602165530660,2026-08-28,69.91,1678,10,41.66,0.596,6.99,0,0,,,,Sessions beforeSep12 unavailable; Sep12 partial; property/retained starts unavailable; outcomes use occurrence day and exact stored IDs.
AD SET,120250674343900660,120250602165530660,2026-08-29,66.05,1958,14,33.73,0.715,4.72,0,0,,,,Sessions beforeSep12 unavailable; Sep12 partial; property/retained starts unavailable; outcomes use occurrence day and exact stored IDs.
AD SET,120250674343900660,120250602165530660,2026-08-30,79.46,2176,16,36.52,0.735,4.97,1,1,79.46,,,Sessions beforeSep12 unavailable; Sep12 partial; property/retained starts unavailable; outcomes use occurrence day and exact stored IDs.
AD SET,120250674343900660,120250602165530660,2026-08-31,90.9,2766,17,32.86,0.615,5.35,0,0,,,,Sessions beforeSep12 unavailable; Sep12 partial; property/retained starts unavailable; outcomes use occurrence day and exact stored IDs.
AD SET,120250674343900660,120250602165530660,2026-09-01,80.01,2299,14,34.8,0.609,5.72,1,1,80.01,,,Sessions beforeSep12 unavailable; Sep12 partial; property/retained starts unavailable; outcomes use occurrence day and exact stored IDs.
AD SET,120250674343900660,120250602165530660,2026-09-02,67.33,2346,12,28.7,0.512,5.61,0,0,,,,Sessions beforeSep12 unavailable; Sep12 partial; property/retained starts unavailable; outcomes use occurrence day and exact stored IDs.
AD SET,120250674343900660,120250602165530660,2026-09-03,67.85,2233,17,30.39,0.761,3.99,0,0,,,,Sessions beforeSep12 unavailable; Sep12 partial; property/retained starts unavailable; outcomes use occurrence day and exact stored IDs.
AD SET,120250674343900660,120250602165530660,2026-09-04,65.12,1850,13,35.2,0.703,5.01,2,2,32.56,,,Sessions beforeSep12 unavailable; Sep12 partial; property/retained starts unavailable; outcomes use occurrence day and exact stored IDs.
AD SET,120250674343900660,120250602165530660,2026-09-05,71.75,2079,18,34.51,0.866,3.99,1,1,71.75,,,Sessions beforeSep12 unavailable; Sep12 partial; property/retained starts unavailable; outcomes use occurrence day and exact stored IDs.
AD SET,120250674343900660,120250602165530660,2026-09-06,78.51,1479,14,53.08,0.947,5.61,0,0,,,,Sessions beforeSep12 unavailable; Sep12 partial; property/retained starts unavailable; outcomes use occurrence day and exact stored IDs.
AD SET,120250674343900660,120250602165530660,2026-09-07,86.79,1836,15,47.27,0.817,5.79,2,2,43.4,,,Sessions beforeSep12 unavailable; Sep12 partial; property/retained starts unavailable; outcomes use occurrence day and exact stored IDs.
AD SET,120250674343900660,120250602165530660,2026-09-08,67.04,1598,5,41.95,0.313,13.41,0,0,,,,Sessions beforeSep12 unavailable; Sep12 partial; property/retained starts unavailable; outcomes use occurrence day and exact stored IDs.
AD SET,120250674343900660,120250602165530660,2026-09-09,63.36,1245,9,50.89,0.723,7.04,0,0,,,,Sessions beforeSep12 unavailable; Sep12 partial; property/retained starts unavailable; outcomes use occurrence day and exact stored IDs.
AD SET,120250674343900660,120250602165530660,2026-09-10,60.71,1326,7,45.78,0.528,8.67,0,0,,,,Sessions beforeSep12 unavailable; Sep12 partial; property/retained starts unavailable; outcomes use occurrence day and exact stored IDs.
AD SET,120250674343900660,120250602165530660,2026-09-11,55.65,1011,7,55.04,0.692,7.95,1,1,55.65,,,Sessions beforeSep12 unavailable; Sep12 partial; property/retained starts unavailable; outcomes use occurrence day and exact stored IDs.
AD SET,120250674343900660,120250602165530660,2026-09-12,54.79,1018,14,53.82,1.375,3.91,1,1,54.79,2,,Sessions beforeSep12 unavailable; Sep12 partial; property/retained starts unavailable; outcomes use occurrence day and exact stored IDs.
AD SET,120250674343900660,120250602165530660,2026-09-13,70.18,1093,10,64.21,0.915,7.02,0,0,,8,,Sessions beforeSep12 unavailable; Sep12 partial; property/retained starts unavailable; outcomes use occurrence day and exact stored IDs.
AD SET,120250674343900660,120250602165530660,2026-09-14,61.94,1011,3,61.27,0.297,20.65,0,0,,4,,Sessions beforeSep12 unavailable; Sep12 partial; property/retained starts unavailable; outcomes use occurrence day and exact stored IDs.
AD SET,120250674343900660,120250602165530660,2026-09-15,60.46,1209,14,50.01,1.158,4.32,0,0,,12,,Sessions beforeSep12 unavailable; Sep12 partial; property/retained starts unavailable; outcomes use occurrence day and exact stored IDs.
AD SET,120250674343900660,120250602165530660,2026-09-16,61.51,1029,7,59.78,0.68,8.79,0,0,,9,,Sessions beforeSep12 unavailable; Sep12 partial; property/retained starts unavailable; outcomes use occurrence day and exact stored IDs.
AD SET,120250674343900660,120250602165530660,2026-09-17,46.6,914,8,50.98,0.875,5.83,0,0,,9,,Sessions beforeSep12 unavailable; Sep12 partial; property/retained starts unavailable; outcomes use occurrence day and exact stored IDs.
AD SET,120250674343900660,120250602165530660,2026-09-18,45.53,854,8,53.31,0.937,5.69,0,0,,9,,Sessions beforeSep12 unavailable; Sep12 partial; property/retained starts unavailable; outcomes use occurrence day and exact stored IDs.
AD SET,120250729044840660,120250602165530660,2026-08-20,15.22,518,7,29.38,1.351,2.17,1,1,15.22,,,Sessions beforeSep12 unavailable; Sep12 partial; property/retained starts unavailable; outcomes use occurrence day and exact stored IDs.
AD SET,120250729044840660,120250602165530660,2026-08-21,42.61,1534,15,27.78,0.978,2.84,2,2,21.3,,,Sessions beforeSep12 unavailable; Sep12 partial; property/retained starts unavailable; outcomes use occurrence day and exact stored IDs.
AD SET,120250729044840660,120250602165530660,2026-08-22,29.76,1232,18,24.16,1.461,1.65,4,4,7.44,,,Sessions beforeSep12 unavailable; Sep12 partial; property/retained starts unavailable; outcomes use occurrence day and exact stored IDs.
AD SET,120250729044840660,120250602165530660,2026-08-23,55.53,2408,21,23.06,0.872,2.64,2,2,27.77,,,Sessions beforeSep12 unavailable; Sep12 partial; property/retained starts unavailable; outcomes use occurrence day and exact stored IDs.
AD SET,120250729044840660,120250602165530660,2026-08-24,122.11,5646,81,21.63,1.435,1.51,6,6,20.35,,,Sessions beforeSep12 unavailable; Sep12 partial; property/retained starts unavailable; outcomes use occurrence day and exact stored IDs.
AD SET,120250729044840660,120250602165530660,2026-08-25,66.9,3236,48,20.67,1.483,1.39,0,0,,,,Sessions beforeSep12 unavailable; Sep12 partial; property/retained starts unavailable; outcomes use occurrence day and exact stored IDs.
AD SET,120250729044840660,120250602165530660,2026-08-26,90.61,2817,34,32.17,1.207,2.67,3,3,30.2,,,Sessions beforeSep12 unavailable; Sep12 partial; property/retained starts unavailable; outcomes use occurrence day and exact stored IDs.
AD SET,120250729044840660,120250602165530660,2026-08-27,138.3,5912,68,23.39,1.15,2.03,5,5,27.66,,,Sessions beforeSep12 unavailable; Sep12 partial; property/retained starts unavailable; outcomes use occurrence day and exact stored IDs.
AD SET,120250729044840660,120250602165530660,2026-08-28,105.18,3824,30,27.51,0.785,3.51,3,3,35.06,,,Sessions beforeSep12 unavailable; Sep12 partial; property/retained starts unavailable; outcomes use occurrence day and exact stored IDs.
AD SET,120250729044840660,120250602165530660,2026-08-29,101.41,3963,36,25.59,0.908,2.82,6,6,16.9,,,Sessions beforeSep12 unavailable; Sep12 partial; property/retained starts unavailable; outcomes use occurrence day and exact stored IDs.
AD SET,120250729044840660,120250602165530660,2026-08-30,139.84,6104,67,22.91,1.098,2.09,7,7,19.98,,,Sessions beforeSep12 unavailable; Sep12 partial; property/retained starts unavailable; outcomes use occurrence day and exact stored IDs.
AD SET,120250729044840660,120250602165530660,2026-08-31,125.23,5906,70,21.2,1.185,1.79,1,1,125.23,,,Sessions beforeSep12 unavailable; Sep12 partial; property/retained starts unavailable; outcomes use occurrence day and exact stored IDs.
AD SET,120250729044840660,120250602165530660,2026-09-01,118.43,5443,36,21.76,0.661,3.29,1,1,118.43,,,Sessions beforeSep12 unavailable; Sep12 partial; property/retained starts unavailable; outcomes use occurrence day and exact stored IDs.
AD SET,120250729044840660,120250602165530660,2026-09-02,113.86,4986,36,22.84,0.722,3.16,0,0,,,,Sessions beforeSep12 unavailable; Sep12 partial; property/retained starts unavailable; outcomes use occurrence day and exact stored IDs.
AD SET,120250893032620660,120250602165530660,2026-09-03,45.67,1199,11,38.09,0.917,4.15,1,1,45.67,,,Sessions beforeSep12 unavailable; Sep12 partial; property/retained starts unavailable; outcomes use occurrence day and exact stored IDs.
AD SET,120250893032620660,120250602165530660,2026-09-04,35.3,1062,6,33.24,0.565,5.88,0,0,,,,Sessions beforeSep12 unavailable; Sep12 partial; property/retained starts unavailable; outcomes use occurrence day and exact stored IDs.
AD SET,120250893032620660,120250602165530660,2026-09-05,53.28,1273,4,41.85,0.314,13.32,0,0,,,,Sessions beforeSep12 unavailable; Sep12 partial; property/retained starts unavailable; outcomes use occurrence day and exact stored IDs.
AD SET,120250893032620660,120250602165530660,2026-09-06,43.89,925,3,47.45,0.324,14.63,0,0,,,,Sessions beforeSep12 unavailable; Sep12 partial; property/retained starts unavailable; outcomes use occurrence day and exact stored IDs.
AD SET,120250893032620660,120250602165530660,2026-09-07,35.15,720,4,48.82,0.556,8.79,0,0,,,,Sessions beforeSep12 unavailable; Sep12 partial; property/retained starts unavailable; outcomes use occurrence day and exact stored IDs.
AD SET,120250893032620660,120250602165530660,2026-09-08,43.43,948,4,45.81,0.422,10.86,0,0,,,,Sessions beforeSep12 unavailable; Sep12 partial; property/retained starts unavailable; outcomes use occurrence day and exact stored IDs.
AD SET,120250893032620660,120250602165530660,2026-09-09,0.95,17,0,55.88,0.0,,0,0,,,,Sessions beforeSep12 unavailable; Sep12 partial; property/retained starts unavailable; outcomes use occurrence day and exact stored IDs.
AD SET,120250893032970660,120250602165530660,2026-09-03,33.52,334,1,100.36,0.299,33.52,1,1,33.52,,,Sessions beforeSep12 unavailable; Sep12 partial; property/retained starts unavailable; outcomes use occurrence day and exact stored IDs.
AD SET,120250893032970660,120250602165530660,2026-09-04,24.12,220,0,109.64,0.0,,0,0,,,,Sessions beforeSep12 unavailable; Sep12 partial; property/retained starts unavailable; outcomes use occurrence day and exact stored IDs.
AD SET,120250893032970660,120250602165530660,2026-09-05,17.55,235,1,74.68,0.426,17.55,0,0,,,,Sessions beforeSep12 unavailable; Sep12 partial; property/retained starts unavailable; outcomes use occurrence day and exact stored IDs.
AD SET,120250893032970660,120250602165530660,2026-09-06,40.12,335,4,119.76,1.194,10.03,0,0,,,,Sessions beforeSep12 unavailable; Sep12 partial; property/retained starts unavailable; outcomes use occurrence day and exact stored IDs.
AD SET,120250893032970660,120250602165530660,2026-09-07,41.01,369,1,111.14,0.271,41.01,0,0,,,,Sessions beforeSep12 unavailable; Sep12 partial; property/retained starts unavailable; outcomes use occurrence day and exact stored IDs.
AD SET,120250893032970660,120250602165530660,2026-09-08,29.99,225,0,133.29,0.0,,0,0,,,,Sessions beforeSep12 unavailable; Sep12 partial; property/retained starts unavailable; outcomes use occurrence day and exact stored IDs.
AD SET,120250893034090660,120250602165530660,2026-09-03,36.29,371,1,97.82,0.27,36.29,0,0,,,,Sessions beforeSep12 unavailable; Sep12 partial; property/retained starts unavailable; outcomes use occurrence day and exact stored IDs.
AD SET,120250893034090660,120250602165530660,2026-09-04,32.24,344,1,93.72,0.291,32.24,0,0,,,,Sessions beforeSep12 unavailable; Sep12 partial; property/retained starts unavailable; outcomes use occurrence day and exact stored IDs.
AD SET,120250893034090660,120250602165530660,2026-09-05,21.66,247,1,87.69,0.405,21.66,0,0,,,,Sessions beforeSep12 unavailable; Sep12 partial; property/retained starts unavailable; outcomes use occurrence day and exact stored IDs.
AD SET,120250893034090660,120250602165530660,2026-09-06,47.89,449,5,106.66,1.114,9.58,1,1,47.89,,,Sessions beforeSep12 unavailable; Sep12 partial; property/retained starts unavailable; outcomes use occurrence day and exact stored IDs.
AD SET,120250893034090660,120250602165530660,2026-09-07,45.83,307,3,149.28,0.977,15.28,1,1,45.83,,,Sessions beforeSep12 unavailable; Sep12 partial; property/retained starts unavailable; outcomes use occurrence day and exact stored IDs.
AD SET,120250893034090660,120250602165530660,2026-09-08,29.36,235,2,124.94,0.851,14.68,0,0,,,,Sessions beforeSep12 unavailable; Sep12 partial; property/retained starts unavailable; outcomes use occurrence day and exact stored IDs.
AD SET,120250893034090660,120250602165530660,2026-09-09,0.03,3,0,10.0,0.0,,0,0,,,,Sessions beforeSep12 unavailable; Sep12 partial; property/retained starts unavailable; outcomes use occurrence day and exact stored IDs.
AD SET,120250893035640660,120250602165530660,2026-09-03,21.46,597,3,35.95,0.503,7.15,0,0,,,,Sessions beforeSep12 unavailable; Sep12 partial; property/retained starts unavailable; outcomes use occurrence day and exact stored IDs.
AD SET,120250893035640660,120250602165530660,2026-09-04,19.42,414,1,46.91,0.242,19.42,0,0,,,,Sessions beforeSep12 unavailable; Sep12 partial; property/retained starts unavailable; outcomes use occurrence day and exact stored IDs.
AD SET,120250893035640660,120250602165530660,2026-09-05,18.97,440,0,43.11,0.0,,0,0,,,,Sessions beforeSep12 unavailable; Sep12 partial; property/retained starts unavailable; outcomes use occurrence day and exact stored IDs.
AD SET,120250893035640660,120250602165530660,2026-09-06,27.72,661,4,41.94,0.605,6.93,0,0,,,,Sessions beforeSep12 unavailable; Sep12 partial; property/retained starts unavailable; outcomes use occurrence day and exact stored IDs.
AD SET,120250893035640660,120250602165530660,2026-09-07,22.06,439,1,50.25,0.228,22.06,0,0,,,,Sessions beforeSep12 unavailable; Sep12 partial; property/retained starts unavailable; outcomes use occurrence day and exact stored IDs.
AD SET,120250893035640660,120250602165530660,2026-09-08,12.53,240,0,52.21,0.0,,0,0,,,,Sessions beforeSep12 unavailable; Sep12 partial; property/retained starts unavailable; outcomes use occurrence day and exact stored IDs.
AD SET,120250893035640660,120250602165530660,2026-09-09,0.81,16,0,50.62,0.0,,0,0,,,,Sessions beforeSep12 unavailable; Sep12 partial; property/retained starts unavailable; outcomes use occurrence day and exact stored IDs.
AD SET,120250893036610660,120250602165530660,2026-09-03,18.48,423,2,43.69,0.473,9.24,0,0,,,,Sessions beforeSep12 unavailable; Sep12 partial; property/retained starts unavailable; outcomes use occurrence day and exact stored IDs.
AD SET,120250893036610660,120250602165530660,2026-09-04,24.84,751,3,33.08,0.399,8.28,0,0,,,,Sessions beforeSep12 unavailable; Sep12 partial; property/retained starts unavailable; outcomes use occurrence day and exact stored IDs.
AD SET,120250893036610660,120250602165530660,2026-09-05,16.6,648,4,25.62,0.617,4.15,0,0,,,,Sessions beforeSep12 unavailable; Sep12 partial; property/retained starts unavailable; outcomes use occurrence day and exact stored IDs.
AD SET,120250893036610660,120250602165530660,2026-09-06,21.87,578,3,37.84,0.519,7.29,0,0,,,,Sessions beforeSep12 unavailable; Sep12 partial; property/retained starts unavailable; outcomes use occurrence day and exact stored IDs.
AD SET,120250893036610660,120250602165530660,2026-09-07,18.01,278,2,64.78,0.719,9.01,0,0,,,,Sessions beforeSep12 unavailable; Sep12 partial; property/retained starts unavailable; outcomes use occurrence day and exact stored IDs.
AD SET,120250893036610660,120250602165530660,2026-09-08,19.68,356,3,55.28,0.843,6.56,0,0,,,,Sessions beforeSep12 unavailable; Sep12 partial; property/retained starts unavailable; outcomes use occurrence day and exact stored IDs.
AD SET,120250893036610660,120250602165530660,2026-09-09,0.35,8,0,43.75,0.0,,0,0,,,,Sessions beforeSep12 unavailable; Sep12 partial; property/retained starts unavailable; outcomes use occurrence day and exact stored IDs.
AD SET,120250893037930660,120250602165530660,2026-09-03,19.44,501,4,38.8,0.798,4.86,1,1,19.44,,,Sessions beforeSep12 unavailable; Sep12 partial; property/retained starts unavailable; outcomes use occurrence day and exact stored IDs.
AD SET,120250893037930660,120250602165530660,2026-09-04,20.41,436,7,46.81,1.606,2.92,0,0,,,,Sessions beforeSep12 unavailable; Sep12 partial; property/retained starts unavailable; outcomes use occurrence day and exact stored IDs.
AD SET,120250893037930660,120250602165530660,2026-09-05,19.84,534,0,37.15,0.0,,0,0,,,,Sessions beforeSep12 unavailable; Sep12 partial; property/retained starts unavailable; outcomes use occurrence day and exact stored IDs.
AD SET,120250893037930660,120250602165530660,2026-09-06,25.23,546,1,46.21,0.183,25.23,0,0,,,,Sessions beforeSep12 unavailable; Sep12 partial; property/retained starts unavailable; outcomes use occurrence day and exact stored IDs.
AD SET,120250893037930660,120250602165530660,2026-09-07,24.11,526,2,45.84,0.38,12.05,1,1,24.11,,,Sessions beforeSep12 unavailable; Sep12 partial; property/retained starts unavailable; outcomes use occurrence day and exact stored IDs.
AD SET,120250893037930660,120250602165530660,2026-09-08,21.23,460,5,46.15,1.087,4.25,0,0,,,,Sessions beforeSep12 unavailable; Sep12 partial; property/retained starts unavailable; outcomes use occurrence day and exact stored IDs.
AD SET,120250893037930660,120250602165530660,2026-09-09,22.12,391,2,56.57,0.512,11.06,0,0,,,,Sessions beforeSep12 unavailable; Sep12 partial; property/retained starts unavailable; outcomes use occurrence day and exact stored IDs.
AD SET,120250893037930660,120250602165530660,2026-09-10,13.96,288,1,48.47,0.347,13.96,0,0,,,,Sessions beforeSep12 unavailable; Sep12 partial; property/retained starts unavailable; outcomes use occurrence day and exact stored IDs.
AD SET,120250893037930660,120250602165530660,2026-09-11,22.59,393,4,57.48,1.018,5.65,0,0,,,,Sessions beforeSep12 unavailable; Sep12 partial; property/retained starts unavailable; outcomes use occurrence day and exact stored IDs.
AD SET,120250893037930660,120250602165530660,2026-09-12,5.01,132,0,37.95,0.0,,0,0,,0,,Sessions beforeSep12 unavailable; Sep12 partial; property/retained starts unavailable; outcomes use occurrence day and exact stored IDs.
AD SET,120250893038470660,120250602165530660,2026-09-03,16.8,531,3,31.64,0.565,5.6,0,0,,,,Sessions beforeSep12 unavailable; Sep12 partial; property/retained starts unavailable; outcomes use occurrence day and exact stored IDs.
AD SET,120250893038470660,120250602165530660,2026-09-04,21.55,516,1,41.76,0.194,21.55,0,0,,,,Sessions beforeSep12 unavailable; Sep12 partial; property/retained starts unavailable; outcomes use occurrence day and exact stored IDs.
AD SET,120250893038470660,120250602165530660,2026-09-05,21.16,560,1,37.79,0.179,21.16,0,0,,,,Sessions beforeSep12 unavailable; Sep12 partial; property/retained starts unavailable; outcomes use occurrence day and exact stored IDs.
AD SET,120250893038470660,120250602165530660,2026-09-06,23.2,469,4,49.47,0.853,5.8,0,0,,,,Sessions beforeSep12 unavailable; Sep12 partial; property/retained starts unavailable; outcomes use occurrence day and exact stored IDs.
AD SET,120250893038470660,120250602165530660,2026-09-07,14.58,241,1,60.5,0.415,14.58,0,0,,,,Sessions beforeSep12 unavailable; Sep12 partial; property/retained starts unavailable; outcomes use occurrence day and exact stored IDs.
AD SET,120250893038470660,120250602165530660,2026-09-08,13.95,284,0,49.12,0.0,,0,0,,,,Sessions beforeSep12 unavailable; Sep12 partial; property/retained starts unavailable; outcomes use occurrence day and exact stored IDs.
AD SET,120250893038470660,120250602165530660,2026-09-09,1.18,10,0,118.0,0.0,,0,0,,,,Sessions beforeSep12 unavailable; Sep12 partial; property/retained starts unavailable; outcomes use occurrence day and exact stored IDs.
AD SET,120250893040020660,120250602165530660,2026-09-03,16.4,611,1,26.84,0.164,16.4,0,0,,,,Sessions beforeSep12 unavailable; Sep12 partial; property/retained starts unavailable; outcomes use occurrence day and exact stored IDs.
AD SET,120250893040020660,120250602165530660,2026-09-04,25.28,825,6,30.64,0.727,4.21,0,0,,,,Sessions beforeSep12 unavailable; Sep12 partial; property/retained starts unavailable; outcomes use occurrence day and exact stored IDs.
AD SET,120250893040020660,120250602165530660,2026-09-05,18.49,744,3,24.85,0.403,6.16,0,0,,,,Sessions beforeSep12 unavailable; Sep12 partial; property/retained starts unavailable; outcomes use occurrence day and exact stored IDs.
AD SET,120250893040020660,120250602165530660,2026-09-06,21.78,706,5,30.85,0.708,4.36,1,1,21.78,,,Sessions beforeSep12 unavailable; Sep12 partial; property/retained starts unavailable; outcomes use occurrence day and exact stored IDs.
AD SET,120250893040020660,120250602165530660,2026-09-07,22.14,608,3,36.41,0.493,7.38,0,0,,,,Sessions beforeSep12 unavailable; Sep12 partial; property/retained starts unavailable; outcomes use occurrence day and exact stored IDs.
AD SET,120250893040020660,120250602165530660,2026-09-08,15.58,606,4,25.71,0.66,3.9,0,0,,,,Sessions beforeSep12 unavailable; Sep12 partial; property/retained starts unavailable; outcomes use occurrence day and exact stored IDs.
AD SET,120250893040020660,120250602165530660,2026-09-09,0.88,22,1,40.0,4.545,0.88,0,0,,,,Sessions beforeSep12 unavailable; Sep12 partial; property/retained starts unavailable; outcomes use occurrence day and exact stored IDs.
AD SET,120251012009570660,120250602165530660,2026-09-09,114.81,2880,23,39.86,0.799,4.99,1,0,114.81,,,Sessions beforeSep12 unavailable; Sep12 partial; property/retained starts unavailable; outcomes use occurrence day and exact stored IDs.
AD SET,120251012009570660,120250602165530660,2026-09-10,144.85,4082,27,35.49,0.661,5.36,0,0,,,,Sessions beforeSep12 unavailable; Sep12 partial; property/retained starts unavailable; outcomes use occurrence day and exact stored IDs.
AD SET,120251012009570660,120250602165530660,2026-09-11,358.9,10020,47,35.82,0.469,7.64,0,0,,,,Sessions beforeSep12 unavailable; Sep12 partial; property/retained starts unavailable; outcomes use occurrence day and exact stored IDs.
AD SET,120251012009570660,120250602165530660,2026-09-12,252.03,6420,39,39.26,0.607,6.46,1,1,252.03,11,,Sessions beforeSep12 unavailable; Sep12 partial; property/retained starts unavailable; outcomes use occurrence day and exact stored IDs.
AD SET,120251012009570660,120250602165530660,2026-09-13,234.69,5170,22,45.39,0.426,10.67,0,0,,21,,Sessions beforeSep12 unavailable; Sep12 partial; property/retained starts unavailable; outcomes use occurrence day and exact stored IDs.
AD SET,120251012009570660,120250602165530660,2026-09-14,155.15,3133,15,49.52,0.479,10.34,0,0,,15,,Sessions beforeSep12 unavailable; Sep12 partial; property/retained starts unavailable; outcomes use occurrence day and exact stored IDs.
AD SET,120251012009570660,120250602165530660,2026-09-15,174.51,3655,14,47.75,0.383,12.46,1,1,174.51,15,,Sessions beforeSep12 unavailable; Sep12 partial; property/retained starts unavailable; outcomes use occurrence day and exact stored IDs.
AD SET,120251012009570660,120250602165530660,2026-09-16,234.76,4283,28,54.81,0.654,8.38,0,0,,32,,Sessions beforeSep12 unavailable; Sep12 partial; property/retained starts unavailable; outcomes use occurrence day and exact stored IDs.
AD SET,120251012009570660,120250602165530660,2026-09-17,234.44,2732,15,85.81,0.549,15.63,0,0,,18,,Sessions beforeSep12 unavailable; Sep12 partial; property/retained starts unavailable; outcomes use occurrence day and exact stored IDs.
AD SET,120251012009570660,120250602165530660,2026-09-18,143.4,1129,12,127.02,1.063,11.95,0,0,,11,,Sessions beforeSep12 unavailable; Sep12 partial; property/retained starts unavailable; outcomes use occurrence day and exact stored IDs.
AD SET,120251012009850660,120250602165530660,2026-09-09,96.47,1406,6,68.61,0.427,16.08,1,1,96.47,,,Sessions beforeSep12 unavailable; Sep12 partial; property/retained starts unavailable; outcomes use occurrence day and exact stored IDs.
AD SET,120251012009850660,120250602165530660,2026-09-10,78.41,1255,7,62.48,0.558,11.2,1,1,78.41,,,Sessions beforeSep12 unavailable; Sep12 partial; property/retained starts unavailable; outcomes use occurrence day and exact stored IDs.
AD SET,120251012009850660,120250602165530660,2026-09-11,45.95,579,5,79.36,0.864,9.19,1,1,45.95,,,Sessions beforeSep12 unavailable; Sep12 partial; property/retained starts unavailable; outcomes use occurrence day and exact stored IDs.
AD SET,120251012009850660,120250602165530660,2026-09-12,76.15,1358,11,56.08,0.81,6.92,1,1,76.15,0,,Sessions beforeSep12 unavailable; Sep12 partial; property/retained starts unavailable; outcomes use occurrence day and exact stored IDs.
AD SET,120251012009850660,120250602165530660,2026-09-13,133.51,2245,13,59.47,0.579,10.27,1,1,133.51,12,,Sessions beforeSep12 unavailable; Sep12 partial; property/retained starts unavailable; outcomes use occurrence day and exact stored IDs.
AD SET,120251012009850660,120250602165530660,2026-09-14,115.16,1867,12,61.68,0.643,9.6,1,1,115.16,12,,Sessions beforeSep12 unavailable; Sep12 partial; property/retained starts unavailable; outcomes use occurrence day and exact stored IDs.
AD SET,120251012009850660,120250602165530660,2026-09-15,114.82,2103,9,54.6,0.428,12.76,1,1,114.82,9,,Sessions beforeSep12 unavailable; Sep12 partial; property/retained starts unavailable; outcomes use occurrence day and exact stored IDs.
AD SET,120251012009850660,120250602165530660,2026-09-16,83.99,1543,6,54.43,0.389,14.0,0,0,,6,,Sessions beforeSep12 unavailable; Sep12 partial; property/retained starts unavailable; outcomes use occurrence day and exact stored IDs.
AD SET,120251012009850660,120250602165530660,2026-09-17,79.43,1462,7,54.33,0.479,11.35,0,0,,6,,Sessions beforeSep12 unavailable; Sep12 partial; property/retained starts unavailable; outcomes use occurrence day and exact stored IDs.
AD SET,120251012009850660,120250602165530660,2026-09-18,101.31,1944,8,52.11,0.412,12.66,0,0,,7,,Sessions beforeSep12 unavailable; Sep12 partial; property/retained starts unavailable; outcomes use occurrence day and exact stored IDs.
AD SET,120251012010260660,120250602165530660,2026-09-09,83.04,1543,10,53.82,0.648,8.3,0,0,,,,Sessions beforeSep12 unavailable; Sep12 partial; property/retained starts unavailable; outcomes use occurrence day and exact stored IDs.
AD SET,120251012010260660,120250602165530660,2026-09-10,80.57,1820,14,44.27,0.769,5.75,3,3,26.86,,,Sessions beforeSep12 unavailable; Sep12 partial; property/retained starts unavailable; outcomes use occurrence day and exact stored IDs.
AD SET,120251012010260660,120250602165530660,2026-09-11,63.34,1627,14,38.93,0.86,4.52,0,0,,,,Sessions beforeSep12 unavailable; Sep12 partial; property/retained starts unavailable; outcomes use occurrence day and exact stored IDs.
AD SET,120251012010260660,120250602165530660,2026-09-12,48.08,1378,7,34.89,0.508,6.87,0,0,,0,,Sessions beforeSep12 unavailable; Sep12 partial; property/retained starts unavailable; outcomes use occurrence day and exact stored IDs.
AD SET,120251012010260660,120250602165530660,2026-09-13,55.77,1415,10,39.41,0.707,5.58,0,0,,9,,Sessions beforeSep12 unavailable; Sep12 partial; property/retained starts unavailable; outcomes use occurrence day and exact stored IDs.
AD SET,120251012010260660,120250602165530660,2026-09-14,40.88,733,3,55.77,0.409,13.63,1,1,40.88,4,,Sessions beforeSep12 unavailable; Sep12 partial; property/retained starts unavailable; outcomes use occurrence day and exact stored IDs.
AD SET,120251012010260660,120250602165530660,2026-09-15,65.94,1461,6,45.13,0.411,10.99,1,1,65.94,6,,Sessions beforeSep12 unavailable; Sep12 partial; property/retained starts unavailable; outcomes use occurrence day and exact stored IDs.
AD SET,120251012010260660,120250602165530660,2026-09-16,52.78,1263,8,41.79,0.633,6.6,1,1,52.78,8,,Sessions beforeSep12 unavailable; Sep12 partial; property/retained starts unavailable; outcomes use occurrence day and exact stored IDs.
AD SET,120251012010260660,120250602165530660,2026-09-17,50.35,980,2,51.38,0.204,25.18,1,1,50.35,4,,Sessions beforeSep12 unavailable; Sep12 partial; property/retained starts unavailable; outcomes use occurrence day and exact stored IDs.
AD SET,120251012010260660,120250602165530660,2026-09-18,43.46,962,1,45.18,0.104,43.46,0,0,,1,,Sessions beforeSep12 unavailable; Sep12 partial; property/retained starts unavailable; outcomes use occurrence day and exact stored IDs.
AD SET,120251012010590660,120250602165530660,2026-09-09,52.79,1419,12,37.2,0.846,4.4,1,1,52.79,,,Sessions beforeSep12 unavailable; Sep12 partial; property/retained starts unavailable; outcomes use occurrence day and exact stored IDs.
AD SET,120251012010590660,120250602165530660,2026-09-10,31.71,859,5,36.92,0.582,6.34,0,0,,,,Sessions beforeSep12 unavailable; Sep12 partial; property/retained starts unavailable; outcomes use occurrence day and exact stored IDs.
AD SET,120251054835790660,120250602165530660,2026-09-10,11.56,231,1,50.04,0.433,11.56,0,0,,,,Sessions beforeSep12 unavailable; Sep12 partial; property/retained starts unavailable; outcomes use occurrence day and exact stored IDs.
AD SET,120251054835790660,120250602165530660,2026-09-11,43.18,846,4,51.04,0.473,10.79,0,0,,,,Sessions beforeSep12 unavailable; Sep12 partial; property/retained starts unavailable; outcomes use occurrence day and exact stored IDs.
AD SET,120251054835790660,120250602165530660,2026-09-12,19.69,398,2,49.47,0.503,9.85,1,1,19.69,0,,Sessions beforeSep12 unavailable; Sep12 partial; property/retained starts unavailable; outcomes use occurrence day and exact stored IDs.
AD SET,120251054836510660,120250602165530660,2026-09-10,9.61,157,1,61.21,0.637,9.61,0,0,,,,Sessions beforeSep12 unavailable; Sep12 partial; property/retained starts unavailable; outcomes use occurrence day and exact stored IDs.
AD SET,120251054836510660,120250602165530660,2026-09-11,48.39,617,3,78.43,0.486,16.13,0,0,,,,Sessions beforeSep12 unavailable; Sep12 partial; property/retained starts unavailable; outcomes use occurrence day and exact stored IDs.
AD SET,120251054836510660,120250602165530660,2026-09-12,17.51,235,2,74.51,0.851,8.76,0,0,,0,,Sessions beforeSep12 unavailable; Sep12 partial; property/retained starts unavailable; outcomes use occurrence day and exact stored IDs.
AD SET,120251054836800660,120250602165530660,2026-09-10,7.56,178,1,42.47,0.562,7.56,0,0,,,,Sessions beforeSep12 unavailable; Sep12 partial; property/retained starts unavailable; outcomes use occurrence day and exact stored IDs.
AD SET,120251054836800660,120250602165530660,2026-09-11,53.68,1156,7,46.44,0.606,7.67,0,0,,,,Sessions beforeSep12 unavailable; Sep12 partial; property/retained starts unavailable; outcomes use occurrence day and exact stored IDs.
AD SET,120251054836800660,120250602165530660,2026-09-12,17.92,224,0,80.0,0.0,,0,0,,0,,Sessions beforeSep12 unavailable; Sep12 partial; property/retained starts unavailable; outcomes use occurrence day and exact stored IDs.
AD SET,120251054837090660,120250602165530660,2026-09-10,7.38,200,0,36.9,0.0,,0,0,,,,Sessions beforeSep12 unavailable; Sep12 partial; property/retained starts unavailable; outcomes use occurrence day and exact stored IDs.
AD SET,120251054837090660,120250602165530660,2026-09-11,70.18,1526,4,45.99,0.262,17.55,0,0,,,,Sessions beforeSep12 unavailable; Sep12 partial; property/retained starts unavailable; outcomes use occurrence day and exact stored IDs.
AD SET,120251054837090660,120250602165530660,2026-09-12,17.12,310,2,55.23,0.645,8.56,0,0,,0,,Sessions beforeSep12 unavailable; Sep12 partial; property/retained starts unavailable; outcomes use occurrence day and exact stored IDs.
AD SET,120251056378500660,120250602165530660,2026-09-11,105.33,2453,7,42.94,0.285,15.05,0,0,,,,Sessions beforeSep12 unavailable; Sep12 partial; property/retained starts unavailable; outcomes use occurrence day and exact stored IDs.
AD SET,120251056378500660,120250602165530660,2026-09-12,35.87,471,4,76.16,0.849,8.97,0,0,,0,,Sessions beforeSep12 unavailable; Sep12 partial; property/retained starts unavailable; outcomes use occurrence day and exact stored IDs.
AD SET,120251001084230660,120251001083740660,2026-09-08,11.6,357,1,32.49,0.28,11.6,0,0,,,,Sessions beforeSep12 unavailable; Sep12 partial; property/retained starts unavailable; outcomes use occurrence day and exact stored IDs.
AD SET,120251001084230660,120251001083740660,2026-09-09,24.07,604,5,39.85,0.828,4.81,0,0,,,,Sessions beforeSep12 unavailable; Sep12 partial; property/retained starts unavailable; outcomes use occurrence day and exact stored IDs.
AD SET,120251001084230660,120251001083740660,2026-09-10,17.87,434,1,41.18,0.23,17.87,0,0,,,,Sessions beforeSep12 unavailable; Sep12 partial; property/retained starts unavailable; outcomes use occurrence day and exact stored IDs.
AD SET,120251001084230660,120251001083740660,2026-09-11,17.06,321,5,53.15,1.558,3.41,0,0,,,,Sessions beforeSep12 unavailable; Sep12 partial; property/retained starts unavailable; outcomes use occurrence day and exact stored IDs.
AD SET,120251001084230660,120251001083740660,2026-09-12,6.82,180,0,37.89,0.0,,0,0,,0,,Sessions beforeSep12 unavailable; Sep12 partial; property/retained starts unavailable; outcomes use occurrence day and exact stored IDs.
AD SET,120251001087430660,120251001083740660,2026-09-08,13.25,352,2,37.64,0.568,6.62,2,1,6.62,,,Sessions beforeSep12 unavailable; Sep12 partial; property/retained starts unavailable; outcomes use occurrence day and exact stored IDs.
AD SET,120251001087430660,120251001083740660,2026-09-09,25.3,632,4,40.03,0.633,6.33,1,1,25.3,,,Sessions beforeSep12 unavailable; Sep12 partial; property/retained starts unavailable; outcomes use occurrence day and exact stored IDs.
AD SET,120251001087430660,120251001083740660,2026-09-10,21.44,606,2,35.38,0.33,10.72,1,1,21.44,,,Sessions beforeSep12 unavailable; Sep12 partial; property/retained starts unavailable; outcomes use occurrence day and exact stored IDs.
AD SET,120251001087430660,120251001083740660,2026-09-11,15.36,357,1,43.03,0.28,15.36,0,0,,,,Sessions beforeSep12 unavailable; Sep12 partial; property/retained starts unavailable; outcomes use occurrence day and exact stored IDs.
AD SET,120251001087430660,120251001083740660,2026-09-12,4.48,118,2,37.97,1.695,2.24,0,0,,0,,Sessions beforeSep12 unavailable; Sep12 partial; property/retained starts unavailable; outcomes use occurrence day and exact stored IDs.
AD SET,120251001089630660,120251001083740660,2026-09-08,12.06,350,0,34.46,0.0,,0,0,,,,Sessions beforeSep12 unavailable; Sep12 partial; property/retained starts unavailable; outcomes use occurrence day and exact stored IDs.
AD SET,120251001089630660,120251001083740660,2026-09-09,21.95,471,1,46.6,0.212,21.95,1,1,21.95,,,Sessions beforeSep12 unavailable; Sep12 partial; property/retained starts unavailable; outcomes use occurrence day and exact stored IDs.
AD SET,120251001089630660,120251001083740660,2026-09-10,18.75,495,1,37.88,0.202,18.75,0,0,,,,Sessions beforeSep12 unavailable; Sep12 partial; property/retained starts unavailable; outcomes use occurrence day and exact stored IDs.
AD SET,120251001089630660,120251001083740660,2026-09-11,20.53,554,4,37.06,0.722,5.13,1,1,20.53,,,Sessions beforeSep12 unavailable; Sep12 partial; property/retained starts unavailable; outcomes use occurrence day and exact stored IDs.
AD SET,120251001089630660,120251001083740660,2026-09-12,4.13,96,0,43.02,0.0,,0,0,,0,,Sessions beforeSep12 unavailable; Sep12 partial; property/retained starts unavailable; outcomes use occurrence day and exact stored IDs.
AD SET,120251001091900660,120251001083740660,2026-09-08,12.38,282,1,43.9,0.355,12.38,0,0,,,,Sessions beforeSep12 unavailable; Sep12 partial; property/retained starts unavailable; outcomes use occurrence day and exact stored IDs.
AD SET,120251001091900660,120251001083740660,2026-09-09,24.5,690,6,35.51,0.87,4.08,0,0,,,,Sessions beforeSep12 unavailable; Sep12 partial; property/retained starts unavailable; outcomes use occurrence day and exact stored IDs.
AD SET,120251001091900660,120251001083740660,2026-09-10,18.27,580,3,31.5,0.517,6.09,0,0,,,,Sessions beforeSep12 unavailable; Sep12 partial; property/retained starts unavailable; outcomes use occurrence day and exact stored IDs.
AD SET,120251001091900660,120251001083740660,2026-09-11,14.03,366,2,38.33,0.546,7.01,0,0,,,,Sessions beforeSep12 unavailable; Sep12 partial; property/retained starts unavailable; outcomes use occurrence day and exact stored IDs.
AD SET,120251001091900660,120251001083740660,2026-09-12,7.65,213,5,35.92,2.347,1.53,0,0,,0,,Sessions beforeSep12 unavailable; Sep12 partial; property/retained starts unavailable; outcomes use occurrence day and exact stored IDs.
AD SET,120251001093820660,120251001083740660,2026-09-08,12.59,353,5,35.67,1.416,2.52,0,0,,,,Sessions beforeSep12 unavailable; Sep12 partial; property/retained starts unavailable; outcomes use occurrence day and exact stored IDs.
AD SET,120251001093820660,120251001083740660,2026-09-09,23.37,545,2,42.88,0.367,11.69,0,0,,,,Sessions beforeSep12 unavailable; Sep12 partial; property/retained starts unavailable; outcomes use occurrence day and exact stored IDs.
AD SET,120251001093820660,120251001083740660,2026-09-10,16.05,358,1,44.83,0.279,16.05,0,0,,,,Sessions beforeSep12 unavailable; Sep12 partial; property/retained starts unavailable; outcomes use occurrence day and exact stored IDs.
AD SET,120251001093820660,120251001083740660,2026-09-11,19.96,461,1,43.3,0.217,19.96,1,1,19.96,,,Sessions beforeSep12 unavailable; Sep12 partial; property/retained starts unavailable; outcomes use occurrence day and exact stored IDs.
AD SET,120251001093820660,120251001083740660,2026-09-12,4.81,120,0,40.08,0.0,,0,0,,0,,Sessions beforeSep12 unavailable; Sep12 partial; property/retained starts unavailable; outcomes use occurrence day and exact stored IDs.
AD SET,120251001097460660,120251001083740660,2026-09-08,15.57,569,8,27.36,1.406,1.95,0,0,,,,Sessions beforeSep12 unavailable; Sep12 partial; property/retained starts unavailable; outcomes use occurrence day and exact stored IDs.
AD SET,120251001097460660,120251001083740660,2026-09-09,23.2,684,5,33.92,0.731,4.64,0,0,,,,Sessions beforeSep12 unavailable; Sep12 partial; property/retained starts unavailable; outcomes use occurrence day and exact stored IDs.
AD SET,120251001097460660,120251001083740660,2026-09-10,16.52,485,2,34.06,0.412,8.26,0,0,,,,Sessions beforeSep12 unavailable; Sep12 partial; property/retained starts unavailable; outcomes use occurrence day and exact stored IDs.
AD SET,120251001097460660,120251001083740660,2026-09-11,15.2,483,3,31.47,0.621,5.07,0,0,,,,Sessions beforeSep12 unavailable; Sep12 partial; property/retained starts unavailable; outcomes use occurrence day and exact stored IDs.
AD SET,120251001097460660,120251001083740660,2026-09-12,5.19,127,1,40.87,0.787,5.19,0,0,,0,,Sessions beforeSep12 unavailable; Sep12 partial; property/retained starts unavailable; outcomes use occurrence day and exact stored IDs.
AD SET,120251001101050660,120251001083740660,2026-09-08,11.87,406,5,29.24,1.232,2.37,0,0,,,,Sessions beforeSep12 unavailable; Sep12 partial; property/retained starts unavailable; outcomes use occurrence day and exact stored IDs.
AD SET,120251001101050660,120251001083740660,2026-09-09,22.67,647,3,35.04,0.464,7.56,0,0,,,,Sessions beforeSep12 unavailable; Sep12 partial; property/retained starts unavailable; outcomes use occurrence day and exact stored IDs.
AD SET,120251001101050660,120251001083740660,2026-09-10,16.71,441,3,37.89,0.68,5.57,0,0,,,,Sessions beforeSep12 unavailable; Sep12 partial; property/retained starts unavailable; outcomes use occurrence day and exact stored IDs.
AD SET,120251001101050660,120251001083740660,2026-09-11,18.38,482,0,38.13,0.0,,0,0,,,,Sessions beforeSep12 unavailable; Sep12 partial; property/retained starts unavailable; outcomes use occurrence day and exact stored IDs.
AD SET,120251001101050660,120251001083740660,2026-09-12,6.33,176,1,35.97,0.568,6.33,0,0,,0,,Sessions beforeSep12 unavailable; Sep12 partial; property/retained starts unavailable; outcomes use occurrence day and exact stored IDs.
AD SET,120251001104000660,120251001083740660,2026-09-08,11.05,416,1,26.56,0.24,11.05,0,0,,,,Sessions beforeSep12 unavailable; Sep12 partial; property/retained starts unavailable; outcomes use occurrence day and exact stored IDs.
AD SET,120251001104000660,120251001083740660,2026-09-09,23.07,586,1,39.37,0.171,23.07,0,0,,,,Sessions beforeSep12 unavailable; Sep12 partial; property/retained starts unavailable; outcomes use occurrence day and exact stored IDs.
AD SET,120251001104000660,120251001083740660,2026-09-10,15.65,420,0,37.26,0.0,,0,0,,,,Sessions beforeSep12 unavailable; Sep12 partial; property/retained starts unavailable; outcomes use occurrence day and exact stored IDs.
AD SET,120251001104000660,120251001083740660,2026-09-11,20.99,546,6,38.44,1.099,3.5,1,1,20.99,,,Sessions beforeSep12 unavailable; Sep12 partial; property/retained starts unavailable; outcomes use occurrence day and exact stored IDs.
AD SET,120251001104000660,120251001083740660,2026-09-12,16.15,525,2,30.76,0.381,8.07,0,0,,0,,Sessions beforeSep12 unavailable; Sep12 partial; property/retained starts unavailable; outcomes use occurrence day and exact stored IDs.
AD SET,120251001104000660,120251001083740660,2026-09-13,26.16,714,0,36.64,0.0,,0,0,,0,,Sessions beforeSep12 unavailable; Sep12 partial; property/retained starts unavailable; outcomes use occurrence day and exact stored IDs.
AD SET,120251001104000660,120251001083740660,2026-09-14,21.53,661,2,32.57,0.303,10.77,0,0,,3,,Sessions beforeSep12 unavailable; Sep12 partial; property/retained starts unavailable; outcomes use occurrence day and exact stored IDs.
AD SET,120251001104000660,120251001083740660,2026-09-15,17.47,529,1,33.02,0.189,17.47,0,0,,1,,Sessions beforeSep12 unavailable; Sep12 partial; property/retained starts unavailable; outcomes use occurrence day and exact stored IDs.
AD SET,120251001104000660,120251001083740660,2026-09-16,19.31,558,4,34.61,0.717,4.83,0,0,,3,,Sessions beforeSep12 unavailable; Sep12 partial; property/retained starts unavailable; outcomes use occurrence day and exact stored IDs.
AD SET,120251001104000660,120251001083740660,2026-09-17,20.07,522,2,38.45,0.383,10.04,0,0,,2,,Sessions beforeSep12 unavailable; Sep12 partial; property/retained starts unavailable; outcomes use occurrence day and exact stored IDs.
AD SET,120251001104000660,120251001083740660,2026-09-18,18.02,505,5,35.68,0.99,3.6,0,0,,4,,Sessions beforeSep12 unavailable; Sep12 partial; property/retained starts unavailable; outcomes use occurrence day and exact stored IDs.
AD SET,120251001107290660,120251001083740660,2026-09-08,14.09,315,4,44.73,1.27,3.52,1,1,14.09,,,Sessions beforeSep12 unavailable; Sep12 partial; property/retained starts unavailable; outcomes use occurrence day and exact stored IDs.
AD SET,120251001107290660,120251001083740660,2026-09-09,22.44,559,2,40.14,0.358,11.22,0,0,,,,Sessions beforeSep12 unavailable; Sep12 partial; property/retained starts unavailable; outcomes use occurrence day and exact stored IDs.
AD SET,120251001107290660,120251001083740660,2026-09-10,16.93,499,1,33.93,0.2,16.93,0,0,,,,Sessions beforeSep12 unavailable; Sep12 partial; property/retained starts unavailable; outcomes use occurrence day and exact stored IDs.
AD SET,120251001107290660,120251001083740660,2026-09-11,16.56,466,3,35.54,0.644,5.52,0,0,,,,Sessions beforeSep12 unavailable; Sep12 partial; property/retained starts unavailable; outcomes use occurrence day and exact stored IDs.
AD SET,120251001107290660,120251001083740660,2026-09-12,8.08,206,2,39.22,0.971,4.04,0,0,,0,,Sessions beforeSep12 unavailable; Sep12 partial; property/retained starts unavailable; outcomes use occurrence day and exact stored IDs.
AD SET,120251001109960660,120251001083740660,2026-09-08,13.47,296,2,45.51,0.676,6.74,0,0,,,,Sessions beforeSep12 unavailable; Sep12 partial; property/retained starts unavailable; outcomes use occurrence day and exact stored IDs.
AD SET,120251001109960660,120251001083740660,2026-09-09,25.02,614,6,40.75,0.977,4.17,0,0,,,,Sessions beforeSep12 unavailable; Sep12 partial; property/retained starts unavailable; outcomes use occurrence day and exact stored IDs.
AD SET,120251001109960660,120251001083740660,2026-09-10,17.6,479,1,36.74,0.209,17.6,0,0,,,,Sessions beforeSep12 unavailable; Sep12 partial; property/retained starts unavailable; outcomes use occurrence day and exact stored IDs.
AD SET,120251001109960660,120251001083740660,2026-09-11,16.12,390,2,41.33,0.513,8.06,0,0,,,,Sessions beforeSep12 unavailable; Sep12 partial; property/retained starts unavailable; outcomes use occurrence day and exact stored IDs.
AD SET,120251001109960660,120251001083740660,2026-09-12,5.51,141,0,39.08,0.0,,0,0,,0,,Sessions beforeSep12 unavailable; Sep12 partial; property/retained starts unavailable; outcomes use occurrence day and exact stored IDs.
AD SET,120251001112050660,120251001083740660,2026-09-08,15.14,273,4,55.46,1.465,3.79,1,1,15.14,,,Sessions beforeSep12 unavailable; Sep12 partial; property/retained starts unavailable; outcomes use occurrence day and exact stored IDs.
AD SET,120251001112050660,120251001083740660,2026-09-09,25.3,448,4,56.47,0.893,6.33,1,1,25.3,,,Sessions beforeSep12 unavailable; Sep12 partial; property/retained starts unavailable; outcomes use occurrence day and exact stored IDs.
AD SET,120251001112050660,120251001083740660,2026-09-10,18.71,426,6,43.92,1.408,3.12,1,1,18.71,,,Sessions beforeSep12 unavailable; Sep12 partial; property/retained starts unavailable; outcomes use occurrence day and exact stored IDs.
AD SET,120251001112050660,120251001083740660,2026-09-11,17.67,410,2,43.1,0.488,8.84,2,2,8.84,,,Sessions beforeSep12 unavailable; Sep12 partial; property/retained starts unavailable; outcomes use occurrence day and exact stored IDs.
AD SET,120251001112050660,120251001083740660,2026-09-12,10.01,263,4,38.06,1.521,2.5,0,0,,0,,Sessions beforeSep12 unavailable; Sep12 partial; property/retained starts unavailable; outcomes use occurrence day and exact stored IDs.
AD SET,120251001112050660,120251001083740660,2026-09-13,22.16,370,4,59.89,1.081,5.54,1,1,22.16,3,,Sessions beforeSep12 unavailable; Sep12 partial; property/retained starts unavailable; outcomes use occurrence day and exact stored IDs.
AD SET,120251001112050660,120251001083740660,2026-09-14,28.78,497,5,57.91,1.006,5.76,1,1,28.78,4,,Sessions beforeSep12 unavailable; Sep12 partial; property/retained starts unavailable; outcomes use occurrence day and exact stored IDs.
AD SET,120251001112050660,120251001083740660,2026-09-15,23.22,443,3,52.42,0.677,7.74,1,1,23.22,3,,Sessions beforeSep12 unavailable; Sep12 partial; property/retained starts unavailable; outcomes use occurrence day and exact stored IDs.
AD SET,120251001112050660,120251001083740660,2026-09-16,20.61,414,2,49.78,0.483,10.3,1,1,20.61,2,,Sessions beforeSep12 unavailable; Sep12 partial; property/retained starts unavailable; outcomes use occurrence day and exact stored IDs.
AD SET,120251001112050660,120251001083740660,2026-09-17,18.71,328,1,57.04,0.305,18.71,0,0,,1,,Sessions beforeSep12 unavailable; Sep12 partial; property/retained starts unavailable; outcomes use occurrence day and exact stored IDs.
AD SET,120251001112050660,120251001083740660,2026-09-18,13.98,313,2,44.66,0.639,6.99,0,0,,2,,Sessions beforeSep12 unavailable; Sep12 partial; property/retained starts unavailable; outcomes use occurrence day and exact stored IDs.
AD SET,120251001117230660,120251001083740660,2026-09-08,11.01,354,1,31.1,0.282,11.01,0,0,,,,Sessions beforeSep12 unavailable; Sep12 partial; property/retained starts unavailable; outcomes use occurrence day and exact stored IDs.
AD SET,120251001117230660,120251001083740660,2026-09-09,19.97,594,2,33.62,0.337,9.98,0,0,,,,Sessions beforeSep12 unavailable; Sep12 partial; property/retained starts unavailable; outcomes use occurrence day and exact stored IDs.
AD SET,120251001117230660,120251001083740660,2026-09-10,22.55,763,4,29.55,0.524,5.64,0,0,,,,Sessions beforeSep12 unavailable; Sep12 partial; property/retained starts unavailable; outcomes use occurrence day and exact stored IDs.
AD SET,120251001117230660,120251001083740660,2026-09-11,19.61,574,8,34.16,1.394,2.45,0,0,,,,Sessions beforeSep12 unavailable; Sep12 partial; property/retained starts unavailable; outcomes use occurrence day and exact stored IDs.
AD SET,120251001117230660,120251001083740660,2026-09-12,6.55,205,0,31.95,0.0,,0,0,,0,,Sessions beforeSep12 unavailable; Sep12 partial; property/retained starts unavailable; outcomes use occurrence day and exact stored IDs.
AD SET,120251001121210660,120251001083740660,2026-09-08,10.54,395,1,26.68,0.253,10.54,0,0,,,,Sessions beforeSep12 unavailable; Sep12 partial; property/retained starts unavailable; outcomes use occurrence day and exact stored IDs.
AD SET,120251001121210660,120251001083740660,2026-09-09,24.19,742,4,32.6,0.539,6.05,0,0,,,,Sessions beforeSep12 unavailable; Sep12 partial; property/retained starts unavailable; outcomes use occurrence day and exact stored IDs.
AD SET,120251001121210660,120251001083740660,2026-09-10,20.22,692,6,29.22,0.867,3.37,0,0,,,,Sessions beforeSep12 unavailable; Sep12 partial; property/retained starts unavailable; outcomes use occurrence day and exact stored IDs.
AD SET,120251001121210660,120251001083740660,2026-09-11,14.8,509,2,29.08,0.393,7.4,1,1,14.8,,,Sessions beforeSep12 unavailable; Sep12 partial; property/retained starts unavailable; outcomes use occurrence day and exact stored IDs.
AD SET,120251001121210660,120251001083740660,2026-09-12,7.61,167,2,45.57,1.198,3.81,0,0,,0,,Sessions beforeSep12 unavailable; Sep12 partial; property/retained starts unavailable; outcomes use occurrence day and exact stored IDs.
AD SET,120251001126440660,120251001083740660,2026-09-08,15.01,304,1,49.38,0.329,15.01,0,0,,,,Sessions beforeSep12 unavailable; Sep12 partial; property/retained starts unavailable; outcomes use occurrence day and exact stored IDs.
AD SET,120251001126440660,120251001083740660,2026-09-09,26.21,383,5,68.43,1.305,5.24,1,1,26.21,,,Sessions beforeSep12 unavailable; Sep12 partial; property/retained starts unavailable; outcomes use occurrence day and exact stored IDs.
AD SET,120251001126440660,120251001083740660,2026-09-10,16.26,388,0,41.91,0.0,,0,0,,,,Sessions beforeSep12 unavailable; Sep12 partial; property/retained starts unavailable; outcomes use occurrence day and exact stored IDs.
AD SET,120251001126440660,120251001083740660,2026-09-11,16.53,384,4,43.05,1.042,4.13,1,1,16.53,,,Sessions beforeSep12 unavailable; Sep12 partial; property/retained starts unavailable; outcomes use occurrence day and exact stored IDs.
AD SET,120251001126440660,120251001083740660,2026-09-12,3.83,103,3,37.18,2.913,1.28,1,1,3.83,0,,Sessions beforeSep12 unavailable; Sep12 partial; property/retained starts unavailable; outcomes use occurrence day and exact stored IDs.
AD SET,120251001129720660,120251001083740660,2026-09-08,11.75,323,2,36.38,0.619,5.88,0,0,,,,Sessions beforeSep12 unavailable; Sep12 partial; property/retained starts unavailable; outcomes use occurrence day and exact stored IDs.
AD SET,120251001129720660,120251001083740660,2026-09-09,24.56,673,6,36.49,0.892,4.09,2,2,12.28,,,Sessions beforeSep12 unavailable; Sep12 partial; property/retained starts unavailable; outcomes use occurrence day and exact stored IDs.
AD SET,120251001129720660,120251001083740660,2026-09-10,18.2,504,2,36.11,0.397,9.1,0,0,,,,Sessions beforeSep12 unavailable; Sep12 partial; property/retained starts unavailable; outcomes use occurrence day and exact stored IDs.
AD SET,120251001129720660,120251001083740660,2026-09-11,17.72,459,2,38.61,0.436,8.86,0,0,,,,Sessions beforeSep12 unavailable; Sep12 partial; property/retained starts unavailable; outcomes use occurrence day and exact stored IDs.
AD SET,120251001129720660,120251001083740660,2026-09-12,6.87,165,0,41.64,0.0,,0,0,,0,,Sessions beforeSep12 unavailable; Sep12 partial; property/retained starts unavailable; outcomes use occurrence day and exact stored IDs.
AD SET,120251001140100660,120251001083740660,2026-09-08,14.81,355,3,41.72,0.845,4.94,1,0,14.81,,,Sessions beforeSep12 unavailable; Sep12 partial; property/retained starts unavailable; outcomes use occurrence day and exact stored IDs.
AD SET,120251001140100660,120251001083740660,2026-09-09,22.81,530,3,43.04,0.566,7.6,1,1,22.81,,,Sessions beforeSep12 unavailable; Sep12 partial; property/retained starts unavailable; outcomes use occurrence day and exact stored IDs.
AD SET,120251001140100660,120251001083740660,2026-09-10,20.26,607,5,33.38,0.824,4.05,0,0,,,,Sessions beforeSep12 unavailable; Sep12 partial; property/retained starts unavailable; outcomes use occurrence day and exact stored IDs.
AD SET,120251001140100660,120251001083740660,2026-09-11,16.13,417,7,38.68,1.679,2.3,0,0,,,,Sessions beforeSep12 unavailable; Sep12 partial; property/retained starts unavailable; outcomes use occurrence day and exact stored IDs.
AD SET,120251001140100660,120251001083740660,2026-09-12,4.3,123,0,34.96,0.0,,0,0,,0,,Sessions beforeSep12 unavailable; Sep12 partial; property/retained starts unavailable; outcomes use occurrence day and exact stored IDs.
AD SET,120251001144860660,120251001083740660,2026-09-08,12.5,432,5,28.94,1.157,2.5,1,1,12.5,,,Sessions beforeSep12 unavailable; Sep12 partial; property/retained starts unavailable; outcomes use occurrence day and exact stored IDs.
AD SET,120251001144860660,120251001083740660,2026-09-09,24.92,765,4,32.58,0.523,6.23,0,0,,,,Sessions beforeSep12 unavailable; Sep12 partial; property/retained starts unavailable; outcomes use occurrence day and exact stored IDs.
AD SET,120251001144860660,120251001083740660,2026-09-10,18.84,490,2,38.45,0.408,9.42,0,0,,,,Sessions beforeSep12 unavailable; Sep12 partial; property/retained starts unavailable; outcomes use occurrence day and exact stored IDs.
AD SET,120251001144860660,120251001083740660,2026-09-11,14.52,399,1,36.39,0.251,14.52,0,0,,,,Sessions beforeSep12 unavailable; Sep12 partial; property/retained starts unavailable; outcomes use occurrence day and exact stored IDs.
AD SET,120251001144860660,120251001083740660,2026-09-12,5.05,117,0,43.16,0.0,,0,0,,0,,Sessions beforeSep12 unavailable; Sep12 partial; property/retained starts unavailable; outcomes use occurrence day and exact stored IDs.
AD SET,120251001148890660,120251001083740660,2026-09-08,13.35,421,3,31.71,0.713,4.45,1,1,13.35,,,Sessions beforeSep12 unavailable; Sep12 partial; property/retained starts unavailable; outcomes use occurrence day and exact stored IDs.
AD SET,120251001148890660,120251001083740660,2026-09-09,24.13,697,1,34.62,0.143,24.13,0,0,,,,Sessions beforeSep12 unavailable; Sep12 partial; property/retained starts unavailable; outcomes use occurrence day and exact stored IDs.
AD SET,120251001148890660,120251001083740660,2026-09-10,19.25,684,6,28.14,0.877,3.21,1,1,19.25,,,Sessions beforeSep12 unavailable; Sep12 partial; property/retained starts unavailable; outcomes use occurrence day and exact stored IDs.
AD SET,120251001148890660,120251001083740660,2026-09-11,12.7,408,1,31.13,0.245,12.7,0,0,,,,Sessions beforeSep12 unavailable; Sep12 partial; property/retained starts unavailable; outcomes use occurrence day and exact stored IDs.
AD SET,120251001148890660,120251001083740660,2026-09-12,6.77,186,0,36.4,0.0,,0,0,,0,,Sessions beforeSep12 unavailable; Sep12 partial; property/retained starts unavailable; outcomes use occurrence day and exact stored IDs.
AD SET,120251001152940660,120251001083740660,2026-09-08,12.3,359,2,34.26,0.557,6.15,0,0,,,,Sessions beforeSep12 unavailable; Sep12 partial; property/retained starts unavailable; outcomes use occurrence day and exact stored IDs.
AD SET,120251001152940660,120251001083740660,2026-09-09,22.59,624,2,36.2,0.321,11.29,1,1,22.59,,,Sessions beforeSep12 unavailable; Sep12 partial; property/retained starts unavailable; outcomes use occurrence day and exact stored IDs.
AD SET,120251001152940660,120251001083740660,2026-09-10,17.06,490,1,34.82,0.204,17.06,1,1,17.06,,,Sessions beforeSep12 unavailable; Sep12 partial; property/retained starts unavailable; outcomes use occurrence day and exact stored IDs.
AD SET,120251001152940660,120251001083740660,2026-09-11,17.05,385,1,44.29,0.26,17.05,0,0,,,,Sessions beforeSep12 unavailable; Sep12 partial; property/retained starts unavailable; outcomes use occurrence day and exact stored IDs.
AD SET,120251001152940660,120251001083740660,2026-09-12,10.39,254,1,40.91,0.394,10.39,0,0,,0,,Sessions beforeSep12 unavailable; Sep12 partial; property/retained starts unavailable; outcomes use occurrence day and exact stored IDs.
AD SET,120251001156410660,120251001083740660,2026-09-08,13.43,496,5,27.08,1.008,2.69,0,0,,,,Sessions beforeSep12 unavailable; Sep12 partial; property/retained starts unavailable; outcomes use occurrence day and exact stored IDs.
AD SET,120251001156410660,120251001083740660,2026-09-09,23.39,677,5,34.55,0.739,4.68,1,1,23.39,,,Sessions beforeSep12 unavailable; Sep12 partial; property/retained starts unavailable; outcomes use occurrence day and exact stored IDs.
AD SET,120251001156410660,120251001083740660,2026-09-10,15.95,558,2,28.58,0.358,7.97,1,1,15.95,,,Sessions beforeSep12 unavailable; Sep12 partial; property/retained starts unavailable; outcomes use occurrence day and exact stored IDs.
AD SET,120251001156410660,120251001083740660,2026-09-11,20.64,755,5,27.34,0.662,4.13,0,0,,,,Sessions beforeSep12 unavailable; Sep12 partial; property/retained starts unavailable; outcomes use occurrence day and exact stored IDs.
AD SET,120251001156410660,120251001083740660,2026-09-12,6.48,190,3,34.11,1.579,2.16,1,1,6.48,0,,Sessions beforeSep12 unavailable; Sep12 partial; property/retained starts unavailable; outcomes use occurrence day and exact stored IDs.
AD SET,120251080556040660,120251080549940660,2026-09-13,30.33,557,1,54.45,0.18,30.33,0,0,,1,0,Sessions beforeSep12 unavailable; Sep12 partial; property/retained starts unavailable; outcomes use occurrence day and exact stored IDs.
AD SET,120251080556040660,120251080549940660,2026-09-14,4.21,37,0,113.78,0.0,,0,0,,0,0,Sessions beforeSep12 unavailable; Sep12 partial; property/retained starts unavailable; outcomes use occurrence day and exact stored IDs.
AD SET,120251080556040660,120251080549940660,2026-09-15,3.88,103,2,37.67,1.942,1.94,0,0,,2,0,Sessions beforeSep12 unavailable; Sep12 partial; property/retained starts unavailable; outcomes use occurrence day and exact stored IDs.
AD SET,120251080556040660,120251080549940660,2026-09-16,25.09,728,3,34.46,0.412,8.36,0,0,,3,0,Sessions beforeSep12 unavailable; Sep12 partial; property/retained starts unavailable; outcomes use occurrence day and exact stored IDs.
AD SET,120251080556040660,120251080549940660,2026-09-17,30.13,734,4,41.05,0.545,7.53,0,0,,4,0,Sessions beforeSep12 unavailable; Sep12 partial; property/retained starts unavailable; outcomes use occurrence day and exact stored IDs.
AD SET,120251080556040660,120251080549940660,2026-09-18,15.97,309,3,51.68,0.971,5.32,0,0,,3,1,Sessions beforeSep12 unavailable; Sep12 partial; property/retained starts unavailable; outcomes use occurrence day and exact stored IDs.
AD SET,120251080557630660,120251080549940660,2026-09-13,151.34,3334,22,45.39,0.66,6.88,0,0,,23,0,Sessions beforeSep12 unavailable; Sep12 partial; property/retained starts unavailable; outcomes use occurrence day and exact stored IDs.
AD SET,120251080557630660,120251080549940660,2026-09-14,18.13,385,1,47.09,0.26,18.13,0,0,,2,0,Sessions beforeSep12 unavailable; Sep12 partial; property/retained starts unavailable; outcomes use occurrence day and exact stored IDs.
AD SET,120251080557630660,120251080549940660,2026-09-15,4.84,145,0,33.38,0.0,,0,0,,0,0,Sessions beforeSep12 unavailable; Sep12 partial; property/retained starts unavailable; outcomes use occurrence day and exact stored IDs.
AD SET,120251080557630660,120251080549940660,2026-09-16,1.84,34,0,54.12,0.0,,0,0,,0,0,Sessions beforeSep12 unavailable; Sep12 partial; property/retained starts unavailable; outcomes use occurrence day and exact stored IDs.
AD SET,120251080557630660,120251080549940660,2026-09-17,5.02,109,1,46.06,0.917,5.02,1,0,5.02,1,1,Sessions beforeSep12 unavailable; Sep12 partial; property/retained starts unavailable; outcomes use occurrence day and exact stored IDs.
AD SET,120251080557630660,120251080549940660,2026-09-18,4.47,86,1,51.98,1.163,4.47,0,0,,1,0,Sessions beforeSep12 unavailable; Sep12 partial; property/retained starts unavailable; outcomes use occurrence day and exact stored IDs.
AD SET,120251080559780660,120251080549940660,2026-09-13,10.2,148,1,68.92,0.676,10.2,0,0,,4,0,Sessions beforeSep12 unavailable; Sep12 partial; property/retained starts unavailable; outcomes use occurrence day and exact stored IDs.
AD SET,120251080559780660,120251080549940660,2026-09-14,2.8,14,0,200.0,0.0,,0,0,,0,0,Sessions beforeSep12 unavailable; Sep12 partial; property/retained starts unavailable; outcomes use occurrence day and exact stored IDs.
AD SET,120251080559780660,120251080549940660,2026-09-15,0.22,2,0,110.0,0.0,,0,0,,0,0,Sessions beforeSep12 unavailable; Sep12 partial; property/retained starts unavailable; outcomes use occurrence day and exact stored IDs.
AD SET,120251081772950660,120251080549940660,2026-09-13,58.55,957,34,61.18,3.553,1.72,0,0,,34,0,Sessions beforeSep12 unavailable; Sep12 partial; property/retained starts unavailable; outcomes use occurrence day and exact stored IDs.
AD SET,120251081772950660,120251080549940660,2026-09-14,4.03,80,2,50.38,2.5,2.02,0,0,,2,0,Sessions beforeSep12 unavailable; Sep12 partial; property/retained starts unavailable; outcomes use occurrence day and exact stored IDs.
AD SET,120251081772950660,120251080549940660,2026-09-15,3.73,36,2,103.61,5.556,1.86,0,0,,2,0,Sessions beforeSep12 unavailable; Sep12 partial; property/retained starts unavailable; outcomes use occurrence day and exact stored IDs.
AD SET,120251081772950660,120251080549940660,2026-09-16,5.49,48,1,114.38,2.083,5.49,0,0,,1,0,Sessions beforeSep12 unavailable; Sep12 partial; property/retained starts unavailable; outcomes use occurrence day and exact stored IDs.
AD SET,120251081772950660,120251080549940660,2026-09-17,3.08,35,2,88.0,5.714,1.54,0,0,,2,0,Sessions beforeSep12 unavailable; Sep12 partial; property/retained starts unavailable; outcomes use occurrence day and exact stored IDs.
AD SET,120251081772950660,120251080549940660,2026-09-18,1.33,23,2,57.83,8.696,0.67,0,0,,2,0,Sessions beforeSep12 unavailable; Sep12 partial; property/retained starts unavailable; outcomes use occurrence day and exact stored IDs.
AD SET,120251082229630660,120251080549940660,2026-09-13,11.68,278,0,42.01,0.0,,0,0,,0,0,Sessions beforeSep12 unavailable; Sep12 partial; property/retained starts unavailable; outcomes use occurrence day and exact stored IDs.
AD SET,120251082229630660,120251080549940660,2026-09-14,5.52,138,1,40.0,0.725,5.52,0,0,,1,0,Sessions beforeSep12 unavailable; Sep12 partial; property/retained starts unavailable; outcomes use occurrence day and exact stored IDs.
AD SET,120251082229630660,120251080549940660,2026-09-15,5.82,144,1,40.42,0.694,5.82,0,0,,1,0,Sessions beforeSep12 unavailable; Sep12 partial; property/retained starts unavailable; outcomes use occurrence day and exact stored IDs.
AD SET,120251082229630660,120251080549940660,2026-09-16,8.3,175,1,47.43,0.571,8.3,0,0,,1,0,Sessions beforeSep12 unavailable; Sep12 partial; property/retained starts unavailable; outcomes use occurrence day and exact stored IDs.
AD SET,120251082229630660,120251080549940660,2026-09-17,9.25,208,1,44.47,0.481,9.25,0,0,,1,0,Sessions beforeSep12 unavailable; Sep12 partial; property/retained starts unavailable; outcomes use occurrence day and exact stored IDs.
AD SET,120251082229630660,120251080549940660,2026-09-18,1.97,67,0,29.4,0.0,,0,0,,0,0,Sessions beforeSep12 unavailable; Sep12 partial; property/retained starts unavailable; outcomes use occurrence day and exact stored IDs.
AD SET,120251082232080660,120251080549940660,2026-09-13,0.45,13,0,34.62,0.0,,0,0,,0,0,Sessions beforeSep12 unavailable; Sep12 partial; property/retained starts unavailable; outcomes use occurrence day and exact stored IDs.
AD SET,120251082232080660,120251080549940660,2026-09-16,0.1,1,0,100.0,0.0,,0,0,,0,0,Sessions beforeSep12 unavailable; Sep12 partial; property/retained starts unavailable; outcomes use occurrence day and exact stored IDs.
AD SET,120251082232080660,120251080549940660,2026-09-17,0.03,1,0,30.0,0.0,,0,0,,0,0,Sessions beforeSep12 unavailable; Sep12 partial; property/retained starts unavailable; outcomes use occurrence day and exact stored IDs.
AD SET,120251082235550660,120251080549940660,2026-09-13,2.06,49,2,42.04,4.082,1.03,1,1,2.06,2,1,Sessions beforeSep12 unavailable; Sep12 partial; property/retained starts unavailable; outcomes use occurrence day and exact stored IDs.
AD SET,120251082235550660,120251080549940660,2026-09-14,5.04,124,1,40.65,0.806,5.04,0,0,,1,0,Sessions beforeSep12 unavailable; Sep12 partial; property/retained starts unavailable; outcomes use occurrence day and exact stored IDs.
AD SET,120251082235550660,120251080549940660,2026-09-15,8.59,269,0,31.93,0.0,,0,0,,0,0,Sessions beforeSep12 unavailable; Sep12 partial; property/retained starts unavailable; outcomes use occurrence day and exact stored IDs.
AD SET,120251082235550660,120251080549940660,2026-09-16,78.34,2172,12,36.07,0.552,6.53,1,1,78.34,10,1,Sessions beforeSep12 unavailable; Sep12 partial; property/retained starts unavailable; outcomes use occurrence day and exact stored IDs.
AD SET,120251082235550660,120251080549940660,2026-09-17,29.79,567,4,52.54,0.705,7.45,0,0,,4,0,Sessions beforeSep12 unavailable; Sep12 partial; property/retained starts unavailable; outcomes use occurrence day and exact stored IDs.
AD SET,120251082235550660,120251080549940660,2026-09-18,201.07,4733,37,42.48,0.782,5.43,0,0,,34,2,Sessions beforeSep12 unavailable; Sep12 partial; property/retained starts unavailable; outcomes use occurrence day and exact stored IDs.
AD SET,120251082240280660,120251080549940660,2026-09-13,6.39,181,0,35.3,0.0,,0,0,,0,0,Sessions beforeSep12 unavailable; Sep12 partial; property/retained starts unavailable; outcomes use occurrence day and exact stored IDs.
AD SET,120251082240280660,120251080549940660,2026-09-14,2.96,70,1,42.29,1.429,2.96,0,0,,1,0,Sessions beforeSep12 unavailable; Sep12 partial; property/retained starts unavailable; outcomes use occurrence day and exact stored IDs.
AD SET,120251082240280660,120251080549940660,2026-09-15,2.66,65,0,40.92,0.0,,0,0,,0,0,Sessions beforeSep12 unavailable; Sep12 partial; property/retained starts unavailable; outcomes use occurrence day and exact stored IDs.
AD SET,120251082240280660,120251080549940660,2026-09-16,0.02,1,0,20.0,0.0,,0,0,,0,0,Sessions beforeSep12 unavailable; Sep12 partial; property/retained starts unavailable; outcomes use occurrence day and exact stored IDs.
AD SET,120251082240280660,120251080549940660,2026-09-17,0.16,4,0,40.0,0.0,,0,0,,0,0,Sessions beforeSep12 unavailable; Sep12 partial; property/retained starts unavailable; outcomes use occurrence day and exact stored IDs.
AD SET,120251082243910660,120251080549940660,2026-09-13,121.38,2924,19,41.51,0.65,6.39,3,3,40.46,18,4,Sessions beforeSep12 unavailable; Sep12 partial; property/retained starts unavailable; outcomes use occurrence day and exact stored IDs.
AD SET,120251082243910660,120251080549940660,2026-09-14,304.0,6941,48,43.8,0.692,6.33,4,4,76.0,48,6,Sessions beforeSep12 unavailable; Sep12 partial; property/retained starts unavailable; outcomes use occurrence day and exact stored IDs.
AD SET,120251082243910660,120251080549940660,2026-09-15,250.92,5534,28,45.34,0.506,8.96,1,1,250.92,28,2,Sessions beforeSep12 unavailable; Sep12 partial; property/retained starts unavailable; outcomes use occurrence day and exact stored IDs.
AD SET,120251082243910660,120251080549940660,2026-09-16,163.79,3284,15,49.88,0.457,10.92,0,0,,13,0,Sessions beforeSep12 unavailable; Sep12 partial; property/retained starts unavailable; outcomes use occurrence day and exact stored IDs.
AD SET,120251082243910660,120251080549940660,2026-09-17,231.63,3727,20,62.15,0.537,11.58,0,0,,21,1,Sessions beforeSep12 unavailable; Sep12 partial; property/retained starts unavailable; outcomes use occurrence day and exact stored IDs.
AD SET,120251082243910660,120251080549940660,2026-09-18,106.8,1528,3,69.9,0.196,35.6,0,0,,3,0,Sessions beforeSep12 unavailable; Sep12 partial; property/retained starts unavailable; outcomes use occurrence day and exact stored IDs.
AD SET,120251080551580660,120251080550020660,2026-09-13,6.46,23,1,280.87,4.348,6.46,0,0,,1,0,Sessions beforeSep12 unavailable; Sep12 partial; property/retained starts unavailable; outcomes use occurrence day and exact stored IDs.
AD SET,120251080551580660,120251080550020660,2026-09-14,0.01,2,0,5.0,0.0,,0,0,,0,0,Sessions beforeSep12 unavailable; Sep12 partial; property/retained starts unavailable; outcomes use occurrence day and exact stored IDs.
AD SET,120251080558200660,120251080550020660,2026-09-13,298.04,5298,36,56.26,0.68,8.28,2,2,149.02,31,3,Sessions beforeSep12 unavailable; Sep12 partial; property/retained starts unavailable; outcomes use occurrence day and exact stored IDs.
AD SET,120251080558200660,120251080550020660,2026-09-14,283.83,7683,40,36.94,0.521,7.1,6,6,47.3,40,9,Sessions beforeSep12 unavailable; Sep12 partial; property/retained starts unavailable; outcomes use occurrence day and exact stored IDs.
AD SET,120251080558200660,120251080550020660,2026-09-15,332.69,9030,50,36.84,0.554,6.65,5,5,66.54,51,6,Sessions beforeSep12 unavailable; Sep12 partial; property/retained starts unavailable; outcomes use occurrence day and exact stored IDs.
AD SET,120251080558200660,120251080550020660,2026-09-16,253.11,6225,39,40.66,0.627,6.49,1,1,253.11,36,3,Sessions beforeSep12 unavailable; Sep12 partial; property/retained starts unavailable; outcomes use occurrence day and exact stored IDs.
AD SET,120251080558200660,120251080550020660,2026-09-17,265.05,5574,32,47.55,0.574,8.28,4,4,66.26,36,6,Sessions beforeSep12 unavailable; Sep12 partial; property/retained starts unavailable; outcomes use occurrence day and exact stored IDs.
AD SET,120251080558200660,120251080550020660,2026-09-18,292.47,4792,23,61.03,0.48,12.72,3,3,97.49,27,5,Sessions beforeSep12 unavailable; Sep12 partial; property/retained starts unavailable; outcomes use occurrence day and exact stored IDs.
AD SET,120251080558730660,120251080550020660,2026-09-13,19.41,519,3,37.4,0.578,6.47,1,1,19.41,3,1,Sessions beforeSep12 unavailable; Sep12 partial; property/retained starts unavailable; outcomes use occurrence day and exact stored IDs.
AD SET,120251080558730660,120251080550020660,2026-09-14,7.76,171,2,45.38,1.17,3.88,0,0,,1,0,Sessions beforeSep12 unavailable; Sep12 partial; property/retained starts unavailable; outcomes use occurrence day and exact stored IDs.
AD SET,120251080558730660,120251080550020660,2026-09-15,0.72,38,0,18.95,0.0,,0,0,,1,0,Sessions beforeSep12 unavailable; Sep12 partial; property/retained starts unavailable; outcomes use occurrence day and exact stored IDs.
AD SET,120251080558730660,120251080550020660,2026-09-16,1.05,39,0,26.92,0.0,,0,0,,0,0,Sessions beforeSep12 unavailable; Sep12 partial; property/retained starts unavailable; outcomes use occurrence day and exact stored IDs.
AD SET,120251080558730660,120251080550020660,2026-09-17,14.6,254,0,57.48,0.0,,0,0,,0,0,Sessions beforeSep12 unavailable; Sep12 partial; property/retained starts unavailable; outcomes use occurrence day and exact stored IDs.
AD SET,120251080558730660,120251080550020660,2026-09-18,2.62,50,0,52.4,0.0,,0,0,,0,0,Sessions beforeSep12 unavailable; Sep12 partial; property/retained starts unavailable; outcomes use occurrence day and exact stored IDs.
AD SET,120251081775030660,120251080550020660,2026-09-13,3.95,26,0,151.92,0.0,,0,0,,0,0,Sessions beforeSep12 unavailable; Sep12 partial; property/retained starts unavailable; outcomes use occurrence day and exact stored IDs.
AD SET,120251081775030660,120251080550020660,2026-09-14,0.39,3,0,130.0,0.0,,0,0,,0,0,Sessions beforeSep12 unavailable; Sep12 partial; property/retained starts unavailable; outcomes use occurrence day and exact stored IDs.
AD SET,120251081775030660,120251080550020660,2026-09-15,0.04,1,0,40.0,0.0,,0,0,,0,0,Sessions beforeSep12 unavailable; Sep12 partial; property/retained starts unavailable; outcomes use occurrence day and exact stored IDs.
AD SET,120251081775030660,120251080550020660,2026-09-16,0.05,2,0,25.0,0.0,,0,0,,0,0,Sessions beforeSep12 unavailable; Sep12 partial; property/retained starts unavailable; outcomes use occurrence day and exact stored IDs.
AD SET,120251081775030660,120251080550020660,2026-09-18,0.08,2,0,40.0,0.0,,0,0,,0,0,Sessions beforeSep12 unavailable; Sep12 partial; property/retained starts unavailable; outcomes use occurrence day and exact stored IDs.
AD SET,120251082298490660,120251080550020660,2026-09-13,38.67,312,2,123.94,0.641,19.34,0,0,,2,0,Sessions beforeSep12 unavailable; Sep12 partial; property/retained starts unavailable; outcomes use occurrence day and exact stored IDs.
AD SET,120251082298490660,120251080550020660,2026-09-14,52.03,250,1,208.12,0.4,52.03,1,1,52.03,1,1,Sessions beforeSep12 unavailable; Sep12 partial; property/retained starts unavailable; outcomes use occurrence day and exact stored IDs.
AD SET,120251082298490660,120251080550020660,2026-09-15,19.4,145,1,133.79,0.69,19.4,0,0,,1,0,Sessions beforeSep12 unavailable; Sep12 partial; property/retained starts unavailable; outcomes use occurrence day and exact stored IDs.
AD SET,120251082298490660,120251080550020660,2026-09-16,33.5,118,0,283.9,0.0,,0,0,,0,0,Sessions beforeSep12 unavailable; Sep12 partial; property/retained starts unavailable; outcomes use occurrence day and exact stored IDs.
AD SET,120251082298490660,120251080550020660,2026-09-17,14.92,107,0,139.44,0.0,,0,0,,0,0,Sessions beforeSep12 unavailable; Sep12 partial; property/retained starts unavailable; outcomes use occurrence day and exact stored IDs.
AD SET,120251082298490660,120251080550020660,2026-09-18,18.67,119,3,156.89,2.521,6.22,2,2,9.34,3,2,Sessions beforeSep12 unavailable; Sep12 partial; property/retained starts unavailable; outcomes use occurrence day and exact stored IDs.
AD SET,120251082303040660,120251080550020660,2026-09-13,3.08,5,0,616.0,0.0,,0,0,,0,0,Sessions beforeSep12 unavailable; Sep12 partial; property/retained starts unavailable; outcomes use occurrence day and exact stored IDs.
AD SET,120251082310920660,120251080550020660,2026-09-13,2.43,5,0,486.0,0.0,,0,0,,0,0,Sessions beforeSep12 unavailable; Sep12 partial; property/retained starts unavailable; outcomes use occurrence day and exact stored IDs.
AD SET,120251082310920660,120251080550020660,2026-09-14,0.05,1,0,50.0,0.0,,0,0,,0,0,Sessions beforeSep12 unavailable; Sep12 partial; property/retained starts unavailable; outcomes use occurrence day and exact stored IDs.
AD SET,120251082319000660,120251080550020660,2026-09-13,0.55,10,0,55.0,0.0,,0,0,,0,0,Sessions beforeSep12 unavailable; Sep12 partial; property/retained starts unavailable; outcomes use occurrence day and exact stored IDs.
AD SET,120251082319000660,120251080550020660,2026-09-14,4.02,10,0,402.0,0.0,,0,0,,0,0,Sessions beforeSep12 unavailable; Sep12 partial; property/retained starts unavailable; outcomes use occurrence day and exact stored IDs.
AD SET,120251082319000660,120251080550020660,2026-09-17,0.09,2,0,45.0,0.0,,0,0,,0,0,Sessions beforeSep12 unavailable; Sep12 partial; property/retained starts unavailable; outcomes use occurrence day and exact stored IDs.
AD SET,120251080552810660,120251080550110660,2026-09-13,37.62,357,0,105.38,0.0,,0,0,,1,0,Sessions beforeSep12 unavailable; Sep12 partial; property/retained starts unavailable; outcomes use occurrence day and exact stored IDs.
AD SET,120251080552810660,120251080550110660,2026-09-14,15.8,106,1,149.06,0.943,15.8,0,0,,0,0,Sessions beforeSep12 unavailable; Sep12 partial; property/retained starts unavailable; outcomes use occurrence day and exact stored IDs.
AD SET,120251080552810660,120251080550110660,2026-09-15,21.46,214,2,100.28,0.935,10.73,1,1,21.46,3,1,Sessions beforeSep12 unavailable; Sep12 partial; property/retained starts unavailable; outcomes use occurrence day and exact stored IDs.
AD SET,120251080552810660,120251080550110660,2026-09-16,22.66,302,4,75.03,1.325,5.67,0,0,,4,0,Sessions beforeSep12 unavailable; Sep12 partial; property/retained starts unavailable; outcomes use occurrence day and exact stored IDs.
AD SET,120251080552810660,120251080550110660,2026-09-17,10.45,107,0,97.66,0.0,,0,0,,0,0,Sessions beforeSep12 unavailable; Sep12 partial; property/retained starts unavailable; outcomes use occurrence day and exact stored IDs.
AD SET,120251080552810660,120251080550110660,2026-09-18,3.11,13,0,239.23,0.0,,0,0,,0,0,Sessions beforeSep12 unavailable; Sep12 partial; property/retained starts unavailable; outcomes use occurrence day and exact stored IDs.
AD SET,120251080557280660,120251080550110660,2026-09-13,35.5,382,4,92.93,1.047,8.88,0,0,,8,0,Sessions beforeSep12 unavailable; Sep12 partial; property/retained starts unavailable; outcomes use occurrence day and exact stored IDs.
AD SET,120251080557280660,120251080550110660,2026-09-14,27.96,201,1,139.1,0.498,27.96,0,0,,3,0,Sessions beforeSep12 unavailable; Sep12 partial; property/retained starts unavailable; outcomes use occurrence day and exact stored IDs.
AD SET,120251080557280660,120251080550110660,2026-09-15,33.67,271,2,124.24,0.738,16.84,0,0,,1,0,Sessions beforeSep12 unavailable; Sep12 partial; property/retained starts unavailable; outcomes use occurrence day and exact stored IDs.
AD SET,120251080557280660,120251080550110660,2026-09-16,19.95,180,0,110.83,0.0,,0,0,,14,0,Sessions beforeSep12 unavailable; Sep12 partial; property/retained starts unavailable; outcomes use occurrence day and exact stored IDs.
AD SET,120251080557280660,120251080550110660,2026-09-17,62.13,613,4,101.35,0.653,15.53,0,0,,13,0,Sessions beforeSep12 unavailable; Sep12 partial; property/retained starts unavailable; outcomes use occurrence day and exact stored IDs.
AD SET,120251080557280660,120251080550110660,2026-09-18,104.44,2597,16,40.22,0.616,6.53,5,5,20.89,83,7,Sessions beforeSep12 unavailable; Sep12 partial; property/retained starts unavailable; outcomes use occurrence day and exact stored IDs.
AD SET,120251080559210660,120251080550110660,2026-09-13,24.18,131,0,184.58,0.0,,0,0,,1,0,Sessions beforeSep12 unavailable; Sep12 partial; property/retained starts unavailable; outcomes use occurrence day and exact stored IDs.
AD SET,120251080559210660,120251080550110660,2026-09-14,28.8,213,2,135.21,0.939,14.4,0,0,,2,1,Sessions beforeSep12 unavailable; Sep12 partial; property/retained starts unavailable; outcomes use occurrence day and exact stored IDs.
AD SET,120251080559210660,120251080550110660,2026-09-15,38.35,343,3,111.81,0.875,12.78,0,0,,5,0,Sessions beforeSep12 unavailable; Sep12 partial; property/retained starts unavailable; outcomes use occurrence day and exact stored IDs.
AD SET,120251080559210660,120251080550110660,2026-09-16,34.5,310,0,111.29,0.0,,0,0,,0,0,Sessions beforeSep12 unavailable; Sep12 partial; property/retained starts unavailable; outcomes use occurrence day and exact stored IDs.
AD SET,120251080559210660,120251080550110660,2026-09-17,13.15,65,1,202.31,1.538,13.15,0,0,,1,0,Sessions beforeSep12 unavailable; Sep12 partial; property/retained starts unavailable; outcomes use occurrence day and exact stored IDs.
AD SET,120251080559210660,120251080550110660,2026-09-18,1.73,7,1,247.14,14.286,1.73,0,0,,1,0,Sessions beforeSep12 unavailable; Sep12 partial; property/retained starts unavailable; outcomes use occurrence day and exact stored IDs.
AD SET,120251081776010660,120251080550110660,2026-09-13,22.03,198,1,111.26,0.505,22.03,0,0,,1,0,Sessions beforeSep12 unavailable; Sep12 partial; property/retained starts unavailable; outcomes use occurrence day and exact stored IDs.
AD SET,120251081776010660,120251080550110660,2026-09-14,10.48,52,1,201.54,1.923,10.48,0,0,,1,1,Sessions beforeSep12 unavailable; Sep12 partial; property/retained starts unavailable; outcomes use occurrence day and exact stored IDs.
AD SET,120251081776010660,120251080550110660,2026-09-15,6.6,80,0,82.5,0.0,,0,0,,1,1,Sessions beforeSep12 unavailable; Sep12 partial; property/retained starts unavailable; outcomes use occurrence day and exact stored IDs.
AD SET,120251081776010660,120251080550110660,2026-09-16,18.3,182,2,100.55,1.099,9.15,0,0,,2,1,Sessions beforeSep12 unavailable; Sep12 partial; property/retained starts unavailable; outcomes use occurrence day and exact stored IDs.
AD SET,120251081776010660,120251080550110660,2026-09-17,13.47,141,2,95.53,1.418,6.74,0,0,,2,0,Sessions beforeSep12 unavailable; Sep12 partial; property/retained starts unavailable; outcomes use occurrence day and exact stored IDs.
AD SET,120251081776010660,120251080550110660,2026-09-18,2.88,23,1,125.22,4.348,2.88,0,0,,0,0,Sessions beforeSep12 unavailable; Sep12 partial; property/retained starts unavailable; outcomes use occurrence day and exact stored IDs.
AD SET,120251082364600660,120251080550110660,2026-09-13,20.3,214,1,94.86,0.467,20.3,0,0,,2,1,Sessions beforeSep12 unavailable; Sep12 partial; property/retained starts unavailable; outcomes use occurrence day and exact stored IDs.
AD SET,120251082364600660,120251080550110660,2026-09-14,29.19,412,0,70.85,0.0,,0,0,,0,0,Sessions beforeSep12 unavailable; Sep12 partial; property/retained starts unavailable; outcomes use occurrence day and exact stored IDs.
AD SET,120251082364600660,120251080550110660,2026-09-15,27.5,308,3,89.29,0.974,9.17,0,0,,3,0,Sessions beforeSep12 unavailable; Sep12 partial; property/retained starts unavailable; outcomes use occurrence day and exact stored IDs.
AD SET,120251082364600660,120251080550110660,2026-09-16,9.79,120,3,81.58,2.5,3.26,0,0,,1,0,Sessions beforeSep12 unavailable; Sep12 partial; property/retained starts unavailable; outcomes use occurrence day and exact stored IDs.
AD SET,120251082364600660,120251080550110660,2026-09-17,11.87,25,0,474.8,0.0,,0,0,,2,0,Sessions beforeSep12 unavailable; Sep12 partial; property/retained starts unavailable; outcomes use occurrence day and exact stored IDs.
AD SET,120251082364600660,120251080550110660,2026-09-18,0.02,1,0,20.0,0.0,,0,0,,0,0,Sessions beforeSep12 unavailable; Sep12 partial; property/retained starts unavailable; outcomes use occurrence day and exact stored IDs.
AD SET,120251082369150660,120251080550110660,2026-09-13,4.78,49,0,97.55,0.0,,0,0,,0,0,Sessions beforeSep12 unavailable; Sep12 partial; property/retained starts unavailable; outcomes use occurrence day and exact stored IDs.
AD SET,120251082369150660,120251080550110660,2026-09-14,2.19,52,0,42.12,0.0,,0,0,,0,0,Sessions beforeSep12 unavailable; Sep12 partial; property/retained starts unavailable; outcomes use occurrence day and exact stored IDs.
AD SET,120251082369150660,120251080550110660,2026-09-15,0.77,7,0,110.0,0.0,,0,0,,0,0,Sessions beforeSep12 unavailable; Sep12 partial; property/retained starts unavailable; outcomes use occurrence day and exact stored IDs.
AD SET,120251082369150660,120251080550110660,2026-09-16,3.09,35,0,88.29,0.0,,0,0,,0,0,Sessions beforeSep12 unavailable; Sep12 partial; property/retained starts unavailable; outcomes use occurrence day and exact stored IDs.
AD SET,120251082369150660,120251080550110660,2026-09-17,1.5,4,0,375.0,0.0,,0,0,,0,0,Sessions beforeSep12 unavailable; Sep12 partial; property/retained starts unavailable; outcomes use occurrence day and exact stored IDs.
AD SET,120251082373180660,120251080550110660,2026-09-13,0.64,24,0,26.67,0.0,,0,0,,0,0,Sessions beforeSep12 unavailable; Sep12 partial; property/retained starts unavailable; outcomes use occurrence day and exact stored IDs.
AD SET,120251082373180660,120251080550110660,2026-09-14,1.59,19,0,83.68,0.0,,0,0,,0,0,Sessions beforeSep12 unavailable; Sep12 partial; property/retained starts unavailable; outcomes use occurrence day and exact stored IDs.
AD SET,120251082373180660,120251080550110660,2026-09-15,0.03,1,0,30.0,0.0,,0,0,,0,0,Sessions beforeSep12 unavailable; Sep12 partial; property/retained starts unavailable; outcomes use occurrence day and exact stored IDs.
AD SET,120251082373180660,120251080550110660,2026-09-17,0.08,1,0,80.0,0.0,,0,0,,0,0,Sessions beforeSep12 unavailable; Sep12 partial; property/retained starts unavailable; outcomes use occurrence day and exact stored IDs.
AD SET,120251082377640660,120251080550110660,2026-09-13,2.19,50,0,43.8,0.0,,0,0,,0,0,Sessions beforeSep12 unavailable; Sep12 partial; property/retained starts unavailable; outcomes use occurrence day and exact stored IDs.
AD SET,120251082377640660,120251080550110660,2026-09-14,8.83,75,0,117.73,0.0,,0,0,,0,0,Sessions beforeSep12 unavailable; Sep12 partial; property/retained starts unavailable; outcomes use occurrence day and exact stored IDs.
AD SET,120251082377640660,120251080550110660,2026-09-15,5.38,48,0,112.08,0.0,,0,0,,0,0,Sessions beforeSep12 unavailable; Sep12 partial; property/retained starts unavailable; outcomes use occurrence day and exact stored IDs.
AD SET,120251082377640660,120251080550110660,2026-09-16,9.89,139,0,71.15,0.0,,0,0,,0,0,Sessions beforeSep12 unavailable; Sep12 partial; property/retained starts unavailable; outcomes use occurrence day and exact stored IDs.
AD SET,120251082377640660,120251080550110660,2026-09-17,3.98,44,0,90.45,0.0,,0,0,,0,0,Sessions beforeSep12 unavailable; Sep12 partial; property/retained starts unavailable; outcomes use occurrence day and exact stored IDs.
AD SET,120251082377640660,120251080550110660,2026-09-18,0.01,1,0,10.0,0.0,,0,0,,0,0,Sessions beforeSep12 unavailable; Sep12 partial; property/retained starts unavailable; outcomes use occurrence day and exact stored IDs.
AD SET,120251080554280660,120251080550210660,2026-09-13,25.75,704,4,36.58,0.568,6.44,0,0,,3,1,Sessions beforeSep12 unavailable; Sep12 partial; property/retained starts unavailable; outcomes use occurrence day and exact stored IDs.
AD SET,120251080554280660,120251080550210660,2026-09-14,34.25,821,5,41.72,0.609,6.85,1,1,34.25,7,2,Sessions beforeSep12 unavailable; Sep12 partial; property/retained starts unavailable; outcomes use occurrence day and exact stored IDs.
AD SET,120251080554280660,120251080550210660,2026-09-15,10.01,319,3,31.38,0.94,3.34,1,1,10.01,3,1,Sessions beforeSep12 unavailable; Sep12 partial; property/retained starts unavailable; outcomes use occurrence day and exact stored IDs.
AD SET,120251080554280660,120251080550210660,2026-09-16,5.82,76,0,76.58,0.0,,0,0,,0,0,Sessions beforeSep12 unavailable; Sep12 partial; property/retained starts unavailable; outcomes use occurrence day and exact stored IDs.
AD SET,120251080554280660,120251080550210660,2026-09-17,9.71,190,0,51.11,0.0,,0,0,,0,0,Sessions beforeSep12 unavailable; Sep12 partial; property/retained starts unavailable; outcomes use occurrence day and exact stored IDs.
AD SET,120251080554280660,120251080550210660,2026-09-18,32.35,669,7,48.36,1.046,4.62,1,1,32.35,6,1,Sessions beforeSep12 unavailable; Sep12 partial; property/retained starts unavailable; outcomes use occurrence day and exact stored IDs.
AD SET,120251080554590660,120251080550210660,2026-09-13,0.09,5,0,18.0,0.0,,0,0,,4,0,Sessions beforeSep12 unavailable; Sep12 partial; property/retained starts unavailable; outcomes use occurrence day and exact stored IDs.
AD SET,120251080554590660,120251080550210660,2026-09-14,0.01,1,0,10.0,0.0,,0,0,,0,0,Sessions beforeSep12 unavailable; Sep12 partial; property/retained starts unavailable; outcomes use occurrence day and exact stored IDs.
AD SET,120251080556650660,120251080550210660,2026-09-13,99.56,3396,20,29.32,0.589,4.98,1,1,99.56,18,2,Sessions beforeSep12 unavailable; Sep12 partial; property/retained starts unavailable; outcomes use occurrence day and exact stored IDs.
AD SET,120251080556650660,120251080550210660,2026-09-14,94.16,3498,17,26.92,0.486,5.54,2,2,47.08,14,3,Sessions beforeSep12 unavailable; Sep12 partial; property/retained starts unavailable; outcomes use occurrence day and exact stored IDs.
AD SET,120251080556650660,120251080550210660,2026-09-15,116.99,5345,27,21.89,0.505,4.33,1,1,116.99,23,4,Sessions beforeSep12 unavailable; Sep12 partial; property/retained starts unavailable; outcomes use occurrence day and exact stored IDs.
AD SET,120251080556650660,120251080550210660,2026-09-16,98.7,4335,16,22.77,0.369,6.17,2,2,49.35,15,3,Sessions beforeSep12 unavailable; Sep12 partial; property/retained starts unavailable; outcomes use occurrence day and exact stored IDs.
AD SET,120251080556650660,120251080550210660,2026-09-17,80.58,2881,8,27.97,0.278,10.07,0,0,,8,0,Sessions beforeSep12 unavailable; Sep12 partial; property/retained starts unavailable; outcomes use occurrence day and exact stored IDs.
AD SET,120251080556650660,120251080550210660,2026-09-18,69.6,2431,16,28.63,0.658,4.35,1,0,69.6,15,2,Sessions beforeSep12 unavailable; Sep12 partial; property/retained starts unavailable; outcomes use occurrence day and exact stored IDs.
AD SET,120251081777590660,120251080550210660,2026-09-13,0.88,20,0,44.0,0.0,,0,0,,0,0,Sessions beforeSep12 unavailable; Sep12 partial; property/retained starts unavailable; outcomes use occurrence day and exact stored IDs.
AD SET,120251081777590660,120251080550210660,2026-09-14,0.16,3,0,53.33,0.0,,0,0,,0,0,Sessions beforeSep12 unavailable; Sep12 partial; property/retained starts unavailable; outcomes use occurrence day and exact stored IDs.
AD SET,120251082425560660,120251080550210660,2026-09-13,3.19,81,1,39.38,1.235,3.19,1,1,3.19,1,1,Sessions beforeSep12 unavailable; Sep12 partial; property/retained starts unavailable; outcomes use occurrence day and exact stored IDs.
AD SET,120251082425560660,120251080550210660,2026-09-14,3.07,78,0,39.36,0.0,,0,0,,0,0,Sessions beforeSep12 unavailable; Sep12 partial; property/retained starts unavailable; outcomes use occurrence day and exact stored IDs.
AD SET,120251082425560660,120251080550210660,2026-09-15,2.97,48,0,61.88,0.0,,0,0,,0,0,Sessions beforeSep12 unavailable; Sep12 partial; property/retained starts unavailable; outcomes use occurrence day and exact stored IDs.
AD SET,120251082425560660,120251080550210660,2026-09-16,2.71,52,0,52.12,0.0,,0,0,,0,0,Sessions beforeSep12 unavailable; Sep12 partial; property/retained starts unavailable; outcomes use occurrence day and exact stored IDs.
AD SET,120251082425560660,120251080550210660,2026-09-17,3.25,49,0,66.33,0.0,,0,0,,0,0,Sessions beforeSep12 unavailable; Sep12 partial; property/retained starts unavailable; outcomes use occurrence day and exact stored IDs.
AD SET,120251082425560660,120251080550210660,2026-09-18,1.06,40,0,26.5,0.0,,0,0,,0,0,Sessions beforeSep12 unavailable; Sep12 partial; property/retained starts unavailable; outcomes use occurrence day and exact stored IDs.
AD SET,120251082426930660,120251080550210660,2026-09-13,1.88,35,0,53.71,0.0,,0,0,,0,0,Sessions beforeSep12 unavailable; Sep12 partial; property/retained starts unavailable; outcomes use occurrence day and exact stored IDs.
AD SET,120251082426930660,120251080550210660,2026-09-14,2.39,51,0,46.86,0.0,,0,0,,0,0,Sessions beforeSep12 unavailable; Sep12 partial; property/retained starts unavailable; outcomes use occurrence day and exact stored IDs.
AD SET,120251082426930660,120251080550210660,2026-09-15,1.48,23,0,64.35,0.0,,0,0,,0,0,Sessions beforeSep12 unavailable; Sep12 partial; property/retained starts unavailable; outcomes use occurrence day and exact stored IDs.
AD SET,120251082426930660,120251080550210660,2026-09-16,1.72,33,0,52.12,0.0,,0,0,,0,0,Sessions beforeSep12 unavailable; Sep12 partial; property/retained starts unavailable; outcomes use occurrence day and exact stored IDs.
AD SET,120251082426930660,120251080550210660,2026-09-17,2.06,51,0,40.39,0.0,,0,0,,0,0,Sessions beforeSep12 unavailable; Sep12 partial; property/retained starts unavailable; outcomes use occurrence day and exact stored IDs.
AD SET,120251082426930660,120251080550210660,2026-09-18,2.11,49,0,43.06,0.0,,0,0,,0,0,Sessions beforeSep12 unavailable; Sep12 partial; property/retained starts unavailable; outcomes use occurrence day and exact stored IDs.
AD SET,120251082430060660,120251080550210660,2026-09-13,0.13,3,0,43.33,0.0,,0,0,,0,0,Sessions beforeSep12 unavailable; Sep12 partial; property/retained starts unavailable; outcomes use occurrence day and exact stored IDs.
AD SET,120251082430060660,120251080550210660,2026-09-14,0.63,8,0,78.75,0.0,,0,0,,0,0,Sessions beforeSep12 unavailable; Sep12 partial; property/retained starts unavailable; outcomes use occurrence day and exact stored IDs.
AD SET,120251082430060660,120251080550210660,2026-09-15,0.14,3,0,46.67,0.0,,0,0,,0,0,Sessions beforeSep12 unavailable; Sep12 partial; property/retained starts unavailable; outcomes use occurrence day and exact stored IDs.
AD SET,120251082430060660,120251080550210660,2026-09-16,0.16,1,0,160.0,0.0,,0,0,,0,0,Sessions beforeSep12 unavailable; Sep12 partial; property/retained starts unavailable; outcomes use occurrence day and exact stored IDs.
AD SET,120251082430060660,120251080550210660,2026-09-17,0.0,1,0,0.0,0.0,,0,0,,0,0,Sessions beforeSep12 unavailable; Sep12 partial; property/retained starts unavailable; outcomes use occurrence day and exact stored IDs.
AD SET,120251082430060660,120251080550210660,2026-09-18,0.01,1,0,10.0,0.0,,0,0,,0,0,Sessions beforeSep12 unavailable; Sep12 partial; property/retained starts unavailable; outcomes use occurrence day and exact stored IDs.
AD SET,120251082432910660,120251080550210660,2026-09-13,1.44,32,0,45.0,0.0,,0,0,,0,0,Sessions beforeSep12 unavailable; Sep12 partial; property/retained starts unavailable; outcomes use occurrence day and exact stored IDs.
AD SET,120251082432910660,120251080550210660,2026-09-14,1.16,25,0,46.4,0.0,,0,0,,0,0,Sessions beforeSep12 unavailable; Sep12 partial; property/retained starts unavailable; outcomes use occurrence day and exact stored IDs.
AD SET,120251082432910660,120251080550210660,2026-09-15,0.53,14,0,37.86,0.0,,0,0,,0,0,Sessions beforeSep12 unavailable; Sep12 partial; property/retained starts unavailable; outcomes use occurrence day and exact stored IDs.
AD SET,120251082432910660,120251080550210660,2026-09-16,2.26,66,0,34.24,0.0,,0,0,,0,0,Sessions beforeSep12 unavailable; Sep12 partial; property/retained starts unavailable; outcomes use occurrence day and exact stored IDs.
AD SET,120251082432910660,120251080550210660,2026-09-17,3.71,70,1,53.0,1.429,3.71,0,0,,0,0,Sessions beforeSep12 unavailable; Sep12 partial; property/retained starts unavailable; outcomes use occurrence day and exact stored IDs.
AD SET,120251082432910660,120251080550210660,2026-09-18,2.87,82,0,35.0,0.0,,0,0,,0,0,Sessions beforeSep12 unavailable; Sep12 partial; property/retained starts unavailable; outcomes use occurrence day and exact stored IDs.
AD SET,120251080552470660,120251080550480660,2026-09-13,3.56,27,0,131.85,0.0,,0,0,,0,0,Sessions beforeSep12 unavailable; Sep12 partial; property/retained starts unavailable; outcomes use occurrence day and exact stored IDs.
AD SET,120251080552470660,120251080550480660,2026-09-14,1.78,4,0,445.0,0.0,,0,0,,0,0,Sessions beforeSep12 unavailable; Sep12 partial; property/retained starts unavailable; outcomes use occurrence day and exact stored IDs.
AD SET,120251080552470660,120251080550480660,2026-09-15,0.03,1,0,30.0,0.0,,0,0,,0,0,Sessions beforeSep12 unavailable; Sep12 partial; property/retained starts unavailable; outcomes use occurrence day and exact stored IDs.
AD SET,120251080552470660,120251080550480660,2026-09-16,0.06,1,0,60.0,0.0,,0,0,,0,0,Sessions beforeSep12 unavailable; Sep12 partial; property/retained starts unavailable; outcomes use occurrence day and exact stored IDs.
AD SET,120251080552470660,120251080550480660,2026-09-18,0.17,1,0,170.0,0.0,,0,0,,0,0,Sessions beforeSep12 unavailable; Sep12 partial; property/retained starts unavailable; outcomes use occurrence day and exact stored IDs.
AD SET,120251080553200660,120251080550480660,2026-09-13,85.4,922,2,92.62,0.217,42.7,0,0,,2,0,Sessions beforeSep12 unavailable; Sep12 partial; property/retained starts unavailable; outcomes use occurrence day and exact stored IDs.
AD SET,120251080553200660,120251080550480660,2026-09-14,86.59,852,6,101.63,0.704,14.43,0,0,,6,0,Sessions beforeSep12 unavailable; Sep12 partial; property/retained starts unavailable; outcomes use occurrence day and exact stored IDs.
AD SET,120251080553200660,120251080550480660,2026-09-15,113.83,1814,14,62.75,0.772,8.13,2,2,56.91,16,2,Sessions beforeSep12 unavailable; Sep12 partial; property/retained starts unavailable; outcomes use occurrence day and exact stored IDs.
AD SET,120251080553200660,120251080550480660,2026-09-16,107.6,1982,19,54.29,0.959,5.66,1,1,107.6,19,2,Sessions beforeSep12 unavailable; Sep12 partial; property/retained starts unavailable; outcomes use occurrence day and exact stored IDs.
AD SET,120251080553200660,120251080550480660,2026-09-17,55.76,873,4,63.87,0.458,13.94,0,0,,4,0,Sessions beforeSep12 unavailable; Sep12 partial; property/retained starts unavailable; outcomes use occurrence day and exact stored IDs.
AD SET,120251080553200660,120251080550480660,2026-09-18,36.79,461,2,79.8,0.434,18.39,0,0,,2,0,Sessions beforeSep12 unavailable; Sep12 partial; property/retained starts unavailable; outcomes use occurrence day and exact stored IDs.
AD SET,120251080555120660,120251080550480660,2026-09-13,18.38,425,1,43.25,0.235,18.38,0,0,,1,0,Sessions beforeSep12 unavailable; Sep12 partial; property/retained starts unavailable; outcomes use occurrence day and exact stored IDs.
AD SET,120251080555120660,120251080550480660,2026-09-14,7.06,113,0,62.48,0.0,,0,0,,0,0,Sessions beforeSep12 unavailable; Sep12 partial; property/retained starts unavailable; outcomes use occurrence day and exact stored IDs.
AD SET,120251080555120660,120251080550480660,2026-09-15,1.8,34,0,52.94,0.0,,0,0,,0,0,Sessions beforeSep12 unavailable; Sep12 partial; property/retained starts unavailable; outcomes use occurrence day and exact stored IDs.
AD SET,120251080555120660,120251080550480660,2026-09-16,2.52,40,2,63.0,5.0,1.26,0,0,,2,1,Sessions beforeSep12 unavailable; Sep12 partial; property/retained starts unavailable; outcomes use occurrence day and exact stored IDs.
AD SET,120251080555120660,120251080550480660,2026-09-17,13.59,272,5,49.96,1.838,2.72,0,0,,4,0,Sessions beforeSep12 unavailable; Sep12 partial; property/retained starts unavailable; outcomes use occurrence day and exact stored IDs.
AD SET,120251080555120660,120251080550480660,2026-09-18,27.1,627,3,43.22,0.478,9.03,0,0,,4,2,Sessions beforeSep12 unavailable; Sep12 partial; property/retained starts unavailable; outcomes use occurrence day and exact stored IDs.
AD SET,120251081859790660,120251080550480660,2026-09-13,0.81,8,0,101.25,0.0,,0,0,,0,0,Sessions beforeSep12 unavailable; Sep12 partial; property/retained starts unavailable; outcomes use occurrence day and exact stored IDs.
AD SET,120251081859790660,120251080550480660,2026-09-14,1.1,7,0,157.14,0.0,,0,0,,0,0,Sessions beforeSep12 unavailable; Sep12 partial; property/retained starts unavailable; outcomes use occurrence day and exact stored IDs.
AD SET,120251081859790660,120251080550480660,2026-09-15,0.08,2,0,40.0,0.0,,0,0,,0,0,Sessions beforeSep12 unavailable; Sep12 partial; property/retained starts unavailable; outcomes use occurrence day and exact stored IDs.
AD SET,120251081859790660,120251080550480660,2026-09-18,1.52,4,0,380.0,0.0,,0,0,,0,0,Sessions beforeSep12 unavailable; Sep12 partial; property/retained starts unavailable; outcomes use occurrence day and exact stored IDs.
AD SET,120251082462390660,120251080550480660,2026-09-13,17.37,343,0,50.64,0.0,,0,0,,0,0,Sessions beforeSep12 unavailable; Sep12 partial; property/retained starts unavailable; outcomes use occurrence day and exact stored IDs.
AD SET,120251082462390660,120251080550480660,2026-09-14,33.24,608,4,54.67,0.658,8.31,0,0,,3,0,Sessions beforeSep12 unavailable; Sep12 partial; property/retained starts unavailable; outcomes use occurrence day and exact stored IDs.
AD SET,120251082462390660,120251080550480660,2026-09-15,20.49,326,1,62.85,0.307,20.49,1,1,20.49,3,1,Sessions beforeSep12 unavailable; Sep12 partial; property/retained starts unavailable; outcomes use occurrence day and exact stored IDs.
AD SET,120251082462390660,120251080550480660,2026-09-16,6.33,63,0,100.48,0.0,,0,0,,0,0,Sessions beforeSep12 unavailable; Sep12 partial; property/retained starts unavailable; outcomes use occurrence day and exact stored IDs.
AD SET,120251082462390660,120251080550480660,2026-09-17,9.2,108,0,85.19,0.0,,0,0,,1,0,Sessions beforeSep12 unavailable; Sep12 partial; property/retained starts unavailable; outcomes use occurrence day and exact stored IDs.
AD SET,120251082462390660,120251080550480660,2026-09-18,26.1,361,3,72.3,0.831,8.7,0,0,,3,0,Sessions beforeSep12 unavailable; Sep12 partial; property/retained starts unavailable; outcomes use occurrence day and exact stored IDs.
AD SET,120251082465410660,120251080550480660,2026-09-13,2.76,71,0,38.87,0.0,,0,0,,0,0,Sessions beforeSep12 unavailable; Sep12 partial; property/retained starts unavailable; outcomes use occurrence day and exact stored IDs.
AD SET,120251082465410660,120251080550480660,2026-09-14,6.71,56,0,119.82,0.0,,0,0,,0,0,Sessions beforeSep12 unavailable; Sep12 partial; property/retained starts unavailable; outcomes use occurrence day and exact stored IDs.
AD SET,120251082465410660,120251080550480660,2026-09-15,1.4,23,0,60.87,0.0,,0,0,,0,0,Sessions beforeSep12 unavailable; Sep12 partial; property/retained starts unavailable; outcomes use occurrence day and exact stored IDs.
AD SET,120251082465410660,120251080550480660,2026-09-16,0.03,4,0,7.5,0.0,,0,0,,0,0,Sessions beforeSep12 unavailable; Sep12 partial; property/retained starts unavailable; outcomes use occurrence day and exact stored IDs.
AD SET,120251082465410660,120251080550480660,2026-09-17,0.13,2,0,65.0,0.0,,0,0,,0,0,Sessions beforeSep12 unavailable; Sep12 partial; property/retained starts unavailable; outcomes use occurrence day and exact stored IDs.
AD SET,120251082465410660,120251080550480660,2026-09-18,5.24,110,1,47.64,0.909,5.24,0,0,,1,0,Sessions beforeSep12 unavailable; Sep12 partial; property/retained starts unavailable; outcomes use occurrence day and exact stored IDs.
AD SET,120251082469820660,120251080550480660,2026-09-13,1.09,14,0,77.86,0.0,,0,0,,0,0,Sessions beforeSep12 unavailable; Sep12 partial; property/retained starts unavailable; outcomes use occurrence day and exact stored IDs.
AD SET,120251082469820660,120251080550480660,2026-09-14,0.05,3,0,16.67,0.0,,0,0,,0,0,Sessions beforeSep12 unavailable; Sep12 partial; property/retained starts unavailable; outcomes use occurrence day and exact stored IDs.
AD SET,120251082469820660,120251080550480660,2026-09-18,0.05,2,0,25.0,0.0,,0,0,,0,0,Sessions beforeSep12 unavailable; Sep12 partial; property/retained starts unavailable; outcomes use occurrence day and exact stored IDs.
AD SET,120251082475310660,120251080550480660,2026-09-13,5.53,93,1,59.46,1.075,5.53,0,0,,2,1,Sessions beforeSep12 unavailable; Sep12 partial; property/retained starts unavailable; outcomes use occurrence day and exact stored IDs.
AD SET,120251082475310660,120251080550480660,2026-09-14,4.73,91,0,51.98,0.0,,0,0,,0,0,Sessions beforeSep12 unavailable; Sep12 partial; property/retained starts unavailable; outcomes use occurrence day and exact stored IDs.
AD SET,120251082475310660,120251080550480660,2026-09-15,1.25,31,0,40.32,0.0,,0,0,,0,0,Sessions beforeSep12 unavailable; Sep12 partial; property/retained starts unavailable; outcomes use occurrence day and exact stored IDs.
AD SET,120251082475310660,120251080550480660,2026-09-16,1.46,20,1,73.0,5.0,1.46,0,0,,1,0,Sessions beforeSep12 unavailable; Sep12 partial; property/retained starts unavailable; outcomes use occurrence day and exact stored IDs.
AD SET,120251082475310660,120251080550480660,2026-09-17,4.82,68,1,70.88,1.471,4.82,0,0,,1,0,Sessions beforeSep12 unavailable; Sep12 partial; property/retained starts unavailable; outcomes use occurrence day and exact stored IDs.
AD SET,120251082475310660,120251080550480660,2026-09-18,19.21,365,0,52.63,0.0,,0,0,,0,0,Sessions beforeSep12 unavailable; Sep12 partial; property/retained starts unavailable; outcomes use occurrence day and exact stored IDs.
AD SET,120251080551030660,120251080550890660,2026-09-13,2.12,21,0,100.95,0.0,,0,0,,0,0,Sessions beforeSep12 unavailable; Sep12 partial; property/retained starts unavailable; outcomes use occurrence day and exact stored IDs.
AD SET,120251080551030660,120251080550890660,2026-09-14,0.0,1,0,0.0,0.0,,0,0,,0,0,Sessions beforeSep12 unavailable; Sep12 partial; property/retained starts unavailable; outcomes use occurrence day and exact stored IDs.
AD SET,120251080551030660,120251080550890660,2026-09-17,0.05,1,0,50.0,0.0,,0,0,,0,0,Sessions beforeSep12 unavailable; Sep12 partial; property/retained starts unavailable; outcomes use occurrence day and exact stored IDs.
AD SET,120251080552020660,120251080550890660,2026-09-13,17.53,272,2,64.45,0.735,8.77,0,0,,8,0,Sessions beforeSep12 unavailable; Sep12 partial; property/retained starts unavailable; outcomes use occurrence day and exact stored IDs.
AD SET,120251080552020660,120251080550890660,2026-09-14,0.31,6,0,51.67,0.0,,0,0,,0,0,Sessions beforeSep12 unavailable; Sep12 partial; property/retained starts unavailable; outcomes use occurrence day and exact stored IDs.
AD SET,120251080553580660,120251080550890660,2026-09-13,85.29,1848,4,46.15,0.216,21.32,1,1,85.29,4,1,Sessions beforeSep12 unavailable; Sep12 partial; property/retained starts unavailable; outcomes use occurrence day and exact stored IDs.
AD SET,120251080553580660,120251080550890660,2026-09-14,17.88,341,2,52.43,0.587,8.94,0,0,,3,0,Sessions beforeSep12 unavailable; Sep12 partial; property/retained starts unavailable; outcomes use occurrence day and exact stored IDs.
AD SET,120251080553580660,120251080550890660,2026-09-15,10.18,129,1,78.91,0.775,10.18,0,0,,1,1,Sessions beforeSep12 unavailable; Sep12 partial; property/retained starts unavailable; outcomes use occurrence day and exact stored IDs.
AD SET,120251080553580660,120251080550890660,2026-09-16,16.5,205,1,80.49,0.488,16.5,0,0,,1,0,Sessions beforeSep12 unavailable; Sep12 partial; property/retained starts unavailable; outcomes use occurrence day and exact stored IDs.
AD SET,120251080553580660,120251080550890660,2026-09-17,52.31,976,8,53.6,0.82,6.54,0,0,,7,0,Sessions beforeSep12 unavailable; Sep12 partial; property/retained starts unavailable; outcomes use occurrence day and exact stored IDs.
AD SET,120251080553580660,120251080550890660,2026-09-18,56.47,1081,13,52.24,1.203,4.34,0,0,,13,1,Sessions beforeSep12 unavailable; Sep12 partial; property/retained starts unavailable; outcomes use occurrence day and exact stored IDs.
AD SET,120251081895010660,120251080550890660,2026-09-13,9.84,86,0,114.42,0.0,,0,0,,0,0,Sessions beforeSep12 unavailable; Sep12 partial; property/retained starts unavailable; outcomes use occurrence day and exact stored IDs.
AD SET,120251081895010660,120251080550890660,2026-09-14,0.74,6,0,123.33,0.0,,0,0,,0,0,Sessions beforeSep12 unavailable; Sep12 partial; property/retained starts unavailable; outcomes use occurrence day and exact stored IDs.
AD SET,120251081895010660,120251080550890660,2026-09-16,0.43,1,0,430.0,0.0,,0,0,,0,0,Sessions beforeSep12 unavailable; Sep12 partial; property/retained starts unavailable; outcomes use occurrence day and exact stored IDs.
AD SET,120251081895010660,120251080550890660,2026-09-18,0.04,1,0,40.0,0.0,,0,0,,0,0,Sessions beforeSep12 unavailable; Sep12 partial; property/retained starts unavailable; outcomes use occurrence day and exact stored IDs.
AD SET,120251082520210660,120251080550890660,2026-09-13,27.1,582,2,46.56,0.344,13.55,0,0,,3,0,Sessions beforeSep12 unavailable; Sep12 partial; property/retained starts unavailable; outcomes use occurrence day and exact stored IDs.
AD SET,120251082520210660,120251080550890660,2026-09-14,125.21,3018,20,41.49,0.663,6.26,2,2,62.6,20,3,Sessions beforeSep12 unavailable; Sep12 partial; property/retained starts unavailable; outcomes use occurrence day and exact stored IDs.
AD SET,120251082520210660,120251080550890660,2026-09-15,111.89,2664,10,42.0,0.375,11.19,1,1,111.89,11,1,Sessions beforeSep12 unavailable; Sep12 partial; property/retained starts unavailable; outcomes use occurrence day and exact stored IDs.
AD SET,120251082520210660,120251080550890660,2026-09-16,79.66,1552,8,51.33,0.515,9.96,0,0,,6,0,Sessions beforeSep12 unavailable; Sep12 partial; property/retained starts unavailable; outcomes use occurrence day and exact stored IDs.
AD SET,120251082520210660,120251080550890660,2026-09-17,38.17,577,2,66.15,0.347,19.09,1,1,38.17,3,1,Sessions beforeSep12 unavailable; Sep12 partial; property/retained starts unavailable; outcomes use occurrence day and exact stored IDs.
AD SET,120251082520210660,120251080550890660,2026-09-18,59.93,1291,8,46.42,0.62,7.49,0,0,,7,0,Sessions beforeSep12 unavailable; Sep12 partial; property/retained starts unavailable; outcomes use occurrence day and exact stored IDs.
AD SET,120251082523300660,120251080550890660,2026-09-13,0.75,16,0,46.88,0.0,,0,0,,0,0,Sessions beforeSep12 unavailable; Sep12 partial; property/retained starts unavailable; outcomes use occurrence day and exact stored IDs.
AD SET,120251082523300660,120251080550890660,2026-09-14,0.59,15,0,39.33,0.0,,0,0,,0,0,Sessions beforeSep12 unavailable; Sep12 partial; property/retained starts unavailable; outcomes use occurrence day and exact stored IDs.
AD SET,120251082523300660,120251080550890660,2026-09-15,0.06,1,0,60.0,0.0,,0,0,,0,0,Sessions beforeSep12 unavailable; Sep12 partial; property/retained starts unavailable; outcomes use occurrence day and exact stored IDs.
AD SET,120251082527830660,120251080550890660,2026-09-13,3.92,20,0,196.0,0.0,,0,0,,0,0,Sessions beforeSep12 unavailable; Sep12 partial; property/retained starts unavailable; outcomes use occurrence day and exact stored IDs.
AD SET,120251082527830660,120251080550890660,2026-09-14,2.22,16,0,138.75,0.0,,0,0,,0,0,Sessions beforeSep12 unavailable; Sep12 partial; property/retained starts unavailable; outcomes use occurrence day and exact stored IDs.
AD SET,120251082527830660,120251080550890660,2026-09-16,0.1,3,0,33.33,0.0,,0,0,,0,0,Sessions beforeSep12 unavailable; Sep12 partial; property/retained starts unavailable; outcomes use occurrence day and exact stored IDs.
AD SET,120251082527830660,120251080550890660,2026-09-17,0.17,2,0,85.0,0.0,,0,0,,0,0,Sessions beforeSep12 unavailable; Sep12 partial; property/retained starts unavailable; outcomes use occurrence day and exact stored IDs.
AD SET,120251082532120660,120251080550890660,2026-09-13,4.15,80,1,51.88,1.25,4.15,0,0,,1,0,Sessions beforeSep12 unavailable; Sep12 partial; property/retained starts unavailable; outcomes use occurrence day and exact stored IDs.
AD SET,120251082532120660,120251080550890660,2026-09-14,1.56,42,0,37.14,0.0,,0,0,,0,0,Sessions beforeSep12 unavailable; Sep12 partial; property/retained starts unavailable; outcomes use occurrence day and exact stored IDs.
AD SET,120251082532120660,120251080550890660,2026-09-15,1.77,29,0,61.03,0.0,,0,0,,0,0,Sessions beforeSep12 unavailable; Sep12 partial; property/retained starts unavailable; outcomes use occurrence day and exact stored IDs.
AD SET,120251082532120660,120251080550890660,2026-09-16,5.22,63,0,82.86,0.0,,0,0,,0,0,Sessions beforeSep12 unavailable; Sep12 partial; property/retained starts unavailable; outcomes use occurrence day and exact stored IDs.
AD SET,120251082532120660,120251080550890660,2026-09-17,6.76,117,1,57.78,0.855,6.76,0,0,,1,0,Sessions beforeSep12 unavailable; Sep12 partial; property/retained starts unavailable; outcomes use occurrence day and exact stored IDs.
AD SET,120251082532120660,120251080550890660,2026-09-18,4.41,44,0,100.23,0.0,,0,0,,0,0,Sessions beforeSep12 unavailable; Sep12 partial; property/retained starts unavailable; outcomes use occurrence day and exact stored IDs.
