level,id,name,campaign_id,status,effective_status,targeting,optimization_goal,promoted_object,learning_stage_info,created_time,start_time,attribution_spec,spend,impressions,link_clicks,CPM,link_CTR_pct,link_CPC,completed_saved,new_acquisitions,observed_starts,observed_sessions,CPL_saved,CPL_new,cost_per_observed_start,measurement_flags,daily_min_spend_target,daily_budget,lifetime_budget,bid_strategy
AD SET,120251082532120660,CT People r2 | hvac__savings,120251080550890660,ACTIVE,CAMPAIGN_PAUSED,"{""age_max"": 65, ""age_min"": 18, ""geo_locations"": {""regions"": [{""key"": ""3843"", ""name"": ""Alabama"", ""country"": ""US""}, {""key"": ""3844"", ""name"": ""Alaska"", ""country"": ""US""}, {""key"": ""3845"", ""name"": ""Arizona"", ""country"": ""US""}, {""key"": ""3846"", ""name"": ""Arkansas"", ""country"": ""US""}, {""key"": ""3848"", ""name"": ""Colorado"", ""country"": ""US""}, {""key"": ""3849"", ""name"": ""Connecticut"", ""country"": ""US""}, {""key"": ""3850"", ""name"": ""Delaware"", ""country"": ""US""}, {""key"": ""3853"", ""name"": ""Georgia"", ""country"": ""US""}, {""key"": ""3854"", ""name"": ""Hawaii"", ""country"": ""US""}, {""key"": ""3855"", ""name"": ""Idaho"", ""country"": ""US""}, {""key"": ""3856"", ""name"": ""Illinois"", ""country"": ""US""}, {""key"": ""3857"", ""name"": ""Indiana"", ""country"": ""US""}, {""key"": ""3858"", ""name"": ""Iowa"", ""country"": ""US""}, {""key"": ""3859"", ""name"": ""Kansas"", ""country"": ""US""}, {""key"": ""3860"", ""name"": ""Kentucky"", ""country"": ""US""}, {""key"": ""3861"", ""name"": ""Louisiana"", ""country"": ""US""}, {""key"": ""3862"", ""name"": ""Maine"", ""country"": ""US""}, {""key"": ""3863"", ""name"": ""Maryland"", ""country"": ""US""}, {""key"": ""3864"", ""name"": ""Massachusetts"", ""country"": ""US""}, {""key"": ""3866"", ""name"": ""Minnesota"", ""country"": ""US""}, {""key"": ""3867"", ""name"": ""Mississippi"", ""country"": ""US""}, {""key"": ""3868"", ""name"": ""Missouri"", ""country"": ""US""}, {""key"": ""3869"", ""name"": ""Montana"", ""country"": ""US""}, {""key"": ""3870"", ""name"": ""Nebraska"", ""country"": ""US""}, {""key"": ""3871"", ""name"": ""Nevada"", ""country"": ""US""}, {""key"": ""3872"", ""name"": ""New Hampshire"", ""country"": ""US""}, {""key"": ""3873"", ""name"": ""New Jersey"", ""country"": ""US""}, {""key"": ""3874"", ""name"": ""New Mexico"", ""country"": ""US""}, {""key"": ""3876"", ""name"": ""North Carolina"", ""country"": ""US""}, {""key"": ""3877"", ""name"": ""North Dakota"", ""country"": ""US""}, {""key"": ""3878"", ""name"": ""Ohio"", ""country"": ""US""}, {""key"": ""3879"", ""name"": ""Oklahoma"", ""country"": ""US""}, {""key"": ""3880"", ""name"": ""Oregon"", ""country"": ""US""}, {""key"": ""3881"", ""name"": ""Pennsylvania"", ""country"": ""US""}, {""key"": ""3882"", ""name"": ""Rhode Island"", ""country"": ""US""}, {""key"": ""3883"", ""name"": ""South Carolina"", ""country"": ""US""}, {""key"": ""3884"", ""name"": ""South Dakota"", ""country"": ""US""}, {""key"": ""3885"", ""name"": ""Tennessee"", ""country"": ""US""}, {""key"": ""3886"", ""name"": ""Texas"", ""country"": ""US""}, {""key"": ""3887"", ""name"": ""Utah"", ""country"": ""US""}, {""key"": ""3888"", ""name"": ""Vermont"", ""country"": ""US""}, {""key"": ""3889"", ""name"": ""Virginia"", ""country"": ""US""}, {""key"": ""3891"", ""name"": ""West Virginia"", ""country"": ""US""}, {""key"": ""3892"", ""name"": ""Wisconsin"", ""country"": ""US""}, {""key"": ""3893"", ""name"": ""Wyoming"", ""country"": ""US""}], ""location_types"": [""frequently_in"", ""home""]}, ""targeting_automation"": {""advantage_audience"": 1}, ""publisher_platforms"": [""facebook"", ""instagram""], ""facebook_positions"": [""feed""], ""instagram_positions"": [""stream""]}",OFFSITE_CONVERSIONS,"{""pixel_id"": ""831179966599677"", ""custom_event_type"": ""LEAD"", ""smart_pse_enabled"": false}","{""attribution_windows"": [""1d_click""], ""last_sig_edit_ts"": 1789319236}",2026-09-13T02:03:06-0400,2026-09-13T02:03:06-0400,"[{""event_type"": ""CLICK_THROUGH"", ""window_days"": 1}]",23.87,375,2,63.65,0.533,11.94,0,0,0,2,,,,"O: observed session IDs, not verified people; C: reconciled completed intakes, including returns; V: form versions changed Sep18",,,,
AD SET,120251082527830660,CT People r2 | hvac__coi,120251080550890660,ACTIVE,CAMPAIGN_PAUSED,"{""age_max"": 65, ""age_min"": 18, ""geo_locations"": {""regions"": [{""key"": ""3843"", ""name"": ""Alabama"", ""country"": ""US""}, {""key"": ""3844"", ""name"": ""Alaska"", ""country"": ""US""}, {""key"": ""3845"", ""name"": ""Arizona"", ""country"": ""US""}, {""key"": ""3846"", ""name"": ""Arkansas"", ""country"": ""US""}, {""key"": ""3848"", ""name"": ""Colorado"", ""country"": ""US""}, {""key"": ""3849"", ""name"": ""Connecticut"", ""country"": ""US""}, {""key"": ""3850"", ""name"": ""Delaware"", ""country"": ""US""}, {""key"": ""3853"", ""name"": ""Georgia"", ""country"": ""US""}, {""key"": ""3854"", ""name"": ""Hawaii"", ""country"": ""US""}, {""key"": ""3855"", ""name"": ""Idaho"", ""country"": ""US""}, {""key"": ""3856"", ""name"": ""Illinois"", ""country"": ""US""}, {""key"": ""3857"", ""name"": ""Indiana"", ""country"": ""US""}, {""key"": ""3858"", ""name"": ""Iowa"", ""country"": ""US""}, {""key"": ""3859"", ""name"": ""Kansas"", ""country"": ""US""}, {""key"": ""3860"", ""name"": ""Kentucky"", ""country"": ""US""}, {""key"": ""3861"", ""name"": ""Louisiana"", ""country"": ""US""}, {""key"": ""3862"", ""name"": ""Maine"", ""country"": ""US""}, {""key"": ""3863"", ""name"": ""Maryland"", ""country"": ""US""}, {""key"": ""3864"", ""name"": ""Massachusetts"", ""country"": ""US""}, {""key"": ""3866"", ""name"": ""Minnesota"", ""country"": ""US""}, {""key"": ""3867"", ""name"": ""Mississippi"", ""country"": ""US""}, {""key"": ""3868"", ""name"": ""Missouri"", ""country"": ""US""}, {""key"": ""3869"", ""name"": ""Montana"", ""country"": ""US""}, {""key"": ""3870"", ""name"": ""Nebraska"", ""country"": ""US""}, {""key"": ""3871"", ""name"": ""Nevada"", ""country"": ""US""}, {""key"": ""3872"", ""name"": ""New Hampshire"", ""country"": ""US""}, {""key"": ""3873"", ""name"": ""New Jersey"", ""country"": ""US""}, {""key"": ""3874"", ""name"": ""New Mexico"", ""country"": ""US""}, {""key"": ""3876"", ""name"": ""North Carolina"", ""country"": ""US""}, {""key"": ""3877"", ""name"": ""North Dakota"", ""country"": ""US""}, {""key"": ""3878"", ""name"": ""Ohio"", ""country"": ""US""}, {""key"": ""3879"", ""name"": ""Oklahoma"", ""country"": ""US""}, {""key"": ""3880"", ""name"": ""Oregon"", ""country"": ""US""}, {""key"": ""3881"", ""name"": ""Pennsylvania"", ""country"": ""US""}, {""key"": ""3882"", ""name"": ""Rhode Island"", ""country"": ""US""}, {""key"": ""3883"", ""name"": ""South Carolina"", ""country"": ""US""}, {""key"": ""3884"", ""name"": ""South Dakota"", ""country"": ""US""}, {""key"": ""3885"", ""name"": ""Tennessee"", ""country"": ""US""}, {""key"": ""3886"", ""name"": ""Texas"", ""country"": ""US""}, {""key"": ""3887"", ""name"": ""Utah"", ""country"": ""US""}, {""key"": ""3888"", ""name"": ""Vermont"", ""country"": ""US""}, {""key"": ""3889"", ""name"": ""Virginia"", ""country"": ""US""}, {""key"": ""3891"", ""name"": ""West Virginia"", ""country"": ""US""}, {""key"": ""3892"", ""name"": ""Wisconsin"", ""country"": ""US""}, {""key"": ""3893"", ""name"": ""Wyoming"", ""country"": ""US""}], ""location_types"": [""frequently_in"", ""home""]}, ""targeting_automation"": {""advantage_audience"": 1}, ""publisher_platforms"": [""facebook"", ""instagram""], ""facebook_positions"": [""feed""], ""instagram_positions"": [""stream""]}",OFFSITE_CONVERSIONS,"{""pixel_id"": ""831179966599677"", ""custom_event_type"": ""LEAD"", ""smart_pse_enabled"": false}","{""attribution_windows"": [""1d_click""], ""last_sig_edit_ts"": 1789319235}",2026-09-13T02:02:29-0400,2026-09-13T02:02:29-0400,"[{""event_type"": ""CLICK_THROUGH"", ""window_days"": 1}]",6.41,41,0,156.34,0.0,,0,0,0,0,,,,"O: observed session IDs, not verified people; C: reconciled completed intakes, including returns; V: form versions changed Sep18",,,,
AD SET,120251082523300660,CT People r2 | hvac__work,120251080550890660,ACTIVE,CAMPAIGN_PAUSED,"{""age_max"": 65, ""age_min"": 18, ""geo_locations"": {""regions"": [{""key"": ""3843"", ""name"": ""Alabama"", ""country"": ""US""}, {""key"": ""3844"", ""name"": ""Alaska"", ""country"": ""US""}, {""key"": ""3845"", ""name"": ""Arizona"", ""country"": ""US""}, {""key"": ""3846"", ""name"": ""Arkansas"", ""country"": ""US""}, {""key"": ""3848"", ""name"": ""Colorado"", ""country"": ""US""}, {""key"": ""3849"", ""name"": ""Connecticut"", ""country"": ""US""}, {""key"": ""3850"", ""name"": ""Delaware"", ""country"": ""US""}, {""key"": ""3853"", ""name"": ""Georgia"", ""country"": ""US""}, {""key"": ""3854"", ""name"": ""Hawaii"", ""country"": ""US""}, {""key"": ""3855"", ""name"": ""Idaho"", ""country"": ""US""}, {""key"": ""3856"", ""name"": ""Illinois"", ""country"": ""US""}, {""key"": ""3857"", ""name"": ""Indiana"", ""country"": ""US""}, {""key"": ""3858"", ""name"": ""Iowa"", ""country"": ""US""}, {""key"": ""3859"", ""name"": ""Kansas"", ""country"": ""US""}, {""key"": ""3860"", ""name"": ""Kentucky"", ""country"": ""US""}, {""key"": ""3861"", ""name"": ""Louisiana"", ""country"": ""US""}, {""key"": ""3862"", ""name"": ""Maine"", ""country"": ""US""}, {""key"": ""3863"", ""name"": ""Maryland"", ""country"": ""US""}, {""key"": ""3864"", ""name"": ""Massachusetts"", ""country"": ""US""}, {""key"": ""3866"", ""name"": ""Minnesota"", ""country"": ""US""}, {""key"": ""3867"", ""name"": ""Mississippi"", ""country"": ""US""}, {""key"": ""3868"", ""name"": ""Missouri"", ""country"": ""US""}, {""key"": ""3869"", ""name"": ""Montana"", ""country"": ""US""}, {""key"": ""3870"", ""name"": ""Nebraska"", ""country"": ""US""}, {""key"": ""3871"", ""name"": ""Nevada"", ""country"": ""US""}, {""key"": ""3872"", ""name"": ""New Hampshire"", ""country"": ""US""}, {""key"": ""3873"", ""name"": ""New Jersey"", ""country"": ""US""}, {""key"": ""3874"", ""name"": ""New Mexico"", ""country"": ""US""}, {""key"": ""3876"", ""name"": ""North Carolina"", ""country"": ""US""}, {""key"": ""3877"", ""name"": ""North Dakota"", ""country"": ""US""}, {""key"": ""3878"", ""name"": ""Ohio"", ""country"": ""US""}, {""key"": ""3879"", ""name"": ""Oklahoma"", ""country"": ""US""}, {""key"": ""3880"", ""name"": ""Oregon"", ""country"": ""US""}, {""key"": ""3881"", ""name"": ""Pennsylvania"", ""country"": ""US""}, {""key"": ""3882"", ""name"": ""Rhode Island"", ""country"": ""US""}, {""key"": ""3883"", ""name"": ""South Carolina"", ""country"": ""US""}, {""key"": ""3884"", ""name"": ""South Dakota"", ""country"": ""US""}, {""key"": ""3885"", ""name"": ""Tennessee"", ""country"": ""US""}, {""key"": ""3886"", ""name"": ""Texas"", ""country"": ""US""}, {""key"": ""3887"", ""name"": ""Utah"", ""country"": ""US""}, {""key"": ""3888"", ""name"": ""Vermont"", ""country"": ""US""}, {""key"": ""3889"", ""name"": ""Virginia"", ""country"": ""US""}, {""key"": ""3891"", ""name"": ""West Virginia"", ""country"": ""US""}, {""key"": ""3892"", ""name"": ""Wisconsin"", ""country"": ""US""}, {""key"": ""3893"", ""name"": ""Wyoming"", ""country"": ""US""}], ""location_types"": [""frequently_in"", ""home""]}, ""targeting_automation"": {""advantage_audience"": 1}, ""publisher_platforms"": [""facebook"", ""instagram""], ""facebook_positions"": [""feed""], ""instagram_positions"": [""stream""]}",OFFSITE_CONVERSIONS,"{""pixel_id"": ""831179966599677"", ""custom_event_type"": ""LEAD"", ""smart_pse_enabled"": false}","{""attribution_windows"": [""1d_click""], ""last_sig_edit_ts"": 1789319233}",2026-09-13T02:01:50-0400,2026-09-13T02:01:51-0400,"[{""event_type"": ""CLICK_THROUGH"", ""window_days"": 1}]",1.4,32,0,43.75,0.0,,0,0,0,0,,,,"O: observed session IDs, not verified people; C: reconciled completed intakes, including returns; V: form versions changed Sep18",,,,
AD SET,120251082520210660,CT People r2 | hvac__monthly,120251080550890660,ACTIVE,CAMPAIGN_PAUSED,"{""age_max"": 65, ""age_min"": 18, ""geo_locations"": {""regions"": [{""key"": ""3843"", ""name"": ""Alabama"", ""country"": ""US""}, {""key"": ""3844"", ""name"": ""Alaska"", ""country"": ""US""}, {""key"": ""3845"", ""name"": ""Arizona"", ""country"": ""US""}, {""key"": ""3846"", ""name"": ""Arkansas"", ""country"": ""US""}, {""key"": ""3848"", ""name"": ""Colorado"", ""country"": ""US""}, {""key"": ""3849"", ""name"": ""Connecticut"", ""country"": ""US""}, {""key"": ""3850"", ""name"": ""Delaware"", ""country"": ""US""}, {""key"": ""3853"", ""name"": ""Georgia"", ""country"": ""US""}, {""key"": ""3854"", ""name"": ""Hawaii"", ""country"": ""US""}, {""key"": ""3855"", ""name"": ""Idaho"", ""country"": ""US""}, {""key"": ""3856"", ""name"": ""Illinois"", ""country"": ""US""}, {""key"": ""3857"", ""name"": ""Indiana"", ""country"": ""US""}, {""key"": ""3858"", ""name"": ""Iowa"", ""country"": ""US""}, {""key"": ""3859"", ""name"": ""Kansas"", ""country"": ""US""}, {""key"": ""3860"", ""name"": ""Kentucky"", ""country"": ""US""}, {""key"": ""3861"", ""name"": ""Louisiana"", ""country"": ""US""}, {""key"": ""3862"", ""name"": ""Maine"", ""country"": ""US""}, {""key"": ""3863"", ""name"": ""Maryland"", ""country"": ""US""}, {""key"": ""3864"", ""name"": ""Massachusetts"", ""country"": ""US""}, {""key"": ""3866"", ""name"": ""Minnesota"", ""country"": ""US""}, {""key"": ""3867"", ""name"": ""Mississippi"", ""country"": ""US""}, {""key"": ""3868"", ""name"": ""Missouri"", ""country"": ""US""}, {""key"": ""3869"", ""name"": ""Montana"", ""country"": ""US""}, {""key"": ""3870"", ""name"": ""Nebraska"", ""country"": ""US""}, {""key"": ""3871"", ""name"": ""Nevada"", ""country"": ""US""}, {""key"": ""3872"", ""name"": ""New Hampshire"", ""country"": ""US""}, {""key"": ""3873"", ""name"": ""New Jersey"", ""country"": ""US""}, {""key"": ""3874"", ""name"": ""New Mexico"", ""country"": ""US""}, {""key"": ""3876"", ""name"": ""North Carolina"", ""country"": ""US""}, {""key"": ""3877"", ""name"": ""North Dakota"", ""country"": ""US""}, {""key"": ""3878"", ""name"": ""Ohio"", ""country"": ""US""}, {""key"": ""3879"", ""name"": ""Oklahoma"", ""country"": ""US""}, {""key"": ""3880"", ""name"": ""Oregon"", ""country"": ""US""}, {""key"": ""3881"", ""name"": ""Pennsylvania"", ""country"": ""US""}, {""key"": ""3882"", ""name"": ""Rhode Island"", ""country"": ""US""}, {""key"": ""3883"", ""name"": ""South Carolina"", ""country"": ""US""}, {""key"": ""3884"", ""name"": ""South Dakota"", ""country"": ""US""}, {""key"": ""3885"", ""name"": ""Tennessee"", ""country"": ""US""}, {""key"": ""3886"", ""name"": ""Texas"", ""country"": ""US""}, {""key"": ""3887"", ""name"": ""Utah"", ""country"": ""US""}, {""key"": ""3888"", ""name"": ""Vermont"", ""country"": ""US""}, {""key"": ""3889"", ""name"": ""Virginia"", ""country"": ""US""}, {""key"": ""3891"", ""name"": ""West Virginia"", ""country"": ""US""}, {""key"": ""3892"", ""name"": ""Wisconsin"", ""country"": ""US""}, {""key"": ""3893"", ""name"": ""Wyoming"", ""country"": ""US""}], ""location_types"": [""frequently_in"", ""home""]}, ""targeting_automation"": {""advantage_audience"": 1}, ""publisher_platforms"": [""facebook"", ""instagram""], ""facebook_positions"": [""feed""], ""instagram_positions"": [""stream""]}",OFFSITE_CONVERSIONS,"{""pixel_id"": ""831179966599677"", ""custom_event_type"": ""LEAD"", ""smart_pse_enabled"": false}","{""attribution_windows"": [""1d_click""], ""last_sig_edit_ts"": 1789319232}",2026-09-13T02:01:08-0400,2026-09-13T02:01:08-0400,"[{""event_type"": ""CLICK_THROUGH"", ""window_days"": 1}]",441.96,9684,50,45.64,0.516,8.84,4,4,5,50,110.49,110.49,88.39,"O: observed session IDs, not verified people; C: reconciled completed intakes, including returns; V: form versions changed Sep18",6000,,,
AD SET,120251082475310660,CT People r2 | painting__savings,120251080550480660,ACTIVE,CAMPAIGN_PAUSED,"{""age_max"": 65, ""age_min"": 18, ""geo_locations"": {""regions"": [{""key"": ""3843"", ""name"": ""Alabama"", ""country"": ""US""}, {""key"": ""3844"", ""name"": ""Alaska"", ""country"": ""US""}, {""key"": ""3845"", ""name"": ""Arizona"", ""country"": ""US""}, {""key"": ""3846"", ""name"": ""Arkansas"", ""country"": ""US""}, {""key"": ""3848"", ""name"": ""Colorado"", ""country"": ""US""}, {""key"": ""3849"", ""name"": ""Connecticut"", ""country"": ""US""}, {""key"": ""3850"", ""name"": ""Delaware"", ""country"": ""US""}, {""key"": ""3853"", ""name"": ""Georgia"", ""country"": ""US""}, {""key"": ""3854"", ""name"": ""Hawaii"", ""country"": ""US""}, {""key"": ""3855"", ""name"": ""Idaho"", ""country"": ""US""}, {""key"": ""3856"", ""name"": ""Illinois"", ""country"": ""US""}, {""key"": ""3857"", ""name"": ""Indiana"", ""country"": ""US""}, {""key"": ""3858"", ""name"": ""Iowa"", ""country"": ""US""}, {""key"": ""3859"", ""name"": ""Kansas"", ""country"": ""US""}, {""key"": ""3860"", ""name"": ""Kentucky"", ""country"": ""US""}, {""key"": ""3861"", ""name"": ""Louisiana"", ""country"": ""US""}, {""key"": ""3862"", ""name"": ""Maine"", ""country"": ""US""}, {""key"": ""3863"", ""name"": ""Maryland"", ""country"": ""US""}, {""key"": ""3864"", ""name"": ""Massachusetts"", ""country"": ""US""}, {""key"": ""3866"", ""name"": ""Minnesota"", ""country"": ""US""}, {""key"": ""3867"", ""name"": ""Mississippi"", ""country"": ""US""}, {""key"": ""3868"", ""name"": ""Missouri"", ""country"": ""US""}, {""key"": ""3869"", ""name"": ""Montana"", ""country"": ""US""}, {""key"": ""3870"", ""name"": ""Nebraska"", ""country"": ""US""}, {""key"": ""3871"", ""name"": ""Nevada"", ""country"": ""US""}, {""key"": ""3872"", ""name"": ""New Hampshire"", ""country"": ""US""}, {""key"": ""3873"", ""name"": ""New Jersey"", ""country"": ""US""}, {""key"": ""3874"", ""name"": ""New Mexico"", ""country"": ""US""}, {""key"": ""3876"", ""name"": ""North Carolina"", ""country"": ""US""}, {""key"": ""3877"", ""name"": ""North Dakota"", ""country"": ""US""}, {""key"": ""3878"", ""name"": ""Ohio"", ""country"": ""US""}, {""key"": ""3879"", ""name"": ""Oklahoma"", ""country"": ""US""}, {""key"": ""3880"", ""name"": ""Oregon"", ""country"": ""US""}, {""key"": ""3881"", ""name"": ""Pennsylvania"", ""country"": ""US""}, {""key"": ""3882"", ""name"": ""Rhode Island"", ""country"": ""US""}, {""key"": ""3883"", ""name"": ""South Carolina"", ""country"": ""US""}, {""key"": ""3884"", ""name"": ""South Dakota"", ""country"": ""US""}, {""key"": ""3885"", ""name"": ""Tennessee"", ""country"": ""US""}, {""key"": ""3886"", ""name"": ""Texas"", ""country"": ""US""}, {""key"": ""3887"", ""name"": ""Utah"", ""country"": ""US""}, {""key"": ""3888"", ""name"": ""Vermont"", ""country"": ""US""}, {""key"": ""3889"", ""name"": ""Virginia"", ""country"": ""US""}, {""key"": ""3891"", ""name"": ""West Virginia"", ""country"": ""US""}, {""key"": ""3892"", ""name"": ""Wisconsin"", ""country"": ""US""}, {""key"": ""3893"", ""name"": ""Wyoming"", ""country"": ""US""}], ""location_types"": [""frequently_in"", ""home""]}, ""targeting_automation"": {""advantage_audience"": 1}, ""publisher_platforms"": [""facebook"", ""instagram""], ""facebook_positions"": [""feed""], ""instagram_positions"": [""stream""]}",OFFSITE_CONVERSIONS,"{""pixel_id"": ""831179966599677"", ""custom_event_type"": ""LEAD"", ""smart_pse_enabled"": false}","{""attribution_windows"": [""1d_click""], ""last_sig_edit_ts"": 1789319230}",2026-09-13T01:55:28-0400,2026-09-13T01:55:28-0400,"[{""event_type"": ""CLICK_THROUGH"", ""window_days"": 1}]",37.0,668,3,55.39,0.449,12.33,0,0,1,4,,,37.0,"O: observed session IDs, not verified people; C: reconciled completed intakes, including returns; V: form versions changed Sep18",,,,
AD SET,120251082469820660,CT People r2 | painting__coi,120251080550480660,ACTIVE,CAMPAIGN_PAUSED,"{""age_max"": 65, ""age_min"": 18, ""geo_locations"": {""regions"": [{""key"": ""3843"", ""name"": ""Alabama"", ""country"": ""US""}, {""key"": ""3844"", ""name"": ""Alaska"", ""country"": ""US""}, {""key"": ""3845"", ""name"": ""Arizona"", ""country"": ""US""}, {""key"": ""3846"", ""name"": ""Arkansas"", ""country"": ""US""}, {""key"": ""3848"", ""name"": ""Colorado"", ""country"": ""US""}, {""key"": ""3849"", ""name"": ""Connecticut"", ""country"": ""US""}, {""key"": ""3850"", ""name"": ""Delaware"", ""country"": ""US""}, {""key"": ""3853"", ""name"": ""Georgia"", ""country"": ""US""}, {""key"": ""3854"", ""name"": ""Hawaii"", ""country"": ""US""}, {""key"": ""3855"", ""name"": ""Idaho"", ""country"": ""US""}, {""key"": ""3856"", ""name"": ""Illinois"", ""country"": ""US""}, {""key"": ""3857"", ""name"": ""Indiana"", ""country"": ""US""}, {""key"": ""3858"", ""name"": ""Iowa"", ""country"": ""US""}, {""key"": ""3859"", ""name"": ""Kansas"", ""country"": ""US""}, {""key"": ""3860"", ""name"": ""Kentucky"", ""country"": ""US""}, {""key"": ""3861"", ""name"": ""Louisiana"", ""country"": ""US""}, {""key"": ""3862"", ""name"": ""Maine"", ""country"": ""US""}, {""key"": ""3863"", ""name"": ""Maryland"", ""country"": ""US""}, {""key"": ""3864"", ""name"": ""Massachusetts"", ""country"": ""US""}, {""key"": ""3866"", ""name"": ""Minnesota"", ""country"": ""US""}, {""key"": ""3867"", ""name"": ""Mississippi"", ""country"": ""US""}, {""key"": ""3868"", ""name"": ""Missouri"", ""country"": ""US""}, {""key"": ""3869"", ""name"": ""Montana"", ""country"": ""US""}, {""key"": ""3870"", ""name"": ""Nebraska"", ""country"": ""US""}, {""key"": ""3871"", ""name"": ""Nevada"", ""country"": ""US""}, {""key"": ""3872"", ""name"": ""New Hampshire"", ""country"": ""US""}, {""key"": ""3873"", ""name"": ""New Jersey"", ""country"": ""US""}, {""key"": ""3874"", ""name"": ""New Mexico"", ""country"": ""US""}, {""key"": ""3876"", ""name"": ""North Carolina"", ""country"": ""US""}, {""key"": ""3877"", ""name"": ""North Dakota"", ""country"": ""US""}, {""key"": ""3878"", ""name"": ""Ohio"", ""country"": ""US""}, {""key"": ""3879"", ""name"": ""Oklahoma"", ""country"": ""US""}, {""key"": ""3880"", ""name"": ""Oregon"", ""country"": ""US""}, {""key"": ""3881"", ""name"": ""Pennsylvania"", ""country"": ""US""}, {""key"": ""3882"", ""name"": ""Rhode Island"", ""country"": ""US""}, {""key"": ""3883"", ""name"": ""South Carolina"", ""country"": ""US""}, {""key"": ""3884"", ""name"": ""South Dakota"", ""country"": ""US""}, {""key"": ""3885"", ""name"": ""Tennessee"", ""country"": ""US""}, {""key"": ""3886"", ""name"": ""Texas"", ""country"": ""US""}, {""key"": ""3887"", ""name"": ""Utah"", ""country"": ""US""}, {""key"": ""3888"", ""name"": ""Vermont"", ""country"": ""US""}, {""key"": ""3889"", ""name"": ""Virginia"", ""country"": ""US""}, {""key"": ""3891"", ""name"": ""West Virginia"", ""country"": ""US""}, {""key"": ""3892"", ""name"": ""Wisconsin"", ""country"": ""US""}, {""key"": ""3893"", ""name"": ""Wyoming"", ""country"": ""US""}], ""location_types"": [""frequently_in"", ""home""]}, ""targeting_automation"": {""advantage_audience"": 1}, ""publisher_platforms"": [""facebook"", ""instagram""], ""facebook_positions"": [""feed""], ""instagram_positions"": [""stream""]}",OFFSITE_CONVERSIONS,"{""pixel_id"": ""831179966599677"", ""custom_event_type"": ""LEAD"", ""smart_pse_enabled"": false}","{""attribution_windows"": [""1d_click""], ""last_sig_edit_ts"": 1789319229}",2026-09-13T01:54:49-0400,2026-09-13T01:54:50-0400,"[{""event_type"": ""CLICK_THROUGH"", ""window_days"": 1}]",1.19,19,0,62.63,0.0,,0,0,0,0,,,,"O: observed session IDs, not verified people; C: reconciled completed intakes, including returns; V: form versions changed Sep18",,,,
AD SET,120251082465410660,CT People r2 | painting__work,120251080550480660,ACTIVE,CAMPAIGN_PAUSED,"{""age_max"": 65, ""age_min"": 18, ""geo_locations"": {""regions"": [{""key"": ""3843"", ""name"": ""Alabama"", ""country"": ""US""}, {""key"": ""3844"", ""name"": ""Alaska"", ""country"": ""US""}, {""key"": ""3845"", ""name"": ""Arizona"", ""country"": ""US""}, {""key"": ""3846"", ""name"": ""Arkansas"", ""country"": ""US""}, {""key"": ""3848"", ""name"": ""Colorado"", ""country"": ""US""}, {""key"": ""3849"", ""name"": ""Connecticut"", ""country"": ""US""}, {""key"": ""3850"", ""name"": ""Delaware"", ""country"": ""US""}, {""key"": ""3853"", ""name"": ""Georgia"", ""country"": ""US""}, {""key"": ""3854"", ""name"": ""Hawaii"", ""country"": ""US""}, {""key"": ""3855"", ""name"": ""Idaho"", ""country"": ""US""}, {""key"": ""3856"", ""name"": ""Illinois"", ""country"": ""US""}, {""key"": ""3857"", ""name"": ""Indiana"", ""country"": ""US""}, {""key"": ""3858"", ""name"": ""Iowa"", ""country"": ""US""}, {""key"": ""3859"", ""name"": ""Kansas"", ""country"": ""US""}, {""key"": ""3860"", ""name"": ""Kentucky"", ""country"": ""US""}, {""key"": ""3861"", ""name"": ""Louisiana"", ""country"": ""US""}, {""key"": ""3862"", ""name"": ""Maine"", ""country"": ""US""}, {""key"": ""3863"", ""name"": ""Maryland"", ""country"": ""US""}, {""key"": ""3864"", ""name"": ""Massachusetts"", ""country"": ""US""}, {""key"": ""3866"", ""name"": ""Minnesota"", ""country"": ""US""}, {""key"": ""3867"", ""name"": ""Mississippi"", ""country"": ""US""}, {""key"": ""3868"", ""name"": ""Missouri"", ""country"": ""US""}, {""key"": ""3869"", ""name"": ""Montana"", ""country"": ""US""}, {""key"": ""3870"", ""name"": ""Nebraska"", ""country"": ""US""}, {""key"": ""3871"", ""name"": ""Nevada"", ""country"": ""US""}, {""key"": ""3872"", ""name"": ""New Hampshire"", ""country"": ""US""}, {""key"": ""3873"", ""name"": ""New Jersey"", ""country"": ""US""}, {""key"": ""3874"", ""name"": ""New Mexico"", ""country"": ""US""}, {""key"": ""3876"", ""name"": ""North Carolina"", ""country"": ""US""}, {""key"": ""3877"", ""name"": ""North Dakota"", ""country"": ""US""}, {""key"": ""3878"", ""name"": ""Ohio"", ""country"": ""US""}, {""key"": ""3879"", ""name"": ""Oklahoma"", ""country"": ""US""}, {""key"": ""3880"", ""name"": ""Oregon"", ""country"": ""US""}, {""key"": ""3881"", ""name"": ""Pennsylvania"", ""country"": ""US""}, {""key"": ""3882"", ""name"": ""Rhode Island"", ""country"": ""US""}, {""key"": ""3883"", ""name"": ""South Carolina"", ""country"": ""US""}, {""key"": ""3884"", ""name"": ""South Dakota"", ""country"": ""US""}, {""key"": ""3885"", ""name"": ""Tennessee"", ""country"": ""US""}, {""key"": ""3886"", ""name"": ""Texas"", ""country"": ""US""}, {""key"": ""3887"", ""name"": ""Utah"", ""country"": ""US""}, {""key"": ""3888"", ""name"": ""Vermont"", ""country"": ""US""}, {""key"": ""3889"", ""name"": ""Virginia"", ""country"": ""US""}, {""key"": ""3891"", ""name"": ""West Virginia"", ""country"": ""US""}, {""key"": ""3892"", ""name"": ""Wisconsin"", ""country"": ""US""}, {""key"": ""3893"", ""name"": ""Wyoming"", ""country"": ""US""}], ""location_types"": [""frequently_in"", ""home""]}, ""targeting_automation"": {""advantage_audience"": 1}, ""publisher_platforms"": [""facebook"", ""instagram""], ""facebook_positions"": [""feed""], ""instagram_positions"": [""stream""]}",OFFSITE_CONVERSIONS,"{""pixel_id"": ""831179966599677"", ""custom_event_type"": ""LEAD"", ""smart_pse_enabled"": false}","{""attribution_windows"": [""1d_click""], ""last_sig_edit_ts"": 1789318601}",2026-09-13T01:54:12-0400,2026-09-13T01:54:12-0400,"[{""event_type"": ""CLICK_THROUGH"", ""window_days"": 1}]",16.27,266,1,61.17,0.376,16.27,0,0,0,1,,,,"O: observed session IDs, not verified people; C: reconciled completed intakes, including returns; V: form versions changed Sep18",2400,,,
AD SET,120251082462390660,CT People r2 | painting__monthly,120251080550480660,ACTIVE,CAMPAIGN_PAUSED,"{""age_max"": 65, ""age_min"": 18, ""geo_locations"": {""regions"": [{""key"": ""3843"", ""name"": ""Alabama"", ""country"": ""US""}, {""key"": ""3844"", ""name"": ""Alaska"", ""country"": ""US""}, {""key"": ""3845"", ""name"": ""Arizona"", ""country"": ""US""}, {""key"": ""3846"", ""name"": ""Arkansas"", ""country"": ""US""}, {""key"": ""3848"", ""name"": ""Colorado"", ""country"": ""US""}, {""key"": ""3849"", ""name"": ""Connecticut"", ""country"": ""US""}, {""key"": ""3850"", ""name"": ""Delaware"", ""country"": ""US""}, {""key"": ""3853"", ""name"": ""Georgia"", ""country"": ""US""}, {""key"": ""3854"", ""name"": ""Hawaii"", ""country"": ""US""}, {""key"": ""3855"", ""name"": ""Idaho"", ""country"": ""US""}, {""key"": ""3856"", ""name"": ""Illinois"", ""country"": ""US""}, {""key"": ""3857"", ""name"": ""Indiana"", ""country"": ""US""}, {""key"": ""3858"", ""name"": ""Iowa"", ""country"": ""US""}, {""key"": ""3859"", ""name"": ""Kansas"", ""country"": ""US""}, {""key"": ""3860"", ""name"": ""Kentucky"", ""country"": ""US""}, {""key"": ""3861"", ""name"": ""Louisiana"", ""country"": ""US""}, {""key"": ""3862"", ""name"": ""Maine"", ""country"": ""US""}, {""key"": ""3863"", ""name"": ""Maryland"", ""country"": ""US""}, {""key"": ""3864"", ""name"": ""Massachusetts"", ""country"": ""US""}, {""key"": ""3866"", ""name"": ""Minnesota"", ""country"": ""US""}, {""key"": ""3867"", ""name"": ""Mississippi"", ""country"": ""US""}, {""key"": ""3868"", ""name"": ""Missouri"", ""country"": ""US""}, {""key"": ""3869"", ""name"": ""Montana"", ""country"": ""US""}, {""key"": ""3870"", ""name"": ""Nebraska"", ""country"": ""US""}, {""key"": ""3871"", ""name"": ""Nevada"", ""country"": ""US""}, {""key"": ""3872"", ""name"": ""New Hampshire"", ""country"": ""US""}, {""key"": ""3873"", ""name"": ""New Jersey"", ""country"": ""US""}, {""key"": ""3874"", ""name"": ""New Mexico"", ""country"": ""US""}, {""key"": ""3876"", ""name"": ""North Carolina"", ""country"": ""US""}, {""key"": ""3877"", ""name"": ""North Dakota"", ""country"": ""US""}, {""key"": ""3878"", ""name"": ""Ohio"", ""country"": ""US""}, {""key"": ""3879"", ""name"": ""Oklahoma"", ""country"": ""US""}, {""key"": ""3880"", ""name"": ""Oregon"", ""country"": ""US""}, {""key"": ""3881"", ""name"": ""Pennsylvania"", ""country"": ""US""}, {""key"": ""3882"", ""name"": ""Rhode Island"", ""country"": ""US""}, {""key"": ""3883"", ""name"": ""South Carolina"", ""country"": ""US""}, {""key"": ""3884"", ""name"": ""South Dakota"", ""country"": ""US""}, {""key"": ""3885"", ""name"": ""Tennessee"", ""country"": ""US""}, {""key"": ""3886"", ""name"": ""Texas"", ""country"": ""US""}, {""key"": ""3887"", ""name"": ""Utah"", ""country"": ""US""}, {""key"": ""3888"", ""name"": ""Vermont"", ""country"": ""US""}, {""key"": ""3889"", ""name"": ""Virginia"", ""country"": ""US""}, {""key"": ""3891"", ""name"": ""West Virginia"", ""country"": ""US""}, {""key"": ""3892"", ""name"": ""Wisconsin"", ""country"": ""US""}, {""key"": ""3893"", ""name"": ""Wyoming"", ""country"": ""US""}], ""location_types"": [""frequently_in"", ""home""]}, ""targeting_automation"": {""advantage_audience"": 1}, ""publisher_platforms"": [""facebook"", ""instagram""], ""facebook_positions"": [""feed""], ""instagram_positions"": [""stream""]}",OFFSITE_CONVERSIONS,"{""pixel_id"": ""831179966599677"", ""custom_event_type"": ""LEAD"", ""smart_pse_enabled"": false}","{""attribution_windows"": [""1d_click""], ""last_sig_edit_ts"": 1789318599}",2026-09-13T01:53:32-0400,2026-09-13T01:53:33-0400,"[{""event_type"": ""CLICK_THROUGH"", ""window_days"": 1}]",112.73,1809,8,62.32,0.442,14.09,1,1,1,10,112.73,112.73,112.73,"O: observed session IDs, not verified people; C: reconciled completed intakes, including returns; V: form versions changed Sep18",3600,,,
AD SET,120251082432910660,CT People r2 | tree__savings,120251080550210660,ACTIVE,ACTIVE,"{""age_max"": 65, ""age_min"": 18, ""geo_locations"": {""regions"": [{""key"": ""3843"", ""name"": ""Alabama"", ""country"": ""US""}, {""key"": ""3844"", ""name"": ""Alaska"", ""country"": ""US""}, {""key"": ""3845"", ""name"": ""Arizona"", ""country"": ""US""}, {""key"": ""3846"", ""name"": ""Arkansas"", ""country"": ""US""}, {""key"": ""3848"", ""name"": ""Colorado"", ""country"": ""US""}, {""key"": ""3849"", ""name"": ""Connecticut"", ""country"": ""US""}, {""key"": ""3850"", ""name"": ""Delaware"", ""country"": ""US""}, {""key"": ""3853"", ""name"": ""Georgia"", ""country"": ""US""}, {""key"": ""3854"", ""name"": ""Hawaii"", ""country"": ""US""}, {""key"": ""3855"", ""name"": ""Idaho"", ""country"": ""US""}, {""key"": ""3856"", ""name"": ""Illinois"", ""country"": ""US""}, {""key"": ""3857"", ""name"": ""Indiana"", ""country"": ""US""}, {""key"": ""3858"", ""name"": ""Iowa"", ""country"": ""US""}, {""key"": ""3859"", ""name"": ""Kansas"", ""country"": ""US""}, {""key"": ""3860"", ""name"": ""Kentucky"", ""country"": ""US""}, {""key"": ""3861"", ""name"": ""Louisiana"", ""country"": ""US""}, {""key"": ""3862"", ""name"": ""Maine"", ""country"": ""US""}, {""key"": ""3863"", ""name"": ""Maryland"", ""country"": ""US""}, {""key"": ""3864"", ""name"": ""Massachusetts"", ""country"": ""US""}, {""key"": ""3866"", ""name"": ""Minnesota"", ""country"": ""US""}, {""key"": ""3867"", ""name"": ""Mississippi"", ""country"": ""US""}, {""key"": ""3868"", ""name"": ""Missouri"", ""country"": ""US""}, {""key"": ""3869"", ""name"": ""Montana"", ""country"": ""US""}, {""key"": ""3870"", ""name"": ""Nebraska"", ""country"": ""US""}, {""key"": ""3871"", ""name"": ""Nevada"", ""country"": ""US""}, {""key"": ""3872"", ""name"": ""New Hampshire"", ""country"": ""US""}, {""key"": ""3873"", ""name"": ""New Jersey"", ""country"": ""US""}, {""key"": ""3874"", ""name"": ""New Mexico"", ""country"": ""US""}, {""key"": ""3876"", ""name"": ""North Carolina"", ""country"": ""US""}, {""key"": ""3877"", ""name"": ""North Dakota"", ""country"": ""US""}, {""key"": ""3878"", ""name"": ""Ohio"", ""country"": ""US""}, {""key"": ""3879"", ""name"": ""Oklahoma"", ""country"": ""US""}, {""key"": ""3880"", ""name"": ""Oregon"", ""country"": ""US""}, {""key"": ""3881"", ""name"": ""Pennsylvania"", ""country"": ""US""}, {""key"": ""3882"", ""name"": ""Rhode Island"", ""country"": ""US""}, {""key"": ""3883"", ""name"": ""South Carolina"", ""country"": ""US""}, {""key"": ""3884"", ""name"": ""South Dakota"", ""country"": ""US""}, {""key"": ""3885"", ""name"": ""Tennessee"", ""country"": ""US""}, {""key"": ""3886"", ""name"": ""Texas"", ""country"": ""US""}, {""key"": ""3887"", ""name"": ""Utah"", ""country"": ""US""}, {""key"": ""3888"", ""name"": ""Vermont"", ""country"": ""US""}, {""key"": ""3889"", ""name"": ""Virginia"", ""country"": ""US""}, {""key"": ""3891"", ""name"": ""West Virginia"", ""country"": ""US""}, {""key"": ""3892"", ""name"": ""Wisconsin"", ""country"": ""US""}, {""key"": ""3893"", ""name"": ""Wyoming"", ""country"": ""US""}], ""location_types"": [""frequently_in"", ""home""]}, ""targeting_automation"": {""advantage_audience"": 1}, ""publisher_platforms"": [""facebook"", ""instagram""], ""facebook_positions"": [""feed""], ""instagram_positions"": [""stream""]}",OFFSITE_CONVERSIONS,"{""pixel_id"": ""831179966599677"", ""custom_event_type"": ""LEAD"", ""smart_pse_enabled"": false}","{""attribution_windows"": [""1d_click""], ""conversions"": 0, ""last_sig_edit_ts"": 1789318598, ""status"": ""LEARNING""}",2026-09-13T01:47:52-0400,2026-09-13T01:47:52-0400,"[{""event_type"": ""CLICK_THROUGH"", ""window_days"": 1}]",11.97,289,1,41.42,0.346,11.97,0,0,0,0,,,,"O: observed session IDs, not verified people; C: reconciled completed intakes, including returns; V: form versions changed Sep18",,,,
AD SET,120251082430060660,CT People r2 | tree__coi,120251080550210660,ACTIVE,ACTIVE,"{""age_max"": 65, ""age_min"": 18, ""geo_locations"": {""regions"": [{""key"": ""3843"", ""name"": ""Alabama"", ""country"": ""US""}, {""key"": ""3844"", ""name"": ""Alaska"", ""country"": ""US""}, {""key"": ""3845"", ""name"": ""Arizona"", ""country"": ""US""}, {""key"": ""3846"", ""name"": ""Arkansas"", ""country"": ""US""}, {""key"": ""3848"", ""name"": ""Colorado"", ""country"": ""US""}, {""key"": ""3849"", ""name"": ""Connecticut"", ""country"": ""US""}, {""key"": ""3850"", ""name"": ""Delaware"", ""country"": ""US""}, {""key"": ""3853"", ""name"": ""Georgia"", ""country"": ""US""}, {""key"": ""3854"", ""name"": ""Hawaii"", ""country"": ""US""}, {""key"": ""3855"", ""name"": ""Idaho"", ""country"": ""US""}, {""key"": ""3856"", ""name"": ""Illinois"", ""country"": ""US""}, {""key"": ""3857"", ""name"": ""Indiana"", ""country"": ""US""}, {""key"": ""3858"", ""name"": ""Iowa"", ""country"": ""US""}, {""key"": ""3859"", ""name"": ""Kansas"", ""country"": ""US""}, {""key"": ""3860"", ""name"": ""Kentucky"", ""country"": ""US""}, {""key"": ""3861"", ""name"": ""Louisiana"", ""country"": ""US""}, {""key"": ""3862"", ""name"": ""Maine"", ""country"": ""US""}, {""key"": ""3863"", ""name"": ""Maryland"", ""country"": ""US""}, {""key"": ""3864"", ""name"": ""Massachusetts"", ""country"": ""US""}, {""key"": ""3866"", ""name"": ""Minnesota"", ""country"": ""US""}, {""key"": ""3867"", ""name"": ""Mississippi"", ""country"": ""US""}, {""key"": ""3868"", ""name"": ""Missouri"", ""country"": ""US""}, {""key"": ""3869"", ""name"": ""Montana"", ""country"": ""US""}, {""key"": ""3870"", ""name"": ""Nebraska"", ""country"": ""US""}, {""key"": ""3871"", ""name"": ""Nevada"", ""country"": ""US""}, {""key"": ""3872"", ""name"": ""New Hampshire"", ""country"": ""US""}, {""key"": ""3873"", ""name"": ""New Jersey"", ""country"": ""US""}, {""key"": ""3874"", ""name"": ""New Mexico"", ""country"": ""US""}, {""key"": ""3876"", ""name"": ""North Carolina"", ""country"": ""US""}, {""key"": ""3877"", ""name"": ""North Dakota"", ""country"": ""US""}, {""key"": ""3878"", ""name"": ""Ohio"", ""country"": ""US""}, {""key"": ""3879"", ""name"": ""Oklahoma"", ""country"": ""US""}, {""key"": ""3880"", ""name"": ""Oregon"", ""country"": ""US""}, {""key"": ""3881"", ""name"": ""Pennsylvania"", ""country"": ""US""}, {""key"": ""3882"", ""name"": ""Rhode Island"", ""country"": ""US""}, {""key"": ""3883"", ""name"": ""South Carolina"", ""country"": ""US""}, {""key"": ""3884"", ""name"": ""South Dakota"", ""country"": ""US""}, {""key"": ""3885"", ""name"": ""Tennessee"", ""country"": ""US""}, {""key"": ""3886"", ""name"": ""Texas"", ""country"": ""US""}, {""key"": ""3887"", ""name"": ""Utah"", ""country"": ""US""}, {""key"": ""3888"", ""name"": ""Vermont"", ""country"": ""US""}, {""key"": ""3889"", ""name"": ""Virginia"", ""country"": ""US""}, {""key"": ""3891"", ""name"": ""West Virginia"", ""country"": ""US""}, {""key"": ""3892"", ""name"": ""Wisconsin"", ""country"": ""US""}, {""key"": ""3893"", ""name"": ""Wyoming"", ""country"": ""US""}], ""location_types"": [""frequently_in"", ""home""]}, ""targeting_automation"": {""advantage_audience"": 1}, ""publisher_platforms"": [""facebook"", ""instagram""], ""facebook_positions"": [""feed""], ""instagram_positions"": [""stream""]}",OFFSITE_CONVERSIONS,"{""pixel_id"": ""831179966599677"", ""custom_event_type"": ""LEAD"", ""smart_pse_enabled"": false}","{""attribution_windows"": [""1d_click""], ""conversions"": 0, ""last_sig_edit_ts"": 1789318597, ""status"": ""LEARNING""}",2026-09-13T01:47:10-0400,2026-09-13T01:47:10-0400,"[{""event_type"": ""CLICK_THROUGH"", ""window_days"": 1}]",1.07,17,0,62.94,0.0,,0,0,0,0,,,,"O: observed session IDs, not verified people; C: reconciled completed intakes, including returns; V: form versions changed Sep18",,,,
AD SET,120251082426930660,CT People r2 | tree__work,120251080550210660,ACTIVE,ACTIVE,"{""age_max"": 65, ""age_min"": 18, ""geo_locations"": {""regions"": [{""key"": ""3843"", ""name"": ""Alabama"", ""country"": ""US""}, {""key"": ""3844"", ""name"": ""Alaska"", ""country"": ""US""}, {""key"": ""3845"", ""name"": ""Arizona"", ""country"": ""US""}, {""key"": ""3846"", ""name"": ""Arkansas"", ""country"": ""US""}, {""key"": ""3848"", ""name"": ""Colorado"", ""country"": ""US""}, {""key"": ""3849"", ""name"": ""Connecticut"", ""country"": ""US""}, {""key"": ""3850"", ""name"": ""Delaware"", ""country"": ""US""}, {""key"": ""3853"", ""name"": ""Georgia"", ""country"": ""US""}, {""key"": ""3854"", ""name"": ""Hawaii"", ""country"": ""US""}, {""key"": ""3855"", ""name"": ""Idaho"", ""country"": ""US""}, {""key"": ""3856"", ""name"": ""Illinois"", ""country"": ""US""}, {""key"": ""3857"", ""name"": ""Indiana"", ""country"": ""US""}, {""key"": ""3858"", ""name"": ""Iowa"", ""country"": ""US""}, {""key"": ""3859"", ""name"": ""Kansas"", ""country"": ""US""}, {""key"": ""3860"", ""name"": ""Kentucky"", ""country"": ""US""}, {""key"": ""3861"", ""name"": ""Louisiana"", ""country"": ""US""}, {""key"": ""3862"", ""name"": ""Maine"", ""country"": ""US""}, {""key"": ""3863"", ""name"": ""Maryland"", ""country"": ""US""}, {""key"": ""3864"", ""name"": ""Massachusetts"", ""country"": ""US""}, {""key"": ""3866"", ""name"": ""Minnesota"", ""country"": ""US""}, {""key"": ""3867"", ""name"": ""Mississippi"", ""country"": ""US""}, {""key"": ""3868"", ""name"": ""Missouri"", ""country"": ""US""}, {""key"": ""3869"", ""name"": ""Montana"", ""country"": ""US""}, {""key"": ""3870"", ""name"": ""Nebraska"", ""country"": ""US""}, {""key"": ""3871"", ""name"": ""Nevada"", ""country"": ""US""}, {""key"": ""3872"", ""name"": ""New Hampshire"", ""country"": ""US""}, {""key"": ""3873"", ""name"": ""New Jersey"", ""country"": ""US""}, {""key"": ""3874"", ""name"": ""New Mexico"", ""country"": ""US""}, {""key"": ""3876"", ""name"": ""North Carolina"", ""country"": ""US""}, {""key"": ""3877"", ""name"": ""North Dakota"", ""country"": ""US""}, {""key"": ""3878"", ""name"": ""Ohio"", ""country"": ""US""}, {""key"": ""3879"", ""name"": ""Oklahoma"", ""country"": ""US""}, {""key"": ""3880"", ""name"": ""Oregon"", ""country"": ""US""}, {""key"": ""3881"", ""name"": ""Pennsylvania"", ""country"": ""US""}, {""key"": ""3882"", ""name"": ""Rhode Island"", ""country"": ""US""}, {""key"": ""3883"", ""name"": ""South Carolina"", ""country"": ""US""}, {""key"": ""3884"", ""name"": ""South Dakota"", ""country"": ""US""}, {""key"": ""3885"", ""name"": ""Tennessee"", ""country"": ""US""}, {""key"": ""3886"", ""name"": ""Texas"", ""country"": ""US""}, {""key"": ""3887"", ""name"": ""Utah"", ""country"": ""US""}, {""key"": ""3888"", ""name"": ""Vermont"", ""country"": ""US""}, {""key"": ""3889"", ""name"": ""Virginia"", ""country"": ""US""}, {""key"": ""3891"", ""name"": ""West Virginia"", ""country"": ""US""}, {""key"": ""3892"", ""name"": ""Wisconsin"", ""country"": ""US""}, {""key"": ""3893"", ""name"": ""Wyoming"", ""country"": ""US""}], ""location_types"": [""frequently_in"", ""home""]}, ""targeting_automation"": {""advantage_audience"": 1}, ""publisher_platforms"": [""facebook"", ""instagram""], ""facebook_positions"": [""feed""], ""instagram_positions"": [""stream""]}",OFFSITE_CONVERSIONS,"{""pixel_id"": ""831179966599677"", ""custom_event_type"": ""LEAD"", ""smart_pse_enabled"": false}","{""attribution_windows"": [""1d_click""], ""conversions"": 0, ""last_sig_edit_ts"": 1789318595, ""status"": ""LEARNING""}",2026-09-13T01:46:30-0400,2026-09-13T01:46:30-0400,"[{""event_type"": ""CLICK_THROUGH"", ""window_days"": 1}]",11.64,242,0,48.1,0.0,,0,0,0,0,,,,"O: observed session IDs, not verified people; C: reconciled completed intakes, including returns; V: form versions changed Sep18",,,,
AD SET,120251082425560660,CT People r2 | tree__monthly,120251080550210660,ACTIVE,ACTIVE,"{""age_max"": 65, ""age_min"": 18, ""geo_locations"": {""regions"": [{""key"": ""3843"", ""name"": ""Alabama"", ""country"": ""US""}, {""key"": ""3844"", ""name"": ""Alaska"", ""country"": ""US""}, {""key"": ""3845"", ""name"": ""Arizona"", ""country"": ""US""}, {""key"": ""3846"", ""name"": ""Arkansas"", ""country"": ""US""}, {""key"": ""3848"", ""name"": ""Colorado"", ""country"": ""US""}, {""key"": ""3849"", ""name"": ""Connecticut"", ""country"": ""US""}, {""key"": ""3850"", ""name"": ""Delaware"", ""country"": ""US""}, {""key"": ""3853"", ""name"": ""Georgia"", ""country"": ""US""}, {""key"": ""3854"", ""name"": ""Hawaii"", ""country"": ""US""}, {""key"": ""3855"", ""name"": ""Idaho"", ""country"": ""US""}, {""key"": ""3856"", ""name"": ""Illinois"", ""country"": ""US""}, {""key"": ""3857"", ""name"": ""Indiana"", ""country"": ""US""}, {""key"": ""3858"", ""name"": ""Iowa"", ""country"": ""US""}, {""key"": ""3859"", ""name"": ""Kansas"", ""country"": ""US""}, {""key"": ""3860"", ""name"": ""Kentucky"", ""country"": ""US""}, {""key"": ""3861"", ""name"": ""Louisiana"", ""country"": ""US""}, {""key"": ""3862"", ""name"": ""Maine"", ""country"": ""US""}, {""key"": ""3863"", ""name"": ""Maryland"", ""country"": ""US""}, {""key"": ""3864"", ""name"": ""Massachusetts"", ""country"": ""US""}, {""key"": ""3866"", ""name"": ""Minnesota"", ""country"": ""US""}, {""key"": ""3867"", ""name"": ""Mississippi"", ""country"": ""US""}, {""key"": ""3868"", ""name"": ""Missouri"", ""country"": ""US""}, {""key"": ""3869"", ""name"": ""Montana"", ""country"": ""US""}, {""key"": ""3870"", ""name"": ""Nebraska"", ""country"": ""US""}, {""key"": ""3871"", ""name"": ""Nevada"", ""country"": ""US""}, {""key"": ""3872"", ""name"": ""New Hampshire"", ""country"": ""US""}, {""key"": ""3873"", ""name"": ""New Jersey"", ""country"": ""US""}, {""key"": ""3874"", ""name"": ""New Mexico"", ""country"": ""US""}, {""key"": ""3876"", ""name"": ""North Carolina"", ""country"": ""US""}, {""key"": ""3877"", ""name"": ""North Dakota"", ""country"": ""US""}, {""key"": ""3878"", ""name"": ""Ohio"", ""country"": ""US""}, {""key"": ""3879"", ""name"": ""Oklahoma"", ""country"": ""US""}, {""key"": ""3880"", ""name"": ""Oregon"", ""country"": ""US""}, {""key"": ""3881"", ""name"": ""Pennsylvania"", ""country"": ""US""}, {""key"": ""3882"", ""name"": ""Rhode Island"", ""country"": ""US""}, {""key"": ""3883"", ""name"": ""South Carolina"", ""country"": ""US""}, {""key"": ""3884"", ""name"": ""South Dakota"", ""country"": ""US""}, {""key"": ""3885"", ""name"": ""Tennessee"", ""country"": ""US""}, {""key"": ""3886"", ""name"": ""Texas"", ""country"": ""US""}, {""key"": ""3887"", ""name"": ""Utah"", ""country"": ""US""}, {""key"": ""3888"", ""name"": ""Vermont"", ""country"": ""US""}, {""key"": ""3889"", ""name"": ""Virginia"", ""country"": ""US""}, {""key"": ""3891"", ""name"": ""West Virginia"", ""country"": ""US""}, {""key"": ""3892"", ""name"": ""Wisconsin"", ""country"": ""US""}, {""key"": ""3893"", ""name"": ""Wyoming"", ""country"": ""US""}], ""location_types"": [""frequently_in"", ""home""]}, ""targeting_automation"": {""advantage_audience"": 1}, ""publisher_platforms"": [""facebook"", ""instagram""], ""facebook_positions"": [""feed""], ""instagram_positions"": [""stream""]}",OFFSITE_CONVERSIONS,"{""pixel_id"": ""831179966599677"", ""custom_event_type"": ""LEAD"", ""smart_pse_enabled"": false}","{""attribution_windows"": [""1d_click""], ""conversions"": 1, ""last_sig_edit_ts"": 1789318594, ""status"": ""LEARNING""}",2026-09-13T01:45:51-0400,2026-09-13T01:45:51-0400,"[{""event_type"": ""CLICK_THROUGH"", ""window_days"": 1}]",16.25,348,1,46.7,0.287,16.25,1,1,1,1,16.25,16.25,16.25,"O: observed session IDs, not verified people; C: reconciled completed intakes, including returns; V: form versions changed Sep18",,,,
AD SET,120251082377640660,CT People r2 | roof__savings,120251080550110660,ACTIVE,ACTIVE,"{""age_max"": 65, ""age_min"": 18, ""geo_locations"": {""regions"": [{""key"": ""3843"", ""name"": ""Alabama"", ""country"": ""US""}, {""key"": ""3844"", ""name"": ""Alaska"", ""country"": ""US""}, {""key"": ""3845"", ""name"": ""Arizona"", ""country"": ""US""}, {""key"": ""3846"", ""name"": ""Arkansas"", ""country"": ""US""}, {""key"": ""3848"", ""name"": ""Colorado"", ""country"": ""US""}, {""key"": ""3849"", ""name"": ""Connecticut"", ""country"": ""US""}, {""key"": ""3850"", ""name"": ""Delaware"", ""country"": ""US""}, {""key"": ""3853"", ""name"": ""Georgia"", ""country"": ""US""}, {""key"": ""3854"", ""name"": ""Hawaii"", ""country"": ""US""}, {""key"": ""3855"", ""name"": ""Idaho"", ""country"": ""US""}, {""key"": ""3856"", ""name"": ""Illinois"", ""country"": ""US""}, {""key"": ""3857"", ""name"": ""Indiana"", ""country"": ""US""}, {""key"": ""3858"", ""name"": ""Iowa"", ""country"": ""US""}, {""key"": ""3859"", ""name"": ""Kansas"", ""country"": ""US""}, {""key"": ""3860"", ""name"": ""Kentucky"", ""country"": ""US""}, {""key"": ""3861"", ""name"": ""Louisiana"", ""country"": ""US""}, {""key"": ""3862"", ""name"": ""Maine"", ""country"": ""US""}, {""key"": ""3863"", ""name"": ""Maryland"", ""country"": ""US""}, {""key"": ""3864"", ""name"": ""Massachusetts"", ""country"": ""US""}, {""key"": ""3866"", ""name"": ""Minnesota"", ""country"": ""US""}, {""key"": ""3867"", ""name"": ""Mississippi"", ""country"": ""US""}, {""key"": ""3868"", ""name"": ""Missouri"", ""country"": ""US""}, {""key"": ""3869"", ""name"": ""Montana"", ""country"": ""US""}, {""key"": ""3870"", ""name"": ""Nebraska"", ""country"": ""US""}, {""key"": ""3871"", ""name"": ""Nevada"", ""country"": ""US""}, {""key"": ""3872"", ""name"": ""New Hampshire"", ""country"": ""US""}, {""key"": ""3873"", ""name"": ""New Jersey"", ""country"": ""US""}, {""key"": ""3874"", ""name"": ""New Mexico"", ""country"": ""US""}, {""key"": ""3876"", ""name"": ""North Carolina"", ""country"": ""US""}, {""key"": ""3877"", ""name"": ""North Dakota"", ""country"": ""US""}, {""key"": ""3878"", ""name"": ""Ohio"", ""country"": ""US""}, {""key"": ""3879"", ""name"": ""Oklahoma"", ""country"": ""US""}, {""key"": ""3880"", ""name"": ""Oregon"", ""country"": ""US""}, {""key"": ""3881"", ""name"": ""Pennsylvania"", ""country"": ""US""}, {""key"": ""3882"", ""name"": ""Rhode Island"", ""country"": ""US""}, {""key"": ""3883"", ""name"": ""South Carolina"", ""country"": ""US""}, {""key"": ""3884"", ""name"": ""South Dakota"", ""country"": ""US""}, {""key"": ""3885"", ""name"": ""Tennessee"", ""country"": ""US""}, {""key"": ""3886"", ""name"": ""Texas"", ""country"": ""US""}, {""key"": ""3887"", ""name"": ""Utah"", ""country"": ""US""}, {""key"": ""3888"", ""name"": ""Vermont"", ""country"": ""US""}, {""key"": ""3889"", ""name"": ""Virginia"", ""country"": ""US""}, {""key"": ""3891"", ""name"": ""West Virginia"", ""country"": ""US""}, {""key"": ""3892"", ""name"": ""Wisconsin"", ""country"": ""US""}, {""key"": ""3893"", ""name"": ""Wyoming"", ""country"": ""US""}], ""location_types"": [""frequently_in"", ""home""]}, ""targeting_automation"": {""advantage_audience"": 1}, ""publisher_platforms"": [""facebook"", ""instagram""], ""facebook_positions"": [""feed""], ""instagram_positions"": [""stream""]}",OFFSITE_CONVERSIONS,"{""pixel_id"": ""831179966599677"", ""custom_event_type"": ""LEAD"", ""smart_pse_enabled"": false}","{""attribution_windows"": [""1d_click""], ""conversions"": 0, ""last_sig_edit_ts"": 1789318592, ""status"": ""LEARNING""}",2026-09-13T01:40:09-0400,2026-09-13T01:40:09-0400,"[{""event_type"": ""CLICK_THROUGH"", ""window_days"": 1}]",30.28,357,0,84.82,0.0,,0,0,0,0,,,,"O: observed session IDs, not verified people; C: reconciled completed intakes, including returns; V: form versions changed Sep18",,,,
AD SET,120251082373180660,CT People r2 | roof__coi,120251080550110660,ACTIVE,ACTIVE,"{""age_max"": 65, ""age_min"": 18, ""geo_locations"": {""regions"": [{""key"": ""3843"", ""name"": ""Alabama"", ""country"": ""US""}, {""key"": ""3844"", ""name"": ""Alaska"", ""country"": ""US""}, {""key"": ""3845"", ""name"": ""Arizona"", ""country"": ""US""}, {""key"": ""3846"", ""name"": ""Arkansas"", ""country"": ""US""}, {""key"": ""3848"", ""name"": ""Colorado"", ""country"": ""US""}, {""key"": ""3849"", ""name"": ""Connecticut"", ""country"": ""US""}, {""key"": ""3850"", ""name"": ""Delaware"", ""country"": ""US""}, {""key"": ""3853"", ""name"": ""Georgia"", ""country"": ""US""}, {""key"": ""3854"", ""name"": ""Hawaii"", ""country"": ""US""}, {""key"": ""3855"", ""name"": ""Idaho"", ""country"": ""US""}, {""key"": ""3856"", ""name"": ""Illinois"", ""country"": ""US""}, {""key"": ""3857"", ""name"": ""Indiana"", ""country"": ""US""}, {""key"": ""3858"", ""name"": ""Iowa"", ""country"": ""US""}, {""key"": ""3859"", ""name"": ""Kansas"", ""country"": ""US""}, {""key"": ""3860"", ""name"": ""Kentucky"", ""country"": ""US""}, {""key"": ""3861"", ""name"": ""Louisiana"", ""country"": ""US""}, {""key"": ""3862"", ""name"": ""Maine"", ""country"": ""US""}, {""key"": ""3863"", ""name"": ""Maryland"", ""country"": ""US""}, {""key"": ""3864"", ""name"": ""Massachusetts"", ""country"": ""US""}, {""key"": ""3866"", ""name"": ""Minnesota"", ""country"": ""US""}, {""key"": ""3867"", ""name"": ""Mississippi"", ""country"": ""US""}, {""key"": ""3868"", ""name"": ""Missouri"", ""country"": ""US""}, {""key"": ""3869"", ""name"": ""Montana"", ""country"": ""US""}, {""key"": ""3870"", ""name"": ""Nebraska"", ""country"": ""US""}, {""key"": ""3871"", ""name"": ""Nevada"", ""country"": ""US""}, {""key"": ""3872"", ""name"": ""New Hampshire"", ""country"": ""US""}, {""key"": ""3873"", ""name"": ""New Jersey"", ""country"": ""US""}, {""key"": ""3874"", ""name"": ""New Mexico"", ""country"": ""US""}, {""key"": ""3876"", ""name"": ""North Carolina"", ""country"": ""US""}, {""key"": ""3877"", ""name"": ""North Dakota"", ""country"": ""US""}, {""key"": ""3878"", ""name"": ""Ohio"", ""country"": ""US""}, {""key"": ""3879"", ""name"": ""Oklahoma"", ""country"": ""US""}, {""key"": ""3880"", ""name"": ""Oregon"", ""country"": ""US""}, {""key"": ""3881"", ""name"": ""Pennsylvania"", ""country"": ""US""}, {""key"": ""3882"", ""name"": ""Rhode Island"", ""country"": ""US""}, {""key"": ""3883"", ""name"": ""South Carolina"", ""country"": ""US""}, {""key"": ""3884"", ""name"": ""South Dakota"", ""country"": ""US""}, {""key"": ""3885"", ""name"": ""Tennessee"", ""country"": ""US""}, {""key"": ""3886"", ""name"": ""Texas"", ""country"": ""US""}, {""key"": ""3887"", ""name"": ""Utah"", ""country"": ""US""}, {""key"": ""3888"", ""name"": ""Vermont"", ""country"": ""US""}, {""key"": ""3889"", ""name"": ""Virginia"", ""country"": ""US""}, {""key"": ""3891"", ""name"": ""West Virginia"", ""country"": ""US""}, {""key"": ""3892"", ""name"": ""Wisconsin"", ""country"": ""US""}, {""key"": ""3893"", ""name"": ""Wyoming"", ""country"": ""US""}], ""location_types"": [""frequently_in"", ""home""]}, ""targeting_automation"": {""advantage_audience"": 1}, ""publisher_platforms"": [""facebook"", ""instagram""], ""facebook_positions"": [""feed""], ""instagram_positions"": [""stream""]}",OFFSITE_CONVERSIONS,"{""pixel_id"": ""831179966599677"", ""custom_event_type"": ""LEAD"", ""smart_pse_enabled"": false}","{""attribution_windows"": [""1d_click""], ""conversions"": 0, ""last_sig_edit_ts"": 1789318591, ""status"": ""LEARNING""}",2026-09-13T01:39:28-0400,2026-09-13T01:39:29-0400,"[{""event_type"": ""CLICK_THROUGH"", ""window_days"": 1}]",2.34,45,0,52.0,0.0,,0,0,0,0,,,,"O: observed session IDs, not verified people; C: reconciled completed intakes, including returns; V: form versions changed Sep18",,,,
AD SET,120251082369150660,CT People r2 | roof__work,120251080550110660,ACTIVE,ACTIVE,"{""age_max"": 65, ""age_min"": 18, ""geo_locations"": {""regions"": [{""key"": ""3843"", ""name"": ""Alabama"", ""country"": ""US""}, {""key"": ""3844"", ""name"": ""Alaska"", ""country"": ""US""}, {""key"": ""3845"", ""name"": ""Arizona"", ""country"": ""US""}, {""key"": ""3846"", ""name"": ""Arkansas"", ""country"": ""US""}, {""key"": ""3848"", ""name"": ""Colorado"", ""country"": ""US""}, {""key"": ""3849"", ""name"": ""Connecticut"", ""country"": ""US""}, {""key"": ""3850"", ""name"": ""Delaware"", ""country"": ""US""}, {""key"": ""3853"", ""name"": ""Georgia"", ""country"": ""US""}, {""key"": ""3854"", ""name"": ""Hawaii"", ""country"": ""US""}, {""key"": ""3855"", ""name"": ""Idaho"", ""country"": ""US""}, {""key"": ""3856"", ""name"": ""Illinois"", ""country"": ""US""}, {""key"": ""3857"", ""name"": ""Indiana"", ""country"": ""US""}, {""key"": ""3858"", ""name"": ""Iowa"", ""country"": ""US""}, {""key"": ""3859"", ""name"": ""Kansas"", ""country"": ""US""}, {""key"": ""3860"", ""name"": ""Kentucky"", ""country"": ""US""}, {""key"": ""3861"", ""name"": ""Louisiana"", ""country"": ""US""}, {""key"": ""3862"", ""name"": ""Maine"", ""country"": ""US""}, {""key"": ""3863"", ""name"": ""Maryland"", ""country"": ""US""}, {""key"": ""3864"", ""name"": ""Massachusetts"", ""country"": ""US""}, {""key"": ""3866"", ""name"": ""Minnesota"", ""country"": ""US""}, {""key"": ""3867"", ""name"": ""Mississippi"", ""country"": ""US""}, {""key"": ""3868"", ""name"": ""Missouri"", ""country"": ""US""}, {""key"": ""3869"", ""name"": ""Montana"", ""country"": ""US""}, {""key"": ""3870"", ""name"": ""Nebraska"", ""country"": ""US""}, {""key"": ""3871"", ""name"": ""Nevada"", ""country"": ""US""}, {""key"": ""3872"", ""name"": ""New Hampshire"", ""country"": ""US""}, {""key"": ""3873"", ""name"": ""New Jersey"", ""country"": ""US""}, {""key"": ""3874"", ""name"": ""New Mexico"", ""country"": ""US""}, {""key"": ""3876"", ""name"": ""North Carolina"", ""country"": ""US""}, {""key"": ""3877"", ""name"": ""North Dakota"", ""country"": ""US""}, {""key"": ""3878"", ""name"": ""Ohio"", ""country"": ""US""}, {""key"": ""3879"", ""name"": ""Oklahoma"", ""country"": ""US""}, {""key"": ""3880"", ""name"": ""Oregon"", ""country"": ""US""}, {""key"": ""3881"", ""name"": ""Pennsylvania"", ""country"": ""US""}, {""key"": ""3882"", ""name"": ""Rhode Island"", ""country"": ""US""}, {""key"": ""3883"", ""name"": ""South Carolina"", ""country"": ""US""}, {""key"": ""3884"", ""name"": ""South Dakota"", ""country"": ""US""}, {""key"": ""3885"", ""name"": ""Tennessee"", ""country"": ""US""}, {""key"": ""3886"", ""name"": ""Texas"", ""country"": ""US""}, {""key"": ""3887"", ""name"": ""Utah"", ""country"": ""US""}, {""key"": ""3888"", ""name"": ""Vermont"", ""country"": ""US""}, {""key"": ""3889"", ""name"": ""Virginia"", ""country"": ""US""}, {""key"": ""3891"", ""name"": ""West Virginia"", ""country"": ""US""}, {""key"": ""3892"", ""name"": ""Wisconsin"", ""country"": ""US""}, {""key"": ""3893"", ""name"": ""Wyoming"", ""country"": ""US""}], ""location_types"": [""frequently_in"", ""home""]}, ""targeting_automation"": {""advantage_audience"": 1}, ""publisher_platforms"": [""facebook"", ""instagram""], ""facebook_positions"": [""feed""], ""instagram_positions"": [""stream""]}",OFFSITE_CONVERSIONS,"{""pixel_id"": ""831179966599677"", ""custom_event_type"": ""LEAD"", ""smart_pse_enabled"": false}","{""attribution_windows"": [""1d_click""], ""conversions"": 0, ""last_sig_edit_ts"": 1789318589, ""status"": ""LEARNING""}",2026-09-13T01:38:51-0400,2026-09-13T01:38:51-0400,"[{""event_type"": ""CLICK_THROUGH"", ""window_days"": 1}]",12.33,147,0,83.88,0.0,,0,0,0,0,,,,"O: observed session IDs, not verified people; C: reconciled completed intakes, including returns; V: form versions changed Sep18",,,,
AD SET,120251082364600660,CT People r2 | roof__monthly,120251080550110660,ACTIVE,ACTIVE,"{""age_max"": 65, ""age_min"": 18, ""geo_locations"": {""regions"": [{""key"": ""3843"", ""name"": ""Alabama"", ""country"": ""US""}, {""key"": ""3844"", ""name"": ""Alaska"", ""country"": ""US""}, {""key"": ""3845"", ""name"": ""Arizona"", ""country"": ""US""}, {""key"": ""3846"", ""name"": ""Arkansas"", ""country"": ""US""}, {""key"": ""3848"", ""name"": ""Colorado"", ""country"": ""US""}, {""key"": ""3849"", ""name"": ""Connecticut"", ""country"": ""US""}, {""key"": ""3850"", ""name"": ""Delaware"", ""country"": ""US""}, {""key"": ""3853"", ""name"": ""Georgia"", ""country"": ""US""}, {""key"": ""3854"", ""name"": ""Hawaii"", ""country"": ""US""}, {""key"": ""3855"", ""name"": ""Idaho"", ""country"": ""US""}, {""key"": ""3856"", ""name"": ""Illinois"", ""country"": ""US""}, {""key"": ""3857"", ""name"": ""Indiana"", ""country"": ""US""}, {""key"": ""3858"", ""name"": ""Iowa"", ""country"": ""US""}, {""key"": ""3859"", ""name"": ""Kansas"", ""country"": ""US""}, {""key"": ""3860"", ""name"": ""Kentucky"", ""country"": ""US""}, {""key"": ""3861"", ""name"": ""Louisiana"", ""country"": ""US""}, {""key"": ""3862"", ""name"": ""Maine"", ""country"": ""US""}, {""key"": ""3863"", ""name"": ""Maryland"", ""country"": ""US""}, {""key"": ""3864"", ""name"": ""Massachusetts"", ""country"": ""US""}, {""key"": ""3866"", ""name"": ""Minnesota"", ""country"": ""US""}, {""key"": ""3867"", ""name"": ""Mississippi"", ""country"": ""US""}, {""key"": ""3868"", ""name"": ""Missouri"", ""country"": ""US""}, {""key"": ""3869"", ""name"": ""Montana"", ""country"": ""US""}, {""key"": ""3870"", ""name"": ""Nebraska"", ""country"": ""US""}, {""key"": ""3871"", ""name"": ""Nevada"", ""country"": ""US""}, {""key"": ""3872"", ""name"": ""New Hampshire"", ""country"": ""US""}, {""key"": ""3873"", ""name"": ""New Jersey"", ""country"": ""US""}, {""key"": ""3874"", ""name"": ""New Mexico"", ""country"": ""US""}, {""key"": ""3876"", ""name"": ""North Carolina"", ""country"": ""US""}, {""key"": ""3877"", ""name"": ""North Dakota"", ""country"": ""US""}, {""key"": ""3878"", ""name"": ""Ohio"", ""country"": ""US""}, {""key"": ""3879"", ""name"": ""Oklahoma"", ""country"": ""US""}, {""key"": ""3880"", ""name"": ""Oregon"", ""country"": ""US""}, {""key"": ""3881"", ""name"": ""Pennsylvania"", ""country"": ""US""}, {""key"": ""3882"", ""name"": ""Rhode Island"", ""country"": ""US""}, {""key"": ""3883"", ""name"": ""South Carolina"", ""country"": ""US""}, {""key"": ""3884"", ""name"": ""South Dakota"", ""country"": ""US""}, {""key"": ""3885"", ""name"": ""Tennessee"", ""country"": ""US""}, {""key"": ""3886"", ""name"": ""Texas"", ""country"": ""US""}, {""key"": ""3887"", ""name"": ""Utah"", ""country"": ""US""}, {""key"": ""3888"", ""name"": ""Vermont"", ""country"": ""US""}, {""key"": ""3889"", ""name"": ""Virginia"", ""country"": ""US""}, {""key"": ""3891"", ""name"": ""West Virginia"", ""country"": ""US""}, {""key"": ""3892"", ""name"": ""Wisconsin"", ""country"": ""US""}, {""key"": ""3893"", ""name"": ""Wyoming"", ""country"": ""US""}], ""location_types"": [""frequently_in"", ""home""]}, ""targeting_automation"": {""advantage_audience"": 1}, ""publisher_platforms"": [""facebook"", ""instagram""], ""facebook_positions"": [""feed""], ""instagram_positions"": [""stream""]}",OFFSITE_CONVERSIONS,"{""pixel_id"": ""831179966599677"", ""custom_event_type"": ""LEAD"", ""smart_pse_enabled"": false}","{""attribution_windows"": [""1d_click""], ""conversions"": 0, ""last_sig_edit_ts"": 1789318588, ""status"": ""LEARNING""}",2026-09-13T01:38:09-0400,2026-09-13T01:38:09-0400,"[{""event_type"": ""CLICK_THROUGH"", ""window_days"": 1}]",98.67,1080,7,91.36,0.648,14.1,0,0,1,8,,,98.67,"O: observed session IDs, not verified people; C: reconciled completed intakes, including returns; V: form versions changed Sep18",,,,
AD SET,120251082319000660,CT People r2 | remodel__savings,120251080550020660,ACTIVE,ACTIVE,"{""age_max"": 65, ""age_min"": 18, ""geo_locations"": {""regions"": [{""key"": ""3843"", ""name"": ""Alabama"", ""country"": ""US""}, {""key"": ""3844"", ""name"": ""Alaska"", ""country"": ""US""}, {""key"": ""3845"", ""name"": ""Arizona"", ""country"": ""US""}, {""key"": ""3846"", ""name"": ""Arkansas"", ""country"": ""US""}, {""key"": ""3848"", ""name"": ""Colorado"", ""country"": ""US""}, {""key"": ""3849"", ""name"": ""Connecticut"", ""country"": ""US""}, {""key"": ""3850"", ""name"": ""Delaware"", ""country"": ""US""}, {""key"": ""3853"", ""name"": ""Georgia"", ""country"": ""US""}, {""key"": ""3854"", ""name"": ""Hawaii"", ""country"": ""US""}, {""key"": ""3855"", ""name"": ""Idaho"", ""country"": ""US""}, {""key"": ""3856"", ""name"": ""Illinois"", ""country"": ""US""}, {""key"": ""3857"", ""name"": ""Indiana"", ""country"": ""US""}, {""key"": ""3858"", ""name"": ""Iowa"", ""country"": ""US""}, {""key"": ""3859"", ""name"": ""Kansas"", ""country"": ""US""}, {""key"": ""3860"", ""name"": ""Kentucky"", ""country"": ""US""}, {""key"": ""3861"", ""name"": ""Louisiana"", ""country"": ""US""}, {""key"": ""3862"", ""name"": ""Maine"", ""country"": ""US""}, {""key"": ""3863"", ""name"": ""Maryland"", ""country"": ""US""}, {""key"": ""3864"", ""name"": ""Massachusetts"", ""country"": ""US""}, {""key"": ""3866"", ""name"": ""Minnesota"", ""country"": ""US""}, {""key"": ""3867"", ""name"": ""Mississippi"", ""country"": ""US""}, {""key"": ""3868"", ""name"": ""Missouri"", ""country"": ""US""}, {""key"": ""3869"", ""name"": ""Montana"", ""country"": ""US""}, {""key"": ""3870"", ""name"": ""Nebraska"", ""country"": ""US""}, {""key"": ""3871"", ""name"": ""Nevada"", ""country"": ""US""}, {""key"": ""3872"", ""name"": ""New Hampshire"", ""country"": ""US""}, {""key"": ""3873"", ""name"": ""New Jersey"", ""country"": ""US""}, {""key"": ""3874"", ""name"": ""New Mexico"", ""country"": ""US""}, {""key"": ""3876"", ""name"": ""North Carolina"", ""country"": ""US""}, {""key"": ""3877"", ""name"": ""North Dakota"", ""country"": ""US""}, {""key"": ""3878"", ""name"": ""Ohio"", ""country"": ""US""}, {""key"": ""3879"", ""name"": ""Oklahoma"", ""country"": ""US""}, {""key"": ""3880"", ""name"": ""Oregon"", ""country"": ""US""}, {""key"": ""3881"", ""name"": ""Pennsylvania"", ""country"": ""US""}, {""key"": ""3882"", ""name"": ""Rhode Island"", ""country"": ""US""}, {""key"": ""3883"", ""name"": ""South Carolina"", ""country"": ""US""}, {""key"": ""3884"", ""name"": ""South Dakota"", ""country"": ""US""}, {""key"": ""3885"", ""name"": ""Tennessee"", ""country"": ""US""}, {""key"": ""3886"", ""name"": ""Texas"", ""country"": ""US""}, {""key"": ""3887"", ""name"": ""Utah"", ""country"": ""US""}, {""key"": ""3888"", ""name"": ""Vermont"", ""country"": ""US""}, {""key"": ""3889"", ""name"": ""Virginia"", ""country"": ""US""}, {""key"": ""3891"", ""name"": ""West Virginia"", ""country"": ""US""}, {""key"": ""3892"", ""name"": ""Wisconsin"", ""country"": ""US""}, {""key"": ""3893"", ""name"": ""Wyoming"", ""country"": ""US""}], ""location_types"": [""frequently_in"", ""home""]}, ""targeting_automation"": {""advantage_audience"": 1}, ""publisher_platforms"": [""facebook"", ""instagram""], ""facebook_positions"": [""feed""], ""instagram_positions"": [""stream""]}",OFFSITE_CONVERSIONS,"{""pixel_id"": ""831179966599677"", ""custom_event_type"": ""LEAD"", ""smart_pse_enabled"": false}","{""attribution_windows"": [""1d_click""], ""conversions"": 0, ""last_sig_edit_ts"": 1789315747, ""status"": ""LEARNING""}",2026-09-13T01:32:28-0400,2026-09-13T01:32:28-0400,"[{""event_type"": ""CLICK_THROUGH"", ""window_days"": 1}]",4.66,22,0,211.82,0.0,,0,0,0,0,,,,"O: observed session IDs, not verified people; C: reconciled completed intakes, including returns; V: form versions changed Sep18",,,,
AD SET,120251082310920660,CT People r2 | remodel__coi,120251080550020660,ACTIVE,ACTIVE,"{""age_max"": 65, ""age_min"": 18, ""geo_locations"": {""regions"": [{""key"": ""3843"", ""name"": ""Alabama"", ""country"": ""US""}, {""key"": ""3844"", ""name"": ""Alaska"", ""country"": ""US""}, {""key"": ""3845"", ""name"": ""Arizona"", ""country"": ""US""}, {""key"": ""3846"", ""name"": ""Arkansas"", ""country"": ""US""}, {""key"": ""3848"", ""name"": ""Colorado"", ""country"": ""US""}, {""key"": ""3849"", ""name"": ""Connecticut"", ""country"": ""US""}, {""key"": ""3850"", ""name"": ""Delaware"", ""country"": ""US""}, {""key"": ""3853"", ""name"": ""Georgia"", ""country"": ""US""}, {""key"": ""3854"", ""name"": ""Hawaii"", ""country"": ""US""}, {""key"": ""3855"", ""name"": ""Idaho"", ""country"": ""US""}, {""key"": ""3856"", ""name"": ""Illinois"", ""country"": ""US""}, {""key"": ""3857"", ""name"": ""Indiana"", ""country"": ""US""}, {""key"": ""3858"", ""name"": ""Iowa"", ""country"": ""US""}, {""key"": ""3859"", ""name"": ""Kansas"", ""country"": ""US""}, {""key"": ""3860"", ""name"": ""Kentucky"", ""country"": ""US""}, {""key"": ""3861"", ""name"": ""Louisiana"", ""country"": ""US""}, {""key"": ""3862"", ""name"": ""Maine"", ""country"": ""US""}, {""key"": ""3863"", ""name"": ""Maryland"", ""country"": ""US""}, {""key"": ""3864"", ""name"": ""Massachusetts"", ""country"": ""US""}, {""key"": ""3866"", ""name"": ""Minnesota"", ""country"": ""US""}, {""key"": ""3867"", ""name"": ""Mississippi"", ""country"": ""US""}, {""key"": ""3868"", ""name"": ""Missouri"", ""country"": ""US""}, {""key"": ""3869"", ""name"": ""Montana"", ""country"": ""US""}, {""key"": ""3870"", ""name"": ""Nebraska"", ""country"": ""US""}, {""key"": ""3871"", ""name"": ""Nevada"", ""country"": ""US""}, {""key"": ""3872"", ""name"": ""New Hampshire"", ""country"": ""US""}, {""key"": ""3873"", ""name"": ""New Jersey"", ""country"": ""US""}, {""key"": ""3874"", ""name"": ""New Mexico"", ""country"": ""US""}, {""key"": ""3876"", ""name"": ""North Carolina"", ""country"": ""US""}, {""key"": ""3877"", ""name"": ""North Dakota"", ""country"": ""US""}, {""key"": ""3878"", ""name"": ""Ohio"", ""country"": ""US""}, {""key"": ""3879"", ""name"": ""Oklahoma"", ""country"": ""US""}, {""key"": ""3880"", ""name"": ""Oregon"", ""country"": ""US""}, {""key"": ""3881"", ""name"": ""Pennsylvania"", ""country"": ""US""}, {""key"": ""3882"", ""name"": ""Rhode Island"", ""country"": ""US""}, {""key"": ""3883"", ""name"": ""South Carolina"", ""country"": ""US""}, {""key"": ""3884"", ""name"": ""South Dakota"", ""country"": ""US""}, {""key"": ""3885"", ""name"": ""Tennessee"", ""country"": ""US""}, {""key"": ""3886"", ""name"": ""Texas"", ""country"": ""US""}, {""key"": ""3887"", ""name"": ""Utah"", ""country"": ""US""}, {""key"": ""3888"", ""name"": ""Vermont"", ""country"": ""US""}, {""key"": ""3889"", ""name"": ""Virginia"", ""country"": ""US""}, {""key"": ""3891"", ""name"": ""West Virginia"", ""country"": ""US""}, {""key"": ""3892"", ""name"": ""Wisconsin"", ""country"": ""US""}, {""key"": ""3893"", ""name"": ""Wyoming"", ""country"": ""US""}], ""location_types"": [""frequently_in"", ""home""]}, ""targeting_automation"": {""advantage_audience"": 1}, ""publisher_platforms"": [""facebook"", ""instagram""], ""facebook_positions"": [""feed""], ""instagram_positions"": [""stream""]}",OFFSITE_CONVERSIONS,"{""pixel_id"": ""831179966599677"", ""custom_event_type"": ""LEAD"", ""smart_pse_enabled"": false}","{""attribution_windows"": [""1d_click""], ""conversions"": 0, ""last_sig_edit_ts"": 1789315742, ""status"": ""LEARNING""}",2026-09-13T01:31:49-0400,2026-09-13T01:31:49-0400,"[{""event_type"": ""CLICK_THROUGH"", ""window_days"": 1}]",2.48,6,0,413.33,0.0,,0,0,0,0,,,,"O: observed session IDs, not verified people; C: reconciled completed intakes, including returns; V: form versions changed Sep18",,,,
AD SET,120251082303040660,CT People r2 | remodel__work,120251080550020660,ACTIVE,ACTIVE,"{""age_max"": 65, ""age_min"": 18, ""geo_locations"": {""regions"": [{""key"": ""3843"", ""name"": ""Alabama"", ""country"": ""US""}, {""key"": ""3844"", ""name"": ""Alaska"", ""country"": ""US""}, {""key"": ""3845"", ""name"": ""Arizona"", ""country"": ""US""}, {""key"": ""3846"", ""name"": ""Arkansas"", ""country"": ""US""}, {""key"": ""3848"", ""name"": ""Colorado"", ""country"": ""US""}, {""key"": ""3849"", ""name"": ""Connecticut"", ""country"": ""US""}, {""key"": ""3850"", ""name"": ""Delaware"", ""country"": ""US""}, {""key"": ""3853"", ""name"": ""Georgia"", ""country"": ""US""}, {""key"": ""3854"", ""name"": ""Hawaii"", ""country"": ""US""}, {""key"": ""3855"", ""name"": ""Idaho"", ""country"": ""US""}, {""key"": ""3856"", ""name"": ""Illinois"", ""country"": ""US""}, {""key"": ""3857"", ""name"": ""Indiana"", ""country"": ""US""}, {""key"": ""3858"", ""name"": ""Iowa"", ""country"": ""US""}, {""key"": ""3859"", ""name"": ""Kansas"", ""country"": ""US""}, {""key"": ""3860"", ""name"": ""Kentucky"", ""country"": ""US""}, {""key"": ""3861"", ""name"": ""Louisiana"", ""country"": ""US""}, {""key"": ""3862"", ""name"": ""Maine"", ""country"": ""US""}, {""key"": ""3863"", ""name"": ""Maryland"", ""country"": ""US""}, {""key"": ""3864"", ""name"": ""Massachusetts"", ""country"": ""US""}, {""key"": ""3866"", ""name"": ""Minnesota"", ""country"": ""US""}, {""key"": ""3867"", ""name"": ""Mississippi"", ""country"": ""US""}, {""key"": ""3868"", ""name"": ""Missouri"", ""country"": ""US""}, {""key"": ""3869"", ""name"": ""Montana"", ""country"": ""US""}, {""key"": ""3870"", ""name"": ""Nebraska"", ""country"": ""US""}, {""key"": ""3871"", ""name"": ""Nevada"", ""country"": ""US""}, {""key"": ""3872"", ""name"": ""New Hampshire"", ""country"": ""US""}, {""key"": ""3873"", ""name"": ""New Jersey"", ""country"": ""US""}, {""key"": ""3874"", ""name"": ""New Mexico"", ""country"": ""US""}, {""key"": ""3876"", ""name"": ""North Carolina"", ""country"": ""US""}, {""key"": ""3877"", ""name"": ""North Dakota"", ""country"": ""US""}, {""key"": ""3878"", ""name"": ""Ohio"", ""country"": ""US""}, {""key"": ""3879"", ""name"": ""Oklahoma"", ""country"": ""US""}, {""key"": ""3880"", ""name"": ""Oregon"", ""country"": ""US""}, {""key"": ""3881"", ""name"": ""Pennsylvania"", ""country"": ""US""}, {""key"": ""3882"", ""name"": ""Rhode Island"", ""country"": ""US""}, {""key"": ""3883"", ""name"": ""South Carolina"", ""country"": ""US""}, {""key"": ""3884"", ""name"": ""South Dakota"", ""country"": ""US""}, {""key"": ""3885"", ""name"": ""Tennessee"", ""country"": ""US""}, {""key"": ""3886"", ""name"": ""Texas"", ""country"": ""US""}, {""key"": ""3887"", ""name"": ""Utah"", ""country"": ""US""}, {""key"": ""3888"", ""name"": ""Vermont"", ""country"": ""US""}, {""key"": ""3889"", ""name"": ""Virginia"", ""country"": ""US""}, {""key"": ""3891"", ""name"": ""West Virginia"", ""country"": ""US""}, {""key"": ""3892"", ""name"": ""Wisconsin"", ""country"": ""US""}, {""key"": ""3893"", ""name"": ""Wyoming"", ""country"": ""US""}], ""location_types"": [""frequently_in"", ""home""]}, ""targeting_automation"": {""advantage_audience"": 1}, ""publisher_platforms"": [""facebook"", ""instagram""], ""facebook_positions"": [""feed""], ""instagram_positions"": [""stream""]}",OFFSITE_CONVERSIONS,"{""pixel_id"": ""831179966599677"", ""custom_event_type"": ""LEAD"", ""smart_pse_enabled"": false}","{""attribution_windows"": [""1d_click""], ""conversions"": 0, ""last_sig_edit_ts"": 1789314519, ""status"": ""LEARNING""}",2026-09-13T01:31:08-0400,2026-09-13T01:31:09-0400,"[{""event_type"": ""CLICK_THROUGH"", ""window_days"": 1}]",3.08,5,0,616.0,0.0,,0,0,0,0,,,,"O: observed session IDs, not verified people; C: reconciled completed intakes, including returns; V: form versions changed Sep18",,,,
AD SET,120251082298490660,CT People r2 | remodel__monthly,120251080550020660,ACTIVE,ACTIVE,"{""age_max"": 65, ""age_min"": 18, ""geo_locations"": {""regions"": [{""key"": ""3843"", ""name"": ""Alabama"", ""country"": ""US""}, {""key"": ""3844"", ""name"": ""Alaska"", ""country"": ""US""}, {""key"": ""3845"", ""name"": ""Arizona"", ""country"": ""US""}, {""key"": ""3846"", ""name"": ""Arkansas"", ""country"": ""US""}, {""key"": ""3848"", ""name"": ""Colorado"", ""country"": ""US""}, {""key"": ""3849"", ""name"": ""Connecticut"", ""country"": ""US""}, {""key"": ""3850"", ""name"": ""Delaware"", ""country"": ""US""}, {""key"": ""3853"", ""name"": ""Georgia"", ""country"": ""US""}, {""key"": ""3854"", ""name"": ""Hawaii"", ""country"": ""US""}, {""key"": ""3855"", ""name"": ""Idaho"", ""country"": ""US""}, {""key"": ""3856"", ""name"": ""Illinois"", ""country"": ""US""}, {""key"": ""3857"", ""name"": ""Indiana"", ""country"": ""US""}, {""key"": ""3858"", ""name"": ""Iowa"", ""country"": ""US""}, {""key"": ""3859"", ""name"": ""Kansas"", ""country"": ""US""}, {""key"": ""3860"", ""name"": ""Kentucky"", ""country"": ""US""}, {""key"": ""3861"", ""name"": ""Louisiana"", ""country"": ""US""}, {""key"": ""3862"", ""name"": ""Maine"", ""country"": ""US""}, {""key"": ""3863"", ""name"": ""Maryland"", ""country"": ""US""}, {""key"": ""3864"", ""name"": ""Massachusetts"", ""country"": ""US""}, {""key"": ""3866"", ""name"": ""Minnesota"", ""country"": ""US""}, {""key"": ""3867"", ""name"": ""Mississippi"", ""country"": ""US""}, {""key"": ""3868"", ""name"": ""Missouri"", ""country"": ""US""}, {""key"": ""3869"", ""name"": ""Montana"", ""country"": ""US""}, {""key"": ""3870"", ""name"": ""Nebraska"", ""country"": ""US""}, {""key"": ""3871"", ""name"": ""Nevada"", ""country"": ""US""}, {""key"": ""3872"", ""name"": ""New Hampshire"", ""country"": ""US""}, {""key"": ""3873"", ""name"": ""New Jersey"", ""country"": ""US""}, {""key"": ""3874"", ""name"": ""New Mexico"", ""country"": ""US""}, {""key"": ""3876"", ""name"": ""North Carolina"", ""country"": ""US""}, {""key"": ""3877"", ""name"": ""North Dakota"", ""country"": ""US""}, {""key"": ""3878"", ""name"": ""Ohio"", ""country"": ""US""}, {""key"": ""3879"", ""name"": ""Oklahoma"", ""country"": ""US""}, {""key"": ""3880"", ""name"": ""Oregon"", ""country"": ""US""}, {""key"": ""3881"", ""name"": ""Pennsylvania"", ""country"": ""US""}, {""key"": ""3882"", ""name"": ""Rhode Island"", ""country"": ""US""}, {""key"": ""3883"", ""name"": ""South Carolina"", ""country"": ""US""}, {""key"": ""3884"", ""name"": ""South Dakota"", ""country"": ""US""}, {""key"": ""3885"", ""name"": ""Tennessee"", ""country"": ""US""}, {""key"": ""3886"", ""name"": ""Texas"", ""country"": ""US""}, {""key"": ""3887"", ""name"": ""Utah"", ""country"": ""US""}, {""key"": ""3888"", ""name"": ""Vermont"", ""country"": ""US""}, {""key"": ""3889"", ""name"": ""Virginia"", ""country"": ""US""}, {""key"": ""3891"", ""name"": ""West Virginia"", ""country"": ""US""}, {""key"": ""3892"", ""name"": ""Wisconsin"", ""country"": ""US""}, {""key"": ""3893"", ""name"": ""Wyoming"", ""country"": ""US""}], ""location_types"": [""frequently_in"", ""home""]}, ""targeting_automation"": {""advantage_audience"": 1}, ""publisher_platforms"": [""facebook"", ""instagram""], ""facebook_positions"": [""feed""], ""instagram_positions"": [""stream""]}",OFFSITE_CONVERSIONS,"{""pixel_id"": ""831179966599677"", ""custom_event_type"": ""LEAD"", ""smart_pse_enabled"": false}","{""attribution_windows"": [""1d_click""], ""conversions"": 1, ""last_sig_edit_ts"": 1789314111, ""status"": ""LEARNING""}",2026-09-13T01:30:29-0400,2026-09-13T01:30:29-0400,"[{""event_type"": ""CLICK_THROUGH"", ""window_days"": 1}]",177.19,1051,7,168.59,0.666,25.31,3,3,3,7,59.06,59.06,59.06,"O: observed session IDs, not verified people; C: reconciled completed intakes, including returns; V: form versions changed Sep18",,,,
AD SET,120251082243910660,CT People r2 | pool__gunite,120251080549940660,ACTIVE,ACTIVE,"{""age_max"": 65, ""age_min"": 18, ""geo_locations"": {""regions"": [{""key"": ""3843"", ""name"": ""Alabama"", ""country"": ""US""}, {""key"": ""3844"", ""name"": ""Alaska"", ""country"": ""US""}, {""key"": ""3845"", ""name"": ""Arizona"", ""country"": ""US""}, {""key"": ""3846"", ""name"": ""Arkansas"", ""country"": ""US""}, {""key"": ""3848"", ""name"": ""Colorado"", ""country"": ""US""}, {""key"": ""3849"", ""name"": ""Connecticut"", ""country"": ""US""}, {""key"": ""3850"", ""name"": ""Delaware"", ""country"": ""US""}, {""key"": ""3853"", ""name"": ""Georgia"", ""country"": ""US""}, {""key"": ""3854"", ""name"": ""Hawaii"", ""country"": ""US""}, {""key"": ""3855"", ""name"": ""Idaho"", ""country"": ""US""}, {""key"": ""3856"", ""name"": ""Illinois"", ""country"": ""US""}, {""key"": ""3857"", ""name"": ""Indiana"", ""country"": ""US""}, {""key"": ""3858"", ""name"": ""Iowa"", ""country"": ""US""}, {""key"": ""3859"", ""name"": ""Kansas"", ""country"": ""US""}, {""key"": ""3860"", ""name"": ""Kentucky"", ""country"": ""US""}, {""key"": ""3861"", ""name"": ""Louisiana"", ""country"": ""US""}, {""key"": ""3862"", ""name"": ""Maine"", ""country"": ""US""}, {""key"": ""3863"", ""name"": ""Maryland"", ""country"": ""US""}, {""key"": ""3864"", ""name"": ""Massachusetts"", ""country"": ""US""}, {""key"": ""3866"", ""name"": ""Minnesota"", ""country"": ""US""}, {""key"": ""3867"", ""name"": ""Mississippi"", ""country"": ""US""}, {""key"": ""3868"", ""name"": ""Missouri"", ""country"": ""US""}, {""key"": ""3869"", ""name"": ""Montana"", ""country"": ""US""}, {""key"": ""3870"", ""name"": ""Nebraska"", ""country"": ""US""}, {""key"": ""3871"", ""name"": ""Nevada"", ""country"": ""US""}, {""key"": ""3872"", ""name"": ""New Hampshire"", ""country"": ""US""}, {""key"": ""3873"", ""name"": ""New Jersey"", ""country"": ""US""}, {""key"": ""3874"", ""name"": ""New Mexico"", ""country"": ""US""}, {""key"": ""3876"", ""name"": ""North Carolina"", ""country"": ""US""}, {""key"": ""3877"", ""name"": ""North Dakota"", ""country"": ""US""}, {""key"": ""3878"", ""name"": ""Ohio"", ""country"": ""US""}, {""key"": ""3879"", ""name"": ""Oklahoma"", ""country"": ""US""}, {""key"": ""3880"", ""name"": ""Oregon"", ""country"": ""US""}, {""key"": ""3881"", ""name"": ""Pennsylvania"", ""country"": ""US""}, {""key"": ""3882"", ""name"": ""Rhode Island"", ""country"": ""US""}, {""key"": ""3883"", ""name"": ""South Carolina"", ""country"": ""US""}, {""key"": ""3884"", ""name"": ""South Dakota"", ""country"": ""US""}, {""key"": ""3885"", ""name"": ""Tennessee"", ""country"": ""US""}, {""key"": ""3886"", ""name"": ""Texas"", ""country"": ""US""}, {""key"": ""3887"", ""name"": ""Utah"", ""country"": ""US""}, {""key"": ""3888"", ""name"": ""Vermont"", ""country"": ""US""}, {""key"": ""3889"", ""name"": ""Virginia"", ""country"": ""US""}, {""key"": ""3891"", ""name"": ""West Virginia"", ""country"": ""US""}, {""key"": ""3892"", ""name"": ""Wisconsin"", ""country"": ""US""}, {""key"": ""3893"", ""name"": ""Wyoming"", ""country"": ""US""}], ""location_types"": [""frequently_in"", ""home""]}, ""targeting_automation"": {""advantage_audience"": 1}, ""publisher_platforms"": [""facebook"", ""instagram""], ""facebook_positions"": [""feed""], ""instagram_positions"": [""stream""]}",OFFSITE_CONVERSIONS,"{""pixel_id"": ""831179966599677"", ""custom_event_type"": ""LEAD"", ""smart_pse_enabled"": false}","{""attribution_windows"": [""1d_click""], ""conversions"": 9, ""last_sig_edit_ts"": 1789319238, ""status"": ""LEARNING""}",2026-09-13T01:25:14-0400,2026-09-13T01:25:14-0400,"[{""event_type"": ""CLICK_THROUGH"", ""window_days"": 1}]",1178.52,23938,133,49.23,0.556,8.86,8,8,13,131,147.31,147.31,90.66,"O: observed session IDs, not verified people; C: reconciled completed intakes, including returns; V: form versions changed Sep18",,,,
AD SET,120251082240280660,CT People r2 | pool__savings,120251080549940660,ACTIVE,ACTIVE,"{""age_max"": 65, ""age_min"": 18, ""geo_locations"": {""regions"": [{""key"": ""3843"", ""name"": ""Alabama"", ""country"": ""US""}, {""key"": ""3844"", ""name"": ""Alaska"", ""country"": ""US""}, {""key"": ""3845"", ""name"": ""Arizona"", ""country"": ""US""}, {""key"": ""3846"", ""name"": ""Arkansas"", ""country"": ""US""}, {""key"": ""3848"", ""name"": ""Colorado"", ""country"": ""US""}, {""key"": ""3849"", ""name"": ""Connecticut"", ""country"": ""US""}, {""key"": ""3850"", ""name"": ""Delaware"", ""country"": ""US""}, {""key"": ""3853"", ""name"": ""Georgia"", ""country"": ""US""}, {""key"": ""3854"", ""name"": ""Hawaii"", ""country"": ""US""}, {""key"": ""3855"", ""name"": ""Idaho"", ""country"": ""US""}, {""key"": ""3856"", ""name"": ""Illinois"", ""country"": ""US""}, {""key"": ""3857"", ""name"": ""Indiana"", ""country"": ""US""}, {""key"": ""3858"", ""name"": ""Iowa"", ""country"": ""US""}, {""key"": ""3859"", ""name"": ""Kansas"", ""country"": ""US""}, {""key"": ""3860"", ""name"": ""Kentucky"", ""country"": ""US""}, {""key"": ""3861"", ""name"": ""Louisiana"", ""country"": ""US""}, {""key"": ""3862"", ""name"": ""Maine"", ""country"": ""US""}, {""key"": ""3863"", ""name"": ""Maryland"", ""country"": ""US""}, {""key"": ""3864"", ""name"": ""Massachusetts"", ""country"": ""US""}, {""key"": ""3866"", ""name"": ""Minnesota"", ""country"": ""US""}, {""key"": ""3867"", ""name"": ""Mississippi"", ""country"": ""US""}, {""key"": ""3868"", ""name"": ""Missouri"", ""country"": ""US""}, {""key"": ""3869"", ""name"": ""Montana"", ""country"": ""US""}, {""key"": ""3870"", ""name"": ""Nebraska"", ""country"": ""US""}, {""key"": ""3871"", ""name"": ""Nevada"", ""country"": ""US""}, {""key"": ""3872"", ""name"": ""New Hampshire"", ""country"": ""US""}, {""key"": ""3873"", ""name"": ""New Jersey"", ""country"": ""US""}, {""key"": ""3874"", ""name"": ""New Mexico"", ""country"": ""US""}, {""key"": ""3876"", ""name"": ""North Carolina"", ""country"": ""US""}, {""key"": ""3877"", ""name"": ""North Dakota"", ""country"": ""US""}, {""key"": ""3878"", ""name"": ""Ohio"", ""country"": ""US""}, {""key"": ""3879"", ""name"": ""Oklahoma"", ""country"": ""US""}, {""key"": ""3880"", ""name"": ""Oregon"", ""country"": ""US""}, {""key"": ""3881"", ""name"": ""Pennsylvania"", ""country"": ""US""}, {""key"": ""3882"", ""name"": ""Rhode Island"", ""country"": ""US""}, {""key"": ""3883"", ""name"": ""South Carolina"", ""country"": ""US""}, {""key"": ""3884"", ""name"": ""South Dakota"", ""country"": ""US""}, {""key"": ""3885"", ""name"": ""Tennessee"", ""country"": ""US""}, {""key"": ""3886"", ""name"": ""Texas"", ""country"": ""US""}, {""key"": ""3887"", ""name"": ""Utah"", ""country"": ""US""}, {""key"": ""3888"", ""name"": ""Vermont"", ""country"": ""US""}, {""key"": ""3889"", ""name"": ""Virginia"", ""country"": ""US""}, {""key"": ""3891"", ""name"": ""West Virginia"", ""country"": ""US""}, {""key"": ""3892"", ""name"": ""Wisconsin"", ""country"": ""US""}, {""key"": ""3893"", ""name"": ""Wyoming"", ""country"": ""US""}], ""location_types"": [""frequently_in"", ""home""]}, ""targeting_automation"": {""advantage_audience"": 1}, ""publisher_platforms"": [""facebook"", ""instagram""], ""facebook_positions"": [""feed""], ""instagram_positions"": [""stream""]}",OFFSITE_CONVERSIONS,"{""pixel_id"": ""831179966599677"", ""custom_event_type"": ""LEAD"", ""smart_pse_enabled"": false}","{""attribution_windows"": [""1d_click""], ""conversions"": 0, ""last_sig_edit_ts"": 1789314100, ""status"": ""LEARNING""}",2026-09-13T01:24:36-0400,2026-09-13T01:24:36-0400,"[{""event_type"": ""CLICK_THROUGH"", ""window_days"": 1}]",12.19,321,1,37.98,0.312,12.19,0,0,0,1,,,,"O: observed session IDs, not verified people; C: reconciled completed intakes, including returns; V: form versions changed Sep18",,,,
AD SET,120251082235550660,CT People r2 | pool__coi,120251080549940660,ACTIVE,ACTIVE,"{""age_max"": 65, ""age_min"": 18, ""geo_locations"": {""regions"": [{""key"": ""3843"", ""name"": ""Alabama"", ""country"": ""US""}, {""key"": ""3844"", ""name"": ""Alaska"", ""country"": ""US""}, {""key"": ""3845"", ""name"": ""Arizona"", ""country"": ""US""}, {""key"": ""3846"", ""name"": ""Arkansas"", ""country"": ""US""}, {""key"": ""3848"", ""name"": ""Colorado"", ""country"": ""US""}, {""key"": ""3849"", ""name"": ""Connecticut"", ""country"": ""US""}, {""key"": ""3850"", ""name"": ""Delaware"", ""country"": ""US""}, {""key"": ""3853"", ""name"": ""Georgia"", ""country"": ""US""}, {""key"": ""3854"", ""name"": ""Hawaii"", ""country"": ""US""}, {""key"": ""3855"", ""name"": ""Idaho"", ""country"": ""US""}, {""key"": ""3856"", ""name"": ""Illinois"", ""country"": ""US""}, {""key"": ""3857"", ""name"": ""Indiana"", ""country"": ""US""}, {""key"": ""3858"", ""name"": ""Iowa"", ""country"": ""US""}, {""key"": ""3859"", ""name"": ""Kansas"", ""country"": ""US""}, {""key"": ""3860"", ""name"": ""Kentucky"", ""country"": ""US""}, {""key"": ""3861"", ""name"": ""Louisiana"", ""country"": ""US""}, {""key"": ""3862"", ""name"": ""Maine"", ""country"": ""US""}, {""key"": ""3863"", ""name"": ""Maryland"", ""country"": ""US""}, {""key"": ""3864"", ""name"": ""Massachusetts"", ""country"": ""US""}, {""key"": ""3866"", ""name"": ""Minnesota"", ""country"": ""US""}, {""key"": ""3867"", ""name"": ""Mississippi"", ""country"": ""US""}, {""key"": ""3868"", ""name"": ""Missouri"", ""country"": ""US""}, {""key"": ""3869"", ""name"": ""Montana"", ""country"": ""US""}, {""key"": ""3870"", ""name"": ""Nebraska"", ""country"": ""US""}, {""key"": ""3871"", ""name"": ""Nevada"", ""country"": ""US""}, {""key"": ""3872"", ""name"": ""New Hampshire"", ""country"": ""US""}, {""key"": ""3873"", ""name"": ""New Jersey"", ""country"": ""US""}, {""key"": ""3874"", ""name"": ""New Mexico"", ""country"": ""US""}, {""key"": ""3876"", ""name"": ""North Carolina"", ""country"": ""US""}, {""key"": ""3877"", ""name"": ""North Dakota"", ""country"": ""US""}, {""key"": ""3878"", ""name"": ""Ohio"", ""country"": ""US""}, {""key"": ""3879"", ""name"": ""Oklahoma"", ""country"": ""US""}, {""key"": ""3880"", ""name"": ""Oregon"", ""country"": ""US""}, {""key"": ""3881"", ""name"": ""Pennsylvania"", ""country"": ""US""}, {""key"": ""3882"", ""name"": ""Rhode Island"", ""country"": ""US""}, {""key"": ""3883"", ""name"": ""South Carolina"", ""country"": ""US""}, {""key"": ""3884"", ""name"": ""South Dakota"", ""country"": ""US""}, {""key"": ""3885"", ""name"": ""Tennessee"", ""country"": ""US""}, {""key"": ""3886"", ""name"": ""Texas"", ""country"": ""US""}, {""key"": ""3887"", ""name"": ""Utah"", ""country"": ""US""}, {""key"": ""3888"", ""name"": ""Vermont"", ""country"": ""US""}, {""key"": ""3889"", ""name"": ""Virginia"", ""country"": ""US""}, {""key"": ""3891"", ""name"": ""West Virginia"", ""country"": ""US""}, {""key"": ""3892"", ""name"": ""Wisconsin"", ""country"": ""US""}, {""key"": ""3893"", ""name"": ""Wyoming"", ""country"": ""US""}], ""location_types"": [""frequently_in"", ""home""]}, ""targeting_automation"": {""advantage_audience"": 1}, ""publisher_platforms"": [""facebook"", ""instagram""], ""facebook_positions"": [""feed""], ""instagram_positions"": [""stream""]}",OFFSITE_CONVERSIONS,"{""pixel_id"": ""831179966599677"", ""custom_event_type"": ""LEAD"", ""smart_pse_enabled"": false}","{""attribution_windows"": [""1d_click""], ""conversions"": 7, ""last_sig_edit_ts"": 1789313157, ""status"": ""LEARNING""}",2026-09-13T01:23:55-0400,2026-09-13T01:23:55-0400,"[{""event_type"": ""CLICK_THROUGH"", ""window_days"": 1}]",324.89,7914,56,41.05,0.708,5.8,2,2,4,51,162.44,162.44,81.22,"O: observed session IDs, not verified people; C: reconciled completed intakes, including returns; V: form versions changed Sep18",19200,,,
AD SET,120251082232080660,CT People r2 | pool__work,120251080549940660,ACTIVE,ACTIVE,"{""age_max"": 65, ""age_min"": 18, ""geo_locations"": {""regions"": [{""key"": ""3843"", ""name"": ""Alabama"", ""country"": ""US""}, {""key"": ""3844"", ""name"": ""Alaska"", ""country"": ""US""}, {""key"": ""3845"", ""name"": ""Arizona"", ""country"": ""US""}, {""key"": ""3846"", ""name"": ""Arkansas"", ""country"": ""US""}, {""key"": ""3848"", ""name"": ""Colorado"", ""country"": ""US""}, {""key"": ""3849"", ""name"": ""Connecticut"", ""country"": ""US""}, {""key"": ""3850"", ""name"": ""Delaware"", ""country"": ""US""}, {""key"": ""3853"", ""name"": ""Georgia"", ""country"": ""US""}, {""key"": ""3854"", ""name"": ""Hawaii"", ""country"": ""US""}, {""key"": ""3855"", ""name"": ""Idaho"", ""country"": ""US""}, {""key"": ""3856"", ""name"": ""Illinois"", ""country"": ""US""}, {""key"": ""3857"", ""name"": ""Indiana"", ""country"": ""US""}, {""key"": ""3858"", ""name"": ""Iowa"", ""country"": ""US""}, {""key"": ""3859"", ""name"": ""Kansas"", ""country"": ""US""}, {""key"": ""3860"", ""name"": ""Kentucky"", ""country"": ""US""}, {""key"": ""3861"", ""name"": ""Louisiana"", ""country"": ""US""}, {""key"": ""3862"", ""name"": ""Maine"", ""country"": ""US""}, {""key"": ""3863"", ""name"": ""Maryland"", ""country"": ""US""}, {""key"": ""3864"", ""name"": ""Massachusetts"", ""country"": ""US""}, {""key"": ""3866"", ""name"": ""Minnesota"", ""country"": ""US""}, {""key"": ""3867"", ""name"": ""Mississippi"", ""country"": ""US""}, {""key"": ""3868"", ""name"": ""Missouri"", ""country"": ""US""}, {""key"": ""3869"", ""name"": ""Montana"", ""country"": ""US""}, {""key"": ""3870"", ""name"": ""Nebraska"", ""country"": ""US""}, {""key"": ""3871"", ""name"": ""Nevada"", ""country"": ""US""}, {""key"": ""3872"", ""name"": ""New Hampshire"", ""country"": ""US""}, {""key"": ""3873"", ""name"": ""New Jersey"", ""country"": ""US""}, {""key"": ""3874"", ""name"": ""New Mexico"", ""country"": ""US""}, {""key"": ""3876"", ""name"": ""North Carolina"", ""country"": ""US""}, {""key"": ""3877"", ""name"": ""North Dakota"", ""country"": ""US""}, {""key"": ""3878"", ""name"": ""Ohio"", ""country"": ""US""}, {""key"": ""3879"", ""name"": ""Oklahoma"", ""country"": ""US""}, {""key"": ""3880"", ""name"": ""Oregon"", ""country"": ""US""}, {""key"": ""3881"", ""name"": ""Pennsylvania"", ""country"": ""US""}, {""key"": ""3882"", ""name"": ""Rhode Island"", ""country"": ""US""}, {""key"": ""3883"", ""name"": ""South Carolina"", ""country"": ""US""}, {""key"": ""3884"", ""name"": ""South Dakota"", ""country"": ""US""}, {""key"": ""3885"", ""name"": ""Tennessee"", ""country"": ""US""}, {""key"": ""3886"", ""name"": ""Texas"", ""country"": ""US""}, {""key"": ""3887"", ""name"": ""Utah"", ""country"": ""US""}, {""key"": ""3888"", ""name"": ""Vermont"", ""country"": ""US""}, {""key"": ""3889"", ""name"": ""Virginia"", ""country"": ""US""}, {""key"": ""3891"", ""name"": ""West Virginia"", ""country"": ""US""}, {""key"": ""3892"", ""name"": ""Wisconsin"", ""country"": ""US""}, {""key"": ""3893"", ""name"": ""Wyoming"", ""country"": ""US""}], ""location_types"": [""frequently_in"", ""home""]}, ""targeting_automation"": {""advantage_audience"": 1}, ""publisher_platforms"": [""facebook"", ""instagram""], ""facebook_positions"": [""feed""], ""instagram_positions"": [""stream""]}",OFFSITE_CONVERSIONS,"{""pixel_id"": ""831179966599677"", ""custom_event_type"": ""LEAD"", ""smart_pse_enabled"": false}","{""attribution_windows"": [""1d_click""], ""conversions"": 0, ""last_sig_edit_ts"": 1789313146, ""status"": ""LEARNING""}",2026-09-13T01:23:15-0400,2026-09-13T01:23:15-0400,"[{""event_type"": ""CLICK_THROUGH"", ""window_days"": 1}]",0.58,15,0,38.67,0.0,,0,0,0,0,,,,"O: observed session IDs, not verified people; C: reconciled completed intakes, including returns; V: form versions changed Sep18",,,,
AD SET,120251082229630660,CT People r2 | pool__monthly,120251080549940660,ACTIVE,ACTIVE,"{""age_max"": 65, ""age_min"": 18, ""geo_locations"": {""regions"": [{""key"": ""3843"", ""name"": ""Alabama"", ""country"": ""US""}, {""key"": ""3844"", ""name"": ""Alaska"", ""country"": ""US""}, {""key"": ""3845"", ""name"": ""Arizona"", ""country"": ""US""}, {""key"": ""3846"", ""name"": ""Arkansas"", ""country"": ""US""}, {""key"": ""3848"", ""name"": ""Colorado"", ""country"": ""US""}, {""key"": ""3849"", ""name"": ""Connecticut"", ""country"": ""US""}, {""key"": ""3850"", ""name"": ""Delaware"", ""country"": ""US""}, {""key"": ""3853"", ""name"": ""Georgia"", ""country"": ""US""}, {""key"": ""3854"", ""name"": ""Hawaii"", ""country"": ""US""}, {""key"": ""3855"", ""name"": ""Idaho"", ""country"": ""US""}, {""key"": ""3856"", ""name"": ""Illinois"", ""country"": ""US""}, {""key"": ""3857"", ""name"": ""Indiana"", ""country"": ""US""}, {""key"": ""3858"", ""name"": ""Iowa"", ""country"": ""US""}, {""key"": ""3859"", ""name"": ""Kansas"", ""country"": ""US""}, {""key"": ""3860"", ""name"": ""Kentucky"", ""country"": ""US""}, {""key"": ""3861"", ""name"": ""Louisiana"", ""country"": ""US""}, {""key"": ""3862"", ""name"": ""Maine"", ""country"": ""US""}, {""key"": ""3863"", ""name"": ""Maryland"", ""country"": ""US""}, {""key"": ""3864"", ""name"": ""Massachusetts"", ""country"": ""US""}, {""key"": ""3866"", ""name"": ""Minnesota"", ""country"": ""US""}, {""key"": ""3867"", ""name"": ""Mississippi"", ""country"": ""US""}, {""key"": ""3868"", ""name"": ""Missouri"", ""country"": ""US""}, {""key"": ""3869"", ""name"": ""Montana"", ""country"": ""US""}, {""key"": ""3870"", ""name"": ""Nebraska"", ""country"": ""US""}, {""key"": ""3871"", ""name"": ""Nevada"", ""country"": ""US""}, {""key"": ""3872"", ""name"": ""New Hampshire"", ""country"": ""US""}, {""key"": ""3873"", ""name"": ""New Jersey"", ""country"": ""US""}, {""key"": ""3874"", ""name"": ""New Mexico"", ""country"": ""US""}, {""key"": ""3876"", ""name"": ""North Carolina"", ""country"": ""US""}, {""key"": ""3877"", ""name"": ""North Dakota"", ""country"": ""US""}, {""key"": ""3878"", ""name"": ""Ohio"", ""country"": ""US""}, {""key"": ""3879"", ""name"": ""Oklahoma"", ""country"": ""US""}, {""key"": ""3880"", ""name"": ""Oregon"", ""country"": ""US""}, {""key"": ""3881"", ""name"": ""Pennsylvania"", ""country"": ""US""}, {""key"": ""3882"", ""name"": ""Rhode Island"", ""country"": ""US""}, {""key"": ""3883"", ""name"": ""South Carolina"", ""country"": ""US""}, {""key"": ""3884"", ""name"": ""South Dakota"", ""country"": ""US""}, {""key"": ""3885"", ""name"": ""Tennessee"", ""country"": ""US""}, {""key"": ""3886"", ""name"": ""Texas"", ""country"": ""US""}, {""key"": ""3887"", ""name"": ""Utah"", ""country"": ""US""}, {""key"": ""3888"", ""name"": ""Vermont"", ""country"": ""US""}, {""key"": ""3889"", ""name"": ""Virginia"", ""country"": ""US""}, {""key"": ""3891"", ""name"": ""West Virginia"", ""country"": ""US""}, {""key"": ""3892"", ""name"": ""Wisconsin"", ""country"": ""US""}, {""key"": ""3893"", ""name"": ""Wyoming"", ""country"": ""US""}], ""location_types"": [""frequently_in"", ""home""]}, ""targeting_automation"": {""advantage_audience"": 1}, ""publisher_platforms"": [""facebook"", ""instagram""], ""facebook_positions"": [""feed""], ""instagram_positions"": [""stream""]}",OFFSITE_CONVERSIONS,"{""pixel_id"": ""831179966599677"", ""custom_event_type"": ""LEAD"", ""smart_pse_enabled"": false}","{""attribution_windows"": [""1d_click""], ""conversions"": 0, ""last_sig_edit_ts"": 1789313136, ""status"": ""LEARNING""}",2026-09-13T01:22:36-0400,2026-09-13T01:22:36-0400,"[{""event_type"": ""CLICK_THROUGH"", ""window_days"": 1}]",42.54,1010,4,42.12,0.396,10.63,0,0,0,4,,,,"O: observed session IDs, not verified people; C: reconciled completed intakes, including returns; V: form versions changed Sep18",,,,
AD SET,120251081895010660,CT Themes 20260913 | hvac__user_video,120251080550890660,ACTIVE,CAMPAIGN_PAUSED,"{""age_max"": 65, ""age_min"": 18, ""geo_locations"": {""regions"": [{""key"": ""3843"", ""name"": ""Alabama"", ""country"": ""US""}, {""key"": ""3844"", ""name"": ""Alaska"", ""country"": ""US""}, {""key"": ""3845"", ""name"": ""Arizona"", ""country"": ""US""}, {""key"": ""3846"", ""name"": ""Arkansas"", ""country"": ""US""}, {""key"": ""3848"", ""name"": ""Colorado"", ""country"": ""US""}, {""key"": ""3849"", ""name"": ""Connecticut"", ""country"": ""US""}, {""key"": ""3850"", ""name"": ""Delaware"", ""country"": ""US""}, {""key"": ""3853"", ""name"": ""Georgia"", ""country"": ""US""}, {""key"": ""3854"", ""name"": ""Hawaii"", ""country"": ""US""}, {""key"": ""3855"", ""name"": ""Idaho"", ""country"": ""US""}, {""key"": ""3856"", ""name"": ""Illinois"", ""country"": ""US""}, {""key"": ""3857"", ""name"": ""Indiana"", ""country"": ""US""}, {""key"": ""3858"", ""name"": ""Iowa"", ""country"": ""US""}, {""key"": ""3859"", ""name"": ""Kansas"", ""country"": ""US""}, {""key"": ""3860"", ""name"": ""Kentucky"", ""country"": ""US""}, {""key"": ""3861"", ""name"": ""Louisiana"", ""country"": ""US""}, {""key"": ""3862"", ""name"": ""Maine"", ""country"": ""US""}, {""key"": ""3863"", ""name"": ""Maryland"", ""country"": ""US""}, {""key"": ""3864"", ""name"": ""Massachusetts"", ""country"": ""US""}, {""key"": ""3866"", ""name"": ""Minnesota"", ""country"": ""US""}, {""key"": ""3867"", ""name"": ""Mississippi"", ""country"": ""US""}, {""key"": ""3868"", ""name"": ""Missouri"", ""country"": ""US""}, {""key"": ""3869"", ""name"": ""Montana"", ""country"": ""US""}, {""key"": ""3870"", ""name"": ""Nebraska"", ""country"": ""US""}, {""key"": ""3871"", ""name"": ""Nevada"", ""country"": ""US""}, {""key"": ""3872"", ""name"": ""New Hampshire"", ""country"": ""US""}, {""key"": ""3873"", ""name"": ""New Jersey"", ""country"": ""US""}, {""key"": ""3874"", ""name"": ""New Mexico"", ""country"": ""US""}, {""key"": ""3876"", ""name"": ""North Carolina"", ""country"": ""US""}, {""key"": ""3877"", ""name"": ""North Dakota"", ""country"": ""US""}, {""key"": ""3878"", ""name"": ""Ohio"", ""country"": ""US""}, {""key"": ""3879"", ""name"": ""Oklahoma"", ""country"": ""US""}, {""key"": ""3880"", ""name"": ""Oregon"", ""country"": ""US""}, {""key"": ""3881"", ""name"": ""Pennsylvania"", ""country"": ""US""}, {""key"": ""3882"", ""name"": ""Rhode Island"", ""country"": ""US""}, {""key"": ""3883"", ""name"": ""South Carolina"", ""country"": ""US""}, {""key"": ""3884"", ""name"": ""South Dakota"", ""country"": ""US""}, {""key"": ""3885"", ""name"": ""Tennessee"", ""country"": ""US""}, {""key"": ""3886"", ""name"": ""Texas"", ""country"": ""US""}, {""key"": ""3887"", ""name"": ""Utah"", ""country"": ""US""}, {""key"": ""3888"", ""name"": ""Vermont"", ""country"": ""US""}, {""key"": ""3889"", ""name"": ""Virginia"", ""country"": ""US""}, {""key"": ""3891"", ""name"": ""West Virginia"", ""country"": ""US""}, {""key"": ""3892"", ""name"": ""Wisconsin"", ""country"": ""US""}, {""key"": ""3893"", ""name"": ""Wyoming"", ""country"": ""US""}], ""location_types"": [""frequently_in"", ""home""]}, ""targeting_automation"": {""advantage_audience"": 1}, ""publisher_platforms"": [""facebook"", ""instagram""], ""facebook_positions"": [""feed""], ""instagram_positions"": [""stream""]}",OFFSITE_CONVERSIONS,"{""pixel_id"": ""831179966599677"", ""custom_event_type"": ""LEAD"", ""smart_pse_enabled"": false}","{""attribution_windows"": [""1d_click""], ""last_sig_edit_ts"": 1789276852}",2026-09-13T00:12:21-0400,2026-09-13T00:12:22-0400,"[{""event_type"": ""CLICK_THROUGH"", ""window_days"": 1}]",11.05,94,0,117.55,0.0,,0,0,0,0,,,,"O: observed session IDs, not verified people; C: reconciled completed intakes, including returns; V: form versions changed Sep18",,,,
AD SET,120251081859790660,CT Themes 20260913 | painting__user_video,120251080550480660,ACTIVE,CAMPAIGN_PAUSED,"{""age_max"": 65, ""age_min"": 18, ""geo_locations"": {""regions"": [{""key"": ""3843"", ""name"": ""Alabama"", ""country"": ""US""}, {""key"": ""3844"", ""name"": ""Alaska"", ""country"": ""US""}, {""key"": ""3845"", ""name"": ""Arizona"", ""country"": ""US""}, {""key"": ""3846"", ""name"": ""Arkansas"", ""country"": ""US""}, {""key"": ""3848"", ""name"": ""Colorado"", ""country"": ""US""}, {""key"": ""3849"", ""name"": ""Connecticut"", ""country"": ""US""}, {""key"": ""3850"", ""name"": ""Delaware"", ""country"": ""US""}, {""key"": ""3853"", ""name"": ""Georgia"", ""country"": ""US""}, {""key"": ""3854"", ""name"": ""Hawaii"", ""country"": ""US""}, {""key"": ""3855"", ""name"": ""Idaho"", ""country"": ""US""}, {""key"": ""3856"", ""name"": ""Illinois"", ""country"": ""US""}, {""key"": ""3857"", ""name"": ""Indiana"", ""country"": ""US""}, {""key"": ""3858"", ""name"": ""Iowa"", ""country"": ""US""}, {""key"": ""3859"", ""name"": ""Kansas"", ""country"": ""US""}, {""key"": ""3860"", ""name"": ""Kentucky"", ""country"": ""US""}, {""key"": ""3861"", ""name"": ""Louisiana"", ""country"": ""US""}, {""key"": ""3862"", ""name"": ""Maine"", ""country"": ""US""}, {""key"": ""3863"", ""name"": ""Maryland"", ""country"": ""US""}, {""key"": ""3864"", ""name"": ""Massachusetts"", ""country"": ""US""}, {""key"": ""3866"", ""name"": ""Minnesota"", ""country"": ""US""}, {""key"": ""3867"", ""name"": ""Mississippi"", ""country"": ""US""}, {""key"": ""3868"", ""name"": ""Missouri"", ""country"": ""US""}, {""key"": ""3869"", ""name"": ""Montana"", ""country"": ""US""}, {""key"": ""3870"", ""name"": ""Nebraska"", ""country"": ""US""}, {""key"": ""3871"", ""name"": ""Nevada"", ""country"": ""US""}, {""key"": ""3872"", ""name"": ""New Hampshire"", ""country"": ""US""}, {""key"": ""3873"", ""name"": ""New Jersey"", ""country"": ""US""}, {""key"": ""3874"", ""name"": ""New Mexico"", ""country"": ""US""}, {""key"": ""3876"", ""name"": ""North Carolina"", ""country"": ""US""}, {""key"": ""3877"", ""name"": ""North Dakota"", ""country"": ""US""}, {""key"": ""3878"", ""name"": ""Ohio"", ""country"": ""US""}, {""key"": ""3879"", ""name"": ""Oklahoma"", ""country"": ""US""}, {""key"": ""3880"", ""name"": ""Oregon"", ""country"": ""US""}, {""key"": ""3881"", ""name"": ""Pennsylvania"", ""country"": ""US""}, {""key"": ""3882"", ""name"": ""Rhode Island"", ""country"": ""US""}, {""key"": ""3883"", ""name"": ""South Carolina"", ""country"": ""US""}, {""key"": ""3884"", ""name"": ""South Dakota"", ""country"": ""US""}, {""key"": ""3885"", ""name"": ""Tennessee"", ""country"": ""US""}, {""key"": ""3886"", ""name"": ""Texas"", ""country"": ""US""}, {""key"": ""3887"", ""name"": ""Utah"", ""country"": ""US""}, {""key"": ""3888"", ""name"": ""Vermont"", ""country"": ""US""}, {""key"": ""3889"", ""name"": ""Virginia"", ""country"": ""US""}, {""key"": ""3891"", ""name"": ""West Virginia"", ""country"": ""US""}, {""key"": ""3892"", ""name"": ""Wisconsin"", ""country"": ""US""}, {""key"": ""3893"", ""name"": ""Wyoming"", ""country"": ""US""}], ""location_types"": [""frequently_in"", ""home""]}, ""targeting_automation"": {""advantage_audience"": 1}, ""publisher_platforms"": [""facebook"", ""instagram""], ""facebook_positions"": [""feed""], ""instagram_positions"": [""stream""]}",OFFSITE_CONVERSIONS,"{""pixel_id"": ""831179966599677"", ""custom_event_type"": ""LEAD"", ""smart_pse_enabled"": false}","{""attribution_windows"": [""1d_click""], ""last_sig_edit_ts"": 1789275926}",2026-09-13T00:02:07-0400,2026-09-13T00:02:08-0400,"[{""event_type"": ""CLICK_THROUGH"", ""window_days"": 1}]",3.51,21,0,167.14,0.0,,0,0,0,0,,,,"O: observed session IDs, not verified people; C: reconciled completed intakes, including returns; V: form versions changed Sep18",,,,
AD SET,120251081777590660,CT Themes 20260913 | tree__user_video,120251080550210660,ACTIVE,ACTIVE,"{""age_max"": 65, ""age_min"": 18, ""geo_locations"": {""regions"": [{""key"": ""3843"", ""name"": ""Alabama"", ""country"": ""US""}, {""key"": ""3844"", ""name"": ""Alaska"", ""country"": ""US""}, {""key"": ""3845"", ""name"": ""Arizona"", ""country"": ""US""}, {""key"": ""3846"", ""name"": ""Arkansas"", ""country"": ""US""}, {""key"": ""3848"", ""name"": ""Colorado"", ""country"": ""US""}, {""key"": ""3849"", ""name"": ""Connecticut"", ""country"": ""US""}, {""key"": ""3850"", ""name"": ""Delaware"", ""country"": ""US""}, {""key"": ""3853"", ""name"": ""Georgia"", ""country"": ""US""}, {""key"": ""3854"", ""name"": ""Hawaii"", ""country"": ""US""}, {""key"": ""3855"", ""name"": ""Idaho"", ""country"": ""US""}, {""key"": ""3856"", ""name"": ""Illinois"", ""country"": ""US""}, {""key"": ""3857"", ""name"": ""Indiana"", ""country"": ""US""}, {""key"": ""3858"", ""name"": ""Iowa"", ""country"": ""US""}, {""key"": ""3859"", ""name"": ""Kansas"", ""country"": ""US""}, {""key"": ""3860"", ""name"": ""Kentucky"", ""country"": ""US""}, {""key"": ""3861"", ""name"": ""Louisiana"", ""country"": ""US""}, {""key"": ""3862"", ""name"": ""Maine"", ""country"": ""US""}, {""key"": ""3863"", ""name"": ""Maryland"", ""country"": ""US""}, {""key"": ""3864"", ""name"": ""Massachusetts"", ""country"": ""US""}, {""key"": ""3866"", ""name"": ""Minnesota"", ""country"": ""US""}, {""key"": ""3867"", ""name"": ""Mississippi"", ""country"": ""US""}, {""key"": ""3868"", ""name"": ""Missouri"", ""country"": ""US""}, {""key"": ""3869"", ""name"": ""Montana"", ""country"": ""US""}, {""key"": ""3870"", ""name"": ""Nebraska"", ""country"": ""US""}, {""key"": ""3871"", ""name"": ""Nevada"", ""country"": ""US""}, {""key"": ""3872"", ""name"": ""New Hampshire"", ""country"": ""US""}, {""key"": ""3873"", ""name"": ""New Jersey"", ""country"": ""US""}, {""key"": ""3874"", ""name"": ""New Mexico"", ""country"": ""US""}, {""key"": ""3876"", ""name"": ""North Carolina"", ""country"": ""US""}, {""key"": ""3877"", ""name"": ""North Dakota"", ""country"": ""US""}, {""key"": ""3878"", ""name"": ""Ohio"", ""country"": ""US""}, {""key"": ""3879"", ""name"": ""Oklahoma"", ""country"": ""US""}, {""key"": ""3880"", ""name"": ""Oregon"", ""country"": ""US""}, {""key"": ""3881"", ""name"": ""Pennsylvania"", ""country"": ""US""}, {""key"": ""3882"", ""name"": ""Rhode Island"", ""country"": ""US""}, {""key"": ""3883"", ""name"": ""South Carolina"", ""country"": ""US""}, {""key"": ""3884"", ""name"": ""South Dakota"", ""country"": ""US""}, {""key"": ""3885"", ""name"": ""Tennessee"", ""country"": ""US""}, {""key"": ""3886"", ""name"": ""Texas"", ""country"": ""US""}, {""key"": ""3887"", ""name"": ""Utah"", ""country"": ""US""}, {""key"": ""3888"", ""name"": ""Vermont"", ""country"": ""US""}, {""key"": ""3889"", ""name"": ""Virginia"", ""country"": ""US""}, {""key"": ""3891"", ""name"": ""West Virginia"", ""country"": ""US""}, {""key"": ""3892"", ""name"": ""Wisconsin"", ""country"": ""US""}, {""key"": ""3893"", ""name"": ""Wyoming"", ""country"": ""US""}], ""location_types"": [""frequently_in"", ""home""]}, ""targeting_automation"": {""advantage_audience"": 1}, ""publisher_platforms"": [""facebook"", ""instagram""], ""facebook_positions"": [""feed""], ""instagram_positions"": [""stream""]}",OFFSITE_CONVERSIONS,"{""pixel_id"": ""831179966599677"", ""custom_event_type"": ""LEAD"", ""smart_pse_enabled"": false}","{""attribution_windows"": [""1d_click""], ""conversions"": 0, ""last_sig_edit_ts"": 1789275908, ""status"": ""LEARNING""}",2026-09-12T23:40:55-0400,2026-09-12T23:40:55-0400,"[{""event_type"": ""CLICK_THROUGH"", ""window_days"": 1}]",1.04,23,0,45.22,0.0,,0,0,0,0,,,,"O: observed session IDs, not verified people; C: reconciled completed intakes, including returns; V: form versions changed Sep18",,,,
AD SET,120251081776010660,CT Themes 20260913 | roof__user_video,120251080550110660,ACTIVE,ACTIVE,"{""age_max"": 65, ""age_min"": 18, ""geo_locations"": {""regions"": [{""key"": ""3843"", ""name"": ""Alabama"", ""country"": ""US""}, {""key"": ""3844"", ""name"": ""Alaska"", ""country"": ""US""}, {""key"": ""3845"", ""name"": ""Arizona"", ""country"": ""US""}, {""key"": ""3846"", ""name"": ""Arkansas"", ""country"": ""US""}, {""key"": ""3848"", ""name"": ""Colorado"", ""country"": ""US""}, {""key"": ""3849"", ""name"": ""Connecticut"", ""country"": ""US""}, {""key"": ""3850"", ""name"": ""Delaware"", ""country"": ""US""}, {""key"": ""3853"", ""name"": ""Georgia"", ""country"": ""US""}, {""key"": ""3854"", ""name"": ""Hawaii"", ""country"": ""US""}, {""key"": ""3855"", ""name"": ""Idaho"", ""country"": ""US""}, {""key"": ""3856"", ""name"": ""Illinois"", ""country"": ""US""}, {""key"": ""3857"", ""name"": ""Indiana"", ""country"": ""US""}, {""key"": ""3858"", ""name"": ""Iowa"", ""country"": ""US""}, {""key"": ""3859"", ""name"": ""Kansas"", ""country"": ""US""}, {""key"": ""3860"", ""name"": ""Kentucky"", ""country"": ""US""}, {""key"": ""3861"", ""name"": ""Louisiana"", ""country"": ""US""}, {""key"": ""3862"", ""name"": ""Maine"", ""country"": ""US""}, {""key"": ""3863"", ""name"": ""Maryland"", ""country"": ""US""}, {""key"": ""3864"", ""name"": ""Massachusetts"", ""country"": ""US""}, {""key"": ""3866"", ""name"": ""Minnesota"", ""country"": ""US""}, {""key"": ""3867"", ""name"": ""Mississippi"", ""country"": ""US""}, {""key"": ""3868"", ""name"": ""Missouri"", ""country"": ""US""}, {""key"": ""3869"", ""name"": ""Montana"", ""country"": ""US""}, {""key"": ""3870"", ""name"": ""Nebraska"", ""country"": ""US""}, {""key"": ""3871"", ""name"": ""Nevada"", ""country"": ""US""}, {""key"": ""3872"", ""name"": ""New Hampshire"", ""country"": ""US""}, {""key"": ""3873"", ""name"": ""New Jersey"", ""country"": ""US""}, {""key"": ""3874"", ""name"": ""New Mexico"", ""country"": ""US""}, {""key"": ""3876"", ""name"": ""North Carolina"", ""country"": ""US""}, {""key"": ""3877"", ""name"": ""North Dakota"", ""country"": ""US""}, {""key"": ""3878"", ""name"": ""Ohio"", ""country"": ""US""}, {""key"": ""3879"", ""name"": ""Oklahoma"", ""country"": ""US""}, {""key"": ""3880"", ""name"": ""Oregon"", ""country"": ""US""}, {""key"": ""3881"", ""name"": ""Pennsylvania"", ""country"": ""US""}, {""key"": ""3882"", ""name"": ""Rhode Island"", ""country"": ""US""}, {""key"": ""3883"", ""name"": ""South Carolina"", ""country"": ""US""}, {""key"": ""3884"", ""name"": ""South Dakota"", ""country"": ""US""}, {""key"": ""3885"", ""name"": ""Tennessee"", ""country"": ""US""}, {""key"": ""3886"", ""name"": ""Texas"", ""country"": ""US""}, {""key"": ""3887"", ""name"": ""Utah"", ""country"": ""US""}, {""key"": ""3888"", ""name"": ""Vermont"", ""country"": ""US""}, {""key"": ""3889"", ""name"": ""Virginia"", ""country"": ""US""}, {""key"": ""3891"", ""name"": ""West Virginia"", ""country"": ""US""}, {""key"": ""3892"", ""name"": ""Wisconsin"", ""country"": ""US""}, {""key"": ""3893"", ""name"": ""Wyoming"", ""country"": ""US""}], ""location_types"": [""frequently_in"", ""home""]}, ""targeting_automation"": {""advantage_audience"": 1}, ""publisher_platforms"": [""facebook"", ""instagram""], ""facebook_positions"": [""feed""], ""instagram_positions"": [""stream""]}",OFFSITE_CONVERSIONS,"{""pixel_id"": ""831179966599677"", ""custom_event_type"": ""LEAD"", ""smart_pse_enabled"": false}","{""attribution_windows"": [""1d_click""], ""conversions"": 2, ""last_sig_edit_ts"": 1789517885, ""status"": ""LEARNING""}",2026-09-12T23:40:46-0400,2026-09-12T23:40:46-0400,"[{""event_type"": ""CLICK_THROUGH"", ""window_days"": 1}]",73.76,676,7,109.11,1.036,10.54,0,0,3,7,,,24.59,"O: observed session IDs, not verified people; C: reconciled completed intakes, including returns; V: form versions changed Sep18",,,,
AD SET,120251081775030660,CT Themes 20260913 | remodel__user_video,120251080550020660,ACTIVE,ACTIVE,"{""age_max"": 65, ""age_min"": 18, ""geo_locations"": {""regions"": [{""key"": ""3843"", ""name"": ""Alabama"", ""country"": ""US""}, {""key"": ""3844"", ""name"": ""Alaska"", ""country"": ""US""}, {""key"": ""3845"", ""name"": ""Arizona"", ""country"": ""US""}, {""key"": ""3846"", ""name"": ""Arkansas"", ""country"": ""US""}, {""key"": ""3848"", ""name"": ""Colorado"", ""country"": ""US""}, {""key"": ""3849"", ""name"": ""Connecticut"", ""country"": ""US""}, {""key"": ""3850"", ""name"": ""Delaware"", ""country"": ""US""}, {""key"": ""3853"", ""name"": ""Georgia"", ""country"": ""US""}, {""key"": ""3854"", ""name"": ""Hawaii"", ""country"": ""US""}, {""key"": ""3855"", ""name"": ""Idaho"", ""country"": ""US""}, {""key"": ""3856"", ""name"": ""Illinois"", ""country"": ""US""}, {""key"": ""3857"", ""name"": ""Indiana"", ""country"": ""US""}, {""key"": ""3858"", ""name"": ""Iowa"", ""country"": ""US""}, {""key"": ""3859"", ""name"": ""Kansas"", ""country"": ""US""}, {""key"": ""3860"", ""name"": ""Kentucky"", ""country"": ""US""}, {""key"": ""3861"", ""name"": ""Louisiana"", ""country"": ""US""}, {""key"": ""3862"", ""name"": ""Maine"", ""country"": ""US""}, {""key"": ""3863"", ""name"": ""Maryland"", ""country"": ""US""}, {""key"": ""3864"", ""name"": ""Massachusetts"", ""country"": ""US""}, {""key"": ""3866"", ""name"": ""Minnesota"", ""country"": ""US""}, {""key"": ""3867"", ""name"": ""Mississippi"", ""country"": ""US""}, {""key"": ""3868"", ""name"": ""Missouri"", ""country"": ""US""}, {""key"": ""3869"", ""name"": ""Montana"", ""country"": ""US""}, {""key"": ""3870"", ""name"": ""Nebraska"", ""country"": ""US""}, {""key"": ""3871"", ""name"": ""Nevada"", ""country"": ""US""}, {""key"": ""3872"", ""name"": ""New Hampshire"", ""country"": ""US""}, {""key"": ""3873"", ""name"": ""New Jersey"", ""country"": ""US""}, {""key"": ""3874"", ""name"": ""New Mexico"", ""country"": ""US""}, {""key"": ""3876"", ""name"": ""North Carolina"", ""country"": ""US""}, {""key"": ""3877"", ""name"": ""North Dakota"", ""country"": ""US""}, {""key"": ""3878"", ""name"": ""Ohio"", ""country"": ""US""}, {""key"": ""3879"", ""name"": ""Oklahoma"", ""country"": ""US""}, {""key"": ""3880"", ""name"": ""Oregon"", ""country"": ""US""}, {""key"": ""3881"", ""name"": ""Pennsylvania"", ""country"": ""US""}, {""key"": ""3882"", ""name"": ""Rhode Island"", ""country"": ""US""}, {""key"": ""3883"", ""name"": ""South Carolina"", ""country"": ""US""}, {""key"": ""3884"", ""name"": ""South Dakota"", ""country"": ""US""}, {""key"": ""3885"", ""name"": ""Tennessee"", ""country"": ""US""}, {""key"": ""3886"", ""name"": ""Texas"", ""country"": ""US""}, {""key"": ""3887"", ""name"": ""Utah"", ""country"": ""US""}, {""key"": ""3888"", ""name"": ""Vermont"", ""country"": ""US""}, {""key"": ""3889"", ""name"": ""Virginia"", ""country"": ""US""}, {""key"": ""3891"", ""name"": ""West Virginia"", ""country"": ""US""}, {""key"": ""3892"", ""name"": ""Wisconsin"", ""country"": ""US""}, {""key"": ""3893"", ""name"": ""Wyoming"", ""country"": ""US""}], ""location_types"": [""frequently_in"", ""home""]}, ""targeting_automation"": {""advantage_audience"": 1}, ""publisher_platforms"": [""facebook"", ""instagram""], ""facebook_positions"": [""feed""], ""instagram_positions"": [""stream""]}",OFFSITE_CONVERSIONS,"{""pixel_id"": ""831179966599677"", ""custom_event_type"": ""LEAD"", ""smart_pse_enabled"": false}","{""attribution_windows"": [""1d_click""], ""conversions"": 0, ""last_sig_edit_ts"": 1789555650, ""status"": ""LEARNING""}",2026-09-12T23:40:38-0400,2026-09-12T23:40:38-0400,"[{""event_type"": ""CLICK_THROUGH"", ""window_days"": 1}]",4.51,34,0,132.65,0.0,,0,0,0,0,,,,"O: observed session IDs, not verified people; C: reconciled completed intakes, including returns; V: form versions changed Sep18",,,,
AD SET,120251081772950660,CT Themes 20260913 | pool__user_video,120251080549940660,ACTIVE,ACTIVE,"{""age_max"": 65, ""age_min"": 18, ""geo_locations"": {""regions"": [{""key"": ""3843"", ""name"": ""Alabama"", ""country"": ""US""}, {""key"": ""3844"", ""name"": ""Alaska"", ""country"": ""US""}, {""key"": ""3845"", ""name"": ""Arizona"", ""country"": ""US""}, {""key"": ""3846"", ""name"": ""Arkansas"", ""country"": ""US""}, {""key"": ""3848"", ""name"": ""Colorado"", ""country"": ""US""}, {""key"": ""3849"", ""name"": ""Connecticut"", ""country"": ""US""}, {""key"": ""3850"", ""name"": ""Delaware"", ""country"": ""US""}, {""key"": ""3853"", ""name"": ""Georgia"", ""country"": ""US""}, {""key"": ""3854"", ""name"": ""Hawaii"", ""country"": ""US""}, {""key"": ""3855"", ""name"": ""Idaho"", ""country"": ""US""}, {""key"": ""3856"", ""name"": ""Illinois"", ""country"": ""US""}, {""key"": ""3857"", ""name"": ""Indiana"", ""country"": ""US""}, {""key"": ""3858"", ""name"": ""Iowa"", ""country"": ""US""}, {""key"": ""3859"", ""name"": ""Kansas"", ""country"": ""US""}, {""key"": ""3860"", ""name"": ""Kentucky"", ""country"": ""US""}, {""key"": ""3861"", ""name"": ""Louisiana"", ""country"": ""US""}, {""key"": ""3862"", ""name"": ""Maine"", ""country"": ""US""}, {""key"": ""3863"", ""name"": ""Maryland"", ""country"": ""US""}, {""key"": ""3864"", ""name"": ""Massachusetts"", ""country"": ""US""}, {""key"": ""3866"", ""name"": ""Minnesota"", ""country"": ""US""}, {""key"": ""3867"", ""name"": ""Mississippi"", ""country"": ""US""}, {""key"": ""3868"", ""name"": ""Missouri"", ""country"": ""US""}, {""key"": ""3869"", ""name"": ""Montana"", ""country"": ""US""}, {""key"": ""3870"", ""name"": ""Nebraska"", ""country"": ""US""}, {""key"": ""3871"", ""name"": ""Nevada"", ""country"": ""US""}, {""key"": ""3872"", ""name"": ""New Hampshire"", ""country"": ""US""}, {""key"": ""3873"", ""name"": ""New Jersey"", ""country"": ""US""}, {""key"": ""3874"", ""name"": ""New Mexico"", ""country"": ""US""}, {""key"": ""3876"", ""name"": ""North Carolina"", ""country"": ""US""}, {""key"": ""3877"", ""name"": ""North Dakota"", ""country"": ""US""}, {""key"": ""3878"", ""name"": ""Ohio"", ""country"": ""US""}, {""key"": ""3879"", ""name"": ""Oklahoma"", ""country"": ""US""}, {""key"": ""3880"", ""name"": ""Oregon"", ""country"": ""US""}, {""key"": ""3881"", ""name"": ""Pennsylvania"", ""country"": ""US""}, {""key"": ""3882"", ""name"": ""Rhode Island"", ""country"": ""US""}, {""key"": ""3883"", ""name"": ""South Carolina"", ""country"": ""US""}, {""key"": ""3884"", ""name"": ""South Dakota"", ""country"": ""US""}, {""key"": ""3885"", ""name"": ""Tennessee"", ""country"": ""US""}, {""key"": ""3886"", ""name"": ""Texas"", ""country"": ""US""}, {""key"": ""3887"", ""name"": ""Utah"", ""country"": ""US""}, {""key"": ""3888"", ""name"": ""Vermont"", ""country"": ""US""}, {""key"": ""3889"", ""name"": ""Virginia"", ""country"": ""US""}, {""key"": ""3891"", ""name"": ""West Virginia"", ""country"": ""US""}, {""key"": ""3892"", ""name"": ""Wisconsin"", ""country"": ""US""}, {""key"": ""3893"", ""name"": ""Wyoming"", ""country"": ""US""}], ""location_types"": [""frequently_in"", ""home""]}, ""targeting_automation"": {""advantage_audience"": 1}, ""publisher_platforms"": [""facebook"", ""instagram""], ""facebook_positions"": [""feed""], ""instagram_positions"": [""stream""]}",OFFSITE_CONVERSIONS,"{""pixel_id"": ""831179966599677"", ""custom_event_type"": ""LEAD"", ""smart_pse_enabled"": false}","{""attribution_windows"": [""1d_click""], ""conversions"": 0, ""last_sig_edit_ts"": 1789618488, ""status"": ""LEARNING""}",2026-09-12T23:40:21-0400,2026-09-12T23:40:21-0400,"[{""event_type"": ""CLICK_THROUGH"", ""window_days"": 1}]",76.21,1179,43,64.64,3.647,1.77,0,0,0,43,,,,"O: observed session IDs, not verified people; C: reconciled completed intakes, including returns; V: form versions changed Sep18",,,,
AD SET,120251080705580660,CT Themes 20260913 | pool__gunite,120251080549940660,PAUSED,PAUSED,"{""age_max"": 65, ""age_min"": 18, ""geo_locations"": {""regions"": [{""key"": ""3843"", ""name"": ""Alabama"", ""country"": ""US""}, {""key"": ""3844"", ""name"": ""Alaska"", ""country"": ""US""}, {""key"": ""3845"", ""name"": ""Arizona"", ""country"": ""US""}, {""key"": ""3846"", ""name"": ""Arkansas"", ""country"": ""US""}, {""key"": ""3848"", ""name"": ""Colorado"", ""country"": ""US""}, {""key"": ""3849"", ""name"": ""Connecticut"", ""country"": ""US""}, {""key"": ""3850"", ""name"": ""Delaware"", ""country"": ""US""}, {""key"": ""3853"", ""name"": ""Georgia"", ""country"": ""US""}, {""key"": ""3854"", ""name"": ""Hawaii"", ""country"": ""US""}, {""key"": ""3855"", ""name"": ""Idaho"", ""country"": ""US""}, {""key"": ""3856"", ""name"": ""Illinois"", ""country"": ""US""}, {""key"": ""3857"", ""name"": ""Indiana"", ""country"": ""US""}, {""key"": ""3858"", ""name"": ""Iowa"", ""country"": ""US""}, {""key"": ""3859"", ""name"": ""Kansas"", ""country"": ""US""}, {""key"": ""3860"", ""name"": ""Kentucky"", ""country"": ""US""}, {""key"": ""3861"", ""name"": ""Louisiana"", ""country"": ""US""}, {""key"": ""3862"", ""name"": ""Maine"", ""country"": ""US""}, {""key"": ""3863"", ""name"": ""Maryland"", ""country"": ""US""}, {""key"": ""3864"", ""name"": ""Massachusetts"", ""country"": ""US""}, {""key"": ""3866"", ""name"": ""Minnesota"", ""country"": ""US""}, {""key"": ""3867"", ""name"": ""Mississippi"", ""country"": ""US""}, {""key"": ""3868"", ""name"": ""Missouri"", ""country"": ""US""}, {""key"": ""3869"", ""name"": ""Montana"", ""country"": ""US""}, {""key"": ""3870"", ""name"": ""Nebraska"", ""country"": ""US""}, {""key"": ""3871"", ""name"": ""Nevada"", ""country"": ""US""}, {""key"": ""3872"", ""name"": ""New Hampshire"", ""country"": ""US""}, {""key"": ""3873"", ""name"": ""New Jersey"", ""country"": ""US""}, {""key"": ""3874"", ""name"": ""New Mexico"", ""country"": ""US""}, {""key"": ""3876"", ""name"": ""North Carolina"", ""country"": ""US""}, {""key"": ""3877"", ""name"": ""North Dakota"", ""country"": ""US""}, {""key"": ""3878"", ""name"": ""Ohio"", ""country"": ""US""}, {""key"": ""3879"", ""name"": ""Oklahoma"", ""country"": ""US""}, {""key"": ""3880"", ""name"": ""Oregon"", ""country"": ""US""}, {""key"": ""3881"", ""name"": ""Pennsylvania"", ""country"": ""US""}, {""key"": ""3882"", ""name"": ""Rhode Island"", ""country"": ""US""}, {""key"": ""3883"", ""name"": ""South Carolina"", ""country"": ""US""}, {""key"": ""3884"", ""name"": ""South Dakota"", ""country"": ""US""}, {""key"": ""3885"", ""name"": ""Tennessee"", ""country"": ""US""}, {""key"": ""3886"", ""name"": ""Texas"", ""country"": ""US""}, {""key"": ""3887"", ""name"": ""Utah"", ""country"": ""US""}, {""key"": ""3888"", ""name"": ""Vermont"", ""country"": ""US""}, {""key"": ""3889"", ""name"": ""Virginia"", ""country"": ""US""}, {""key"": ""3891"", ""name"": ""West Virginia"", ""country"": ""US""}, {""key"": ""3892"", ""name"": ""Wisconsin"", ""country"": ""US""}, {""key"": ""3893"", ""name"": ""Wyoming"", ""country"": ""US""}], ""location_types"": [""frequently_in"", ""home""]}, ""targeting_automation"": {""advantage_audience"": 1}, ""publisher_platforms"": [""facebook"", ""instagram""], ""facebook_positions"": [""feed""], ""instagram_positions"": [""stream""]}",OFFSITE_CONVERSIONS,"{""pixel_id"": ""831179966599677"", ""custom_event_type"": ""LEAD"", ""smart_pse_enabled"": false}",,2026-09-12T22:22:26-0400,2026-09-12T22:22:27-0400,"[{""event_type"": ""CLICK_THROUGH"", ""window_days"": 1}]",0,0,0,,,,0,0,0,0,,,,"O: observed session IDs, not verified people; C: reconciled completed intakes, including returns; V: form versions changed Sep18",,,,
AD SET,120251080705270660,CT Themes 20260913 | hvac__quick,120251080550890660,PAUSED,PAUSED,"{""age_max"": 65, ""age_min"": 18, ""geo_locations"": {""regions"": [{""key"": ""3843"", ""name"": ""Alabama"", ""country"": ""US""}, {""key"": ""3844"", ""name"": ""Alaska"", ""country"": ""US""}, {""key"": ""3845"", ""name"": ""Arizona"", ""country"": ""US""}, {""key"": ""3846"", ""name"": ""Arkansas"", ""country"": ""US""}, {""key"": ""3848"", ""name"": ""Colorado"", ""country"": ""US""}, {""key"": ""3849"", ""name"": ""Connecticut"", ""country"": ""US""}, {""key"": ""3850"", ""name"": ""Delaware"", ""country"": ""US""}, {""key"": ""3853"", ""name"": ""Georgia"", ""country"": ""US""}, {""key"": ""3854"", ""name"": ""Hawaii"", ""country"": ""US""}, {""key"": ""3855"", ""name"": ""Idaho"", ""country"": ""US""}, {""key"": ""3856"", ""name"": ""Illinois"", ""country"": ""US""}, {""key"": ""3857"", ""name"": ""Indiana"", ""country"": ""US""}, {""key"": ""3858"", ""name"": ""Iowa"", ""country"": ""US""}, {""key"": ""3859"", ""name"": ""Kansas"", ""country"": ""US""}, {""key"": ""3860"", ""name"": ""Kentucky"", ""country"": ""US""}, {""key"": ""3861"", ""name"": ""Louisiana"", ""country"": ""US""}, {""key"": ""3862"", ""name"": ""Maine"", ""country"": ""US""}, {""key"": ""3863"", ""name"": ""Maryland"", ""country"": ""US""}, {""key"": ""3864"", ""name"": ""Massachusetts"", ""country"": ""US""}, {""key"": ""3866"", ""name"": ""Minnesota"", ""country"": ""US""}, {""key"": ""3867"", ""name"": ""Mississippi"", ""country"": ""US""}, {""key"": ""3868"", ""name"": ""Missouri"", ""country"": ""US""}, {""key"": ""3869"", ""name"": ""Montana"", ""country"": ""US""}, {""key"": ""3870"", ""name"": ""Nebraska"", ""country"": ""US""}, {""key"": ""3871"", ""name"": ""Nevada"", ""country"": ""US""}, {""key"": ""3872"", ""name"": ""New Hampshire"", ""country"": ""US""}, {""key"": ""3873"", ""name"": ""New Jersey"", ""country"": ""US""}, {""key"": ""3874"", ""name"": ""New Mexico"", ""country"": ""US""}, {""key"": ""3876"", ""name"": ""North Carolina"", ""country"": ""US""}, {""key"": ""3877"", ""name"": ""North Dakota"", ""country"": ""US""}, {""key"": ""3878"", ""name"": ""Ohio"", ""country"": ""US""}, {""key"": ""3879"", ""name"": ""Oklahoma"", ""country"": ""US""}, {""key"": ""3880"", ""name"": ""Oregon"", ""country"": ""US""}, {""key"": ""3881"", ""name"": ""Pennsylvania"", ""country"": ""US""}, {""key"": ""3882"", ""name"": ""Rhode Island"", ""country"": ""US""}, {""key"": ""3883"", ""name"": ""South Carolina"", ""country"": ""US""}, {""key"": ""3884"", ""name"": ""South Dakota"", ""country"": ""US""}, {""key"": ""3885"", ""name"": ""Tennessee"", ""country"": ""US""}, {""key"": ""3886"", ""name"": ""Texas"", ""country"": ""US""}, {""key"": ""3887"", ""name"": ""Utah"", ""country"": ""US""}, {""key"": ""3888"", ""name"": ""Vermont"", ""country"": ""US""}, {""key"": ""3889"", ""name"": ""Virginia"", ""country"": ""US""}, {""key"": ""3891"", ""name"": ""West Virginia"", ""country"": ""US""}, {""key"": ""3892"", ""name"": ""Wisconsin"", ""country"": ""US""}, {""key"": ""3893"", ""name"": ""Wyoming"", ""country"": ""US""}], ""location_types"": [""frequently_in"", ""home""]}, ""targeting_automation"": {""advantage_audience"": 1}, ""publisher_platforms"": [""facebook"", ""instagram""], ""facebook_positions"": [""feed""], ""instagram_positions"": [""stream""]}",OFFSITE_CONVERSIONS,"{""pixel_id"": ""831179966599677"", ""custom_event_type"": ""LEAD"", ""smart_pse_enabled"": false}",,2026-09-12T22:22:25-0400,2026-09-12T22:22:25-0400,"[{""event_type"": ""CLICK_THROUGH"", ""window_days"": 1}]",0,0,0,,,,0,0,0,0,,,,"O: observed session IDs, not verified people; C: reconciled completed intakes, including returns; V: form versions changed Sep18",,,,
AD SET,120251080704870660,CT Themes 20260913 | hvac__monthly,120251080550890660,PAUSED,PAUSED,"{""age_max"": 65, ""age_min"": 18, ""geo_locations"": {""regions"": [{""key"": ""3843"", ""name"": ""Alabama"", ""country"": ""US""}, {""key"": ""3844"", ""name"": ""Alaska"", ""country"": ""US""}, {""key"": ""3845"", ""name"": ""Arizona"", ""country"": ""US""}, {""key"": ""3846"", ""name"": ""Arkansas"", ""country"": ""US""}, {""key"": ""3848"", ""name"": ""Colorado"", ""country"": ""US""}, {""key"": ""3849"", ""name"": ""Connecticut"", ""country"": ""US""}, {""key"": ""3850"", ""name"": ""Delaware"", ""country"": ""US""}, {""key"": ""3853"", ""name"": ""Georgia"", ""country"": ""US""}, {""key"": ""3854"", ""name"": ""Hawaii"", ""country"": ""US""}, {""key"": ""3855"", ""name"": ""Idaho"", ""country"": ""US""}, {""key"": ""3856"", ""name"": ""Illinois"", ""country"": ""US""}, {""key"": ""3857"", ""name"": ""Indiana"", ""country"": ""US""}, {""key"": ""3858"", ""name"": ""Iowa"", ""country"": ""US""}, {""key"": ""3859"", ""name"": ""Kansas"", ""country"": ""US""}, {""key"": ""3860"", ""name"": ""Kentucky"", ""country"": ""US""}, {""key"": ""3861"", ""name"": ""Louisiana"", ""country"": ""US""}, {""key"": ""3862"", ""name"": ""Maine"", ""country"": ""US""}, {""key"": ""3863"", ""name"": ""Maryland"", ""country"": ""US""}, {""key"": ""3864"", ""name"": ""Massachusetts"", ""country"": ""US""}, {""key"": ""3866"", ""name"": ""Minnesota"", ""country"": ""US""}, {""key"": ""3867"", ""name"": ""Mississippi"", ""country"": ""US""}, {""key"": ""3868"", ""name"": ""Missouri"", ""country"": ""US""}, {""key"": ""3869"", ""name"": ""Montana"", ""country"": ""US""}, {""key"": ""3870"", ""name"": ""Nebraska"", ""country"": ""US""}, {""key"": ""3871"", ""name"": ""Nevada"", ""country"": ""US""}, {""key"": ""3872"", ""name"": ""New Hampshire"", ""country"": ""US""}, {""key"": ""3873"", ""name"": ""New Jersey"", ""country"": ""US""}, {""key"": ""3874"", ""name"": ""New Mexico"", ""country"": ""US""}, {""key"": ""3876"", ""name"": ""North Carolina"", ""country"": ""US""}, {""key"": ""3877"", ""name"": ""North Dakota"", ""country"": ""US""}, {""key"": ""3878"", ""name"": ""Ohio"", ""country"": ""US""}, {""key"": ""3879"", ""name"": ""Oklahoma"", ""country"": ""US""}, {""key"": ""3880"", ""name"": ""Oregon"", ""country"": ""US""}, {""key"": ""3881"", ""name"": ""Pennsylvania"", ""country"": ""US""}, {""key"": ""3882"", ""name"": ""Rhode Island"", ""country"": ""US""}, {""key"": ""3883"", ""name"": ""South Carolina"", ""country"": ""US""}, {""key"": ""3884"", ""name"": ""South Dakota"", ""country"": ""US""}, {""key"": ""3885"", ""name"": ""Tennessee"", ""country"": ""US""}, {""key"": ""3886"", ""name"": ""Texas"", ""country"": ""US""}, {""key"": ""3887"", ""name"": ""Utah"", ""country"": ""US""}, {""key"": ""3888"", ""name"": ""Vermont"", ""country"": ""US""}, {""key"": ""3889"", ""name"": ""Virginia"", ""country"": ""US""}, {""key"": ""3891"", ""name"": ""West Virginia"", ""country"": ""US""}, {""key"": ""3892"", ""name"": ""Wisconsin"", ""country"": ""US""}, {""key"": ""3893"", ""name"": ""Wyoming"", ""country"": ""US""}], ""location_types"": [""frequently_in"", ""home""]}, ""targeting_automation"": {""advantage_audience"": 1}, ""publisher_platforms"": [""facebook"", ""instagram""], ""facebook_positions"": [""feed""], ""instagram_positions"": [""stream""]}",OFFSITE_CONVERSIONS,"{""pixel_id"": ""831179966599677"", ""custom_event_type"": ""LEAD"", ""smart_pse_enabled"": false}",,2026-09-12T22:22:23-0400,2026-09-12T22:22:23-0400,"[{""event_type"": ""CLICK_THROUGH"", ""window_days"": 1}]",0,0,0,,,,0,0,0,0,,,,"O: observed session IDs, not verified people; C: reconciled completed intakes, including returns; V: form versions changed Sep18",,,,
AD SET,120251080704160660,CT Themes 20260913 | painting__quick,120251080550480660,PAUSED,PAUSED,"{""age_max"": 65, ""age_min"": 18, ""geo_locations"": {""regions"": [{""key"": ""3843"", ""name"": ""Alabama"", ""country"": ""US""}, {""key"": ""3844"", ""name"": ""Alaska"", ""country"": ""US""}, {""key"": ""3845"", ""name"": ""Arizona"", ""country"": ""US""}, {""key"": ""3846"", ""name"": ""Arkansas"", ""country"": ""US""}, {""key"": ""3848"", ""name"": ""Colorado"", ""country"": ""US""}, {""key"": ""3849"", ""name"": ""Connecticut"", ""country"": ""US""}, {""key"": ""3850"", ""name"": ""Delaware"", ""country"": ""US""}, {""key"": ""3853"", ""name"": ""Georgia"", ""country"": ""US""}, {""key"": ""3854"", ""name"": ""Hawaii"", ""country"": ""US""}, {""key"": ""3855"", ""name"": ""Idaho"", ""country"": ""US""}, {""key"": ""3856"", ""name"": ""Illinois"", ""country"": ""US""}, {""key"": ""3857"", ""name"": ""Indiana"", ""country"": ""US""}, {""key"": ""3858"", ""name"": ""Iowa"", ""country"": ""US""}, {""key"": ""3859"", ""name"": ""Kansas"", ""country"": ""US""}, {""key"": ""3860"", ""name"": ""Kentucky"", ""country"": ""US""}, {""key"": ""3861"", ""name"": ""Louisiana"", ""country"": ""US""}, {""key"": ""3862"", ""name"": ""Maine"", ""country"": ""US""}, {""key"": ""3863"", ""name"": ""Maryland"", ""country"": ""US""}, {""key"": ""3864"", ""name"": ""Massachusetts"", ""country"": ""US""}, {""key"": ""3866"", ""name"": ""Minnesota"", ""country"": ""US""}, {""key"": ""3867"", ""name"": ""Mississippi"", ""country"": ""US""}, {""key"": ""3868"", ""name"": ""Missouri"", ""country"": ""US""}, {""key"": ""3869"", ""name"": ""Montana"", ""country"": ""US""}, {""key"": ""3870"", ""name"": ""Nebraska"", ""country"": ""US""}, {""key"": ""3871"", ""name"": ""Nevada"", ""country"": ""US""}, {""key"": ""3872"", ""name"": ""New Hampshire"", ""country"": ""US""}, {""key"": ""3873"", ""name"": ""New Jersey"", ""country"": ""US""}, {""key"": ""3874"", ""name"": ""New Mexico"", ""country"": ""US""}, {""key"": ""3876"", ""name"": ""North Carolina"", ""country"": ""US""}, {""key"": ""3877"", ""name"": ""North Dakota"", ""country"": ""US""}, {""key"": ""3878"", ""name"": ""Ohio"", ""country"": ""US""}, {""key"": ""3879"", ""name"": ""Oklahoma"", ""country"": ""US""}, {""key"": ""3880"", ""name"": ""Oregon"", ""country"": ""US""}, {""key"": ""3881"", ""name"": ""Pennsylvania"", ""country"": ""US""}, {""key"": ""3882"", ""name"": ""Rhode Island"", ""country"": ""US""}, {""key"": ""3883"", ""name"": ""South Carolina"", ""country"": ""US""}, {""key"": ""3884"", ""name"": ""South Dakota"", ""country"": ""US""}, {""key"": ""3885"", ""name"": ""Tennessee"", ""country"": ""US""}, {""key"": ""3886"", ""name"": ""Texas"", ""country"": ""US""}, {""key"": ""3887"", ""name"": ""Utah"", ""country"": ""US""}, {""key"": ""3888"", ""name"": ""Vermont"", ""country"": ""US""}, {""key"": ""3889"", ""name"": ""Virginia"", ""country"": ""US""}, {""key"": ""3891"", ""name"": ""West Virginia"", ""country"": ""US""}, {""key"": ""3892"", ""name"": ""Wisconsin"", ""country"": ""US""}, {""key"": ""3893"", ""name"": ""Wyoming"", ""country"": ""US""}], ""location_types"": [""frequently_in"", ""home""]}, ""targeting_automation"": {""advantage_audience"": 1}, ""publisher_platforms"": [""facebook"", ""instagram""], ""facebook_positions"": [""feed""], ""instagram_positions"": [""stream""]}",OFFSITE_CONVERSIONS,"{""pixel_id"": ""831179966599677"", ""custom_event_type"": ""LEAD"", ""smart_pse_enabled"": false}",,2026-09-12T22:22:21-0400,2026-09-12T22:22:21-0400,"[{""event_type"": ""CLICK_THROUGH"", ""window_days"": 1}]",0,0,0,,,,0,0,0,0,,,,"O: observed session IDs, not verified people; C: reconciled completed intakes, including returns; V: form versions changed Sep18",,,,
AD SET,120251080703730660,CT Themes 20260913 | painting__monthly,120251080550480660,PAUSED,PAUSED,"{""age_max"": 65, ""age_min"": 18, ""geo_locations"": {""regions"": [{""key"": ""3843"", ""name"": ""Alabama"", ""country"": ""US""}, {""key"": ""3844"", ""name"": ""Alaska"", ""country"": ""US""}, {""key"": ""3845"", ""name"": ""Arizona"", ""country"": ""US""}, {""key"": ""3846"", ""name"": ""Arkansas"", ""country"": ""US""}, {""key"": ""3848"", ""name"": ""Colorado"", ""country"": ""US""}, {""key"": ""3849"", ""name"": ""Connecticut"", ""country"": ""US""}, {""key"": ""3850"", ""name"": ""Delaware"", ""country"": ""US""}, {""key"": ""3853"", ""name"": ""Georgia"", ""country"": ""US""}, {""key"": ""3854"", ""name"": ""Hawaii"", ""country"": ""US""}, {""key"": ""3855"", ""name"": ""Idaho"", ""country"": ""US""}, {""key"": ""3856"", ""name"": ""Illinois"", ""country"": ""US""}, {""key"": ""3857"", ""name"": ""Indiana"", ""country"": ""US""}, {""key"": ""3858"", ""name"": ""Iowa"", ""country"": ""US""}, {""key"": ""3859"", ""name"": ""Kansas"", ""country"": ""US""}, {""key"": ""3860"", ""name"": ""Kentucky"", ""country"": ""US""}, {""key"": ""3861"", ""name"": ""Louisiana"", ""country"": ""US""}, {""key"": ""3862"", ""name"": ""Maine"", ""country"": ""US""}, {""key"": ""3863"", ""name"": ""Maryland"", ""country"": ""US""}, {""key"": ""3864"", ""name"": ""Massachusetts"", ""country"": ""US""}, {""key"": ""3866"", ""name"": ""Minnesota"", ""country"": ""US""}, {""key"": ""3867"", ""name"": ""Mississippi"", ""country"": ""US""}, {""key"": ""3868"", ""name"": ""Missouri"", ""country"": ""US""}, {""key"": ""3869"", ""name"": ""Montana"", ""country"": ""US""}, {""key"": ""3870"", ""name"": ""Nebraska"", ""country"": ""US""}, {""key"": ""3871"", ""name"": ""Nevada"", ""country"": ""US""}, {""key"": ""3872"", ""name"": ""New Hampshire"", ""country"": ""US""}, {""key"": ""3873"", ""name"": ""New Jersey"", ""country"": ""US""}, {""key"": ""3874"", ""name"": ""New Mexico"", ""country"": ""US""}, {""key"": ""3876"", ""name"": ""North Carolina"", ""country"": ""US""}, {""key"": ""3877"", ""name"": ""North Dakota"", ""country"": ""US""}, {""key"": ""3878"", ""name"": ""Ohio"", ""country"": ""US""}, {""key"": ""3879"", ""name"": ""Oklahoma"", ""country"": ""US""}, {""key"": ""3880"", ""name"": ""Oregon"", ""country"": ""US""}, {""key"": ""3881"", ""name"": ""Pennsylvania"", ""country"": ""US""}, {""key"": ""3882"", ""name"": ""Rhode Island"", ""country"": ""US""}, {""key"": ""3883"", ""name"": ""South Carolina"", ""country"": ""US""}, {""key"": ""3884"", ""name"": ""South Dakota"", ""country"": ""US""}, {""key"": ""3885"", ""name"": ""Tennessee"", ""country"": ""US""}, {""key"": ""3886"", ""name"": ""Texas"", ""country"": ""US""}, {""key"": ""3887"", ""name"": ""Utah"", ""country"": ""US""}, {""key"": ""3888"", ""name"": ""Vermont"", ""country"": ""US""}, {""key"": ""3889"", ""name"": ""Virginia"", ""country"": ""US""}, {""key"": ""3891"", ""name"": ""West Virginia"", ""country"": ""US""}, {""key"": ""3892"", ""name"": ""Wisconsin"", ""country"": ""US""}, {""key"": ""3893"", ""name"": ""Wyoming"", ""country"": ""US""}], ""location_types"": [""frequently_in"", ""home""]}, ""targeting_automation"": {""advantage_audience"": 1}, ""publisher_platforms"": [""facebook"", ""instagram""], ""facebook_positions"": [""feed""], ""instagram_positions"": [""stream""]}",OFFSITE_CONVERSIONS,"{""pixel_id"": ""831179966599677"", ""custom_event_type"": ""LEAD"", ""smart_pse_enabled"": false}",,2026-09-12T22:22:19-0400,2026-09-12T22:22:19-0400,"[{""event_type"": ""CLICK_THROUGH"", ""window_days"": 1}]",0,0,0,,,,0,0,0,0,,,,"O: observed session IDs, not verified people; C: reconciled completed intakes, including returns; V: form versions changed Sep18",,,,
AD SET,120251080703360660,CT Themes 20260913 | tree__quick,120251080550210660,PAUSED,PAUSED,"{""age_max"": 65, ""age_min"": 18, ""geo_locations"": {""regions"": [{""key"": ""3843"", ""name"": ""Alabama"", ""country"": ""US""}, {""key"": ""3844"", ""name"": ""Alaska"", ""country"": ""US""}, {""key"": ""3845"", ""name"": ""Arizona"", ""country"": ""US""}, {""key"": ""3846"", ""name"": ""Arkansas"", ""country"": ""US""}, {""key"": ""3848"", ""name"": ""Colorado"", ""country"": ""US""}, {""key"": ""3849"", ""name"": ""Connecticut"", ""country"": ""US""}, {""key"": ""3850"", ""name"": ""Delaware"", ""country"": ""US""}, {""key"": ""3853"", ""name"": ""Georgia"", ""country"": ""US""}, {""key"": ""3854"", ""name"": ""Hawaii"", ""country"": ""US""}, {""key"": ""3855"", ""name"": ""Idaho"", ""country"": ""US""}, {""key"": ""3856"", ""name"": ""Illinois"", ""country"": ""US""}, {""key"": ""3857"", ""name"": ""Indiana"", ""country"": ""US""}, {""key"": ""3858"", ""name"": ""Iowa"", ""country"": ""US""}, {""key"": ""3859"", ""name"": ""Kansas"", ""country"": ""US""}, {""key"": ""3860"", ""name"": ""Kentucky"", ""country"": ""US""}, {""key"": ""3861"", ""name"": ""Louisiana"", ""country"": ""US""}, {""key"": ""3862"", ""name"": ""Maine"", ""country"": ""US""}, {""key"": ""3863"", ""name"": ""Maryland"", ""country"": ""US""}, {""key"": ""3864"", ""name"": ""Massachusetts"", ""country"": ""US""}, {""key"": ""3866"", ""name"": ""Minnesota"", ""country"": ""US""}, {""key"": ""3867"", ""name"": ""Mississippi"", ""country"": ""US""}, {""key"": ""3868"", ""name"": ""Missouri"", ""country"": ""US""}, {""key"": ""3869"", ""name"": ""Montana"", ""country"": ""US""}, {""key"": ""3870"", ""name"": ""Nebraska"", ""country"": ""US""}, {""key"": ""3871"", ""name"": ""Nevada"", ""country"": ""US""}, {""key"": ""3872"", ""name"": ""New Hampshire"", ""country"": ""US""}, {""key"": ""3873"", ""name"": ""New Jersey"", ""country"": ""US""}, {""key"": ""3874"", ""name"": ""New Mexico"", ""country"": ""US""}, {""key"": ""3876"", ""name"": ""North Carolina"", ""country"": ""US""}, {""key"": ""3877"", ""name"": ""North Dakota"", ""country"": ""US""}, {""key"": ""3878"", ""name"": ""Ohio"", ""country"": ""US""}, {""key"": ""3879"", ""name"": ""Oklahoma"", ""country"": ""US""}, {""key"": ""3880"", ""name"": ""Oregon"", ""country"": ""US""}, {""key"": ""3881"", ""name"": ""Pennsylvania"", ""country"": ""US""}, {""key"": ""3882"", ""name"": ""Rhode Island"", ""country"": ""US""}, {""key"": ""3883"", ""name"": ""South Carolina"", ""country"": ""US""}, {""key"": ""3884"", ""name"": ""South Dakota"", ""country"": ""US""}, {""key"": ""3885"", ""name"": ""Tennessee"", ""country"": ""US""}, {""key"": ""3886"", ""name"": ""Texas"", ""country"": ""US""}, {""key"": ""3887"", ""name"": ""Utah"", ""country"": ""US""}, {""key"": ""3888"", ""name"": ""Vermont"", ""country"": ""US""}, {""key"": ""3889"", ""name"": ""Virginia"", ""country"": ""US""}, {""key"": ""3891"", ""name"": ""West Virginia"", ""country"": ""US""}, {""key"": ""3892"", ""name"": ""Wisconsin"", ""country"": ""US""}, {""key"": ""3893"", ""name"": ""Wyoming"", ""country"": ""US""}], ""location_types"": [""frequently_in"", ""home""]}, ""targeting_automation"": {""advantage_audience"": 1}, ""publisher_platforms"": [""facebook"", ""instagram""], ""facebook_positions"": [""feed""], ""instagram_positions"": [""stream""]}",OFFSITE_CONVERSIONS,"{""pixel_id"": ""831179966599677"", ""custom_event_type"": ""LEAD"", ""smart_pse_enabled"": false}","{""attribution_windows"": [""1d_click""]}",2026-09-12T22:22:17-0400,2026-09-12T22:22:18-0400,"[{""event_type"": ""CLICK_THROUGH"", ""window_days"": 1}]",0,0,0,,,,0,0,0,0,,,,"O: observed session IDs, not verified people; C: reconciled completed intakes, including returns; V: form versions changed Sep18",,,,
AD SET,120251080703040660,CT Themes 20260913 | tree__monthly,120251080550210660,PAUSED,PAUSED,"{""age_max"": 65, ""age_min"": 18, ""geo_locations"": {""regions"": [{""key"": ""3843"", ""name"": ""Alabama"", ""country"": ""US""}, {""key"": ""3844"", ""name"": ""Alaska"", ""country"": ""US""}, {""key"": ""3845"", ""name"": ""Arizona"", ""country"": ""US""}, {""key"": ""3846"", ""name"": ""Arkansas"", ""country"": ""US""}, {""key"": ""3848"", ""name"": ""Colorado"", ""country"": ""US""}, {""key"": ""3849"", ""name"": ""Connecticut"", ""country"": ""US""}, {""key"": ""3850"", ""name"": ""Delaware"", ""country"": ""US""}, {""key"": ""3853"", ""name"": ""Georgia"", ""country"": ""US""}, {""key"": ""3854"", ""name"": ""Hawaii"", ""country"": ""US""}, {""key"": ""3855"", ""name"": ""Idaho"", ""country"": ""US""}, {""key"": ""3856"", ""name"": ""Illinois"", ""country"": ""US""}, {""key"": ""3857"", ""name"": ""Indiana"", ""country"": ""US""}, {""key"": ""3858"", ""name"": ""Iowa"", ""country"": ""US""}, {""key"": ""3859"", ""name"": ""Kansas"", ""country"": ""US""}, {""key"": ""3860"", ""name"": ""Kentucky"", ""country"": ""US""}, {""key"": ""3861"", ""name"": ""Louisiana"", ""country"": ""US""}, {""key"": ""3862"", ""name"": ""Maine"", ""country"": ""US""}, {""key"": ""3863"", ""name"": ""Maryland"", ""country"": ""US""}, {""key"": ""3864"", ""name"": ""Massachusetts"", ""country"": ""US""}, {""key"": ""3866"", ""name"": ""Minnesota"", ""country"": ""US""}, {""key"": ""3867"", ""name"": ""Mississippi"", ""country"": ""US""}, {""key"": ""3868"", ""name"": ""Missouri"", ""country"": ""US""}, {""key"": ""3869"", ""name"": ""Montana"", ""country"": ""US""}, {""key"": ""3870"", ""name"": ""Nebraska"", ""country"": ""US""}, {""key"": ""3871"", ""name"": ""Nevada"", ""country"": ""US""}, {""key"": ""3872"", ""name"": ""New Hampshire"", ""country"": ""US""}, {""key"": ""3873"", ""name"": ""New Jersey"", ""country"": ""US""}, {""key"": ""3874"", ""name"": ""New Mexico"", ""country"": ""US""}, {""key"": ""3876"", ""name"": ""North Carolina"", ""country"": ""US""}, {""key"": ""3877"", ""name"": ""North Dakota"", ""country"": ""US""}, {""key"": ""3878"", ""name"": ""Ohio"", ""country"": ""US""}, {""key"": ""3879"", ""name"": ""Oklahoma"", ""country"": ""US""}, {""key"": ""3880"", ""name"": ""Oregon"", ""country"": ""US""}, {""key"": ""3881"", ""name"": ""Pennsylvania"", ""country"": ""US""}, {""key"": ""3882"", ""name"": ""Rhode Island"", ""country"": ""US""}, {""key"": ""3883"", ""name"": ""South Carolina"", ""country"": ""US""}, {""key"": ""3884"", ""name"": ""South Dakota"", ""country"": ""US""}, {""key"": ""3885"", ""name"": ""Tennessee"", ""country"": ""US""}, {""key"": ""3886"", ""name"": ""Texas"", ""country"": ""US""}, {""key"": ""3887"", ""name"": ""Utah"", ""country"": ""US""}, {""key"": ""3888"", ""name"": ""Vermont"", ""country"": ""US""}, {""key"": ""3889"", ""name"": ""Virginia"", ""country"": ""US""}, {""key"": ""3891"", ""name"": ""West Virginia"", ""country"": ""US""}, {""key"": ""3892"", ""name"": ""Wisconsin"", ""country"": ""US""}, {""key"": ""3893"", ""name"": ""Wyoming"", ""country"": ""US""}], ""location_types"": [""frequently_in"", ""home""]}, ""targeting_automation"": {""advantage_audience"": 1}, ""publisher_platforms"": [""facebook"", ""instagram""], ""facebook_positions"": [""feed""], ""instagram_positions"": [""stream""]}",OFFSITE_CONVERSIONS,"{""pixel_id"": ""831179966599677"", ""custom_event_type"": ""LEAD"", ""smart_pse_enabled"": false}","{""attribution_windows"": [""1d_click""]}",2026-09-12T22:22:16-0400,2026-09-12T22:22:16-0400,"[{""event_type"": ""CLICK_THROUGH"", ""window_days"": 1}]",0,0,0,,,,0,0,0,0,,,,"O: observed session IDs, not verified people; C: reconciled completed intakes, including returns; V: form versions changed Sep18",,,,
AD SET,120251080702720660,CT Themes 20260913 | roof__quick,120251080550110660,PAUSED,PAUSED,"{""age_max"": 65, ""age_min"": 18, ""geo_locations"": {""regions"": [{""key"": ""3843"", ""name"": ""Alabama"", ""country"": ""US""}, {""key"": ""3844"", ""name"": ""Alaska"", ""country"": ""US""}, {""key"": ""3845"", ""name"": ""Arizona"", ""country"": ""US""}, {""key"": ""3846"", ""name"": ""Arkansas"", ""country"": ""US""}, {""key"": ""3848"", ""name"": ""Colorado"", ""country"": ""US""}, {""key"": ""3849"", ""name"": ""Connecticut"", ""country"": ""US""}, {""key"": ""3850"", ""name"": ""Delaware"", ""country"": ""US""}, {""key"": ""3853"", ""name"": ""Georgia"", ""country"": ""US""}, {""key"": ""3854"", ""name"": ""Hawaii"", ""country"": ""US""}, {""key"": ""3855"", ""name"": ""Idaho"", ""country"": ""US""}, {""key"": ""3856"", ""name"": ""Illinois"", ""country"": ""US""}, {""key"": ""3857"", ""name"": ""Indiana"", ""country"": ""US""}, {""key"": ""3858"", ""name"": ""Iowa"", ""country"": ""US""}, {""key"": ""3859"", ""name"": ""Kansas"", ""country"": ""US""}, {""key"": ""3860"", ""name"": ""Kentucky"", ""country"": ""US""}, {""key"": ""3861"", ""name"": ""Louisiana"", ""country"": ""US""}, {""key"": ""3862"", ""name"": ""Maine"", ""country"": ""US""}, {""key"": ""3863"", ""name"": ""Maryland"", ""country"": ""US""}, {""key"": ""3864"", ""name"": ""Massachusetts"", ""country"": ""US""}, {""key"": ""3866"", ""name"": ""Minnesota"", ""country"": ""US""}, {""key"": ""3867"", ""name"": ""Mississippi"", ""country"": ""US""}, {""key"": ""3868"", ""name"": ""Missouri"", ""country"": ""US""}, {""key"": ""3869"", ""name"": ""Montana"", ""country"": ""US""}, {""key"": ""3870"", ""name"": ""Nebraska"", ""country"": ""US""}, {""key"": ""3871"", ""name"": ""Nevada"", ""country"": ""US""}, {""key"": ""3872"", ""name"": ""New Hampshire"", ""country"": ""US""}, {""key"": ""3873"", ""name"": ""New Jersey"", ""country"": ""US""}, {""key"": ""3874"", ""name"": ""New Mexico"", ""country"": ""US""}, {""key"": ""3876"", ""name"": ""North Carolina"", ""country"": ""US""}, {""key"": ""3877"", ""name"": ""North Dakota"", ""country"": ""US""}, {""key"": ""3878"", ""name"": ""Ohio"", ""country"": ""US""}, {""key"": ""3879"", ""name"": ""Oklahoma"", ""country"": ""US""}, {""key"": ""3880"", ""name"": ""Oregon"", ""country"": ""US""}, {""key"": ""3881"", ""name"": ""Pennsylvania"", ""country"": ""US""}, {""key"": ""3882"", ""name"": ""Rhode Island"", ""country"": ""US""}, {""key"": ""3883"", ""name"": ""South Carolina"", ""country"": ""US""}, {""key"": ""3884"", ""name"": ""South Dakota"", ""country"": ""US""}, {""key"": ""3885"", ""name"": ""Tennessee"", ""country"": ""US""}, {""key"": ""3886"", ""name"": ""Texas"", ""country"": ""US""}, {""key"": ""3887"", ""name"": ""Utah"", ""country"": ""US""}, {""key"": ""3888"", ""name"": ""Vermont"", ""country"": ""US""}, {""key"": ""3889"", ""name"": ""Virginia"", ""country"": ""US""}, {""key"": ""3891"", ""name"": ""West Virginia"", ""country"": ""US""}, {""key"": ""3892"", ""name"": ""Wisconsin"", ""country"": ""US""}, {""key"": ""3893"", ""name"": ""Wyoming"", ""country"": ""US""}], ""location_types"": [""frequently_in"", ""home""]}, ""targeting_automation"": {""advantage_audience"": 1}, ""publisher_platforms"": [""facebook"", ""instagram""], ""facebook_positions"": [""feed""], ""instagram_positions"": [""stream""]}",OFFSITE_CONVERSIONS,"{""pixel_id"": ""831179966599677"", ""custom_event_type"": ""LEAD"", ""smart_pse_enabled"": false}","{""attribution_windows"": [""1d_click""]}",2026-09-12T22:22:14-0400,2026-09-12T22:22:14-0400,"[{""event_type"": ""CLICK_THROUGH"", ""window_days"": 1}]",0,0,0,,,,0,0,0,0,,,,"O: observed session IDs, not verified people; C: reconciled completed intakes, including returns; V: form versions changed Sep18",,,,
AD SET,120251080702400660,CT Themes 20260913 | roof__monthly,120251080550110660,PAUSED,PAUSED,"{""age_max"": 65, ""age_min"": 18, ""geo_locations"": {""regions"": [{""key"": ""3843"", ""name"": ""Alabama"", ""country"": ""US""}, {""key"": ""3844"", ""name"": ""Alaska"", ""country"": ""US""}, {""key"": ""3845"", ""name"": ""Arizona"", ""country"": ""US""}, {""key"": ""3846"", ""name"": ""Arkansas"", ""country"": ""US""}, {""key"": ""3848"", ""name"": ""Colorado"", ""country"": ""US""}, {""key"": ""3849"", ""name"": ""Connecticut"", ""country"": ""US""}, {""key"": ""3850"", ""name"": ""Delaware"", ""country"": ""US""}, {""key"": ""3853"", ""name"": ""Georgia"", ""country"": ""US""}, {""key"": ""3854"", ""name"": ""Hawaii"", ""country"": ""US""}, {""key"": ""3855"", ""name"": ""Idaho"", ""country"": ""US""}, {""key"": ""3856"", ""name"": ""Illinois"", ""country"": ""US""}, {""key"": ""3857"", ""name"": ""Indiana"", ""country"": ""US""}, {""key"": ""3858"", ""name"": ""Iowa"", ""country"": ""US""}, {""key"": ""3859"", ""name"": ""Kansas"", ""country"": ""US""}, {""key"": ""3860"", ""name"": ""Kentucky"", ""country"": ""US""}, {""key"": ""3861"", ""name"": ""Louisiana"", ""country"": ""US""}, {""key"": ""3862"", ""name"": ""Maine"", ""country"": ""US""}, {""key"": ""3863"", ""name"": ""Maryland"", ""country"": ""US""}, {""key"": ""3864"", ""name"": ""Massachusetts"", ""country"": ""US""}, {""key"": ""3866"", ""name"": ""Minnesota"", ""country"": ""US""}, {""key"": ""3867"", ""name"": ""Mississippi"", ""country"": ""US""}, {""key"": ""3868"", ""name"": ""Missouri"", ""country"": ""US""}, {""key"": ""3869"", ""name"": ""Montana"", ""country"": ""US""}, {""key"": ""3870"", ""name"": ""Nebraska"", ""country"": ""US""}, {""key"": ""3871"", ""name"": ""Nevada"", ""country"": ""US""}, {""key"": ""3872"", ""name"": ""New Hampshire"", ""country"": ""US""}, {""key"": ""3873"", ""name"": ""New Jersey"", ""country"": ""US""}, {""key"": ""3874"", ""name"": ""New Mexico"", ""country"": ""US""}, {""key"": ""3876"", ""name"": ""North Carolina"", ""country"": ""US""}, {""key"": ""3877"", ""name"": ""North Dakota"", ""country"": ""US""}, {""key"": ""3878"", ""name"": ""Ohio"", ""country"": ""US""}, {""key"": ""3879"", ""name"": ""Oklahoma"", ""country"": ""US""}, {""key"": ""3880"", ""name"": ""Oregon"", ""country"": ""US""}, {""key"": ""3881"", ""name"": ""Pennsylvania"", ""country"": ""US""}, {""key"": ""3882"", ""name"": ""Rhode Island"", ""country"": ""US""}, {""key"": ""3883"", ""name"": ""South Carolina"", ""country"": ""US""}, {""key"": ""3884"", ""name"": ""South Dakota"", ""country"": ""US""}, {""key"": ""3885"", ""name"": ""Tennessee"", ""country"": ""US""}, {""key"": ""3886"", ""name"": ""Texas"", ""country"": ""US""}, {""key"": ""3887"", ""name"": ""Utah"", ""country"": ""US""}, {""key"": ""3888"", ""name"": ""Vermont"", ""country"": ""US""}, {""key"": ""3889"", ""name"": ""Virginia"", ""country"": ""US""}, {""key"": ""3891"", ""name"": ""West Virginia"", ""country"": ""US""}, {""key"": ""3892"", ""name"": ""Wisconsin"", ""country"": ""US""}, {""key"": ""3893"", ""name"": ""Wyoming"", ""country"": ""US""}], ""location_types"": [""frequently_in"", ""home""]}, ""targeting_automation"": {""advantage_audience"": 1}, ""publisher_platforms"": [""facebook"", ""instagram""], ""facebook_positions"": [""feed""], ""instagram_positions"": [""stream""]}",OFFSITE_CONVERSIONS,"{""pixel_id"": ""831179966599677"", ""custom_event_type"": ""LEAD"", ""smart_pse_enabled"": false}","{""attribution_windows"": [""1d_click""]}",2026-09-12T22:22:13-0400,2026-09-12T22:22:13-0400,"[{""event_type"": ""CLICK_THROUGH"", ""window_days"": 1}]",0,0,0,,,,0,0,0,0,,,,"O: observed session IDs, not verified people; C: reconciled completed intakes, including returns; V: form versions changed Sep18",,,,
AD SET,120251080702080660,CT Themes 20260913 | remodel__quick,120251080550020660,PAUSED,PAUSED,"{""age_max"": 65, ""age_min"": 18, ""geo_locations"": {""regions"": [{""key"": ""3843"", ""name"": ""Alabama"", ""country"": ""US""}, {""key"": ""3844"", ""name"": ""Alaska"", ""country"": ""US""}, {""key"": ""3845"", ""name"": ""Arizona"", ""country"": ""US""}, {""key"": ""3846"", ""name"": ""Arkansas"", ""country"": ""US""}, {""key"": ""3848"", ""name"": ""Colorado"", ""country"": ""US""}, {""key"": ""3849"", ""name"": ""Connecticut"", ""country"": ""US""}, {""key"": ""3850"", ""name"": ""Delaware"", ""country"": ""US""}, {""key"": ""3853"", ""name"": ""Georgia"", ""country"": ""US""}, {""key"": ""3854"", ""name"": ""Hawaii"", ""country"": ""US""}, {""key"": ""3855"", ""name"": ""Idaho"", ""country"": ""US""}, {""key"": ""3856"", ""name"": ""Illinois"", ""country"": ""US""}, {""key"": ""3857"", ""name"": ""Indiana"", ""country"": ""US""}, {""key"": ""3858"", ""name"": ""Iowa"", ""country"": ""US""}, {""key"": ""3859"", ""name"": ""Kansas"", ""country"": ""US""}, {""key"": ""3860"", ""name"": ""Kentucky"", ""country"": ""US""}, {""key"": ""3861"", ""name"": ""Louisiana"", ""country"": ""US""}, {""key"": ""3862"", ""name"": ""Maine"", ""country"": ""US""}, {""key"": ""3863"", ""name"": ""Maryland"", ""country"": ""US""}, {""key"": ""3864"", ""name"": ""Massachusetts"", ""country"": ""US""}, {""key"": ""3866"", ""name"": ""Minnesota"", ""country"": ""US""}, {""key"": ""3867"", ""name"": ""Mississippi"", ""country"": ""US""}, {""key"": ""3868"", ""name"": ""Missouri"", ""country"": ""US""}, {""key"": ""3869"", ""name"": ""Montana"", ""country"": ""US""}, {""key"": ""3870"", ""name"": ""Nebraska"", ""country"": ""US""}, {""key"": ""3871"", ""name"": ""Nevada"", ""country"": ""US""}, {""key"": ""3872"", ""name"": ""New Hampshire"", ""country"": ""US""}, {""key"": ""3873"", ""name"": ""New Jersey"", ""country"": ""US""}, {""key"": ""3874"", ""name"": ""New Mexico"", ""country"": ""US""}, {""key"": ""3876"", ""name"": ""North Carolina"", ""country"": ""US""}, {""key"": ""3877"", ""name"": ""North Dakota"", ""country"": ""US""}, {""key"": ""3878"", ""name"": ""Ohio"", ""country"": ""US""}, {""key"": ""3879"", ""name"": ""Oklahoma"", ""country"": ""US""}, {""key"": ""3880"", ""name"": ""Oregon"", ""country"": ""US""}, {""key"": ""3881"", ""name"": ""Pennsylvania"", ""country"": ""US""}, {""key"": ""3882"", ""name"": ""Rhode Island"", ""country"": ""US""}, {""key"": ""3883"", ""name"": ""South Carolina"", ""country"": ""US""}, {""key"": ""3884"", ""name"": ""South Dakota"", ""country"": ""US""}, {""key"": ""3885"", ""name"": ""Tennessee"", ""country"": ""US""}, {""key"": ""3886"", ""name"": ""Texas"", ""country"": ""US""}, {""key"": ""3887"", ""name"": ""Utah"", ""country"": ""US""}, {""key"": ""3888"", ""name"": ""Vermont"", ""country"": ""US""}, {""key"": ""3889"", ""name"": ""Virginia"", ""country"": ""US""}, {""key"": ""3891"", ""name"": ""West Virginia"", ""country"": ""US""}, {""key"": ""3892"", ""name"": ""Wisconsin"", ""country"": ""US""}, {""key"": ""3893"", ""name"": ""Wyoming"", ""country"": ""US""}], ""location_types"": [""frequently_in"", ""home""]}, ""targeting_automation"": {""advantage_audience"": 1}, ""publisher_platforms"": [""facebook"", ""instagram""], ""facebook_positions"": [""feed""], ""instagram_positions"": [""stream""]}",OFFSITE_CONVERSIONS,"{""pixel_id"": ""831179966599677"", ""custom_event_type"": ""LEAD"", ""smart_pse_enabled"": false}","{""attribution_windows"": [""1d_click""]}",2026-09-12T22:22:11-0400,2026-09-12T22:22:11-0400,"[{""event_type"": ""CLICK_THROUGH"", ""window_days"": 1}]",0,0,0,,,,0,0,0,0,,,,"O: observed session IDs, not verified people; C: reconciled completed intakes, including returns; V: form versions changed Sep18",,,,
AD SET,120251080701700660,CT Themes 20260913 | remodel__monthly,120251080550020660,PAUSED,PAUSED,"{""age_max"": 65, ""age_min"": 18, ""geo_locations"": {""regions"": [{""key"": ""3843"", ""name"": ""Alabama"", ""country"": ""US""}, {""key"": ""3844"", ""name"": ""Alaska"", ""country"": ""US""}, {""key"": ""3845"", ""name"": ""Arizona"", ""country"": ""US""}, {""key"": ""3846"", ""name"": ""Arkansas"", ""country"": ""US""}, {""key"": ""3848"", ""name"": ""Colorado"", ""country"": ""US""}, {""key"": ""3849"", ""name"": ""Connecticut"", ""country"": ""US""}, {""key"": ""3850"", ""name"": ""Delaware"", ""country"": ""US""}, {""key"": ""3853"", ""name"": ""Georgia"", ""country"": ""US""}, {""key"": ""3854"", ""name"": ""Hawaii"", ""country"": ""US""}, {""key"": ""3855"", ""name"": ""Idaho"", ""country"": ""US""}, {""key"": ""3856"", ""name"": ""Illinois"", ""country"": ""US""}, {""key"": ""3857"", ""name"": ""Indiana"", ""country"": ""US""}, {""key"": ""3858"", ""name"": ""Iowa"", ""country"": ""US""}, {""key"": ""3859"", ""name"": ""Kansas"", ""country"": ""US""}, {""key"": ""3860"", ""name"": ""Kentucky"", ""country"": ""US""}, {""key"": ""3861"", ""name"": ""Louisiana"", ""country"": ""US""}, {""key"": ""3862"", ""name"": ""Maine"", ""country"": ""US""}, {""key"": ""3863"", ""name"": ""Maryland"", ""country"": ""US""}, {""key"": ""3864"", ""name"": ""Massachusetts"", ""country"": ""US""}, {""key"": ""3866"", ""name"": ""Minnesota"", ""country"": ""US""}, {""key"": ""3867"", ""name"": ""Mississippi"", ""country"": ""US""}, {""key"": ""3868"", ""name"": ""Missouri"", ""country"": ""US""}, {""key"": ""3869"", ""name"": ""Montana"", ""country"": ""US""}, {""key"": ""3870"", ""name"": ""Nebraska"", ""country"": ""US""}, {""key"": ""3871"", ""name"": ""Nevada"", ""country"": ""US""}, {""key"": ""3872"", ""name"": ""New Hampshire"", ""country"": ""US""}, {""key"": ""3873"", ""name"": ""New Jersey"", ""country"": ""US""}, {""key"": ""3874"", ""name"": ""New Mexico"", ""country"": ""US""}, {""key"": ""3876"", ""name"": ""North Carolina"", ""country"": ""US""}, {""key"": ""3877"", ""name"": ""North Dakota"", ""country"": ""US""}, {""key"": ""3878"", ""name"": ""Ohio"", ""country"": ""US""}, {""key"": ""3879"", ""name"": ""Oklahoma"", ""country"": ""US""}, {""key"": ""3880"", ""name"": ""Oregon"", ""country"": ""US""}, {""key"": ""3881"", ""name"": ""Pennsylvania"", ""country"": ""US""}, {""key"": ""3882"", ""name"": ""Rhode Island"", ""country"": ""US""}, {""key"": ""3883"", ""name"": ""South Carolina"", ""country"": ""US""}, {""key"": ""3884"", ""name"": ""South Dakota"", ""country"": ""US""}, {""key"": ""3885"", ""name"": ""Tennessee"", ""country"": ""US""}, {""key"": ""3886"", ""name"": ""Texas"", ""country"": ""US""}, {""key"": ""3887"", ""name"": ""Utah"", ""country"": ""US""}, {""key"": ""3888"", ""name"": ""Vermont"", ""country"": ""US""}, {""key"": ""3889"", ""name"": ""Virginia"", ""country"": ""US""}, {""key"": ""3891"", ""name"": ""West Virginia"", ""country"": ""US""}, {""key"": ""3892"", ""name"": ""Wisconsin"", ""country"": ""US""}, {""key"": ""3893"", ""name"": ""Wyoming"", ""country"": ""US""}], ""location_types"": [""frequently_in"", ""home""]}, ""targeting_automation"": {""advantage_audience"": 1}, ""publisher_platforms"": [""facebook"", ""instagram""], ""facebook_positions"": [""feed""], ""instagram_positions"": [""stream""]}",OFFSITE_CONVERSIONS,"{""pixel_id"": ""831179966599677"", ""custom_event_type"": ""LEAD"", ""smart_pse_enabled"": false}","{""attribution_windows"": [""1d_click""]}",2026-09-12T22:22:09-0400,2026-09-12T22:22:10-0400,"[{""event_type"": ""CLICK_THROUGH"", ""window_days"": 1}]",0,0,0,,,,0,0,0,0,,,,"O: observed session IDs, not verified people; C: reconciled completed intakes, including returns; V: form versions changed Sep18",,,,
AD SET,120251080701390660,CT Themes 20260913 | pool__quick,120251080549940660,PAUSED,PAUSED,"{""age_max"": 65, ""age_min"": 18, ""geo_locations"": {""regions"": [{""key"": ""3843"", ""name"": ""Alabama"", ""country"": ""US""}, {""key"": ""3844"", ""name"": ""Alaska"", ""country"": ""US""}, {""key"": ""3845"", ""name"": ""Arizona"", ""country"": ""US""}, {""key"": ""3846"", ""name"": ""Arkansas"", ""country"": ""US""}, {""key"": ""3848"", ""name"": ""Colorado"", ""country"": ""US""}, {""key"": ""3849"", ""name"": ""Connecticut"", ""country"": ""US""}, {""key"": ""3850"", ""name"": ""Delaware"", ""country"": ""US""}, {""key"": ""3853"", ""name"": ""Georgia"", ""country"": ""US""}, {""key"": ""3854"", ""name"": ""Hawaii"", ""country"": ""US""}, {""key"": ""3855"", ""name"": ""Idaho"", ""country"": ""US""}, {""key"": ""3856"", ""name"": ""Illinois"", ""country"": ""US""}, {""key"": ""3857"", ""name"": ""Indiana"", ""country"": ""US""}, {""key"": ""3858"", ""name"": ""Iowa"", ""country"": ""US""}, {""key"": ""3859"", ""name"": ""Kansas"", ""country"": ""US""}, {""key"": ""3860"", ""name"": ""Kentucky"", ""country"": ""US""}, {""key"": ""3861"", ""name"": ""Louisiana"", ""country"": ""US""}, {""key"": ""3862"", ""name"": ""Maine"", ""country"": ""US""}, {""key"": ""3863"", ""name"": ""Maryland"", ""country"": ""US""}, {""key"": ""3864"", ""name"": ""Massachusetts"", ""country"": ""US""}, {""key"": ""3866"", ""name"": ""Minnesota"", ""country"": ""US""}, {""key"": ""3867"", ""name"": ""Mississippi"", ""country"": ""US""}, {""key"": ""3868"", ""name"": ""Missouri"", ""country"": ""US""}, {""key"": ""3869"", ""name"": ""Montana"", ""country"": ""US""}, {""key"": ""3870"", ""name"": ""Nebraska"", ""country"": ""US""}, {""key"": ""3871"", ""name"": ""Nevada"", ""country"": ""US""}, {""key"": ""3872"", ""name"": ""New Hampshire"", ""country"": ""US""}, {""key"": ""3873"", ""name"": ""New Jersey"", ""country"": ""US""}, {""key"": ""3874"", ""name"": ""New Mexico"", ""country"": ""US""}, {""key"": ""3876"", ""name"": ""North Carolina"", ""country"": ""US""}, {""key"": ""3877"", ""name"": ""North Dakota"", ""country"": ""US""}, {""key"": ""3878"", ""name"": ""Ohio"", ""country"": ""US""}, {""key"": ""3879"", ""name"": ""Oklahoma"", ""country"": ""US""}, {""key"": ""3880"", ""name"": ""Oregon"", ""country"": ""US""}, {""key"": ""3881"", ""name"": ""Pennsylvania"", ""country"": ""US""}, {""key"": ""3882"", ""name"": ""Rhode Island"", ""country"": ""US""}, {""key"": ""3883"", ""name"": ""South Carolina"", ""country"": ""US""}, {""key"": ""3884"", ""name"": ""South Dakota"", ""country"": ""US""}, {""key"": ""3885"", ""name"": ""Tennessee"", ""country"": ""US""}, {""key"": ""3886"", ""name"": ""Texas"", ""country"": ""US""}, {""key"": ""3887"", ""name"": ""Utah"", ""country"": ""US""}, {""key"": ""3888"", ""name"": ""Vermont"", ""country"": ""US""}, {""key"": ""3889"", ""name"": ""Virginia"", ""country"": ""US""}, {""key"": ""3891"", ""name"": ""West Virginia"", ""country"": ""US""}, {""key"": ""3892"", ""name"": ""Wisconsin"", ""country"": ""US""}, {""key"": ""3893"", ""name"": ""Wyoming"", ""country"": ""US""}], ""location_types"": [""frequently_in"", ""home""]}, ""targeting_automation"": {""advantage_audience"": 1}, ""publisher_platforms"": [""facebook"", ""instagram""], ""facebook_positions"": [""feed""], ""instagram_positions"": [""stream""]}",OFFSITE_CONVERSIONS,"{""pixel_id"": ""831179966599677"", ""custom_event_type"": ""LEAD"", ""smart_pse_enabled"": false}","{""attribution_windows"": [""1d_click""]}",2026-09-12T22:22:07-0400,2026-09-12T22:22:08-0400,"[{""event_type"": ""CLICK_THROUGH"", ""window_days"": 1}]",0,0,0,,,,0,0,0,0,,,,"O: observed session IDs, not verified people; C: reconciled completed intakes, including returns; V: form versions changed Sep18",,,,
AD SET,120251080701120660,CT Themes 20260913 | pool__monthly,120251080549940660,PAUSED,PAUSED,"{""age_max"": 65, ""age_min"": 18, ""geo_locations"": {""regions"": [{""key"": ""3843"", ""name"": ""Alabama"", ""country"": ""US""}, {""key"": ""3844"", ""name"": ""Alaska"", ""country"": ""US""}, {""key"": ""3845"", ""name"": ""Arizona"", ""country"": ""US""}, {""key"": ""3846"", ""name"": ""Arkansas"", ""country"": ""US""}, {""key"": ""3848"", ""name"": ""Colorado"", ""country"": ""US""}, {""key"": ""3849"", ""name"": ""Connecticut"", ""country"": ""US""}, {""key"": ""3850"", ""name"": ""Delaware"", ""country"": ""US""}, {""key"": ""3853"", ""name"": ""Georgia"", ""country"": ""US""}, {""key"": ""3854"", ""name"": ""Hawaii"", ""country"": ""US""}, {""key"": ""3855"", ""name"": ""Idaho"", ""country"": ""US""}, {""key"": ""3856"", ""name"": ""Illinois"", ""country"": ""US""}, {""key"": ""3857"", ""name"": ""Indiana"", ""country"": ""US""}, {""key"": ""3858"", ""name"": ""Iowa"", ""country"": ""US""}, {""key"": ""3859"", ""name"": ""Kansas"", ""country"": ""US""}, {""key"": ""3860"", ""name"": ""Kentucky"", ""country"": ""US""}, {""key"": ""3861"", ""name"": ""Louisiana"", ""country"": ""US""}, {""key"": ""3862"", ""name"": ""Maine"", ""country"": ""US""}, {""key"": ""3863"", ""name"": ""Maryland"", ""country"": ""US""}, {""key"": ""3864"", ""name"": ""Massachusetts"", ""country"": ""US""}, {""key"": ""3866"", ""name"": ""Minnesota"", ""country"": ""US""}, {""key"": ""3867"", ""name"": ""Mississippi"", ""country"": ""US""}, {""key"": ""3868"", ""name"": ""Missouri"", ""country"": ""US""}, {""key"": ""3869"", ""name"": ""Montana"", ""country"": ""US""}, {""key"": ""3870"", ""name"": ""Nebraska"", ""country"": ""US""}, {""key"": ""3871"", ""name"": ""Nevada"", ""country"": ""US""}, {""key"": ""3872"", ""name"": ""New Hampshire"", ""country"": ""US""}, {""key"": ""3873"", ""name"": ""New Jersey"", ""country"": ""US""}, {""key"": ""3874"", ""name"": ""New Mexico"", ""country"": ""US""}, {""key"": ""3876"", ""name"": ""North Carolina"", ""country"": ""US""}, {""key"": ""3877"", ""name"": ""North Dakota"", ""country"": ""US""}, {""key"": ""3878"", ""name"": ""Ohio"", ""country"": ""US""}, {""key"": ""3879"", ""name"": ""Oklahoma"", ""country"": ""US""}, {""key"": ""3880"", ""name"": ""Oregon"", ""country"": ""US""}, {""key"": ""3881"", ""name"": ""Pennsylvania"", ""country"": ""US""}, {""key"": ""3882"", ""name"": ""Rhode Island"", ""country"": ""US""}, {""key"": ""3883"", ""name"": ""South Carolina"", ""country"": ""US""}, {""key"": ""3884"", ""name"": ""South Dakota"", ""country"": ""US""}, {""key"": ""3885"", ""name"": ""Tennessee"", ""country"": ""US""}, {""key"": ""3886"", ""name"": ""Texas"", ""country"": ""US""}, {""key"": ""3887"", ""name"": ""Utah"", ""country"": ""US""}, {""key"": ""3888"", ""name"": ""Vermont"", ""country"": ""US""}, {""key"": ""3889"", ""name"": ""Virginia"", ""country"": ""US""}, {""key"": ""3891"", ""name"": ""West Virginia"", ""country"": ""US""}, {""key"": ""3892"", ""name"": ""Wisconsin"", ""country"": ""US""}, {""key"": ""3893"", ""name"": ""Wyoming"", ""country"": ""US""}], ""location_types"": [""frequently_in"", ""home""]}, ""targeting_automation"": {""advantage_audience"": 1}, ""publisher_platforms"": [""facebook"", ""instagram""], ""facebook_positions"": [""feed""], ""instagram_positions"": [""stream""]}",OFFSITE_CONVERSIONS,"{""pixel_id"": ""831179966599677"", ""custom_event_type"": ""LEAD"", ""smart_pse_enabled"": false}","{""attribution_windows"": [""1d_click""]}",2026-09-12T22:22:05-0400,2026-09-12T22:22:05-0400,"[{""event_type"": ""CLICK_THROUGH"", ""window_days"": 1}]",0,0,0,,,,0,0,0,0,,,,"O: observed session IDs, not verified people; C: reconciled completed intakes, including returns; V: form versions changed Sep18",,,,
AD SET,120251080568130660,CT Themes 20260913 | hvac__crew,120251080550890660,PAUSED,PAUSED,"{""age_max"": 65, ""age_min"": 18, ""geo_locations"": {""regions"": [{""key"": ""3843"", ""name"": ""Alabama"", ""country"": ""US""}, {""key"": ""3844"", ""name"": ""Alaska"", ""country"": ""US""}, {""key"": ""3845"", ""name"": ""Arizona"", ""country"": ""US""}, {""key"": ""3846"", ""name"": ""Arkansas"", ""country"": ""US""}, {""key"": ""3848"", ""name"": ""Colorado"", ""country"": ""US""}, {""key"": ""3849"", ""name"": ""Connecticut"", ""country"": ""US""}, {""key"": ""3850"", ""name"": ""Delaware"", ""country"": ""US""}, {""key"": ""3853"", ""name"": ""Georgia"", ""country"": ""US""}, {""key"": ""3854"", ""name"": ""Hawaii"", ""country"": ""US""}, {""key"": ""3855"", ""name"": ""Idaho"", ""country"": ""US""}, {""key"": ""3856"", ""name"": ""Illinois"", ""country"": ""US""}, {""key"": ""3857"", ""name"": ""Indiana"", ""country"": ""US""}, {""key"": ""3858"", ""name"": ""Iowa"", ""country"": ""US""}, {""key"": ""3859"", ""name"": ""Kansas"", ""country"": ""US""}, {""key"": ""3860"", ""name"": ""Kentucky"", ""country"": ""US""}, {""key"": ""3861"", ""name"": ""Louisiana"", ""country"": ""US""}, {""key"": ""3862"", ""name"": ""Maine"", ""country"": ""US""}, {""key"": ""3863"", ""name"": ""Maryland"", ""country"": ""US""}, {""key"": ""3864"", ""name"": ""Massachusetts"", ""country"": ""US""}, {""key"": ""3866"", ""name"": ""Minnesota"", ""country"": ""US""}, {""key"": ""3867"", ""name"": ""Mississippi"", ""country"": ""US""}, {""key"": ""3868"", ""name"": ""Missouri"", ""country"": ""US""}, {""key"": ""3869"", ""name"": ""Montana"", ""country"": ""US""}, {""key"": ""3870"", ""name"": ""Nebraska"", ""country"": ""US""}, {""key"": ""3871"", ""name"": ""Nevada"", ""country"": ""US""}, {""key"": ""3872"", ""name"": ""New Hampshire"", ""country"": ""US""}, {""key"": ""3873"", ""name"": ""New Jersey"", ""country"": ""US""}, {""key"": ""3874"", ""name"": ""New Mexico"", ""country"": ""US""}, {""key"": ""3876"", ""name"": ""North Carolina"", ""country"": ""US""}, {""key"": ""3877"", ""name"": ""North Dakota"", ""country"": ""US""}, {""key"": ""3878"", ""name"": ""Ohio"", ""country"": ""US""}, {""key"": ""3879"", ""name"": ""Oklahoma"", ""country"": ""US""}, {""key"": ""3880"", ""name"": ""Oregon"", ""country"": ""US""}, {""key"": ""3881"", ""name"": ""Pennsylvania"", ""country"": ""US""}, {""key"": ""3882"", ""name"": ""Rhode Island"", ""country"": ""US""}, {""key"": ""3883"", ""name"": ""South Carolina"", ""country"": ""US""}, {""key"": ""3884"", ""name"": ""South Dakota"", ""country"": ""US""}, {""key"": ""3885"", ""name"": ""Tennessee"", ""country"": ""US""}, {""key"": ""3886"", ""name"": ""Texas"", ""country"": ""US""}, {""key"": ""3887"", ""name"": ""Utah"", ""country"": ""US""}, {""key"": ""3888"", ""name"": ""Vermont"", ""country"": ""US""}, {""key"": ""3889"", ""name"": ""Virginia"", ""country"": ""US""}, {""key"": ""3891"", ""name"": ""West Virginia"", ""country"": ""US""}, {""key"": ""3892"", ""name"": ""Wisconsin"", ""country"": ""US""}, {""key"": ""3893"", ""name"": ""Wyoming"", ""country"": ""US""}], ""location_types"": [""frequently_in"", ""home""]}, ""targeting_automation"": {""advantage_audience"": 1}, ""publisher_platforms"": [""facebook"", ""instagram""], ""facebook_positions"": [""feed""], ""instagram_positions"": [""stream""]}",OFFSITE_CONVERSIONS,"{""pixel_id"": ""831179966599677"", ""custom_event_type"": ""LEAD"", ""smart_pse_enabled"": false}",,2026-09-12T22:10:03-0400,2026-09-12T22:10:03-0400,"[{""event_type"": ""CLICK_THROUGH"", ""window_days"": 1}]",0,0,0,,,,0,0,0,0,,,,"O: observed session IDs, not verified people; C: reconciled completed intakes, including returns; V: form versions changed Sep18",,,,
AD SET,120251080567740660,CT Themes 20260913 | hvac__renewal,120251080550890660,PAUSED,PAUSED,"{""age_max"": 65, ""age_min"": 18, ""geo_locations"": {""regions"": [{""key"": ""3843"", ""name"": ""Alabama"", ""country"": ""US""}, {""key"": ""3844"", ""name"": ""Alaska"", ""country"": ""US""}, {""key"": ""3845"", ""name"": ""Arizona"", ""country"": ""US""}, {""key"": ""3846"", ""name"": ""Arkansas"", ""country"": ""US""}, {""key"": ""3848"", ""name"": ""Colorado"", ""country"": ""US""}, {""key"": ""3849"", ""name"": ""Connecticut"", ""country"": ""US""}, {""key"": ""3850"", ""name"": ""Delaware"", ""country"": ""US""}, {""key"": ""3853"", ""name"": ""Georgia"", ""country"": ""US""}, {""key"": ""3854"", ""name"": ""Hawaii"", ""country"": ""US""}, {""key"": ""3855"", ""name"": ""Idaho"", ""country"": ""US""}, {""key"": ""3856"", ""name"": ""Illinois"", ""country"": ""US""}, {""key"": ""3857"", ""name"": ""Indiana"", ""country"": ""US""}, {""key"": ""3858"", ""name"": ""Iowa"", ""country"": ""US""}, {""key"": ""3859"", ""name"": ""Kansas"", ""country"": ""US""}, {""key"": ""3860"", ""name"": ""Kentucky"", ""country"": ""US""}, {""key"": ""3861"", ""name"": ""Louisiana"", ""country"": ""US""}, {""key"": ""3862"", ""name"": ""Maine"", ""country"": ""US""}, {""key"": ""3863"", ""name"": ""Maryland"", ""country"": ""US""}, {""key"": ""3864"", ""name"": ""Massachusetts"", ""country"": ""US""}, {""key"": ""3866"", ""name"": ""Minnesota"", ""country"": ""US""}, {""key"": ""3867"", ""name"": ""Mississippi"", ""country"": ""US""}, {""key"": ""3868"", ""name"": ""Missouri"", ""country"": ""US""}, {""key"": ""3869"", ""name"": ""Montana"", ""country"": ""US""}, {""key"": ""3870"", ""name"": ""Nebraska"", ""country"": ""US""}, {""key"": ""3871"", ""name"": ""Nevada"", ""country"": ""US""}, {""key"": ""3872"", ""name"": ""New Hampshire"", ""country"": ""US""}, {""key"": ""3873"", ""name"": ""New Jersey"", ""country"": ""US""}, {""key"": ""3874"", ""name"": ""New Mexico"", ""country"": ""US""}, {""key"": ""3876"", ""name"": ""North Carolina"", ""country"": ""US""}, {""key"": ""3877"", ""name"": ""North Dakota"", ""country"": ""US""}, {""key"": ""3878"", ""name"": ""Ohio"", ""country"": ""US""}, {""key"": ""3879"", ""name"": ""Oklahoma"", ""country"": ""US""}, {""key"": ""3880"", ""name"": ""Oregon"", ""country"": ""US""}, {""key"": ""3881"", ""name"": ""Pennsylvania"", ""country"": ""US""}, {""key"": ""3882"", ""name"": ""Rhode Island"", ""country"": ""US""}, {""key"": ""3883"", ""name"": ""South Carolina"", ""country"": ""US""}, {""key"": ""3884"", ""name"": ""South Dakota"", ""country"": ""US""}, {""key"": ""3885"", ""name"": ""Tennessee"", ""country"": ""US""}, {""key"": ""3886"", ""name"": ""Texas"", ""country"": ""US""}, {""key"": ""3887"", ""name"": ""Utah"", ""country"": ""US""}, {""key"": ""3888"", ""name"": ""Vermont"", ""country"": ""US""}, {""key"": ""3889"", ""name"": ""Virginia"", ""country"": ""US""}, {""key"": ""3891"", ""name"": ""West Virginia"", ""country"": ""US""}, {""key"": ""3892"", ""name"": ""Wisconsin"", ""country"": ""US""}, {""key"": ""3893"", ""name"": ""Wyoming"", ""country"": ""US""}], ""location_types"": [""frequently_in"", ""home""]}, ""targeting_automation"": {""advantage_audience"": 1}, ""publisher_platforms"": [""facebook"", ""instagram""], ""facebook_positions"": [""feed""], ""instagram_positions"": [""stream""]}",OFFSITE_CONVERSIONS,"{""pixel_id"": ""831179966599677"", ""custom_event_type"": ""LEAD"", ""smart_pse_enabled"": false}",,2026-09-12T22:10:01-0400,2026-09-12T22:10:01-0400,"[{""event_type"": ""CLICK_THROUGH"", ""window_days"": 1}]",0,0,0,,,,0,0,0,0,,,,"O: observed session IDs, not verified people; C: reconciled completed intakes, including returns; V: form versions changed Sep18",,,,
AD SET,120251080567420660,CT Themes 20260913 | hvac__price,120251080550890660,PAUSED,PAUSED,"{""age_max"": 65, ""age_min"": 18, ""geo_locations"": {""regions"": [{""key"": ""3843"", ""name"": ""Alabama"", ""country"": ""US""}, {""key"": ""3844"", ""name"": ""Alaska"", ""country"": ""US""}, {""key"": ""3845"", ""name"": ""Arizona"", ""country"": ""US""}, {""key"": ""3846"", ""name"": ""Arkansas"", ""country"": ""US""}, {""key"": ""3848"", ""name"": ""Colorado"", ""country"": ""US""}, {""key"": ""3849"", ""name"": ""Connecticut"", ""country"": ""US""}, {""key"": ""3850"", ""name"": ""Delaware"", ""country"": ""US""}, {""key"": ""3853"", ""name"": ""Georgia"", ""country"": ""US""}, {""key"": ""3854"", ""name"": ""Hawaii"", ""country"": ""US""}, {""key"": ""3855"", ""name"": ""Idaho"", ""country"": ""US""}, {""key"": ""3856"", ""name"": ""Illinois"", ""country"": ""US""}, {""key"": ""3857"", ""name"": ""Indiana"", ""country"": ""US""}, {""key"": ""3858"", ""name"": ""Iowa"", ""country"": ""US""}, {""key"": ""3859"", ""name"": ""Kansas"", ""country"": ""US""}, {""key"": ""3860"", ""name"": ""Kentucky"", ""country"": ""US""}, {""key"": ""3861"", ""name"": ""Louisiana"", ""country"": ""US""}, {""key"": ""3862"", ""name"": ""Maine"", ""country"": ""US""}, {""key"": ""3863"", ""name"": ""Maryland"", ""country"": ""US""}, {""key"": ""3864"", ""name"": ""Massachusetts"", ""country"": ""US""}, {""key"": ""3866"", ""name"": ""Minnesota"", ""country"": ""US""}, {""key"": ""3867"", ""name"": ""Mississippi"", ""country"": ""US""}, {""key"": ""3868"", ""name"": ""Missouri"", ""country"": ""US""}, {""key"": ""3869"", ""name"": ""Montana"", ""country"": ""US""}, {""key"": ""3870"", ""name"": ""Nebraska"", ""country"": ""US""}, {""key"": ""3871"", ""name"": ""Nevada"", ""country"": ""US""}, {""key"": ""3872"", ""name"": ""New Hampshire"", ""country"": ""US""}, {""key"": ""3873"", ""name"": ""New Jersey"", ""country"": ""US""}, {""key"": ""3874"", ""name"": ""New Mexico"", ""country"": ""US""}, {""key"": ""3876"", ""name"": ""North Carolina"", ""country"": ""US""}, {""key"": ""3877"", ""name"": ""North Dakota"", ""country"": ""US""}, {""key"": ""3878"", ""name"": ""Ohio"", ""country"": ""US""}, {""key"": ""3879"", ""name"": ""Oklahoma"", ""country"": ""US""}, {""key"": ""3880"", ""name"": ""Oregon"", ""country"": ""US""}, {""key"": ""3881"", ""name"": ""Pennsylvania"", ""country"": ""US""}, {""key"": ""3882"", ""name"": ""Rhode Island"", ""country"": ""US""}, {""key"": ""3883"", ""name"": ""South Carolina"", ""country"": ""US""}, {""key"": ""3884"", ""name"": ""South Dakota"", ""country"": ""US""}, {""key"": ""3885"", ""name"": ""Tennessee"", ""country"": ""US""}, {""key"": ""3886"", ""name"": ""Texas"", ""country"": ""US""}, {""key"": ""3887"", ""name"": ""Utah"", ""country"": ""US""}, {""key"": ""3888"", ""name"": ""Vermont"", ""country"": ""US""}, {""key"": ""3889"", ""name"": ""Virginia"", ""country"": ""US""}, {""key"": ""3891"", ""name"": ""West Virginia"", ""country"": ""US""}, {""key"": ""3892"", ""name"": ""Wisconsin"", ""country"": ""US""}, {""key"": ""3893"", ""name"": ""Wyoming"", ""country"": ""US""}], ""location_types"": [""frequently_in"", ""home""]}, ""targeting_automation"": {""advantage_audience"": 1}, ""publisher_platforms"": [""facebook"", ""instagram""], ""facebook_positions"": [""feed""], ""instagram_positions"": [""stream""]}",OFFSITE_CONVERSIONS,"{""pixel_id"": ""831179966599677"", ""custom_event_type"": ""LEAD"", ""smart_pse_enabled"": false}",,2026-09-12T22:09:58-0400,2026-09-12T22:09:59-0400,"[{""event_type"": ""CLICK_THROUGH"", ""window_days"": 1}]",0,0,0,,,,0,0,0,0,,,,"O: observed session IDs, not verified people; C: reconciled completed intakes, including returns; V: form versions changed Sep18",,,,
AD SET,120251080567090660,CT Themes 20260913 | painting__crew,120251080550480660,PAUSED,PAUSED,"{""age_max"": 65, ""age_min"": 18, ""geo_locations"": {""regions"": [{""key"": ""3843"", ""name"": ""Alabama"", ""country"": ""US""}, {""key"": ""3844"", ""name"": ""Alaska"", ""country"": ""US""}, {""key"": ""3845"", ""name"": ""Arizona"", ""country"": ""US""}, {""key"": ""3846"", ""name"": ""Arkansas"", ""country"": ""US""}, {""key"": ""3848"", ""name"": ""Colorado"", ""country"": ""US""}, {""key"": ""3849"", ""name"": ""Connecticut"", ""country"": ""US""}, {""key"": ""3850"", ""name"": ""Delaware"", ""country"": ""US""}, {""key"": ""3853"", ""name"": ""Georgia"", ""country"": ""US""}, {""key"": ""3854"", ""name"": ""Hawaii"", ""country"": ""US""}, {""key"": ""3855"", ""name"": ""Idaho"", ""country"": ""US""}, {""key"": ""3856"", ""name"": ""Illinois"", ""country"": ""US""}, {""key"": ""3857"", ""name"": ""Indiana"", ""country"": ""US""}, {""key"": ""3858"", ""name"": ""Iowa"", ""country"": ""US""}, {""key"": ""3859"", ""name"": ""Kansas"", ""country"": ""US""}, {""key"": ""3860"", ""name"": ""Kentucky"", ""country"": ""US""}, {""key"": ""3861"", ""name"": ""Louisiana"", ""country"": ""US""}, {""key"": ""3862"", ""name"": ""Maine"", ""country"": ""US""}, {""key"": ""3863"", ""name"": ""Maryland"", ""country"": ""US""}, {""key"": ""3864"", ""name"": ""Massachusetts"", ""country"": ""US""}, {""key"": ""3866"", ""name"": ""Minnesota"", ""country"": ""US""}, {""key"": ""3867"", ""name"": ""Mississippi"", ""country"": ""US""}, {""key"": ""3868"", ""name"": ""Missouri"", ""country"": ""US""}, {""key"": ""3869"", ""name"": ""Montana"", ""country"": ""US""}, {""key"": ""3870"", ""name"": ""Nebraska"", ""country"": ""US""}, {""key"": ""3871"", ""name"": ""Nevada"", ""country"": ""US""}, {""key"": ""3872"", ""name"": ""New Hampshire"", ""country"": ""US""}, {""key"": ""3873"", ""name"": ""New Jersey"", ""country"": ""US""}, {""key"": ""3874"", ""name"": ""New Mexico"", ""country"": ""US""}, {""key"": ""3876"", ""name"": ""North Carolina"", ""country"": ""US""}, {""key"": ""3877"", ""name"": ""North Dakota"", ""country"": ""US""}, {""key"": ""3878"", ""name"": ""Ohio"", ""country"": ""US""}, {""key"": ""3879"", ""name"": ""Oklahoma"", ""country"": ""US""}, {""key"": ""3880"", ""name"": ""Oregon"", ""country"": ""US""}, {""key"": ""3881"", ""name"": ""Pennsylvania"", ""country"": ""US""}, {""key"": ""3882"", ""name"": ""Rhode Island"", ""country"": ""US""}, {""key"": ""3883"", ""name"": ""South Carolina"", ""country"": ""US""}, {""key"": ""3884"", ""name"": ""South Dakota"", ""country"": ""US""}, {""key"": ""3885"", ""name"": ""Tennessee"", ""country"": ""US""}, {""key"": ""3886"", ""name"": ""Texas"", ""country"": ""US""}, {""key"": ""3887"", ""name"": ""Utah"", ""country"": ""US""}, {""key"": ""3888"", ""name"": ""Vermont"", ""country"": ""US""}, {""key"": ""3889"", ""name"": ""Virginia"", ""country"": ""US""}, {""key"": ""3891"", ""name"": ""West Virginia"", ""country"": ""US""}, {""key"": ""3892"", ""name"": ""Wisconsin"", ""country"": ""US""}, {""key"": ""3893"", ""name"": ""Wyoming"", ""country"": ""US""}], ""location_types"": [""frequently_in"", ""home""]}, ""targeting_automation"": {""advantage_audience"": 1}, ""publisher_platforms"": [""facebook"", ""instagram""], ""facebook_positions"": [""feed""], ""instagram_positions"": [""stream""]}",OFFSITE_CONVERSIONS,"{""pixel_id"": ""831179966599677"", ""custom_event_type"": ""LEAD"", ""smart_pse_enabled"": false}",,2026-09-12T22:09:57-0400,2026-09-12T22:09:57-0400,"[{""event_type"": ""CLICK_THROUGH"", ""window_days"": 1}]",0,0,0,,,,0,0,0,0,,,,"O: observed session IDs, not verified people; C: reconciled completed intakes, including returns; V: form versions changed Sep18",,,,
AD SET,120251080566750660,CT Themes 20260913 | painting__work,120251080550480660,PAUSED,PAUSED,"{""age_max"": 65, ""age_min"": 18, ""geo_locations"": {""regions"": [{""key"": ""3843"", ""name"": ""Alabama"", ""country"": ""US""}, {""key"": ""3844"", ""name"": ""Alaska"", ""country"": ""US""}, {""key"": ""3845"", ""name"": ""Arizona"", ""country"": ""US""}, {""key"": ""3846"", ""name"": ""Arkansas"", ""country"": ""US""}, {""key"": ""3848"", ""name"": ""Colorado"", ""country"": ""US""}, {""key"": ""3849"", ""name"": ""Connecticut"", ""country"": ""US""}, {""key"": ""3850"", ""name"": ""Delaware"", ""country"": ""US""}, {""key"": ""3853"", ""name"": ""Georgia"", ""country"": ""US""}, {""key"": ""3854"", ""name"": ""Hawaii"", ""country"": ""US""}, {""key"": ""3855"", ""name"": ""Idaho"", ""country"": ""US""}, {""key"": ""3856"", ""name"": ""Illinois"", ""country"": ""US""}, {""key"": ""3857"", ""name"": ""Indiana"", ""country"": ""US""}, {""key"": ""3858"", ""name"": ""Iowa"", ""country"": ""US""}, {""key"": ""3859"", ""name"": ""Kansas"", ""country"": ""US""}, {""key"": ""3860"", ""name"": ""Kentucky"", ""country"": ""US""}, {""key"": ""3861"", ""name"": ""Louisiana"", ""country"": ""US""}, {""key"": ""3862"", ""name"": ""Maine"", ""country"": ""US""}, {""key"": ""3863"", ""name"": ""Maryland"", ""country"": ""US""}, {""key"": ""3864"", ""name"": ""Massachusetts"", ""country"": ""US""}, {""key"": ""3866"", ""name"": ""Minnesota"", ""country"": ""US""}, {""key"": ""3867"", ""name"": ""Mississippi"", ""country"": ""US""}, {""key"": ""3868"", ""name"": ""Missouri"", ""country"": ""US""}, {""key"": ""3869"", ""name"": ""Montana"", ""country"": ""US""}, {""key"": ""3870"", ""name"": ""Nebraska"", ""country"": ""US""}, {""key"": ""3871"", ""name"": ""Nevada"", ""country"": ""US""}, {""key"": ""3872"", ""name"": ""New Hampshire"", ""country"": ""US""}, {""key"": ""3873"", ""name"": ""New Jersey"", ""country"": ""US""}, {""key"": ""3874"", ""name"": ""New Mexico"", ""country"": ""US""}, {""key"": ""3876"", ""name"": ""North Carolina"", ""country"": ""US""}, {""key"": ""3877"", ""name"": ""North Dakota"", ""country"": ""US""}, {""key"": ""3878"", ""name"": ""Ohio"", ""country"": ""US""}, {""key"": ""3879"", ""name"": ""Oklahoma"", ""country"": ""US""}, {""key"": ""3880"", ""name"": ""Oregon"", ""country"": ""US""}, {""key"": ""3881"", ""name"": ""Pennsylvania"", ""country"": ""US""}, {""key"": ""3882"", ""name"": ""Rhode Island"", ""country"": ""US""}, {""key"": ""3883"", ""name"": ""South Carolina"", ""country"": ""US""}, {""key"": ""3884"", ""name"": ""South Dakota"", ""country"": ""US""}, {""key"": ""3885"", ""name"": ""Tennessee"", ""country"": ""US""}, {""key"": ""3886"", ""name"": ""Texas"", ""country"": ""US""}, {""key"": ""3887"", ""name"": ""Utah"", ""country"": ""US""}, {""key"": ""3888"", ""name"": ""Vermont"", ""country"": ""US""}, {""key"": ""3889"", ""name"": ""Virginia"", ""country"": ""US""}, {""key"": ""3891"", ""name"": ""West Virginia"", ""country"": ""US""}, {""key"": ""3892"", ""name"": ""Wisconsin"", ""country"": ""US""}, {""key"": ""3893"", ""name"": ""Wyoming"", ""country"": ""US""}], ""location_types"": [""frequently_in"", ""home""]}, ""targeting_automation"": {""advantage_audience"": 1}, ""publisher_platforms"": [""facebook"", ""instagram""], ""facebook_positions"": [""feed""], ""instagram_positions"": [""stream""]}",OFFSITE_CONVERSIONS,"{""pixel_id"": ""831179966599677"", ""custom_event_type"": ""LEAD"", ""smart_pse_enabled"": false}",,2026-09-12T22:09:56-0400,2026-09-12T22:09:56-0400,"[{""event_type"": ""CLICK_THROUGH"", ""window_days"": 1}]",0,0,0,,,,0,0,0,0,,,,"O: observed session IDs, not verified people; C: reconciled completed intakes, including returns; V: form versions changed Sep18",,,,
AD SET,120251080566140660,CT Themes 20260913 | painting__renewal,120251080550480660,PAUSED,PAUSED,"{""age_max"": 65, ""age_min"": 18, ""geo_locations"": {""regions"": [{""key"": ""3843"", ""name"": ""Alabama"", ""country"": ""US""}, {""key"": ""3844"", ""name"": ""Alaska"", ""country"": ""US""}, {""key"": ""3845"", ""name"": ""Arizona"", ""country"": ""US""}, {""key"": ""3846"", ""name"": ""Arkansas"", ""country"": ""US""}, {""key"": ""3848"", ""name"": ""Colorado"", ""country"": ""US""}, {""key"": ""3849"", ""name"": ""Connecticut"", ""country"": ""US""}, {""key"": ""3850"", ""name"": ""Delaware"", ""country"": ""US""}, {""key"": ""3853"", ""name"": ""Georgia"", ""country"": ""US""}, {""key"": ""3854"", ""name"": ""Hawaii"", ""country"": ""US""}, {""key"": ""3855"", ""name"": ""Idaho"", ""country"": ""US""}, {""key"": ""3856"", ""name"": ""Illinois"", ""country"": ""US""}, {""key"": ""3857"", ""name"": ""Indiana"", ""country"": ""US""}, {""key"": ""3858"", ""name"": ""Iowa"", ""country"": ""US""}, {""key"": ""3859"", ""name"": ""Kansas"", ""country"": ""US""}, {""key"": ""3860"", ""name"": ""Kentucky"", ""country"": ""US""}, {""key"": ""3861"", ""name"": ""Louisiana"", ""country"": ""US""}, {""key"": ""3862"", ""name"": ""Maine"", ""country"": ""US""}, {""key"": ""3863"", ""name"": ""Maryland"", ""country"": ""US""}, {""key"": ""3864"", ""name"": ""Massachusetts"", ""country"": ""US""}, {""key"": ""3866"", ""name"": ""Minnesota"", ""country"": ""US""}, {""key"": ""3867"", ""name"": ""Mississippi"", ""country"": ""US""}, {""key"": ""3868"", ""name"": ""Missouri"", ""country"": ""US""}, {""key"": ""3869"", ""name"": ""Montana"", ""country"": ""US""}, {""key"": ""3870"", ""name"": ""Nebraska"", ""country"": ""US""}, {""key"": ""3871"", ""name"": ""Nevada"", ""country"": ""US""}, {""key"": ""3872"", ""name"": ""New Hampshire"", ""country"": ""US""}, {""key"": ""3873"", ""name"": ""New Jersey"", ""country"": ""US""}, {""key"": ""3874"", ""name"": ""New Mexico"", ""country"": ""US""}, {""key"": ""3876"", ""name"": ""North Carolina"", ""country"": ""US""}, {""key"": ""3877"", ""name"": ""North Dakota"", ""country"": ""US""}, {""key"": ""3878"", ""name"": ""Ohio"", ""country"": ""US""}, {""key"": ""3879"", ""name"": ""Oklahoma"", ""country"": ""US""}, {""key"": ""3880"", ""name"": ""Oregon"", ""country"": ""US""}, {""key"": ""3881"", ""name"": ""Pennsylvania"", ""country"": ""US""}, {""key"": ""3882"", ""name"": ""Rhode Island"", ""country"": ""US""}, {""key"": ""3883"", ""name"": ""South Carolina"", ""country"": ""US""}, {""key"": ""3884"", ""name"": ""South Dakota"", ""country"": ""US""}, {""key"": ""3885"", ""name"": ""Tennessee"", ""country"": ""US""}, {""key"": ""3886"", ""name"": ""Texas"", ""country"": ""US""}, {""key"": ""3887"", ""name"": ""Utah"", ""country"": ""US""}, {""key"": ""3888"", ""name"": ""Vermont"", ""country"": ""US""}, {""key"": ""3889"", ""name"": ""Virginia"", ""country"": ""US""}, {""key"": ""3891"", ""name"": ""West Virginia"", ""country"": ""US""}, {""key"": ""3892"", ""name"": ""Wisconsin"", ""country"": ""US""}, {""key"": ""3893"", ""name"": ""Wyoming"", ""country"": ""US""}], ""location_types"": [""frequently_in"", ""home""]}, ""targeting_automation"": {""advantage_audience"": 1}, ""publisher_platforms"": [""facebook"", ""instagram""], ""facebook_positions"": [""feed""], ""instagram_positions"": [""stream""]}",OFFSITE_CONVERSIONS,"{""pixel_id"": ""831179966599677"", ""custom_event_type"": ""LEAD"", ""smart_pse_enabled"": false}",,2026-09-12T22:09:54-0400,2026-09-12T22:09:54-0400,"[{""event_type"": ""CLICK_THROUGH"", ""window_days"": 1}]",0,0,0,,,,0,0,0,0,,,,"O: observed session IDs, not verified people; C: reconciled completed intakes, including returns; V: form versions changed Sep18",,,,
AD SET,120251080565820660,CT Themes 20260913 | tree__crew,120251080550210660,PAUSED,PAUSED,"{""age_max"": 65, ""age_min"": 18, ""geo_locations"": {""regions"": [{""key"": ""3843"", ""name"": ""Alabama"", ""country"": ""US""}, {""key"": ""3844"", ""name"": ""Alaska"", ""country"": ""US""}, {""key"": ""3845"", ""name"": ""Arizona"", ""country"": ""US""}, {""key"": ""3846"", ""name"": ""Arkansas"", ""country"": ""US""}, {""key"": ""3848"", ""name"": ""Colorado"", ""country"": ""US""}, {""key"": ""3849"", ""name"": ""Connecticut"", ""country"": ""US""}, {""key"": ""3850"", ""name"": ""Delaware"", ""country"": ""US""}, {""key"": ""3853"", ""name"": ""Georgia"", ""country"": ""US""}, {""key"": ""3854"", ""name"": ""Hawaii"", ""country"": ""US""}, {""key"": ""3855"", ""name"": ""Idaho"", ""country"": ""US""}, {""key"": ""3856"", ""name"": ""Illinois"", ""country"": ""US""}, {""key"": ""3857"", ""name"": ""Indiana"", ""country"": ""US""}, {""key"": ""3858"", ""name"": ""Iowa"", ""country"": ""US""}, {""key"": ""3859"", ""name"": ""Kansas"", ""country"": ""US""}, {""key"": ""3860"", ""name"": ""Kentucky"", ""country"": ""US""}, {""key"": ""3861"", ""name"": ""Louisiana"", ""country"": ""US""}, {""key"": ""3862"", ""name"": ""Maine"", ""country"": ""US""}, {""key"": ""3863"", ""name"": ""Maryland"", ""country"": ""US""}, {""key"": ""3864"", ""name"": ""Massachusetts"", ""country"": ""US""}, {""key"": ""3866"", ""name"": ""Minnesota"", ""country"": ""US""}, {""key"": ""3867"", ""name"": ""Mississippi"", ""country"": ""US""}, {""key"": ""3868"", ""name"": ""Missouri"", ""country"": ""US""}, {""key"": ""3869"", ""name"": ""Montana"", ""country"": ""US""}, {""key"": ""3870"", ""name"": ""Nebraska"", ""country"": ""US""}, {""key"": ""3871"", ""name"": ""Nevada"", ""country"": ""US""}, {""key"": ""3872"", ""name"": ""New Hampshire"", ""country"": ""US""}, {""key"": ""3873"", ""name"": ""New Jersey"", ""country"": ""US""}, {""key"": ""3874"", ""name"": ""New Mexico"", ""country"": ""US""}, {""key"": ""3876"", ""name"": ""North Carolina"", ""country"": ""US""}, {""key"": ""3877"", ""name"": ""North Dakota"", ""country"": ""US""}, {""key"": ""3878"", ""name"": ""Ohio"", ""country"": ""US""}, {""key"": ""3879"", ""name"": ""Oklahoma"", ""country"": ""US""}, {""key"": ""3880"", ""name"": ""Oregon"", ""country"": ""US""}, {""key"": ""3881"", ""name"": ""Pennsylvania"", ""country"": ""US""}, {""key"": ""3882"", ""name"": ""Rhode Island"", ""country"": ""US""}, {""key"": ""3883"", ""name"": ""South Carolina"", ""country"": ""US""}, {""key"": ""3884"", ""name"": ""South Dakota"", ""country"": ""US""}, {""key"": ""3885"", ""name"": ""Tennessee"", ""country"": ""US""}, {""key"": ""3886"", ""name"": ""Texas"", ""country"": ""US""}, {""key"": ""3887"", ""name"": ""Utah"", ""country"": ""US""}, {""key"": ""3888"", ""name"": ""Vermont"", ""country"": ""US""}, {""key"": ""3889"", ""name"": ""Virginia"", ""country"": ""US""}, {""key"": ""3891"", ""name"": ""West Virginia"", ""country"": ""US""}, {""key"": ""3892"", ""name"": ""Wisconsin"", ""country"": ""US""}, {""key"": ""3893"", ""name"": ""Wyoming"", ""country"": ""US""}], ""location_types"": [""frequently_in"", ""home""]}, ""targeting_automation"": {""advantage_audience"": 1}, ""publisher_platforms"": [""facebook"", ""instagram""], ""facebook_positions"": [""feed""], ""instagram_positions"": [""stream""]}",OFFSITE_CONVERSIONS,"{""pixel_id"": ""831179966599677"", ""custom_event_type"": ""LEAD"", ""smart_pse_enabled"": false}",,2026-09-12T22:09:53-0400,2026-09-12T22:09:53-0400,"[{""event_type"": ""CLICK_THROUGH"", ""window_days"": 1}]",0,0,0,,,,0,0,0,0,,,,"O: observed session IDs, not verified people; C: reconciled completed intakes, including returns; V: form versions changed Sep18",,,,
AD SET,120251080565200660,CT Themes 20260913 | tree__renewal,120251080550210660,PAUSED,PAUSED,"{""age_max"": 65, ""age_min"": 18, ""geo_locations"": {""regions"": [{""key"": ""3843"", ""name"": ""Alabama"", ""country"": ""US""}, {""key"": ""3844"", ""name"": ""Alaska"", ""country"": ""US""}, {""key"": ""3845"", ""name"": ""Arizona"", ""country"": ""US""}, {""key"": ""3846"", ""name"": ""Arkansas"", ""country"": ""US""}, {""key"": ""3848"", ""name"": ""Colorado"", ""country"": ""US""}, {""key"": ""3849"", ""name"": ""Connecticut"", ""country"": ""US""}, {""key"": ""3850"", ""name"": ""Delaware"", ""country"": ""US""}, {""key"": ""3853"", ""name"": ""Georgia"", ""country"": ""US""}, {""key"": ""3854"", ""name"": ""Hawaii"", ""country"": ""US""}, {""key"": ""3855"", ""name"": ""Idaho"", ""country"": ""US""}, {""key"": ""3856"", ""name"": ""Illinois"", ""country"": ""US""}, {""key"": ""3857"", ""name"": ""Indiana"", ""country"": ""US""}, {""key"": ""3858"", ""name"": ""Iowa"", ""country"": ""US""}, {""key"": ""3859"", ""name"": ""Kansas"", ""country"": ""US""}, {""key"": ""3860"", ""name"": ""Kentucky"", ""country"": ""US""}, {""key"": ""3861"", ""name"": ""Louisiana"", ""country"": ""US""}, {""key"": ""3862"", ""name"": ""Maine"", ""country"": ""US""}, {""key"": ""3863"", ""name"": ""Maryland"", ""country"": ""US""}, {""key"": ""3864"", ""name"": ""Massachusetts"", ""country"": ""US""}, {""key"": ""3866"", ""name"": ""Minnesota"", ""country"": ""US""}, {""key"": ""3867"", ""name"": ""Mississippi"", ""country"": ""US""}, {""key"": ""3868"", ""name"": ""Missouri"", ""country"": ""US""}, {""key"": ""3869"", ""name"": ""Montana"", ""country"": ""US""}, {""key"": ""3870"", ""name"": ""Nebraska"", ""country"": ""US""}, {""key"": ""3871"", ""name"": ""Nevada"", ""country"": ""US""}, {""key"": ""3872"", ""name"": ""New Hampshire"", ""country"": ""US""}, {""key"": ""3873"", ""name"": ""New Jersey"", ""country"": ""US""}, {""key"": ""3874"", ""name"": ""New Mexico"", ""country"": ""US""}, {""key"": ""3876"", ""name"": ""North Carolina"", ""country"": ""US""}, {""key"": ""3877"", ""name"": ""North Dakota"", ""country"": ""US""}, {""key"": ""3878"", ""name"": ""Ohio"", ""country"": ""US""}, {""key"": ""3879"", ""name"": ""Oklahoma"", ""country"": ""US""}, {""key"": ""3880"", ""name"": ""Oregon"", ""country"": ""US""}, {""key"": ""3881"", ""name"": ""Pennsylvania"", ""country"": ""US""}, {""key"": ""3882"", ""name"": ""Rhode Island"", ""country"": ""US""}, {""key"": ""3883"", ""name"": ""South Carolina"", ""country"": ""US""}, {""key"": ""3884"", ""name"": ""South Dakota"", ""country"": ""US""}, {""key"": ""3885"", ""name"": ""Tennessee"", ""country"": ""US""}, {""key"": ""3886"", ""name"": ""Texas"", ""country"": ""US""}, {""key"": ""3887"", ""name"": ""Utah"", ""country"": ""US""}, {""key"": ""3888"", ""name"": ""Vermont"", ""country"": ""US""}, {""key"": ""3889"", ""name"": ""Virginia"", ""country"": ""US""}, {""key"": ""3891"", ""name"": ""West Virginia"", ""country"": ""US""}, {""key"": ""3892"", ""name"": ""Wisconsin"", ""country"": ""US""}, {""key"": ""3893"", ""name"": ""Wyoming"", ""country"": ""US""}], ""location_types"": [""frequently_in"", ""home""]}, ""targeting_automation"": {""advantage_audience"": 1}, ""publisher_platforms"": [""facebook"", ""instagram""], ""facebook_positions"": [""feed""], ""instagram_positions"": [""stream""]}",OFFSITE_CONVERSIONS,"{""pixel_id"": ""831179966599677"", ""custom_event_type"": ""LEAD"", ""smart_pse_enabled"": false}",,2026-09-12T22:09:51-0400,2026-09-12T22:09:51-0400,"[{""event_type"": ""CLICK_THROUGH"", ""window_days"": 1}]",0,0,0,,,,0,0,0,0,,,,"O: observed session IDs, not verified people; C: reconciled completed intakes, including returns; V: form versions changed Sep18",,,,
AD SET,120251080564610660,CT Themes 20260913 | roof__crew,120251080550110660,PAUSED,PAUSED,"{""age_max"": 65, ""age_min"": 18, ""geo_locations"": {""regions"": [{""key"": ""3843"", ""name"": ""Alabama"", ""country"": ""US""}, {""key"": ""3844"", ""name"": ""Alaska"", ""country"": ""US""}, {""key"": ""3845"", ""name"": ""Arizona"", ""country"": ""US""}, {""key"": ""3846"", ""name"": ""Arkansas"", ""country"": ""US""}, {""key"": ""3848"", ""name"": ""Colorado"", ""country"": ""US""}, {""key"": ""3849"", ""name"": ""Connecticut"", ""country"": ""US""}, {""key"": ""3850"", ""name"": ""Delaware"", ""country"": ""US""}, {""key"": ""3853"", ""name"": ""Georgia"", ""country"": ""US""}, {""key"": ""3854"", ""name"": ""Hawaii"", ""country"": ""US""}, {""key"": ""3855"", ""name"": ""Idaho"", ""country"": ""US""}, {""key"": ""3856"", ""name"": ""Illinois"", ""country"": ""US""}, {""key"": ""3857"", ""name"": ""Indiana"", ""country"": ""US""}, {""key"": ""3858"", ""name"": ""Iowa"", ""country"": ""US""}, {""key"": ""3859"", ""name"": ""Kansas"", ""country"": ""US""}, {""key"": ""3860"", ""name"": ""Kentucky"", ""country"": ""US""}, {""key"": ""3861"", ""name"": ""Louisiana"", ""country"": ""US""}, {""key"": ""3862"", ""name"": ""Maine"", ""country"": ""US""}, {""key"": ""3863"", ""name"": ""Maryland"", ""country"": ""US""}, {""key"": ""3864"", ""name"": ""Massachusetts"", ""country"": ""US""}, {""key"": ""3866"", ""name"": ""Minnesota"", ""country"": ""US""}, {""key"": ""3867"", ""name"": ""Mississippi"", ""country"": ""US""}, {""key"": ""3868"", ""name"": ""Missouri"", ""country"": ""US""}, {""key"": ""3869"", ""name"": ""Montana"", ""country"": ""US""}, {""key"": ""3870"", ""name"": ""Nebraska"", ""country"": ""US""}, {""key"": ""3871"", ""name"": ""Nevada"", ""country"": ""US""}, {""key"": ""3872"", ""name"": ""New Hampshire"", ""country"": ""US""}, {""key"": ""3873"", ""name"": ""New Jersey"", ""country"": ""US""}, {""key"": ""3874"", ""name"": ""New Mexico"", ""country"": ""US""}, {""key"": ""3876"", ""name"": ""North Carolina"", ""country"": ""US""}, {""key"": ""3877"", ""name"": ""North Dakota"", ""country"": ""US""}, {""key"": ""3878"", ""name"": ""Ohio"", ""country"": ""US""}, {""key"": ""3879"", ""name"": ""Oklahoma"", ""country"": ""US""}, {""key"": ""3880"", ""name"": ""Oregon"", ""country"": ""US""}, {""key"": ""3881"", ""name"": ""Pennsylvania"", ""country"": ""US""}, {""key"": ""3882"", ""name"": ""Rhode Island"", ""country"": ""US""}, {""key"": ""3883"", ""name"": ""South Carolina"", ""country"": ""US""}, {""key"": ""3884"", ""name"": ""South Dakota"", ""country"": ""US""}, {""key"": ""3885"", ""name"": ""Tennessee"", ""country"": ""US""}, {""key"": ""3886"", ""name"": ""Texas"", ""country"": ""US""}, {""key"": ""3887"", ""name"": ""Utah"", ""country"": ""US""}, {""key"": ""3888"", ""name"": ""Vermont"", ""country"": ""US""}, {""key"": ""3889"", ""name"": ""Virginia"", ""country"": ""US""}, {""key"": ""3891"", ""name"": ""West Virginia"", ""country"": ""US""}, {""key"": ""3892"", ""name"": ""Wisconsin"", ""country"": ""US""}, {""key"": ""3893"", ""name"": ""Wyoming"", ""country"": ""US""}], ""location_types"": [""frequently_in"", ""home""]}, ""targeting_automation"": {""advantage_audience"": 1}, ""publisher_platforms"": [""facebook"", ""instagram""], ""facebook_positions"": [""feed""], ""instagram_positions"": [""stream""]}",OFFSITE_CONVERSIONS,"{""pixel_id"": ""831179966599677"", ""custom_event_type"": ""LEAD"", ""smart_pse_enabled"": false}",,2026-09-12T22:09:50-0400,2026-09-12T22:09:50-0400,"[{""event_type"": ""CLICK_THROUGH"", ""window_days"": 1}]",0,0,0,,,,0,0,0,0,,,,"O: observed session IDs, not verified people; C: reconciled completed intakes, including returns; V: form versions changed Sep18",,,,
AD SET,120251080564160660,CT Themes 20260913 | roof__work,120251080550110660,PAUSED,PAUSED,"{""age_max"": 65, ""age_min"": 18, ""geo_locations"": {""regions"": [{""key"": ""3843"", ""name"": ""Alabama"", ""country"": ""US""}, {""key"": ""3844"", ""name"": ""Alaska"", ""country"": ""US""}, {""key"": ""3845"", ""name"": ""Arizona"", ""country"": ""US""}, {""key"": ""3846"", ""name"": ""Arkansas"", ""country"": ""US""}, {""key"": ""3848"", ""name"": ""Colorado"", ""country"": ""US""}, {""key"": ""3849"", ""name"": ""Connecticut"", ""country"": ""US""}, {""key"": ""3850"", ""name"": ""Delaware"", ""country"": ""US""}, {""key"": ""3853"", ""name"": ""Georgia"", ""country"": ""US""}, {""key"": ""3854"", ""name"": ""Hawaii"", ""country"": ""US""}, {""key"": ""3855"", ""name"": ""Idaho"", ""country"": ""US""}, {""key"": ""3856"", ""name"": ""Illinois"", ""country"": ""US""}, {""key"": ""3857"", ""name"": ""Indiana"", ""country"": ""US""}, {""key"": ""3858"", ""name"": ""Iowa"", ""country"": ""US""}, {""key"": ""3859"", ""name"": ""Kansas"", ""country"": ""US""}, {""key"": ""3860"", ""name"": ""Kentucky"", ""country"": ""US""}, {""key"": ""3861"", ""name"": ""Louisiana"", ""country"": ""US""}, {""key"": ""3862"", ""name"": ""Maine"", ""country"": ""US""}, {""key"": ""3863"", ""name"": ""Maryland"", ""country"": ""US""}, {""key"": ""3864"", ""name"": ""Massachusetts"", ""country"": ""US""}, {""key"": ""3866"", ""name"": ""Minnesota"", ""country"": ""US""}, {""key"": ""3867"", ""name"": ""Mississippi"", ""country"": ""US""}, {""key"": ""3868"", ""name"": ""Missouri"", ""country"": ""US""}, {""key"": ""3869"", ""name"": ""Montana"", ""country"": ""US""}, {""key"": ""3870"", ""name"": ""Nebraska"", ""country"": ""US""}, {""key"": ""3871"", ""name"": ""Nevada"", ""country"": ""US""}, {""key"": ""3872"", ""name"": ""New Hampshire"", ""country"": ""US""}, {""key"": ""3873"", ""name"": ""New Jersey"", ""country"": ""US""}, {""key"": ""3874"", ""name"": ""New Mexico"", ""country"": ""US""}, {""key"": ""3876"", ""name"": ""North Carolina"", ""country"": ""US""}, {""key"": ""3877"", ""name"": ""North Dakota"", ""country"": ""US""}, {""key"": ""3878"", ""name"": ""Ohio"", ""country"": ""US""}, {""key"": ""3879"", ""name"": ""Oklahoma"", ""country"": ""US""}, {""key"": ""3880"", ""name"": ""Oregon"", ""country"": ""US""}, {""key"": ""3881"", ""name"": ""Pennsylvania"", ""country"": ""US""}, {""key"": ""3882"", ""name"": ""Rhode Island"", ""country"": ""US""}, {""key"": ""3883"", ""name"": ""South Carolina"", ""country"": ""US""}, {""key"": ""3884"", ""name"": ""South Dakota"", ""country"": ""US""}, {""key"": ""3885"", ""name"": ""Tennessee"", ""country"": ""US""}, {""key"": ""3886"", ""name"": ""Texas"", ""country"": ""US""}, {""key"": ""3887"", ""name"": ""Utah"", ""country"": ""US""}, {""key"": ""3888"", ""name"": ""Vermont"", ""country"": ""US""}, {""key"": ""3889"", ""name"": ""Virginia"", ""country"": ""US""}, {""key"": ""3891"", ""name"": ""West Virginia"", ""country"": ""US""}, {""key"": ""3892"", ""name"": ""Wisconsin"", ""country"": ""US""}, {""key"": ""3893"", ""name"": ""Wyoming"", ""country"": ""US""}], ""location_types"": [""frequently_in"", ""home""]}, ""targeting_automation"": {""advantage_audience"": 1}, ""publisher_platforms"": [""facebook"", ""instagram""], ""facebook_positions"": [""feed""], ""instagram_positions"": [""stream""]}",OFFSITE_CONVERSIONS,"{""pixel_id"": ""831179966599677"", ""custom_event_type"": ""LEAD"", ""smart_pse_enabled"": false}",,2026-09-12T22:09:48-0400,2026-09-12T22:09:49-0400,"[{""event_type"": ""CLICK_THROUGH"", ""window_days"": 1}]",0,0,0,,,,0,0,0,0,,,,"O: observed session IDs, not verified people; C: reconciled completed intakes, including returns; V: form versions changed Sep18",,,,
AD SET,120251080563510660,CT Themes 20260913 | roof__renewal,120251080550110660,PAUSED,PAUSED,"{""age_max"": 65, ""age_min"": 18, ""geo_locations"": {""regions"": [{""key"": ""3843"", ""name"": ""Alabama"", ""country"": ""US""}, {""key"": ""3844"", ""name"": ""Alaska"", ""country"": ""US""}, {""key"": ""3845"", ""name"": ""Arizona"", ""country"": ""US""}, {""key"": ""3846"", ""name"": ""Arkansas"", ""country"": ""US""}, {""key"": ""3848"", ""name"": ""Colorado"", ""country"": ""US""}, {""key"": ""3849"", ""name"": ""Connecticut"", ""country"": ""US""}, {""key"": ""3850"", ""name"": ""Delaware"", ""country"": ""US""}, {""key"": ""3853"", ""name"": ""Georgia"", ""country"": ""US""}, {""key"": ""3854"", ""name"": ""Hawaii"", ""country"": ""US""}, {""key"": ""3855"", ""name"": ""Idaho"", ""country"": ""US""}, {""key"": ""3856"", ""name"": ""Illinois"", ""country"": ""US""}, {""key"": ""3857"", ""name"": ""Indiana"", ""country"": ""US""}, {""key"": ""3858"", ""name"": ""Iowa"", ""country"": ""US""}, {""key"": ""3859"", ""name"": ""Kansas"", ""country"": ""US""}, {""key"": ""3860"", ""name"": ""Kentucky"", ""country"": ""US""}, {""key"": ""3861"", ""name"": ""Louisiana"", ""country"": ""US""}, {""key"": ""3862"", ""name"": ""Maine"", ""country"": ""US""}, {""key"": ""3863"", ""name"": ""Maryland"", ""country"": ""US""}, {""key"": ""3864"", ""name"": ""Massachusetts"", ""country"": ""US""}, {""key"": ""3866"", ""name"": ""Minnesota"", ""country"": ""US""}, {""key"": ""3867"", ""name"": ""Mississippi"", ""country"": ""US""}, {""key"": ""3868"", ""name"": ""Missouri"", ""country"": ""US""}, {""key"": ""3869"", ""name"": ""Montana"", ""country"": ""US""}, {""key"": ""3870"", ""name"": ""Nebraska"", ""country"": ""US""}, {""key"": ""3871"", ""name"": ""Nevada"", ""country"": ""US""}, {""key"": ""3872"", ""name"": ""New Hampshire"", ""country"": ""US""}, {""key"": ""3873"", ""name"": ""New Jersey"", ""country"": ""US""}, {""key"": ""3874"", ""name"": ""New Mexico"", ""country"": ""US""}, {""key"": ""3876"", ""name"": ""North Carolina"", ""country"": ""US""}, {""key"": ""3877"", ""name"": ""North Dakota"", ""country"": ""US""}, {""key"": ""3878"", ""name"": ""Ohio"", ""country"": ""US""}, {""key"": ""3879"", ""name"": ""Oklahoma"", ""country"": ""US""}, {""key"": ""3880"", ""name"": ""Oregon"", ""country"": ""US""}, {""key"": ""3881"", ""name"": ""Pennsylvania"", ""country"": ""US""}, {""key"": ""3882"", ""name"": ""Rhode Island"", ""country"": ""US""}, {""key"": ""3883"", ""name"": ""South Carolina"", ""country"": ""US""}, {""key"": ""3884"", ""name"": ""South Dakota"", ""country"": ""US""}, {""key"": ""3885"", ""name"": ""Tennessee"", ""country"": ""US""}, {""key"": ""3886"", ""name"": ""Texas"", ""country"": ""US""}, {""key"": ""3887"", ""name"": ""Utah"", ""country"": ""US""}, {""key"": ""3888"", ""name"": ""Vermont"", ""country"": ""US""}, {""key"": ""3889"", ""name"": ""Virginia"", ""country"": ""US""}, {""key"": ""3891"", ""name"": ""West Virginia"", ""country"": ""US""}, {""key"": ""3892"", ""name"": ""Wisconsin"", ""country"": ""US""}, {""key"": ""3893"", ""name"": ""Wyoming"", ""country"": ""US""}], ""location_types"": [""frequently_in"", ""home""]}, ""targeting_automation"": {""advantage_audience"": 1}, ""publisher_platforms"": [""facebook"", ""instagram""], ""facebook_positions"": [""feed""], ""instagram_positions"": [""stream""]}",OFFSITE_CONVERSIONS,"{""pixel_id"": ""831179966599677"", ""custom_event_type"": ""LEAD"", ""smart_pse_enabled"": false}",,2026-09-12T22:09:47-0400,2026-09-12T22:09:47-0400,"[{""event_type"": ""CLICK_THROUGH"", ""window_days"": 1}]",0,0,0,,,,0,0,0,0,,,,"O: observed session IDs, not verified people; C: reconciled completed intakes, including returns; V: form versions changed Sep18",,,,
AD SET,120251080563150660,CT Themes 20260913 | remodel__crew,120251080550020660,PAUSED,PAUSED,"{""age_max"": 65, ""age_min"": 18, ""geo_locations"": {""regions"": [{""key"": ""3843"", ""name"": ""Alabama"", ""country"": ""US""}, {""key"": ""3844"", ""name"": ""Alaska"", ""country"": ""US""}, {""key"": ""3845"", ""name"": ""Arizona"", ""country"": ""US""}, {""key"": ""3846"", ""name"": ""Arkansas"", ""country"": ""US""}, {""key"": ""3848"", ""name"": ""Colorado"", ""country"": ""US""}, {""key"": ""3849"", ""name"": ""Connecticut"", ""country"": ""US""}, {""key"": ""3850"", ""name"": ""Delaware"", ""country"": ""US""}, {""key"": ""3853"", ""name"": ""Georgia"", ""country"": ""US""}, {""key"": ""3854"", ""name"": ""Hawaii"", ""country"": ""US""}, {""key"": ""3855"", ""name"": ""Idaho"", ""country"": ""US""}, {""key"": ""3856"", ""name"": ""Illinois"", ""country"": ""US""}, {""key"": ""3857"", ""name"": ""Indiana"", ""country"": ""US""}, {""key"": ""3858"", ""name"": ""Iowa"", ""country"": ""US""}, {""key"": ""3859"", ""name"": ""Kansas"", ""country"": ""US""}, {""key"": ""3860"", ""name"": ""Kentucky"", ""country"": ""US""}, {""key"": ""3861"", ""name"": ""Louisiana"", ""country"": ""US""}, {""key"": ""3862"", ""name"": ""Maine"", ""country"": ""US""}, {""key"": ""3863"", ""name"": ""Maryland"", ""country"": ""US""}, {""key"": ""3864"", ""name"": ""Massachusetts"", ""country"": ""US""}, {""key"": ""3866"", ""name"": ""Minnesota"", ""country"": ""US""}, {""key"": ""3867"", ""name"": ""Mississippi"", ""country"": ""US""}, {""key"": ""3868"", ""name"": ""Missouri"", ""country"": ""US""}, {""key"": ""3869"", ""name"": ""Montana"", ""country"": ""US""}, {""key"": ""3870"", ""name"": ""Nebraska"", ""country"": ""US""}, {""key"": ""3871"", ""name"": ""Nevada"", ""country"": ""US""}, {""key"": ""3872"", ""name"": ""New Hampshire"", ""country"": ""US""}, {""key"": ""3873"", ""name"": ""New Jersey"", ""country"": ""US""}, {""key"": ""3874"", ""name"": ""New Mexico"", ""country"": ""US""}, {""key"": ""3876"", ""name"": ""North Carolina"", ""country"": ""US""}, {""key"": ""3877"", ""name"": ""North Dakota"", ""country"": ""US""}, {""key"": ""3878"", ""name"": ""Ohio"", ""country"": ""US""}, {""key"": ""3879"", ""name"": ""Oklahoma"", ""country"": ""US""}, {""key"": ""3880"", ""name"": ""Oregon"", ""country"": ""US""}, {""key"": ""3881"", ""name"": ""Pennsylvania"", ""country"": ""US""}, {""key"": ""3882"", ""name"": ""Rhode Island"", ""country"": ""US""}, {""key"": ""3883"", ""name"": ""South Carolina"", ""country"": ""US""}, {""key"": ""3884"", ""name"": ""South Dakota"", ""country"": ""US""}, {""key"": ""3885"", ""name"": ""Tennessee"", ""country"": ""US""}, {""key"": ""3886"", ""name"": ""Texas"", ""country"": ""US""}, {""key"": ""3887"", ""name"": ""Utah"", ""country"": ""US""}, {""key"": ""3888"", ""name"": ""Vermont"", ""country"": ""US""}, {""key"": ""3889"", ""name"": ""Virginia"", ""country"": ""US""}, {""key"": ""3891"", ""name"": ""West Virginia"", ""country"": ""US""}, {""key"": ""3892"", ""name"": ""Wisconsin"", ""country"": ""US""}, {""key"": ""3893"", ""name"": ""Wyoming"", ""country"": ""US""}], ""location_types"": [""frequently_in"", ""home""]}, ""targeting_automation"": {""advantage_audience"": 1}, ""publisher_platforms"": [""facebook"", ""instagram""], ""facebook_positions"": [""feed""], ""instagram_positions"": [""stream""]}",OFFSITE_CONVERSIONS,"{""pixel_id"": ""831179966599677"", ""custom_event_type"": ""LEAD"", ""smart_pse_enabled"": false}",,2026-09-12T22:09:45-0400,2026-09-12T22:09:45-0400,"[{""event_type"": ""CLICK_THROUGH"", ""window_days"": 1}]",0,0,0,,,,0,0,0,0,,,,"O: observed session IDs, not verified people; C: reconciled completed intakes, including returns; V: form versions changed Sep18",,,,
AD SET,120251080562300660,CT Themes 20260913 | remodel__renewal,120251080550020660,PAUSED,PAUSED,"{""age_max"": 65, ""age_min"": 18, ""geo_locations"": {""regions"": [{""key"": ""3843"", ""name"": ""Alabama"", ""country"": ""US""}, {""key"": ""3844"", ""name"": ""Alaska"", ""country"": ""US""}, {""key"": ""3845"", ""name"": ""Arizona"", ""country"": ""US""}, {""key"": ""3846"", ""name"": ""Arkansas"", ""country"": ""US""}, {""key"": ""3848"", ""name"": ""Colorado"", ""country"": ""US""}, {""key"": ""3849"", ""name"": ""Connecticut"", ""country"": ""US""}, {""key"": ""3850"", ""name"": ""Delaware"", ""country"": ""US""}, {""key"": ""3853"", ""name"": ""Georgia"", ""country"": ""US""}, {""key"": ""3854"", ""name"": ""Hawaii"", ""country"": ""US""}, {""key"": ""3855"", ""name"": ""Idaho"", ""country"": ""US""}, {""key"": ""3856"", ""name"": ""Illinois"", ""country"": ""US""}, {""key"": ""3857"", ""name"": ""Indiana"", ""country"": ""US""}, {""key"": ""3858"", ""name"": ""Iowa"", ""country"": ""US""}, {""key"": ""3859"", ""name"": ""Kansas"", ""country"": ""US""}, {""key"": ""3860"", ""name"": ""Kentucky"", ""country"": ""US""}, {""key"": ""3861"", ""name"": ""Louisiana"", ""country"": ""US""}, {""key"": ""3862"", ""name"": ""Maine"", ""country"": ""US""}, {""key"": ""3863"", ""name"": ""Maryland"", ""country"": ""US""}, {""key"": ""3864"", ""name"": ""Massachusetts"", ""country"": ""US""}, {""key"": ""3866"", ""name"": ""Minnesota"", ""country"": ""US""}, {""key"": ""3867"", ""name"": ""Mississippi"", ""country"": ""US""}, {""key"": ""3868"", ""name"": ""Missouri"", ""country"": ""US""}, {""key"": ""3869"", ""name"": ""Montana"", ""country"": ""US""}, {""key"": ""3870"", ""name"": ""Nebraska"", ""country"": ""US""}, {""key"": ""3871"", ""name"": ""Nevada"", ""country"": ""US""}, {""key"": ""3872"", ""name"": ""New Hampshire"", ""country"": ""US""}, {""key"": ""3873"", ""name"": ""New Jersey"", ""country"": ""US""}, {""key"": ""3874"", ""name"": ""New Mexico"", ""country"": ""US""}, {""key"": ""3876"", ""name"": ""North Carolina"", ""country"": ""US""}, {""key"": ""3877"", ""name"": ""North Dakota"", ""country"": ""US""}, {""key"": ""3878"", ""name"": ""Ohio"", ""country"": ""US""}, {""key"": ""3879"", ""name"": ""Oklahoma"", ""country"": ""US""}, {""key"": ""3880"", ""name"": ""Oregon"", ""country"": ""US""}, {""key"": ""3881"", ""name"": ""Pennsylvania"", ""country"": ""US""}, {""key"": ""3882"", ""name"": ""Rhode Island"", ""country"": ""US""}, {""key"": ""3883"", ""name"": ""South Carolina"", ""country"": ""US""}, {""key"": ""3884"", ""name"": ""South Dakota"", ""country"": ""US""}, {""key"": ""3885"", ""name"": ""Tennessee"", ""country"": ""US""}, {""key"": ""3886"", ""name"": ""Texas"", ""country"": ""US""}, {""key"": ""3887"", ""name"": ""Utah"", ""country"": ""US""}, {""key"": ""3888"", ""name"": ""Vermont"", ""country"": ""US""}, {""key"": ""3889"", ""name"": ""Virginia"", ""country"": ""US""}, {""key"": ""3891"", ""name"": ""West Virginia"", ""country"": ""US""}, {""key"": ""3892"", ""name"": ""Wisconsin"", ""country"": ""US""}, {""key"": ""3893"", ""name"": ""Wyoming"", ""country"": ""US""}], ""location_types"": [""frequently_in"", ""home""]}, ""targeting_automation"": {""advantage_audience"": 1}, ""publisher_platforms"": [""facebook"", ""instagram""], ""facebook_positions"": [""feed""], ""instagram_positions"": [""stream""]}",OFFSITE_CONVERSIONS,"{""pixel_id"": ""831179966599677"", ""custom_event_type"": ""LEAD"", ""smart_pse_enabled"": false}",,2026-09-12T22:09:43-0400,2026-09-12T22:09:43-0400,"[{""event_type"": ""CLICK_THROUGH"", ""window_days"": 1}]",0,0,0,,,,0,0,0,0,,,,"O: observed session IDs, not verified people; C: reconciled completed intakes, including returns; V: form versions changed Sep18",,,,
AD SET,120251080561430660,CT Themes 20260913 | pool__crew,120251080549940660,PAUSED,PAUSED,"{""age_max"": 65, ""age_min"": 18, ""geo_locations"": {""regions"": [{""key"": ""3843"", ""name"": ""Alabama"", ""country"": ""US""}, {""key"": ""3844"", ""name"": ""Alaska"", ""country"": ""US""}, {""key"": ""3845"", ""name"": ""Arizona"", ""country"": ""US""}, {""key"": ""3846"", ""name"": ""Arkansas"", ""country"": ""US""}, {""key"": ""3848"", ""name"": ""Colorado"", ""country"": ""US""}, {""key"": ""3849"", ""name"": ""Connecticut"", ""country"": ""US""}, {""key"": ""3850"", ""name"": ""Delaware"", ""country"": ""US""}, {""key"": ""3853"", ""name"": ""Georgia"", ""country"": ""US""}, {""key"": ""3854"", ""name"": ""Hawaii"", ""country"": ""US""}, {""key"": ""3855"", ""name"": ""Idaho"", ""country"": ""US""}, {""key"": ""3856"", ""name"": ""Illinois"", ""country"": ""US""}, {""key"": ""3857"", ""name"": ""Indiana"", ""country"": ""US""}, {""key"": ""3858"", ""name"": ""Iowa"", ""country"": ""US""}, {""key"": ""3859"", ""name"": ""Kansas"", ""country"": ""US""}, {""key"": ""3860"", ""name"": ""Kentucky"", ""country"": ""US""}, {""key"": ""3861"", ""name"": ""Louisiana"", ""country"": ""US""}, {""key"": ""3862"", ""name"": ""Maine"", ""country"": ""US""}, {""key"": ""3863"", ""name"": ""Maryland"", ""country"": ""US""}, {""key"": ""3864"", ""name"": ""Massachusetts"", ""country"": ""US""}, {""key"": ""3866"", ""name"": ""Minnesota"", ""country"": ""US""}, {""key"": ""3867"", ""name"": ""Mississippi"", ""country"": ""US""}, {""key"": ""3868"", ""name"": ""Missouri"", ""country"": ""US""}, {""key"": ""3869"", ""name"": ""Montana"", ""country"": ""US""}, {""key"": ""3870"", ""name"": ""Nebraska"", ""country"": ""US""}, {""key"": ""3871"", ""name"": ""Nevada"", ""country"": ""US""}, {""key"": ""3872"", ""name"": ""New Hampshire"", ""country"": ""US""}, {""key"": ""3873"", ""name"": ""New Jersey"", ""country"": ""US""}, {""key"": ""3874"", ""name"": ""New Mexico"", ""country"": ""US""}, {""key"": ""3876"", ""name"": ""North Carolina"", ""country"": ""US""}, {""key"": ""3877"", ""name"": ""North Dakota"", ""country"": ""US""}, {""key"": ""3878"", ""name"": ""Ohio"", ""country"": ""US""}, {""key"": ""3879"", ""name"": ""Oklahoma"", ""country"": ""US""}, {""key"": ""3880"", ""name"": ""Oregon"", ""country"": ""US""}, {""key"": ""3881"", ""name"": ""Pennsylvania"", ""country"": ""US""}, {""key"": ""3882"", ""name"": ""Rhode Island"", ""country"": ""US""}, {""key"": ""3883"", ""name"": ""South Carolina"", ""country"": ""US""}, {""key"": ""3884"", ""name"": ""South Dakota"", ""country"": ""US""}, {""key"": ""3885"", ""name"": ""Tennessee"", ""country"": ""US""}, {""key"": ""3886"", ""name"": ""Texas"", ""country"": ""US""}, {""key"": ""3887"", ""name"": ""Utah"", ""country"": ""US""}, {""key"": ""3888"", ""name"": ""Vermont"", ""country"": ""US""}, {""key"": ""3889"", ""name"": ""Virginia"", ""country"": ""US""}, {""key"": ""3891"", ""name"": ""West Virginia"", ""country"": ""US""}, {""key"": ""3892"", ""name"": ""Wisconsin"", ""country"": ""US""}, {""key"": ""3893"", ""name"": ""Wyoming"", ""country"": ""US""}], ""location_types"": [""frequently_in"", ""home""]}, ""targeting_automation"": {""advantage_audience"": 1}, ""publisher_platforms"": [""facebook"", ""instagram""], ""facebook_positions"": [""feed""], ""instagram_positions"": [""stream""]}",OFFSITE_CONVERSIONS,"{""pixel_id"": ""831179966599677"", ""custom_event_type"": ""LEAD"", ""smart_pse_enabled"": false}",,2026-09-12T22:09:42-0400,2026-09-12T22:09:42-0400,"[{""event_type"": ""CLICK_THROUGH"", ""window_days"": 1}]",0,0,0,,,,0,0,0,0,,,,"O: observed session IDs, not verified people; C: reconciled completed intakes, including returns; V: form versions changed Sep18",,,,
AD SET,120251080561010660,CT Themes 20260913 | pool__renewal,120251080549940660,PAUSED,PAUSED,"{""age_max"": 65, ""age_min"": 18, ""geo_locations"": {""regions"": [{""key"": ""3843"", ""name"": ""Alabama"", ""country"": ""US""}, {""key"": ""3844"", ""name"": ""Alaska"", ""country"": ""US""}, {""key"": ""3845"", ""name"": ""Arizona"", ""country"": ""US""}, {""key"": ""3846"", ""name"": ""Arkansas"", ""country"": ""US""}, {""key"": ""3848"", ""name"": ""Colorado"", ""country"": ""US""}, {""key"": ""3849"", ""name"": ""Connecticut"", ""country"": ""US""}, {""key"": ""3850"", ""name"": ""Delaware"", ""country"": ""US""}, {""key"": ""3853"", ""name"": ""Georgia"", ""country"": ""US""}, {""key"": ""3854"", ""name"": ""Hawaii"", ""country"": ""US""}, {""key"": ""3855"", ""name"": ""Idaho"", ""country"": ""US""}, {""key"": ""3856"", ""name"": ""Illinois"", ""country"": ""US""}, {""key"": ""3857"", ""name"": ""Indiana"", ""country"": ""US""}, {""key"": ""3858"", ""name"": ""Iowa"", ""country"": ""US""}, {""key"": ""3859"", ""name"": ""Kansas"", ""country"": ""US""}, {""key"": ""3860"", ""name"": ""Kentucky"", ""country"": ""US""}, {""key"": ""3861"", ""name"": ""Louisiana"", ""country"": ""US""}, {""key"": ""3862"", ""name"": ""Maine"", ""country"": ""US""}, {""key"": ""3863"", ""name"": ""Maryland"", ""country"": ""US""}, {""key"": ""3864"", ""name"": ""Massachusetts"", ""country"": ""US""}, {""key"": ""3866"", ""name"": ""Minnesota"", ""country"": ""US""}, {""key"": ""3867"", ""name"": ""Mississippi"", ""country"": ""US""}, {""key"": ""3868"", ""name"": ""Missouri"", ""country"": ""US""}, {""key"": ""3869"", ""name"": ""Montana"", ""country"": ""US""}, {""key"": ""3870"", ""name"": ""Nebraska"", ""country"": ""US""}, {""key"": ""3871"", ""name"": ""Nevada"", ""country"": ""US""}, {""key"": ""3872"", ""name"": ""New Hampshire"", ""country"": ""US""}, {""key"": ""3873"", ""name"": ""New Jersey"", ""country"": ""US""}, {""key"": ""3874"", ""name"": ""New Mexico"", ""country"": ""US""}, {""key"": ""3876"", ""name"": ""North Carolina"", ""country"": ""US""}, {""key"": ""3877"", ""name"": ""North Dakota"", ""country"": ""US""}, {""key"": ""3878"", ""name"": ""Ohio"", ""country"": ""US""}, {""key"": ""3879"", ""name"": ""Oklahoma"", ""country"": ""US""}, {""key"": ""3880"", ""name"": ""Oregon"", ""country"": ""US""}, {""key"": ""3881"", ""name"": ""Pennsylvania"", ""country"": ""US""}, {""key"": ""3882"", ""name"": ""Rhode Island"", ""country"": ""US""}, {""key"": ""3883"", ""name"": ""South Carolina"", ""country"": ""US""}, {""key"": ""3884"", ""name"": ""South Dakota"", ""country"": ""US""}, {""key"": ""3885"", ""name"": ""Tennessee"", ""country"": ""US""}, {""key"": ""3886"", ""name"": ""Texas"", ""country"": ""US""}, {""key"": ""3887"", ""name"": ""Utah"", ""country"": ""US""}, {""key"": ""3888"", ""name"": ""Vermont"", ""country"": ""US""}, {""key"": ""3889"", ""name"": ""Virginia"", ""country"": ""US""}, {""key"": ""3891"", ""name"": ""West Virginia"", ""country"": ""US""}, {""key"": ""3892"", ""name"": ""Wisconsin"", ""country"": ""US""}, {""key"": ""3893"", ""name"": ""Wyoming"", ""country"": ""US""}], ""location_types"": [""frequently_in"", ""home""]}, ""targeting_automation"": {""advantage_audience"": 1}, ""publisher_platforms"": [""facebook"", ""instagram""], ""facebook_positions"": [""feed""], ""instagram_positions"": [""stream""]}",OFFSITE_CONVERSIONS,"{""pixel_id"": ""831179966599677"", ""custom_event_type"": ""LEAD"", ""smart_pse_enabled"": false}",,2026-09-12T22:09:40-0400,2026-09-12T22:09:40-0400,"[{""event_type"": ""CLICK_THROUGH"", ""window_days"": 1}]",0,0,0,,,,0,0,0,0,,,,"O: observed session IDs, not verified people; C: reconciled completed intakes, including returns; V: form versions changed Sep18",,,,
AD SET,120251080559780660,CT Themes 20260913 | pool__coi,120251080549940660,ACTIVE,ACTIVE,"{""age_max"": 65, ""age_min"": 18, ""geo_locations"": {""regions"": [{""key"": ""3843"", ""name"": ""Alabama"", ""country"": ""US""}, {""key"": ""3844"", ""name"": ""Alaska"", ""country"": ""US""}, {""key"": ""3845"", ""name"": ""Arizona"", ""country"": ""US""}, {""key"": ""3846"", ""name"": ""Arkansas"", ""country"": ""US""}, {""key"": ""3848"", ""name"": ""Colorado"", ""country"": ""US""}, {""key"": ""3849"", ""name"": ""Connecticut"", ""country"": ""US""}, {""key"": ""3850"", ""name"": ""Delaware"", ""country"": ""US""}, {""key"": ""3853"", ""name"": ""Georgia"", ""country"": ""US""}, {""key"": ""3854"", ""name"": ""Hawaii"", ""country"": ""US""}, {""key"": ""3855"", ""name"": ""Idaho"", ""country"": ""US""}, {""key"": ""3856"", ""name"": ""Illinois"", ""country"": ""US""}, {""key"": ""3857"", ""name"": ""Indiana"", ""country"": ""US""}, {""key"": ""3858"", ""name"": ""Iowa"", ""country"": ""US""}, {""key"": ""3859"", ""name"": ""Kansas"", ""country"": ""US""}, {""key"": ""3860"", ""name"": ""Kentucky"", ""country"": ""US""}, {""key"": ""3861"", ""name"": ""Louisiana"", ""country"": ""US""}, {""key"": ""3862"", ""name"": ""Maine"", ""country"": ""US""}, {""key"": ""3863"", ""name"": ""Maryland"", ""country"": ""US""}, {""key"": ""3864"", ""name"": ""Massachusetts"", ""country"": ""US""}, {""key"": ""3866"", ""name"": ""Minnesota"", ""country"": ""US""}, {""key"": ""3867"", ""name"": ""Mississippi"", ""country"": ""US""}, {""key"": ""3868"", ""name"": ""Missouri"", ""country"": ""US""}, {""key"": ""3869"", ""name"": ""Montana"", ""country"": ""US""}, {""key"": ""3870"", ""name"": ""Nebraska"", ""country"": ""US""}, {""key"": ""3871"", ""name"": ""Nevada"", ""country"": ""US""}, {""key"": ""3872"", ""name"": ""New Hampshire"", ""country"": ""US""}, {""key"": ""3873"", ""name"": ""New Jersey"", ""country"": ""US""}, {""key"": ""3874"", ""name"": ""New Mexico"", ""country"": ""US""}, {""key"": ""3876"", ""name"": ""North Carolina"", ""country"": ""US""}, {""key"": ""3877"", ""name"": ""North Dakota"", ""country"": ""US""}, {""key"": ""3878"", ""name"": ""Ohio"", ""country"": ""US""}, {""key"": ""3879"", ""name"": ""Oklahoma"", ""country"": ""US""}, {""key"": ""3880"", ""name"": ""Oregon"", ""country"": ""US""}, {""key"": ""3881"", ""name"": ""Pennsylvania"", ""country"": ""US""}, {""key"": ""3882"", ""name"": ""Rhode Island"", ""country"": ""US""}, {""key"": ""3883"", ""name"": ""South Carolina"", ""country"": ""US""}, {""key"": ""3884"", ""name"": ""South Dakota"", ""country"": ""US""}, {""key"": ""3885"", ""name"": ""Tennessee"", ""country"": ""US""}, {""key"": ""3886"", ""name"": ""Texas"", ""country"": ""US""}, {""key"": ""3887"", ""name"": ""Utah"", ""country"": ""US""}, {""key"": ""3888"", ""name"": ""Vermont"", ""country"": ""US""}, {""key"": ""3889"", ""name"": ""Virginia"", ""country"": ""US""}, {""key"": ""3891"", ""name"": ""West Virginia"", ""country"": ""US""}, {""key"": ""3892"", ""name"": ""Wisconsin"", ""country"": ""US""}, {""key"": ""3893"", ""name"": ""Wyoming"", ""country"": ""US""}], ""location_types"": [""frequently_in"", ""home""]}, ""targeting_automation"": {""advantage_audience"": 1}, ""publisher_platforms"": [""facebook"", ""instagram""], ""facebook_positions"": [""feed""], ""instagram_positions"": [""stream""]}",OFFSITE_CONVERSIONS,"{""pixel_id"": ""831179966599677"", ""custom_event_type"": ""LEAD"", ""smart_pse_enabled"": false}","{""attribution_windows"": [""1d_click""], ""conversions"": 0, ""last_sig_edit_ts"": 1789273430, ""status"": ""LEARNING""}",2026-09-12T22:09:38-0400,2026-09-12T22:09:38-0400,"[{""event_type"": ""CLICK_THROUGH"", ""window_days"": 1}]",13.22,164,1,80.61,0.61,13.22,0,0,0,10,,,,"O: observed session IDs, not verified people; C: reconciled completed intakes, including returns; V: form versions changed Sep18",,,,
AD SET,120251080559210660,CT Themes 20260913 | roof__free_gen,120251080550110660,ACTIVE,ACTIVE,"{""age_max"": 65, ""age_min"": 18, ""geo_locations"": {""regions"": [{""key"": ""3843"", ""name"": ""Alabama"", ""country"": ""US""}, {""key"": ""3844"", ""name"": ""Alaska"", ""country"": ""US""}, {""key"": ""3845"", ""name"": ""Arizona"", ""country"": ""US""}, {""key"": ""3846"", ""name"": ""Arkansas"", ""country"": ""US""}, {""key"": ""3848"", ""name"": ""Colorado"", ""country"": ""US""}, {""key"": ""3849"", ""name"": ""Connecticut"", ""country"": ""US""}, {""key"": ""3850"", ""name"": ""Delaware"", ""country"": ""US""}, {""key"": ""3853"", ""name"": ""Georgia"", ""country"": ""US""}, {""key"": ""3854"", ""name"": ""Hawaii"", ""country"": ""US""}, {""key"": ""3855"", ""name"": ""Idaho"", ""country"": ""US""}, {""key"": ""3856"", ""name"": ""Illinois"", ""country"": ""US""}, {""key"": ""3857"", ""name"": ""Indiana"", ""country"": ""US""}, {""key"": ""3858"", ""name"": ""Iowa"", ""country"": ""US""}, {""key"": ""3859"", ""name"": ""Kansas"", ""country"": ""US""}, {""key"": ""3860"", ""name"": ""Kentucky"", ""country"": ""US""}, {""key"": ""3861"", ""name"": ""Louisiana"", ""country"": ""US""}, {""key"": ""3862"", ""name"": ""Maine"", ""country"": ""US""}, {""key"": ""3863"", ""name"": ""Maryland"", ""country"": ""US""}, {""key"": ""3864"", ""name"": ""Massachusetts"", ""country"": ""US""}, {""key"": ""3866"", ""name"": ""Minnesota"", ""country"": ""US""}, {""key"": ""3867"", ""name"": ""Mississippi"", ""country"": ""US""}, {""key"": ""3868"", ""name"": ""Missouri"", ""country"": ""US""}, {""key"": ""3869"", ""name"": ""Montana"", ""country"": ""US""}, {""key"": ""3870"", ""name"": ""Nebraska"", ""country"": ""US""}, {""key"": ""3871"", ""name"": ""Nevada"", ""country"": ""US""}, {""key"": ""3872"", ""name"": ""New Hampshire"", ""country"": ""US""}, {""key"": ""3873"", ""name"": ""New Jersey"", ""country"": ""US""}, {""key"": ""3874"", ""name"": ""New Mexico"", ""country"": ""US""}, {""key"": ""3876"", ""name"": ""North Carolina"", ""country"": ""US""}, {""key"": ""3877"", ""name"": ""North Dakota"", ""country"": ""US""}, {""key"": ""3878"", ""name"": ""Ohio"", ""country"": ""US""}, {""key"": ""3879"", ""name"": ""Oklahoma"", ""country"": ""US""}, {""key"": ""3880"", ""name"": ""Oregon"", ""country"": ""US""}, {""key"": ""3881"", ""name"": ""Pennsylvania"", ""country"": ""US""}, {""key"": ""3882"", ""name"": ""Rhode Island"", ""country"": ""US""}, {""key"": ""3883"", ""name"": ""South Carolina"", ""country"": ""US""}, {""key"": ""3884"", ""name"": ""South Dakota"", ""country"": ""US""}, {""key"": ""3885"", ""name"": ""Tennessee"", ""country"": ""US""}, {""key"": ""3886"", ""name"": ""Texas"", ""country"": ""US""}, {""key"": ""3887"", ""name"": ""Utah"", ""country"": ""US""}, {""key"": ""3888"", ""name"": ""Vermont"", ""country"": ""US""}, {""key"": ""3889"", ""name"": ""Virginia"", ""country"": ""US""}, {""key"": ""3891"", ""name"": ""West Virginia"", ""country"": ""US""}, {""key"": ""3892"", ""name"": ""Wisconsin"", ""country"": ""US""}, {""key"": ""3893"", ""name"": ""Wyoming"", ""country"": ""US""}], ""location_types"": [""frequently_in"", ""home""]}, ""targeting_automation"": {""advantage_audience"": 1}, ""publisher_platforms"": [""facebook"", ""instagram""], ""facebook_positions"": [""feed""], ""instagram_positions"": [""stream""]}",OFFSITE_CONVERSIONS,"{""pixel_id"": ""831179966599677"", ""custom_event_type"": ""LEAD"", ""smart_pse_enabled"": false}","{""attribution_windows"": [""1d_click""], ""conversions"": 0, ""last_sig_edit_ts"": 1789274684, ""status"": ""LEARNING""}",2026-09-12T22:09:37-0400,2026-09-12T22:09:37-0400,"[{""event_type"": ""CLICK_THROUGH"", ""window_days"": 1}]",140.71,1069,7,131.63,0.655,20.1,0,0,1,10,,,140.71,"O: observed session IDs, not verified people; C: reconciled completed intakes, including returns; V: form versions changed Sep18",,,,
AD SET,120251080558730660,CT Themes 20260913 | remodel__price,120251080550020660,ACTIVE,ACTIVE,"{""age_max"": 65, ""age_min"": 18, ""geo_locations"": {""regions"": [{""key"": ""3843"", ""name"": ""Alabama"", ""country"": ""US""}, {""key"": ""3844"", ""name"": ""Alaska"", ""country"": ""US""}, {""key"": ""3845"", ""name"": ""Arizona"", ""country"": ""US""}, {""key"": ""3846"", ""name"": ""Arkansas"", ""country"": ""US""}, {""key"": ""3848"", ""name"": ""Colorado"", ""country"": ""US""}, {""key"": ""3849"", ""name"": ""Connecticut"", ""country"": ""US""}, {""key"": ""3850"", ""name"": ""Delaware"", ""country"": ""US""}, {""key"": ""3853"", ""name"": ""Georgia"", ""country"": ""US""}, {""key"": ""3854"", ""name"": ""Hawaii"", ""country"": ""US""}, {""key"": ""3855"", ""name"": ""Idaho"", ""country"": ""US""}, {""key"": ""3856"", ""name"": ""Illinois"", ""country"": ""US""}, {""key"": ""3857"", ""name"": ""Indiana"", ""country"": ""US""}, {""key"": ""3858"", ""name"": ""Iowa"", ""country"": ""US""}, {""key"": ""3859"", ""name"": ""Kansas"", ""country"": ""US""}, {""key"": ""3860"", ""name"": ""Kentucky"", ""country"": ""US""}, {""key"": ""3861"", ""name"": ""Louisiana"", ""country"": ""US""}, {""key"": ""3862"", ""name"": ""Maine"", ""country"": ""US""}, {""key"": ""3863"", ""name"": ""Maryland"", ""country"": ""US""}, {""key"": ""3864"", ""name"": ""Massachusetts"", ""country"": ""US""}, {""key"": ""3866"", ""name"": ""Minnesota"", ""country"": ""US""}, {""key"": ""3867"", ""name"": ""Mississippi"", ""country"": ""US""}, {""key"": ""3868"", ""name"": ""Missouri"", ""country"": ""US""}, {""key"": ""3869"", ""name"": ""Montana"", ""country"": ""US""}, {""key"": ""3870"", ""name"": ""Nebraska"", ""country"": ""US""}, {""key"": ""3871"", ""name"": ""Nevada"", ""country"": ""US""}, {""key"": ""3872"", ""name"": ""New Hampshire"", ""country"": ""US""}, {""key"": ""3873"", ""name"": ""New Jersey"", ""country"": ""US""}, {""key"": ""3874"", ""name"": ""New Mexico"", ""country"": ""US""}, {""key"": ""3876"", ""name"": ""North Carolina"", ""country"": ""US""}, {""key"": ""3877"", ""name"": ""North Dakota"", ""country"": ""US""}, {""key"": ""3878"", ""name"": ""Ohio"", ""country"": ""US""}, {""key"": ""3879"", ""name"": ""Oklahoma"", ""country"": ""US""}, {""key"": ""3880"", ""name"": ""Oregon"", ""country"": ""US""}, {""key"": ""3881"", ""name"": ""Pennsylvania"", ""country"": ""US""}, {""key"": ""3882"", ""name"": ""Rhode Island"", ""country"": ""US""}, {""key"": ""3883"", ""name"": ""South Carolina"", ""country"": ""US""}, {""key"": ""3884"", ""name"": ""South Dakota"", ""country"": ""US""}, {""key"": ""3885"", ""name"": ""Tennessee"", ""country"": ""US""}, {""key"": ""3886"", ""name"": ""Texas"", ""country"": ""US""}, {""key"": ""3887"", ""name"": ""Utah"", ""country"": ""US""}, {""key"": ""3888"", ""name"": ""Vermont"", ""country"": ""US""}, {""key"": ""3889"", ""name"": ""Virginia"", ""country"": ""US""}, {""key"": ""3891"", ""name"": ""West Virginia"", ""country"": ""US""}, {""key"": ""3892"", ""name"": ""Wisconsin"", ""country"": ""US""}, {""key"": ""3893"", ""name"": ""Wyoming"", ""country"": ""US""}], ""location_types"": [""frequently_in"", ""home""]}, ""targeting_automation"": {""advantage_audience"": 1}, ""publisher_platforms"": [""facebook"", ""instagram""], ""facebook_positions"": [""feed""], ""instagram_positions"": [""stream""]}",OFFSITE_CONVERSIONS,"{""pixel_id"": ""831179966599677"", ""custom_event_type"": ""LEAD"", ""smart_pse_enabled"": false}","{""attribution_windows"": [""1d_click""], ""conversions"": 1, ""last_sig_edit_ts"": 1789274661, ""status"": ""LEARNING""}",2026-09-12T22:09:35-0400,2026-09-12T22:09:35-0400,"[{""event_type"": ""CLICK_THROUGH"", ""window_days"": 1}]",46.16,1071,5,43.1,0.467,9.23,1,1,1,5,46.16,46.16,46.16,"O: observed session IDs, not verified people; C: reconciled completed intakes, including returns; V: form versions changed Sep18",,,,
AD SET,120251080558200660,CT Themes 20260913 | remodel__work,120251080550020660,ACTIVE,ACTIVE,"{""age_max"": 65, ""age_min"": 18, ""geo_locations"": {""regions"": [{""key"": ""3843"", ""name"": ""Alabama"", ""country"": ""US""}, {""key"": ""3844"", ""name"": ""Alaska"", ""country"": ""US""}, {""key"": ""3845"", ""name"": ""Arizona"", ""country"": ""US""}, {""key"": ""3846"", ""name"": ""Arkansas"", ""country"": ""US""}, {""key"": ""3848"", ""name"": ""Colorado"", ""country"": ""US""}, {""key"": ""3849"", ""name"": ""Connecticut"", ""country"": ""US""}, {""key"": ""3850"", ""name"": ""Delaware"", ""country"": ""US""}, {""key"": ""3853"", ""name"": ""Georgia"", ""country"": ""US""}, {""key"": ""3854"", ""name"": ""Hawaii"", ""country"": ""US""}, {""key"": ""3855"", ""name"": ""Idaho"", ""country"": ""US""}, {""key"": ""3856"", ""name"": ""Illinois"", ""country"": ""US""}, {""key"": ""3857"", ""name"": ""Indiana"", ""country"": ""US""}, {""key"": ""3858"", ""name"": ""Iowa"", ""country"": ""US""}, {""key"": ""3859"", ""name"": ""Kansas"", ""country"": ""US""}, {""key"": ""3860"", ""name"": ""Kentucky"", ""country"": ""US""}, {""key"": ""3861"", ""name"": ""Louisiana"", ""country"": ""US""}, {""key"": ""3862"", ""name"": ""Maine"", ""country"": ""US""}, {""key"": ""3863"", ""name"": ""Maryland"", ""country"": ""US""}, {""key"": ""3864"", ""name"": ""Massachusetts"", ""country"": ""US""}, {""key"": ""3866"", ""name"": ""Minnesota"", ""country"": ""US""}, {""key"": ""3867"", ""name"": ""Mississippi"", ""country"": ""US""}, {""key"": ""3868"", ""name"": ""Missouri"", ""country"": ""US""}, {""key"": ""3869"", ""name"": ""Montana"", ""country"": ""US""}, {""key"": ""3870"", ""name"": ""Nebraska"", ""country"": ""US""}, {""key"": ""3871"", ""name"": ""Nevada"", ""country"": ""US""}, {""key"": ""3872"", ""name"": ""New Hampshire"", ""country"": ""US""}, {""key"": ""3873"", ""name"": ""New Jersey"", ""country"": ""US""}, {""key"": ""3874"", ""name"": ""New Mexico"", ""country"": ""US""}, {""key"": ""3876"", ""name"": ""North Carolina"", ""country"": ""US""}, {""key"": ""3877"", ""name"": ""North Dakota"", ""country"": ""US""}, {""key"": ""3878"", ""name"": ""Ohio"", ""country"": ""US""}, {""key"": ""3879"", ""name"": ""Oklahoma"", ""country"": ""US""}, {""key"": ""3880"", ""name"": ""Oregon"", ""country"": ""US""}, {""key"": ""3881"", ""name"": ""Pennsylvania"", ""country"": ""US""}, {""key"": ""3882"", ""name"": ""Rhode Island"", ""country"": ""US""}, {""key"": ""3883"", ""name"": ""South Carolina"", ""country"": ""US""}, {""key"": ""3884"", ""name"": ""South Dakota"", ""country"": ""US""}, {""key"": ""3885"", ""name"": ""Tennessee"", ""country"": ""US""}, {""key"": ""3886"", ""name"": ""Texas"", ""country"": ""US""}, {""key"": ""3887"", ""name"": ""Utah"", ""country"": ""US""}, {""key"": ""3888"", ""name"": ""Vermont"", ""country"": ""US""}, {""key"": ""3889"", ""name"": ""Virginia"", ""country"": ""US""}, {""key"": ""3891"", ""name"": ""West Virginia"", ""country"": ""US""}, {""key"": ""3892"", ""name"": ""Wisconsin"", ""country"": ""US""}, {""key"": ""3893"", ""name"": ""Wyoming"", ""country"": ""US""}], ""location_types"": [""frequently_in"", ""home""]}, ""targeting_automation"": {""advantage_audience"": 1}, ""publisher_platforms"": [""facebook"", ""instagram""], ""facebook_positions"": [""feed""], ""instagram_positions"": [""stream""]}",OFFSITE_CONVERSIONS,"{""pixel_id"": ""831179966599677"", ""custom_event_type"": ""LEAD"", ""smart_pse_enabled"": false}","{""attribution_windows"": [""1d_click""], ""conversions"": 27, ""last_sig_edit_ts"": 1789274665, ""status"": ""LEARNING""}",2026-09-12T22:09:33-0400,2026-09-12T22:09:34-0400,"[{""event_type"": ""CLICK_THROUGH"", ""window_days"": 1}]",1725.19,38602,220,44.69,0.57,7.84,21,21,32,221,82.15,82.15,53.91,"O: observed session IDs, not verified people; C: reconciled completed intakes, including returns; V: form versions changed Sep18",,,,
AD SET,120251080557630660,CT Themes 20260913 | pool__work,120251080549940660,ACTIVE,ACTIVE,"{""age_max"": 65, ""age_min"": 18, ""geo_locations"": {""regions"": [{""key"": ""3843"", ""name"": ""Alabama"", ""country"": ""US""}, {""key"": ""3844"", ""name"": ""Alaska"", ""country"": ""US""}, {""key"": ""3845"", ""name"": ""Arizona"", ""country"": ""US""}, {""key"": ""3846"", ""name"": ""Arkansas"", ""country"": ""US""}, {""key"": ""3848"", ""name"": ""Colorado"", ""country"": ""US""}, {""key"": ""3849"", ""name"": ""Connecticut"", ""country"": ""US""}, {""key"": ""3850"", ""name"": ""Delaware"", ""country"": ""US""}, {""key"": ""3853"", ""name"": ""Georgia"", ""country"": ""US""}, {""key"": ""3854"", ""name"": ""Hawaii"", ""country"": ""US""}, {""key"": ""3855"", ""name"": ""Idaho"", ""country"": ""US""}, {""key"": ""3856"", ""name"": ""Illinois"", ""country"": ""US""}, {""key"": ""3857"", ""name"": ""Indiana"", ""country"": ""US""}, {""key"": ""3858"", ""name"": ""Iowa"", ""country"": ""US""}, {""key"": ""3859"", ""name"": ""Kansas"", ""country"": ""US""}, {""key"": ""3860"", ""name"": ""Kentucky"", ""country"": ""US""}, {""key"": ""3861"", ""name"": ""Louisiana"", ""country"": ""US""}, {""key"": ""3862"", ""name"": ""Maine"", ""country"": ""US""}, {""key"": ""3863"", ""name"": ""Maryland"", ""country"": ""US""}, {""key"": ""3864"", ""name"": ""Massachusetts"", ""country"": ""US""}, {""key"": ""3866"", ""name"": ""Minnesota"", ""country"": ""US""}, {""key"": ""3867"", ""name"": ""Mississippi"", ""country"": ""US""}, {""key"": ""3868"", ""name"": ""Missouri"", ""country"": ""US""}, {""key"": ""3869"", ""name"": ""Montana"", ""country"": ""US""}, {""key"": ""3870"", ""name"": ""Nebraska"", ""country"": ""US""}, {""key"": ""3871"", ""name"": ""Nevada"", ""country"": ""US""}, {""key"": ""3872"", ""name"": ""New Hampshire"", ""country"": ""US""}, {""key"": ""3873"", ""name"": ""New Jersey"", ""country"": ""US""}, {""key"": ""3874"", ""name"": ""New Mexico"", ""country"": ""US""}, {""key"": ""3876"", ""name"": ""North Carolina"", ""country"": ""US""}, {""key"": ""3877"", ""name"": ""North Dakota"", ""country"": ""US""}, {""key"": ""3878"", ""name"": ""Ohio"", ""country"": ""US""}, {""key"": ""3879"", ""name"": ""Oklahoma"", ""country"": ""US""}, {""key"": ""3880"", ""name"": ""Oregon"", ""country"": ""US""}, {""key"": ""3881"", ""name"": ""Pennsylvania"", ""country"": ""US""}, {""key"": ""3882"", ""name"": ""Rhode Island"", ""country"": ""US""}, {""key"": ""3883"", ""name"": ""South Carolina"", ""country"": ""US""}, {""key"": ""3884"", ""name"": ""South Dakota"", ""country"": ""US""}, {""key"": ""3885"", ""name"": ""Tennessee"", ""country"": ""US""}, {""key"": ""3886"", ""name"": ""Texas"", ""country"": ""US""}, {""key"": ""3887"", ""name"": ""Utah"", ""country"": ""US""}, {""key"": ""3888"", ""name"": ""Vermont"", ""country"": ""US""}, {""key"": ""3889"", ""name"": ""Virginia"", ""country"": ""US""}, {""key"": ""3891"", ""name"": ""West Virginia"", ""country"": ""US""}, {""key"": ""3892"", ""name"": ""Wisconsin"", ""country"": ""US""}, {""key"": ""3893"", ""name"": ""Wyoming"", ""country"": ""US""}], ""location_types"": [""frequently_in"", ""home""]}, ""targeting_automation"": {""advantage_audience"": 1}, ""publisher_platforms"": [""facebook"", ""instagram""], ""facebook_positions"": [""feed""], ""instagram_positions"": [""stream""]}",OFFSITE_CONVERSIONS,"{""pixel_id"": ""831179966599677"", ""custom_event_type"": ""LEAD"", ""smart_pse_enabled"": false}","{""attribution_windows"": [""1d_click""], ""conversions"": 1, ""last_sig_edit_ts"": 1789273436, ""status"": ""LEARNING""}",2026-09-12T22:09:32-0400,2026-09-12T22:09:32-0400,"[{""event_type"": ""CLICK_THROUGH"", ""window_days"": 1}]",185.64,4093,25,45.36,0.611,7.43,1,0,1,27,185.64,,185.64,"O: observed session IDs, not verified people; C: reconciled completed intakes, including returns; V: form versions changed Sep18",,,,
AD SET,120251080557280660,CT Themes 20260913 | roof__coi,120251080550110660,ACTIVE,ACTIVE,"{""age_max"": 65, ""age_min"": 18, ""geo_locations"": {""regions"": [{""key"": ""3843"", ""name"": ""Alabama"", ""country"": ""US""}, {""key"": ""3844"", ""name"": ""Alaska"", ""country"": ""US""}, {""key"": ""3845"", ""name"": ""Arizona"", ""country"": ""US""}, {""key"": ""3846"", ""name"": ""Arkansas"", ""country"": ""US""}, {""key"": ""3848"", ""name"": ""Colorado"", ""country"": ""US""}, {""key"": ""3849"", ""name"": ""Connecticut"", ""country"": ""US""}, {""key"": ""3850"", ""name"": ""Delaware"", ""country"": ""US""}, {""key"": ""3853"", ""name"": ""Georgia"", ""country"": ""US""}, {""key"": ""3854"", ""name"": ""Hawaii"", ""country"": ""US""}, {""key"": ""3855"", ""name"": ""Idaho"", ""country"": ""US""}, {""key"": ""3856"", ""name"": ""Illinois"", ""country"": ""US""}, {""key"": ""3857"", ""name"": ""Indiana"", ""country"": ""US""}, {""key"": ""3858"", ""name"": ""Iowa"", ""country"": ""US""}, {""key"": ""3859"", ""name"": ""Kansas"", ""country"": ""US""}, {""key"": ""3860"", ""name"": ""Kentucky"", ""country"": ""US""}, {""key"": ""3861"", ""name"": ""Louisiana"", ""country"": ""US""}, {""key"": ""3862"", ""name"": ""Maine"", ""country"": ""US""}, {""key"": ""3863"", ""name"": ""Maryland"", ""country"": ""US""}, {""key"": ""3864"", ""name"": ""Massachusetts"", ""country"": ""US""}, {""key"": ""3866"", ""name"": ""Minnesota"", ""country"": ""US""}, {""key"": ""3867"", ""name"": ""Mississippi"", ""country"": ""US""}, {""key"": ""3868"", ""name"": ""Missouri"", ""country"": ""US""}, {""key"": ""3869"", ""name"": ""Montana"", ""country"": ""US""}, {""key"": ""3870"", ""name"": ""Nebraska"", ""country"": ""US""}, {""key"": ""3871"", ""name"": ""Nevada"", ""country"": ""US""}, {""key"": ""3872"", ""name"": ""New Hampshire"", ""country"": ""US""}, {""key"": ""3873"", ""name"": ""New Jersey"", ""country"": ""US""}, {""key"": ""3874"", ""name"": ""New Mexico"", ""country"": ""US""}, {""key"": ""3876"", ""name"": ""North Carolina"", ""country"": ""US""}, {""key"": ""3877"", ""name"": ""North Dakota"", ""country"": ""US""}, {""key"": ""3878"", ""name"": ""Ohio"", ""country"": ""US""}, {""key"": ""3879"", ""name"": ""Oklahoma"", ""country"": ""US""}, {""key"": ""3880"", ""name"": ""Oregon"", ""country"": ""US""}, {""key"": ""3881"", ""name"": ""Pennsylvania"", ""country"": ""US""}, {""key"": ""3882"", ""name"": ""Rhode Island"", ""country"": ""US""}, {""key"": ""3883"", ""name"": ""South Carolina"", ""country"": ""US""}, {""key"": ""3884"", ""name"": ""South Dakota"", ""country"": ""US""}, {""key"": ""3885"", ""name"": ""Tennessee"", ""country"": ""US""}, {""key"": ""3886"", ""name"": ""Texas"", ""country"": ""US""}, {""key"": ""3887"", ""name"": ""Utah"", ""country"": ""US""}, {""key"": ""3888"", ""name"": ""Vermont"", ""country"": ""US""}, {""key"": ""3889"", ""name"": ""Virginia"", ""country"": ""US""}, {""key"": ""3891"", ""name"": ""West Virginia"", ""country"": ""US""}, {""key"": ""3892"", ""name"": ""Wisconsin"", ""country"": ""US""}, {""key"": ""3893"", ""name"": ""Wyoming"", ""country"": ""US""}], ""location_types"": [""frequently_in"", ""home""]}, ""targeting_automation"": {""advantage_audience"": 1}, ""publisher_platforms"": [""facebook"", ""instagram""], ""facebook_positions"": [""feed""], ""instagram_positions"": [""stream""]}",OFFSITE_CONVERSIONS,"{""pixel_id"": ""831179966599677"", ""custom_event_type"": ""LEAD"", ""smart_pse_enabled"": false}","{""attribution_windows"": [""1d_click""], ""conversions"": 0, ""last_sig_edit_ts"": 1789835606, ""status"": ""LEARNING""}",2026-09-12T22:09:30-0400,2026-09-12T22:09:30-0400,"[{""event_type"": ""CLICK_THROUGH"", ""window_days"": 1}]",283.65,4244,27,66.84,0.636,10.51,5,5,7,122,56.73,56.73,40.52,"O: observed session IDs, not verified people; C: reconciled completed intakes, including returns; V: form versions changed Sep18",,,,
AD SET,120251080556650660,CT Themes 20260913 | tree__work,120251080550210660,ACTIVE,ACTIVE,"{""age_max"": 65, ""age_min"": 18, ""geo_locations"": {""regions"": [{""key"": ""3843"", ""name"": ""Alabama"", ""country"": ""US""}, {""key"": ""3844"", ""name"": ""Alaska"", ""country"": ""US""}, {""key"": ""3845"", ""name"": ""Arizona"", ""country"": ""US""}, {""key"": ""3846"", ""name"": ""Arkansas"", ""country"": ""US""}, {""key"": ""3848"", ""name"": ""Colorado"", ""country"": ""US""}, {""key"": ""3849"", ""name"": ""Connecticut"", ""country"": ""US""}, {""key"": ""3850"", ""name"": ""Delaware"", ""country"": ""US""}, {""key"": ""3853"", ""name"": ""Georgia"", ""country"": ""US""}, {""key"": ""3854"", ""name"": ""Hawaii"", ""country"": ""US""}, {""key"": ""3855"", ""name"": ""Idaho"", ""country"": ""US""}, {""key"": ""3856"", ""name"": ""Illinois"", ""country"": ""US""}, {""key"": ""3857"", ""name"": ""Indiana"", ""country"": ""US""}, {""key"": ""3858"", ""name"": ""Iowa"", ""country"": ""US""}, {""key"": ""3859"", ""name"": ""Kansas"", ""country"": ""US""}, {""key"": ""3860"", ""name"": ""Kentucky"", ""country"": ""US""}, {""key"": ""3861"", ""name"": ""Louisiana"", ""country"": ""US""}, {""key"": ""3862"", ""name"": ""Maine"", ""country"": ""US""}, {""key"": ""3863"", ""name"": ""Maryland"", ""country"": ""US""}, {""key"": ""3864"", ""name"": ""Massachusetts"", ""country"": ""US""}, {""key"": ""3866"", ""name"": ""Minnesota"", ""country"": ""US""}, {""key"": ""3867"", ""name"": ""Mississippi"", ""country"": ""US""}, {""key"": ""3868"", ""name"": ""Missouri"", ""country"": ""US""}, {""key"": ""3869"", ""name"": ""Montana"", ""country"": ""US""}, {""key"": ""3870"", ""name"": ""Nebraska"", ""country"": ""US""}, {""key"": ""3871"", ""name"": ""Nevada"", ""country"": ""US""}, {""key"": ""3872"", ""name"": ""New Hampshire"", ""country"": ""US""}, {""key"": ""3873"", ""name"": ""New Jersey"", ""country"": ""US""}, {""key"": ""3874"", ""name"": ""New Mexico"", ""country"": ""US""}, {""key"": ""3876"", ""name"": ""North Carolina"", ""country"": ""US""}, {""key"": ""3877"", ""name"": ""North Dakota"", ""country"": ""US""}, {""key"": ""3878"", ""name"": ""Ohio"", ""country"": ""US""}, {""key"": ""3879"", ""name"": ""Oklahoma"", ""country"": ""US""}, {""key"": ""3880"", ""name"": ""Oregon"", ""country"": ""US""}, {""key"": ""3881"", ""name"": ""Pennsylvania"", ""country"": ""US""}, {""key"": ""3882"", ""name"": ""Rhode Island"", ""country"": ""US""}, {""key"": ""3883"", ""name"": ""South Carolina"", ""country"": ""US""}, {""key"": ""3884"", ""name"": ""South Dakota"", ""country"": ""US""}, {""key"": ""3885"", ""name"": ""Tennessee"", ""country"": ""US""}, {""key"": ""3886"", ""name"": ""Texas"", ""country"": ""US""}, {""key"": ""3887"", ""name"": ""Utah"", ""country"": ""US""}, {""key"": ""3888"", ""name"": ""Vermont"", ""country"": ""US""}, {""key"": ""3889"", ""name"": ""Virginia"", ""country"": ""US""}, {""key"": ""3891"", ""name"": ""West Virginia"", ""country"": ""US""}, {""key"": ""3892"", ""name"": ""Wisconsin"", ""country"": ""US""}, {""key"": ""3893"", ""name"": ""Wyoming"", ""country"": ""US""}], ""location_types"": [""frequently_in"", ""home""]}, ""targeting_automation"": {""advantage_audience"": 1}, ""publisher_platforms"": [""facebook"", ""instagram""], ""facebook_positions"": [""feed""], ""instagram_positions"": [""stream""]}",OFFSITE_CONVERSIONS,"{""pixel_id"": ""831179966599677"", ""custom_event_type"": ""LEAD"", ""smart_pse_enabled"": false}","{""attribution_windows"": [""1d_click""], ""conversions"": 6, ""last_sig_edit_ts"": 1789275912, ""status"": ""LEARNING""}",2026-09-12T22:09:29-0400,2026-09-12T22:09:29-0400,"[{""event_type"": ""CLICK_THROUGH"", ""window_days"": 1}]",559.59,21886,104,25.57,0.475,5.38,7,6,14,93,79.94,93.27,39.97,"O: observed session IDs, not verified people; C: reconciled completed intakes, including returns; V: form versions changed Sep18",,,,
AD SET,120251080556040660,CT Themes 20260913 | pool__price,120251080549940660,ACTIVE,ACTIVE,"{""age_max"": 65, ""age_min"": 18, ""geo_locations"": {""regions"": [{""key"": ""3843"", ""name"": ""Alabama"", ""country"": ""US""}, {""key"": ""3844"", ""name"": ""Alaska"", ""country"": ""US""}, {""key"": ""3845"", ""name"": ""Arizona"", ""country"": ""US""}, {""key"": ""3846"", ""name"": ""Arkansas"", ""country"": ""US""}, {""key"": ""3848"", ""name"": ""Colorado"", ""country"": ""US""}, {""key"": ""3849"", ""name"": ""Connecticut"", ""country"": ""US""}, {""key"": ""3850"", ""name"": ""Delaware"", ""country"": ""US""}, {""key"": ""3853"", ""name"": ""Georgia"", ""country"": ""US""}, {""key"": ""3854"", ""name"": ""Hawaii"", ""country"": ""US""}, {""key"": ""3855"", ""name"": ""Idaho"", ""country"": ""US""}, {""key"": ""3856"", ""name"": ""Illinois"", ""country"": ""US""}, {""key"": ""3857"", ""name"": ""Indiana"", ""country"": ""US""}, {""key"": ""3858"", ""name"": ""Iowa"", ""country"": ""US""}, {""key"": ""3859"", ""name"": ""Kansas"", ""country"": ""US""}, {""key"": ""3860"", ""name"": ""Kentucky"", ""country"": ""US""}, {""key"": ""3861"", ""name"": ""Louisiana"", ""country"": ""US""}, {""key"": ""3862"", ""name"": ""Maine"", ""country"": ""US""}, {""key"": ""3863"", ""name"": ""Maryland"", ""country"": ""US""}, {""key"": ""3864"", ""name"": ""Massachusetts"", ""country"": ""US""}, {""key"": ""3866"", ""name"": ""Minnesota"", ""country"": ""US""}, {""key"": ""3867"", ""name"": ""Mississippi"", ""country"": ""US""}, {""key"": ""3868"", ""name"": ""Missouri"", ""country"": ""US""}, {""key"": ""3869"", ""name"": ""Montana"", ""country"": ""US""}, {""key"": ""3870"", ""name"": ""Nebraska"", ""country"": ""US""}, {""key"": ""3871"", ""name"": ""Nevada"", ""country"": ""US""}, {""key"": ""3872"", ""name"": ""New Hampshire"", ""country"": ""US""}, {""key"": ""3873"", ""name"": ""New Jersey"", ""country"": ""US""}, {""key"": ""3874"", ""name"": ""New Mexico"", ""country"": ""US""}, {""key"": ""3876"", ""name"": ""North Carolina"", ""country"": ""US""}, {""key"": ""3877"", ""name"": ""North Dakota"", ""country"": ""US""}, {""key"": ""3878"", ""name"": ""Ohio"", ""country"": ""US""}, {""key"": ""3879"", ""name"": ""Oklahoma"", ""country"": ""US""}, {""key"": ""3880"", ""name"": ""Oregon"", ""country"": ""US""}, {""key"": ""3881"", ""name"": ""Pennsylvania"", ""country"": ""US""}, {""key"": ""3882"", ""name"": ""Rhode Island"", ""country"": ""US""}, {""key"": ""3883"", ""name"": ""South Carolina"", ""country"": ""US""}, {""key"": ""3884"", ""name"": ""South Dakota"", ""country"": ""US""}, {""key"": ""3885"", ""name"": ""Tennessee"", ""country"": ""US""}, {""key"": ""3886"", ""name"": ""Texas"", ""country"": ""US""}, {""key"": ""3887"", ""name"": ""Utah"", ""country"": ""US""}, {""key"": ""3888"", ""name"": ""Vermont"", ""country"": ""US""}, {""key"": ""3889"", ""name"": ""Virginia"", ""country"": ""US""}, {""key"": ""3891"", ""name"": ""West Virginia"", ""country"": ""US""}, {""key"": ""3892"", ""name"": ""Wisconsin"", ""country"": ""US""}, {""key"": ""3893"", ""name"": ""Wyoming"", ""country"": ""US""}], ""location_types"": [""frequently_in"", ""home""]}, ""targeting_automation"": {""advantage_audience"": 1}, ""publisher_platforms"": [""facebook"", ""instagram""], ""facebook_positions"": [""feed""], ""instagram_positions"": [""stream""]}",OFFSITE_CONVERSIONS,"{""pixel_id"": ""831179966599677"", ""custom_event_type"": ""LEAD"", ""smart_pse_enabled"": false}","{""attribution_windows"": [""1d_click""], ""conversions"": 0, ""last_sig_edit_ts"": 1789273434, ""status"": ""LEARNING""}",2026-09-12T22:09:27-0400,2026-09-12T22:09:27-0400,"[{""event_type"": ""CLICK_THROUGH"", ""window_days"": 1}]",109.61,2468,13,44.41,0.527,8.43,0,0,1,13,,,109.61,"O: observed session IDs, not verified people; C: reconciled completed intakes, including returns; V: form versions changed Sep18",,,,
AD SET,120251080555120660,CT Themes 20260913 | painting__price,120251080550480660,ACTIVE,CAMPAIGN_PAUSED,"{""age_max"": 65, ""age_min"": 18, ""geo_locations"": {""regions"": [{""key"": ""3843"", ""name"": ""Alabama"", ""country"": ""US""}, {""key"": ""3844"", ""name"": ""Alaska"", ""country"": ""US""}, {""key"": ""3845"", ""name"": ""Arizona"", ""country"": ""US""}, {""key"": ""3846"", ""name"": ""Arkansas"", ""country"": ""US""}, {""key"": ""3848"", ""name"": ""Colorado"", ""country"": ""US""}, {""key"": ""3849"", ""name"": ""Connecticut"", ""country"": ""US""}, {""key"": ""3850"", ""name"": ""Delaware"", ""country"": ""US""}, {""key"": ""3853"", ""name"": ""Georgia"", ""country"": ""US""}, {""key"": ""3854"", ""name"": ""Hawaii"", ""country"": ""US""}, {""key"": ""3855"", ""name"": ""Idaho"", ""country"": ""US""}, {""key"": ""3856"", ""name"": ""Illinois"", ""country"": ""US""}, {""key"": ""3857"", ""name"": ""Indiana"", ""country"": ""US""}, {""key"": ""3858"", ""name"": ""Iowa"", ""country"": ""US""}, {""key"": ""3859"", ""name"": ""Kansas"", ""country"": ""US""}, {""key"": ""3860"", ""name"": ""Kentucky"", ""country"": ""US""}, {""key"": ""3861"", ""name"": ""Louisiana"", ""country"": ""US""}, {""key"": ""3862"", ""name"": ""Maine"", ""country"": ""US""}, {""key"": ""3863"", ""name"": ""Maryland"", ""country"": ""US""}, {""key"": ""3864"", ""name"": ""Massachusetts"", ""country"": ""US""}, {""key"": ""3866"", ""name"": ""Minnesota"", ""country"": ""US""}, {""key"": ""3867"", ""name"": ""Mississippi"", ""country"": ""US""}, {""key"": ""3868"", ""name"": ""Missouri"", ""country"": ""US""}, {""key"": ""3869"", ""name"": ""Montana"", ""country"": ""US""}, {""key"": ""3870"", ""name"": ""Nebraska"", ""country"": ""US""}, {""key"": ""3871"", ""name"": ""Nevada"", ""country"": ""US""}, {""key"": ""3872"", ""name"": ""New Hampshire"", ""country"": ""US""}, {""key"": ""3873"", ""name"": ""New Jersey"", ""country"": ""US""}, {""key"": ""3874"", ""name"": ""New Mexico"", ""country"": ""US""}, {""key"": ""3876"", ""name"": ""North Carolina"", ""country"": ""US""}, {""key"": ""3877"", ""name"": ""North Dakota"", ""country"": ""US""}, {""key"": ""3878"", ""name"": ""Ohio"", ""country"": ""US""}, {""key"": ""3879"", ""name"": ""Oklahoma"", ""country"": ""US""}, {""key"": ""3880"", ""name"": ""Oregon"", ""country"": ""US""}, {""key"": ""3881"", ""name"": ""Pennsylvania"", ""country"": ""US""}, {""key"": ""3882"", ""name"": ""Rhode Island"", ""country"": ""US""}, {""key"": ""3883"", ""name"": ""South Carolina"", ""country"": ""US""}, {""key"": ""3884"", ""name"": ""South Dakota"", ""country"": ""US""}, {""key"": ""3885"", ""name"": ""Tennessee"", ""country"": ""US""}, {""key"": ""3886"", ""name"": ""Texas"", ""country"": ""US""}, {""key"": ""3887"", ""name"": ""Utah"", ""country"": ""US""}, {""key"": ""3888"", ""name"": ""Vermont"", ""country"": ""US""}, {""key"": ""3889"", ""name"": ""Virginia"", ""country"": ""US""}, {""key"": ""3891"", ""name"": ""West Virginia"", ""country"": ""US""}, {""key"": ""3892"", ""name"": ""Wisconsin"", ""country"": ""US""}, {""key"": ""3893"", ""name"": ""Wyoming"", ""country"": ""US""}], ""location_types"": [""frequently_in"", ""home""]}, ""targeting_automation"": {""advantage_audience"": 1}, ""publisher_platforms"": [""facebook"", ""instagram""], ""facebook_positions"": [""feed""], ""instagram_positions"": [""stream""]}",OFFSITE_CONVERSIONS,"{""pixel_id"": ""831179966599677"", ""custom_event_type"": ""LEAD"", ""smart_pse_enabled"": false}","{""attribution_windows"": [""1d_click""], ""last_sig_edit_ts"": 1789275929}",2026-09-12T22:09:26-0400,2026-09-12T22:09:26-0400,"[{""event_type"": ""CLICK_THROUGH"", ""window_days"": 1}]",70.45,1511,11,46.62,0.728,6.4,0,0,3,11,,,23.48,"O: observed session IDs, not verified people; C: reconciled completed intakes, including returns; V: form versions changed Sep18",,,,
AD SET,120251080554590660,CT Themes 20260913 | tree__coi,120251080550210660,ACTIVE,ACTIVE,"{""age_max"": 65, ""age_min"": 18, ""geo_locations"": {""regions"": [{""key"": ""3843"", ""name"": ""Alabama"", ""country"": ""US""}, {""key"": ""3844"", ""name"": ""Alaska"", ""country"": ""US""}, {""key"": ""3845"", ""name"": ""Arizona"", ""country"": ""US""}, {""key"": ""3846"", ""name"": ""Arkansas"", ""country"": ""US""}, {""key"": ""3848"", ""name"": ""Colorado"", ""country"": ""US""}, {""key"": ""3849"", ""name"": ""Connecticut"", ""country"": ""US""}, {""key"": ""3850"", ""name"": ""Delaware"", ""country"": ""US""}, {""key"": ""3853"", ""name"": ""Georgia"", ""country"": ""US""}, {""key"": ""3854"", ""name"": ""Hawaii"", ""country"": ""US""}, {""key"": ""3855"", ""name"": ""Idaho"", ""country"": ""US""}, {""key"": ""3856"", ""name"": ""Illinois"", ""country"": ""US""}, {""key"": ""3857"", ""name"": ""Indiana"", ""country"": ""US""}, {""key"": ""3858"", ""name"": ""Iowa"", ""country"": ""US""}, {""key"": ""3859"", ""name"": ""Kansas"", ""country"": ""US""}, {""key"": ""3860"", ""name"": ""Kentucky"", ""country"": ""US""}, {""key"": ""3861"", ""name"": ""Louisiana"", ""country"": ""US""}, {""key"": ""3862"", ""name"": ""Maine"", ""country"": ""US""}, {""key"": ""3863"", ""name"": ""Maryland"", ""country"": ""US""}, {""key"": ""3864"", ""name"": ""Massachusetts"", ""country"": ""US""}, {""key"": ""3866"", ""name"": ""Minnesota"", ""country"": ""US""}, {""key"": ""3867"", ""name"": ""Mississippi"", ""country"": ""US""}, {""key"": ""3868"", ""name"": ""Missouri"", ""country"": ""US""}, {""key"": ""3869"", ""name"": ""Montana"", ""country"": ""US""}, {""key"": ""3870"", ""name"": ""Nebraska"", ""country"": ""US""}, {""key"": ""3871"", ""name"": ""Nevada"", ""country"": ""US""}, {""key"": ""3872"", ""name"": ""New Hampshire"", ""country"": ""US""}, {""key"": ""3873"", ""name"": ""New Jersey"", ""country"": ""US""}, {""key"": ""3874"", ""name"": ""New Mexico"", ""country"": ""US""}, {""key"": ""3876"", ""name"": ""North Carolina"", ""country"": ""US""}, {""key"": ""3877"", ""name"": ""North Dakota"", ""country"": ""US""}, {""key"": ""3878"", ""name"": ""Ohio"", ""country"": ""US""}, {""key"": ""3879"", ""name"": ""Oklahoma"", ""country"": ""US""}, {""key"": ""3880"", ""name"": ""Oregon"", ""country"": ""US""}, {""key"": ""3881"", ""name"": ""Pennsylvania"", ""country"": ""US""}, {""key"": ""3882"", ""name"": ""Rhode Island"", ""country"": ""US""}, {""key"": ""3883"", ""name"": ""South Carolina"", ""country"": ""US""}, {""key"": ""3884"", ""name"": ""South Dakota"", ""country"": ""US""}, {""key"": ""3885"", ""name"": ""Tennessee"", ""country"": ""US""}, {""key"": ""3886"", ""name"": ""Texas"", ""country"": ""US""}, {""key"": ""3887"", ""name"": ""Utah"", ""country"": ""US""}, {""key"": ""3888"", ""name"": ""Vermont"", ""country"": ""US""}, {""key"": ""3889"", ""name"": ""Virginia"", ""country"": ""US""}, {""key"": ""3891"", ""name"": ""West Virginia"", ""country"": ""US""}, {""key"": ""3892"", ""name"": ""Wisconsin"", ""country"": ""US""}, {""key"": ""3893"", ""name"": ""Wyoming"", ""country"": ""US""}], ""location_types"": [""frequently_in"", ""home""]}, ""targeting_automation"": {""advantage_audience"": 1}, ""publisher_platforms"": [""facebook"", ""instagram""], ""facebook_positions"": [""feed""], ""instagram_positions"": [""stream""]}",OFFSITE_CONVERSIONS,"{""pixel_id"": ""831179966599677"", ""custom_event_type"": ""LEAD"", ""smart_pse_enabled"": false}","{""attribution_windows"": [""1d_click""], ""conversions"": 0, ""last_sig_edit_ts"": 1789275911, ""status"": ""LEARNING""}",2026-09-12T22:09:24-0400,2026-09-12T22:09:24-0400,"[{""event_type"": ""CLICK_THROUGH"", ""window_days"": 1}]",0.1,6,0,16.67,0.0,,0,0,0,4,,,,"O: observed session IDs, not verified people; C: reconciled completed intakes, including returns; V: form versions changed Sep18",,,,
AD SET,120251080554280660,CT Themes 20260913 | tree__price,120251080550210660,ACTIVE,ACTIVE,"{""age_max"": 65, ""age_min"": 18, ""geo_locations"": {""regions"": [{""key"": ""3843"", ""name"": ""Alabama"", ""country"": ""US""}, {""key"": ""3844"", ""name"": ""Alaska"", ""country"": ""US""}, {""key"": ""3845"", ""name"": ""Arizona"", ""country"": ""US""}, {""key"": ""3846"", ""name"": ""Arkansas"", ""country"": ""US""}, {""key"": ""3848"", ""name"": ""Colorado"", ""country"": ""US""}, {""key"": ""3849"", ""name"": ""Connecticut"", ""country"": ""US""}, {""key"": ""3850"", ""name"": ""Delaware"", ""country"": ""US""}, {""key"": ""3853"", ""name"": ""Georgia"", ""country"": ""US""}, {""key"": ""3854"", ""name"": ""Hawaii"", ""country"": ""US""}, {""key"": ""3855"", ""name"": ""Idaho"", ""country"": ""US""}, {""key"": ""3856"", ""name"": ""Illinois"", ""country"": ""US""}, {""key"": ""3857"", ""name"": ""Indiana"", ""country"": ""US""}, {""key"": ""3858"", ""name"": ""Iowa"", ""country"": ""US""}, {""key"": ""3859"", ""name"": ""Kansas"", ""country"": ""US""}, {""key"": ""3860"", ""name"": ""Kentucky"", ""country"": ""US""}, {""key"": ""3861"", ""name"": ""Louisiana"", ""country"": ""US""}, {""key"": ""3862"", ""name"": ""Maine"", ""country"": ""US""}, {""key"": ""3863"", ""name"": ""Maryland"", ""country"": ""US""}, {""key"": ""3864"", ""name"": ""Massachusetts"", ""country"": ""US""}, {""key"": ""3866"", ""name"": ""Minnesota"", ""country"": ""US""}, {""key"": ""3867"", ""name"": ""Mississippi"", ""country"": ""US""}, {""key"": ""3868"", ""name"": ""Missouri"", ""country"": ""US""}, {""key"": ""3869"", ""name"": ""Montana"", ""country"": ""US""}, {""key"": ""3870"", ""name"": ""Nebraska"", ""country"": ""US""}, {""key"": ""3871"", ""name"": ""Nevada"", ""country"": ""US""}, {""key"": ""3872"", ""name"": ""New Hampshire"", ""country"": ""US""}, {""key"": ""3873"", ""name"": ""New Jersey"", ""country"": ""US""}, {""key"": ""3874"", ""name"": ""New Mexico"", ""country"": ""US""}, {""key"": ""3876"", ""name"": ""North Carolina"", ""country"": ""US""}, {""key"": ""3877"", ""name"": ""North Dakota"", ""country"": ""US""}, {""key"": ""3878"", ""name"": ""Ohio"", ""country"": ""US""}, {""key"": ""3879"", ""name"": ""Oklahoma"", ""country"": ""US""}, {""key"": ""3880"", ""name"": ""Oregon"", ""country"": ""US""}, {""key"": ""3881"", ""name"": ""Pennsylvania"", ""country"": ""US""}, {""key"": ""3882"", ""name"": ""Rhode Island"", ""country"": ""US""}, {""key"": ""3883"", ""name"": ""South Carolina"", ""country"": ""US""}, {""key"": ""3884"", ""name"": ""South Dakota"", ""country"": ""US""}, {""key"": ""3885"", ""name"": ""Tennessee"", ""country"": ""US""}, {""key"": ""3886"", ""name"": ""Texas"", ""country"": ""US""}, {""key"": ""3887"", ""name"": ""Utah"", ""country"": ""US""}, {""key"": ""3888"", ""name"": ""Vermont"", ""country"": ""US""}, {""key"": ""3889"", ""name"": ""Virginia"", ""country"": ""US""}, {""key"": ""3891"", ""name"": ""West Virginia"", ""country"": ""US""}, {""key"": ""3892"", ""name"": ""Wisconsin"", ""country"": ""US""}, {""key"": ""3893"", ""name"": ""Wyoming"", ""country"": ""US""}], ""location_types"": [""frequently_in"", ""home""]}, ""targeting_automation"": {""advantage_audience"": 1}, ""publisher_platforms"": [""facebook"", ""instagram""], ""facebook_positions"": [""feed""], ""instagram_positions"": [""stream""]}",OFFSITE_CONVERSIONS,"{""pixel_id"": ""831179966599677"", ""custom_event_type"": ""LEAD"", ""smart_pse_enabled"": false}","{""attribution_windows"": [""1d_click""], ""conversions"": 4, ""last_sig_edit_ts"": 1789275910, ""status"": ""LEARNING""}",2026-09-12T22:09:23-0400,2026-09-12T22:09:23-0400,"[{""event_type"": ""CLICK_THROUGH"", ""window_days"": 1}]",117.89,2779,19,42.42,0.684,6.2,3,3,5,19,39.3,39.3,23.58,"O: observed session IDs, not verified people; C: reconciled completed intakes, including returns; V: form versions changed Sep18",,,,
AD SET,120251080553580660,CT Themes 20260913 | hvac__work,120251080550890660,ACTIVE,CAMPAIGN_PAUSED,"{""age_max"": 65, ""age_min"": 18, ""geo_locations"": {""regions"": [{""key"": ""3843"", ""name"": ""Alabama"", ""country"": ""US""}, {""key"": ""3844"", ""name"": ""Alaska"", ""country"": ""US""}, {""key"": ""3845"", ""name"": ""Arizona"", ""country"": ""US""}, {""key"": ""3846"", ""name"": ""Arkansas"", ""country"": ""US""}, {""key"": ""3848"", ""name"": ""Colorado"", ""country"": ""US""}, {""key"": ""3849"", ""name"": ""Connecticut"", ""country"": ""US""}, {""key"": ""3850"", ""name"": ""Delaware"", ""country"": ""US""}, {""key"": ""3853"", ""name"": ""Georgia"", ""country"": ""US""}, {""key"": ""3854"", ""name"": ""Hawaii"", ""country"": ""US""}, {""key"": ""3855"", ""name"": ""Idaho"", ""country"": ""US""}, {""key"": ""3856"", ""name"": ""Illinois"", ""country"": ""US""}, {""key"": ""3857"", ""name"": ""Indiana"", ""country"": ""US""}, {""key"": ""3858"", ""name"": ""Iowa"", ""country"": ""US""}, {""key"": ""3859"", ""name"": ""Kansas"", ""country"": ""US""}, {""key"": ""3860"", ""name"": ""Kentucky"", ""country"": ""US""}, {""key"": ""3861"", ""name"": ""Louisiana"", ""country"": ""US""}, {""key"": ""3862"", ""name"": ""Maine"", ""country"": ""US""}, {""key"": ""3863"", ""name"": ""Maryland"", ""country"": ""US""}, {""key"": ""3864"", ""name"": ""Massachusetts"", ""country"": ""US""}, {""key"": ""3866"", ""name"": ""Minnesota"", ""country"": ""US""}, {""key"": ""3867"", ""name"": ""Mississippi"", ""country"": ""US""}, {""key"": ""3868"", ""name"": ""Missouri"", ""country"": ""US""}, {""key"": ""3869"", ""name"": ""Montana"", ""country"": ""US""}, {""key"": ""3870"", ""name"": ""Nebraska"", ""country"": ""US""}, {""key"": ""3871"", ""name"": ""Nevada"", ""country"": ""US""}, {""key"": ""3872"", ""name"": ""New Hampshire"", ""country"": ""US""}, {""key"": ""3873"", ""name"": ""New Jersey"", ""country"": ""US""}, {""key"": ""3874"", ""name"": ""New Mexico"", ""country"": ""US""}, {""key"": ""3876"", ""name"": ""North Carolina"", ""country"": ""US""}, {""key"": ""3877"", ""name"": ""North Dakota"", ""country"": ""US""}, {""key"": ""3878"", ""name"": ""Ohio"", ""country"": ""US""}, {""key"": ""3879"", ""name"": ""Oklahoma"", ""country"": ""US""}, {""key"": ""3880"", ""name"": ""Oregon"", ""country"": ""US""}, {""key"": ""3881"", ""name"": ""Pennsylvania"", ""country"": ""US""}, {""key"": ""3882"", ""name"": ""Rhode Island"", ""country"": ""US""}, {""key"": ""3883"", ""name"": ""South Carolina"", ""country"": ""US""}, {""key"": ""3884"", ""name"": ""South Dakota"", ""country"": ""US""}, {""key"": ""3885"", ""name"": ""Tennessee"", ""country"": ""US""}, {""key"": ""3886"", ""name"": ""Texas"", ""country"": ""US""}, {""key"": ""3887"", ""name"": ""Utah"", ""country"": ""US""}, {""key"": ""3888"", ""name"": ""Vermont"", ""country"": ""US""}, {""key"": ""3889"", ""name"": ""Virginia"", ""country"": ""US""}, {""key"": ""3891"", ""name"": ""West Virginia"", ""country"": ""US""}, {""key"": ""3892"", ""name"": ""Wisconsin"", ""country"": ""US""}, {""key"": ""3893"", ""name"": ""Wyoming"", ""country"": ""US""}], ""location_types"": [""frequently_in"", ""home""]}, ""targeting_automation"": {""advantage_audience"": 1}, ""publisher_platforms"": [""facebook"", ""instagram""], ""facebook_positions"": [""feed""], ""instagram_positions"": [""stream""]}",OFFSITE_CONVERSIONS,"{""pixel_id"": ""831179966599677"", ""custom_event_type"": ""LEAD"", ""smart_pse_enabled"": false}","{""attribution_windows"": [""1d_click""], ""last_sig_edit_ts"": 1789276854}",2026-09-12T22:09:21-0400,2026-09-12T22:09:21-0400,"[{""event_type"": ""CLICK_THROUGH"", ""window_days"": 1}]",238.63,4580,29,52.1,0.633,8.23,1,1,3,29,238.63,238.63,79.54,"O: observed session IDs, not verified people; C: reconciled completed intakes, including returns; V: form versions changed Sep18",,,,
AD SET,120251080553200660,CT Themes 20260913 | painting__free_gen,120251080550480660,ACTIVE,CAMPAIGN_PAUSED,"{""age_max"": 65, ""age_min"": 18, ""geo_locations"": {""regions"": [{""key"": ""3843"", ""name"": ""Alabama"", ""country"": ""US""}, {""key"": ""3844"", ""name"": ""Alaska"", ""country"": ""US""}, {""key"": ""3845"", ""name"": ""Arizona"", ""country"": ""US""}, {""key"": ""3846"", ""name"": ""Arkansas"", ""country"": ""US""}, {""key"": ""3848"", ""name"": ""Colorado"", ""country"": ""US""}, {""key"": ""3849"", ""name"": ""Connecticut"", ""country"": ""US""}, {""key"": ""3850"", ""name"": ""Delaware"", ""country"": ""US""}, {""key"": ""3853"", ""name"": ""Georgia"", ""country"": ""US""}, {""key"": ""3854"", ""name"": ""Hawaii"", ""country"": ""US""}, {""key"": ""3855"", ""name"": ""Idaho"", ""country"": ""US""}, {""key"": ""3856"", ""name"": ""Illinois"", ""country"": ""US""}, {""key"": ""3857"", ""name"": ""Indiana"", ""country"": ""US""}, {""key"": ""3858"", ""name"": ""Iowa"", ""country"": ""US""}, {""key"": ""3859"", ""name"": ""Kansas"", ""country"": ""US""}, {""key"": ""3860"", ""name"": ""Kentucky"", ""country"": ""US""}, {""key"": ""3861"", ""name"": ""Louisiana"", ""country"": ""US""}, {""key"": ""3862"", ""name"": ""Maine"", ""country"": ""US""}, {""key"": ""3863"", ""name"": ""Maryland"", ""country"": ""US""}, {""key"": ""3864"", ""name"": ""Massachusetts"", ""country"": ""US""}, {""key"": ""3866"", ""name"": ""Minnesota"", ""country"": ""US""}, {""key"": ""3867"", ""name"": ""Mississippi"", ""country"": ""US""}, {""key"": ""3868"", ""name"": ""Missouri"", ""country"": ""US""}, {""key"": ""3869"", ""name"": ""Montana"", ""country"": ""US""}, {""key"": ""3870"", ""name"": ""Nebraska"", ""country"": ""US""}, {""key"": ""3871"", ""name"": ""Nevada"", ""country"": ""US""}, {""key"": ""3872"", ""name"": ""New Hampshire"", ""country"": ""US""}, {""key"": ""3873"", ""name"": ""New Jersey"", ""country"": ""US""}, {""key"": ""3874"", ""name"": ""New Mexico"", ""country"": ""US""}, {""key"": ""3876"", ""name"": ""North Carolina"", ""country"": ""US""}, {""key"": ""3877"", ""name"": ""North Dakota"", ""country"": ""US""}, {""key"": ""3878"", ""name"": ""Ohio"", ""country"": ""US""}, {""key"": ""3879"", ""name"": ""Oklahoma"", ""country"": ""US""}, {""key"": ""3880"", ""name"": ""Oregon"", ""country"": ""US""}, {""key"": ""3881"", ""name"": ""Pennsylvania"", ""country"": ""US""}, {""key"": ""3882"", ""name"": ""Rhode Island"", ""country"": ""US""}, {""key"": ""3883"", ""name"": ""South Carolina"", ""country"": ""US""}, {""key"": ""3884"", ""name"": ""South Dakota"", ""country"": ""US""}, {""key"": ""3885"", ""name"": ""Tennessee"", ""country"": ""US""}, {""key"": ""3886"", ""name"": ""Texas"", ""country"": ""US""}, {""key"": ""3887"", ""name"": ""Utah"", ""country"": ""US""}, {""key"": ""3888"", ""name"": ""Vermont"", ""country"": ""US""}, {""key"": ""3889"", ""name"": ""Virginia"", ""country"": ""US""}, {""key"": ""3891"", ""name"": ""West Virginia"", ""country"": ""US""}, {""key"": ""3892"", ""name"": ""Wisconsin"", ""country"": ""US""}, {""key"": ""3893"", ""name"": ""Wyoming"", ""country"": ""US""}], ""location_types"": [""frequently_in"", ""home""]}, ""targeting_automation"": {""advantage_audience"": 1}, ""publisher_platforms"": [""facebook"", ""instagram""], ""facebook_positions"": [""feed""], ""instagram_positions"": [""stream""]}",OFFSITE_CONVERSIONS,"{""pixel_id"": ""831179966599677"", ""custom_event_type"": ""LEAD"", ""smart_pse_enabled"": false}","{""attribution_windows"": [""1d_click""], ""last_sig_edit_ts"": 1789275925}",2026-09-12T22:09:20-0400,2026-09-12T22:09:20-0400,"[{""event_type"": ""CLICK_THROUGH"", ""window_days"": 1}]",485.97,6904,47,70.39,0.681,10.34,3,3,4,49,161.99,161.99,121.49,"O: observed session IDs, not verified people; C: reconciled completed intakes, including returns; V: form versions changed Sep18",,,,
AD SET,120251080552810660,CT Themes 20260913 | roof__price,120251080550110660,ACTIVE,ACTIVE,"{""age_max"": 65, ""age_min"": 18, ""geo_locations"": {""regions"": [{""key"": ""3843"", ""name"": ""Alabama"", ""country"": ""US""}, {""key"": ""3844"", ""name"": ""Alaska"", ""country"": ""US""}, {""key"": ""3845"", ""name"": ""Arizona"", ""country"": ""US""}, {""key"": ""3846"", ""name"": ""Arkansas"", ""country"": ""US""}, {""key"": ""3848"", ""name"": ""Colorado"", ""country"": ""US""}, {""key"": ""3849"", ""name"": ""Connecticut"", ""country"": ""US""}, {""key"": ""3850"", ""name"": ""Delaware"", ""country"": ""US""}, {""key"": ""3853"", ""name"": ""Georgia"", ""country"": ""US""}, {""key"": ""3854"", ""name"": ""Hawaii"", ""country"": ""US""}, {""key"": ""3855"", ""name"": ""Idaho"", ""country"": ""US""}, {""key"": ""3856"", ""name"": ""Illinois"", ""country"": ""US""}, {""key"": ""3857"", ""name"": ""Indiana"", ""country"": ""US""}, {""key"": ""3858"", ""name"": ""Iowa"", ""country"": ""US""}, {""key"": ""3859"", ""name"": ""Kansas"", ""country"": ""US""}, {""key"": ""3860"", ""name"": ""Kentucky"", ""country"": ""US""}, {""key"": ""3861"", ""name"": ""Louisiana"", ""country"": ""US""}, {""key"": ""3862"", ""name"": ""Maine"", ""country"": ""US""}, {""key"": ""3863"", ""name"": ""Maryland"", ""country"": ""US""}, {""key"": ""3864"", ""name"": ""Massachusetts"", ""country"": ""US""}, {""key"": ""3866"", ""name"": ""Minnesota"", ""country"": ""US""}, {""key"": ""3867"", ""name"": ""Mississippi"", ""country"": ""US""}, {""key"": ""3868"", ""name"": ""Missouri"", ""country"": ""US""}, {""key"": ""3869"", ""name"": ""Montana"", ""country"": ""US""}, {""key"": ""3870"", ""name"": ""Nebraska"", ""country"": ""US""}, {""key"": ""3871"", ""name"": ""Nevada"", ""country"": ""US""}, {""key"": ""3872"", ""name"": ""New Hampshire"", ""country"": ""US""}, {""key"": ""3873"", ""name"": ""New Jersey"", ""country"": ""US""}, {""key"": ""3874"", ""name"": ""New Mexico"", ""country"": ""US""}, {""key"": ""3876"", ""name"": ""North Carolina"", ""country"": ""US""}, {""key"": ""3877"", ""name"": ""North Dakota"", ""country"": ""US""}, {""key"": ""3878"", ""name"": ""Ohio"", ""country"": ""US""}, {""key"": ""3879"", ""name"": ""Oklahoma"", ""country"": ""US""}, {""key"": ""3880"", ""name"": ""Oregon"", ""country"": ""US""}, {""key"": ""3881"", ""name"": ""Pennsylvania"", ""country"": ""US""}, {""key"": ""3882"", ""name"": ""Rhode Island"", ""country"": ""US""}, {""key"": ""3883"", ""name"": ""South Carolina"", ""country"": ""US""}, {""key"": ""3884"", ""name"": ""South Dakota"", ""country"": ""US""}, {""key"": ""3885"", ""name"": ""Tennessee"", ""country"": ""US""}, {""key"": ""3886"", ""name"": ""Texas"", ""country"": ""US""}, {""key"": ""3887"", ""name"": ""Utah"", ""country"": ""US""}, {""key"": ""3888"", ""name"": ""Vermont"", ""country"": ""US""}, {""key"": ""3889"", ""name"": ""Virginia"", ""country"": ""US""}, {""key"": ""3891"", ""name"": ""West Virginia"", ""country"": ""US""}, {""key"": ""3892"", ""name"": ""Wisconsin"", ""country"": ""US""}, {""key"": ""3893"", ""name"": ""Wyoming"", ""country"": ""US""}], ""location_types"": [""frequently_in"", ""home""]}, ""targeting_automation"": {""advantage_audience"": 1}, ""publisher_platforms"": [""facebook"", ""instagram""], ""facebook_positions"": [""feed""], ""instagram_positions"": [""stream""]}",OFFSITE_CONVERSIONS,"{""pixel_id"": ""831179966599677"", ""custom_event_type"": ""LEAD"", ""smart_pse_enabled"": false}","{""attribution_windows"": [""1d_click""], ""conversions"": 0, ""last_sig_edit_ts"": 1789274685, ""status"": ""LEARNING""}",2026-09-12T22:09:18-0400,2026-09-12T22:09:18-0400,"[{""event_type"": ""CLICK_THROUGH"", ""window_days"": 1}]",111.1,1099,7,101.09,0.637,15.87,1,1,1,8,111.1,111.1,111.1,"O: observed session IDs, not verified people; C: reconciled completed intakes, including returns; V: form versions changed Sep18",,,,
AD SET,120251080552470660,CT Themes 20260913 | painting__coi,120251080550480660,ACTIVE,CAMPAIGN_PAUSED,"{""age_max"": 65, ""age_min"": 18, ""geo_locations"": {""regions"": [{""key"": ""3843"", ""name"": ""Alabama"", ""country"": ""US""}, {""key"": ""3844"", ""name"": ""Alaska"", ""country"": ""US""}, {""key"": ""3845"", ""name"": ""Arizona"", ""country"": ""US""}, {""key"": ""3846"", ""name"": ""Arkansas"", ""country"": ""US""}, {""key"": ""3848"", ""name"": ""Colorado"", ""country"": ""US""}, {""key"": ""3849"", ""name"": ""Connecticut"", ""country"": ""US""}, {""key"": ""3850"", ""name"": ""Delaware"", ""country"": ""US""}, {""key"": ""3853"", ""name"": ""Georgia"", ""country"": ""US""}, {""key"": ""3854"", ""name"": ""Hawaii"", ""country"": ""US""}, {""key"": ""3855"", ""name"": ""Idaho"", ""country"": ""US""}, {""key"": ""3856"", ""name"": ""Illinois"", ""country"": ""US""}, {""key"": ""3857"", ""name"": ""Indiana"", ""country"": ""US""}, {""key"": ""3858"", ""name"": ""Iowa"", ""country"": ""US""}, {""key"": ""3859"", ""name"": ""Kansas"", ""country"": ""US""}, {""key"": ""3860"", ""name"": ""Kentucky"", ""country"": ""US""}, {""key"": ""3861"", ""name"": ""Louisiana"", ""country"": ""US""}, {""key"": ""3862"", ""name"": ""Maine"", ""country"": ""US""}, {""key"": ""3863"", ""name"": ""Maryland"", ""country"": ""US""}, {""key"": ""3864"", ""name"": ""Massachusetts"", ""country"": ""US""}, {""key"": ""3866"", ""name"": ""Minnesota"", ""country"": ""US""}, {""key"": ""3867"", ""name"": ""Mississippi"", ""country"": ""US""}, {""key"": ""3868"", ""name"": ""Missouri"", ""country"": ""US""}, {""key"": ""3869"", ""name"": ""Montana"", ""country"": ""US""}, {""key"": ""3870"", ""name"": ""Nebraska"", ""country"": ""US""}, {""key"": ""3871"", ""name"": ""Nevada"", ""country"": ""US""}, {""key"": ""3872"", ""name"": ""New Hampshire"", ""country"": ""US""}, {""key"": ""3873"", ""name"": ""New Jersey"", ""country"": ""US""}, {""key"": ""3874"", ""name"": ""New Mexico"", ""country"": ""US""}, {""key"": ""3876"", ""name"": ""North Carolina"", ""country"": ""US""}, {""key"": ""3877"", ""name"": ""North Dakota"", ""country"": ""US""}, {""key"": ""3878"", ""name"": ""Ohio"", ""country"": ""US""}, {""key"": ""3879"", ""name"": ""Oklahoma"", ""country"": ""US""}, {""key"": ""3880"", ""name"": ""Oregon"", ""country"": ""US""}, {""key"": ""3881"", ""name"": ""Pennsylvania"", ""country"": ""US""}, {""key"": ""3882"", ""name"": ""Rhode Island"", ""country"": ""US""}, {""key"": ""3883"", ""name"": ""South Carolina"", ""country"": ""US""}, {""key"": ""3884"", ""name"": ""South Dakota"", ""country"": ""US""}, {""key"": ""3885"", ""name"": ""Tennessee"", ""country"": ""US""}, {""key"": ""3886"", ""name"": ""Texas"", ""country"": ""US""}, {""key"": ""3887"", ""name"": ""Utah"", ""country"": ""US""}, {""key"": ""3888"", ""name"": ""Vermont"", ""country"": ""US""}, {""key"": ""3889"", ""name"": ""Virginia"", ""country"": ""US""}, {""key"": ""3891"", ""name"": ""West Virginia"", ""country"": ""US""}, {""key"": ""3892"", ""name"": ""Wisconsin"", ""country"": ""US""}, {""key"": ""3893"", ""name"": ""Wyoming"", ""country"": ""US""}], ""location_types"": [""frequently_in"", ""home""]}, ""targeting_automation"": {""advantage_audience"": 1}, ""publisher_platforms"": [""facebook"", ""instagram""], ""facebook_positions"": [""feed""], ""instagram_positions"": [""stream""]}",OFFSITE_CONVERSIONS,"{""pixel_id"": ""831179966599677"", ""custom_event_type"": ""LEAD"", ""smart_pse_enabled"": false}","{""attribution_windows"": [""1d_click""], ""last_sig_edit_ts"": 1789275928}",2026-09-12T22:09:16-0400,2026-09-12T22:09:16-0400,"[{""event_type"": ""CLICK_THROUGH"", ""window_days"": 1}]",5.6,34,0,164.71,0.0,,0,0,0,0,,,,"O: observed session IDs, not verified people; C: reconciled completed intakes, including returns; V: form versions changed Sep18",,,,
AD SET,120251080552020660,CT Themes 20260913 | hvac__coi,120251080550890660,ACTIVE,CAMPAIGN_PAUSED,"{""age_max"": 65, ""age_min"": 18, ""geo_locations"": {""regions"": [{""key"": ""3843"", ""name"": ""Alabama"", ""country"": ""US""}, {""key"": ""3844"", ""name"": ""Alaska"", ""country"": ""US""}, {""key"": ""3845"", ""name"": ""Arizona"", ""country"": ""US""}, {""key"": ""3846"", ""name"": ""Arkansas"", ""country"": ""US""}, {""key"": ""3848"", ""name"": ""Colorado"", ""country"": ""US""}, {""key"": ""3849"", ""name"": ""Connecticut"", ""country"": ""US""}, {""key"": ""3850"", ""name"": ""Delaware"", ""country"": ""US""}, {""key"": ""3853"", ""name"": ""Georgia"", ""country"": ""US""}, {""key"": ""3854"", ""name"": ""Hawaii"", ""country"": ""US""}, {""key"": ""3855"", ""name"": ""Idaho"", ""country"": ""US""}, {""key"": ""3856"", ""name"": ""Illinois"", ""country"": ""US""}, {""key"": ""3857"", ""name"": ""Indiana"", ""country"": ""US""}, {""key"": ""3858"", ""name"": ""Iowa"", ""country"": ""US""}, {""key"": ""3859"", ""name"": ""Kansas"", ""country"": ""US""}, {""key"": ""3860"", ""name"": ""Kentucky"", ""country"": ""US""}, {""key"": ""3861"", ""name"": ""Louisiana"", ""country"": ""US""}, {""key"": ""3862"", ""name"": ""Maine"", ""country"": ""US""}, {""key"": ""3863"", ""name"": ""Maryland"", ""country"": ""US""}, {""key"": ""3864"", ""name"": ""Massachusetts"", ""country"": ""US""}, {""key"": ""3866"", ""name"": ""Minnesota"", ""country"": ""US""}, {""key"": ""3867"", ""name"": ""Mississippi"", ""country"": ""US""}, {""key"": ""3868"", ""name"": ""Missouri"", ""country"": ""US""}, {""key"": ""3869"", ""name"": ""Montana"", ""country"": ""US""}, {""key"": ""3870"", ""name"": ""Nebraska"", ""country"": ""US""}, {""key"": ""3871"", ""name"": ""Nevada"", ""country"": ""US""}, {""key"": ""3872"", ""name"": ""New Hampshire"", ""country"": ""US""}, {""key"": ""3873"", ""name"": ""New Jersey"", ""country"": ""US""}, {""key"": ""3874"", ""name"": ""New Mexico"", ""country"": ""US""}, {""key"": ""3876"", ""name"": ""North Carolina"", ""country"": ""US""}, {""key"": ""3877"", ""name"": ""North Dakota"", ""country"": ""US""}, {""key"": ""3878"", ""name"": ""Ohio"", ""country"": ""US""}, {""key"": ""3879"", ""name"": ""Oklahoma"", ""country"": ""US""}, {""key"": ""3880"", ""name"": ""Oregon"", ""country"": ""US""}, {""key"": ""3881"", ""name"": ""Pennsylvania"", ""country"": ""US""}, {""key"": ""3882"", ""name"": ""Rhode Island"", ""country"": ""US""}, {""key"": ""3883"", ""name"": ""South Carolina"", ""country"": ""US""}, {""key"": ""3884"", ""name"": ""South Dakota"", ""country"": ""US""}, {""key"": ""3885"", ""name"": ""Tennessee"", ""country"": ""US""}, {""key"": ""3886"", ""name"": ""Texas"", ""country"": ""US""}, {""key"": ""3887"", ""name"": ""Utah"", ""country"": ""US""}, {""key"": ""3888"", ""name"": ""Vermont"", ""country"": ""US""}, {""key"": ""3889"", ""name"": ""Virginia"", ""country"": ""US""}, {""key"": ""3891"", ""name"": ""West Virginia"", ""country"": ""US""}, {""key"": ""3892"", ""name"": ""Wisconsin"", ""country"": ""US""}, {""key"": ""3893"", ""name"": ""Wyoming"", ""country"": ""US""}], ""location_types"": [""frequently_in"", ""home""]}, ""targeting_automation"": {""advantage_audience"": 1}, ""publisher_platforms"": [""facebook"", ""instagram""], ""facebook_positions"": [""feed""], ""instagram_positions"": [""stream""]}",OFFSITE_CONVERSIONS,"{""pixel_id"": ""831179966599677"", ""custom_event_type"": ""LEAD"", ""smart_pse_enabled"": false}","{""attribution_windows"": [""1d_click""], ""last_sig_edit_ts"": 1789276853}",2026-09-12T22:09:14-0400,2026-09-12T22:09:14-0400,"[{""event_type"": ""CLICK_THROUGH"", ""window_days"": 1}]",17.84,278,2,64.17,0.719,8.92,0,0,0,8,,,,"O: observed session IDs, not verified people; C: reconciled completed intakes, including returns; V: form versions changed Sep18",,,,
AD SET,120251080551580660,CT Themes 20260913 | remodel__coi,120251080550020660,ACTIVE,ACTIVE,"{""age_max"": 65, ""age_min"": 18, ""geo_locations"": {""regions"": [{""key"": ""3843"", ""name"": ""Alabama"", ""country"": ""US""}, {""key"": ""3844"", ""name"": ""Alaska"", ""country"": ""US""}, {""key"": ""3845"", ""name"": ""Arizona"", ""country"": ""US""}, {""key"": ""3846"", ""name"": ""Arkansas"", ""country"": ""US""}, {""key"": ""3848"", ""name"": ""Colorado"", ""country"": ""US""}, {""key"": ""3849"", ""name"": ""Connecticut"", ""country"": ""US""}, {""key"": ""3850"", ""name"": ""Delaware"", ""country"": ""US""}, {""key"": ""3853"", ""name"": ""Georgia"", ""country"": ""US""}, {""key"": ""3854"", ""name"": ""Hawaii"", ""country"": ""US""}, {""key"": ""3855"", ""name"": ""Idaho"", ""country"": ""US""}, {""key"": ""3856"", ""name"": ""Illinois"", ""country"": ""US""}, {""key"": ""3857"", ""name"": ""Indiana"", ""country"": ""US""}, {""key"": ""3858"", ""name"": ""Iowa"", ""country"": ""US""}, {""key"": ""3859"", ""name"": ""Kansas"", ""country"": ""US""}, {""key"": ""3860"", ""name"": ""Kentucky"", ""country"": ""US""}, {""key"": ""3861"", ""name"": ""Louisiana"", ""country"": ""US""}, {""key"": ""3862"", ""name"": ""Maine"", ""country"": ""US""}, {""key"": ""3863"", ""name"": ""Maryland"", ""country"": ""US""}, {""key"": ""3864"", ""name"": ""Massachusetts"", ""country"": ""US""}, {""key"": ""3866"", ""name"": ""Minnesota"", ""country"": ""US""}, {""key"": ""3867"", ""name"": ""Mississippi"", ""country"": ""US""}, {""key"": ""3868"", ""name"": ""Missouri"", ""country"": ""US""}, {""key"": ""3869"", ""name"": ""Montana"", ""country"": ""US""}, {""key"": ""3870"", ""name"": ""Nebraska"", ""country"": ""US""}, {""key"": ""3871"", ""name"": ""Nevada"", ""country"": ""US""}, {""key"": ""3872"", ""name"": ""New Hampshire"", ""country"": ""US""}, {""key"": ""3873"", ""name"": ""New Jersey"", ""country"": ""US""}, {""key"": ""3874"", ""name"": ""New Mexico"", ""country"": ""US""}, {""key"": ""3876"", ""name"": ""North Carolina"", ""country"": ""US""}, {""key"": ""3877"", ""name"": ""North Dakota"", ""country"": ""US""}, {""key"": ""3878"", ""name"": ""Ohio"", ""country"": ""US""}, {""key"": ""3879"", ""name"": ""Oklahoma"", ""country"": ""US""}, {""key"": ""3880"", ""name"": ""Oregon"", ""country"": ""US""}, {""key"": ""3881"", ""name"": ""Pennsylvania"", ""country"": ""US""}, {""key"": ""3882"", ""name"": ""Rhode Island"", ""country"": ""US""}, {""key"": ""3883"", ""name"": ""South Carolina"", ""country"": ""US""}, {""key"": ""3884"", ""name"": ""South Dakota"", ""country"": ""US""}, {""key"": ""3885"", ""name"": ""Tennessee"", ""country"": ""US""}, {""key"": ""3886"", ""name"": ""Texas"", ""country"": ""US""}, {""key"": ""3887"", ""name"": ""Utah"", ""country"": ""US""}, {""key"": ""3888"", ""name"": ""Vermont"", ""country"": ""US""}, {""key"": ""3889"", ""name"": ""Virginia"", ""country"": ""US""}, {""key"": ""3891"", ""name"": ""West Virginia"", ""country"": ""US""}, {""key"": ""3892"", ""name"": ""Wisconsin"", ""country"": ""US""}, {""key"": ""3893"", ""name"": ""Wyoming"", ""country"": ""US""}], ""location_types"": [""frequently_in"", ""home""]}, ""targeting_automation"": {""advantage_audience"": 1}, ""publisher_platforms"": [""facebook"", ""instagram""], ""facebook_positions"": [""feed""], ""instagram_positions"": [""stream""]}",OFFSITE_CONVERSIONS,"{""pixel_id"": ""831179966599677"", ""custom_event_type"": ""LEAD"", ""smart_pse_enabled"": false}","{""attribution_windows"": [""1d_click""], ""conversions"": 0, ""last_sig_edit_ts"": 1789274663, ""status"": ""LEARNING""}",2026-09-12T22:09:12-0400,2026-09-12T22:09:12-0400,"[{""event_type"": ""CLICK_THROUGH"", ""window_days"": 1}]",6.47,25,1,258.8,4.0,6.47,0,0,0,1,,,,"O: observed session IDs, not verified people; C: reconciled completed intakes, including returns; V: form versions changed Sep18",,,,
AD SET,120251080551030660,CT Themes 20260913 | hvac__free_gen,120251080550890660,ACTIVE,CAMPAIGN_PAUSED,"{""age_max"": 65, ""age_min"": 18, ""geo_locations"": {""regions"": [{""key"": ""3843"", ""name"": ""Alabama"", ""country"": ""US""}, {""key"": ""3844"", ""name"": ""Alaska"", ""country"": ""US""}, {""key"": ""3845"", ""name"": ""Arizona"", ""country"": ""US""}, {""key"": ""3846"", ""name"": ""Arkansas"", ""country"": ""US""}, {""key"": ""3848"", ""name"": ""Colorado"", ""country"": ""US""}, {""key"": ""3849"", ""name"": ""Connecticut"", ""country"": ""US""}, {""key"": ""3850"", ""name"": ""Delaware"", ""country"": ""US""}, {""key"": ""3853"", ""name"": ""Georgia"", ""country"": ""US""}, {""key"": ""3854"", ""name"": ""Hawaii"", ""country"": ""US""}, {""key"": ""3855"", ""name"": ""Idaho"", ""country"": ""US""}, {""key"": ""3856"", ""name"": ""Illinois"", ""country"": ""US""}, {""key"": ""3857"", ""name"": ""Indiana"", ""country"": ""US""}, {""key"": ""3858"", ""name"": ""Iowa"", ""country"": ""US""}, {""key"": ""3859"", ""name"": ""Kansas"", ""country"": ""US""}, {""key"": ""3860"", ""name"": ""Kentucky"", ""country"": ""US""}, {""key"": ""3861"", ""name"": ""Louisiana"", ""country"": ""US""}, {""key"": ""3862"", ""name"": ""Maine"", ""country"": ""US""}, {""key"": ""3863"", ""name"": ""Maryland"", ""country"": ""US""}, {""key"": ""3864"", ""name"": ""Massachusetts"", ""country"": ""US""}, {""key"": ""3866"", ""name"": ""Minnesota"", ""country"": ""US""}, {""key"": ""3867"", ""name"": ""Mississippi"", ""country"": ""US""}, {""key"": ""3868"", ""name"": ""Missouri"", ""country"": ""US""}, {""key"": ""3869"", ""name"": ""Montana"", ""country"": ""US""}, {""key"": ""3870"", ""name"": ""Nebraska"", ""country"": ""US""}, {""key"": ""3871"", ""name"": ""Nevada"", ""country"": ""US""}, {""key"": ""3872"", ""name"": ""New Hampshire"", ""country"": ""US""}, {""key"": ""3873"", ""name"": ""New Jersey"", ""country"": ""US""}, {""key"": ""3874"", ""name"": ""New Mexico"", ""country"": ""US""}, {""key"": ""3876"", ""name"": ""North Carolina"", ""country"": ""US""}, {""key"": ""3877"", ""name"": ""North Dakota"", ""country"": ""US""}, {""key"": ""3878"", ""name"": ""Ohio"", ""country"": ""US""}, {""key"": ""3879"", ""name"": ""Oklahoma"", ""country"": ""US""}, {""key"": ""3880"", ""name"": ""Oregon"", ""country"": ""US""}, {""key"": ""3881"", ""name"": ""Pennsylvania"", ""country"": ""US""}, {""key"": ""3882"", ""name"": ""Rhode Island"", ""country"": ""US""}, {""key"": ""3883"", ""name"": ""South Carolina"", ""country"": ""US""}, {""key"": ""3884"", ""name"": ""South Dakota"", ""country"": ""US""}, {""key"": ""3885"", ""name"": ""Tennessee"", ""country"": ""US""}, {""key"": ""3886"", ""name"": ""Texas"", ""country"": ""US""}, {""key"": ""3887"", ""name"": ""Utah"", ""country"": ""US""}, {""key"": ""3888"", ""name"": ""Vermont"", ""country"": ""US""}, {""key"": ""3889"", ""name"": ""Virginia"", ""country"": ""US""}, {""key"": ""3891"", ""name"": ""West Virginia"", ""country"": ""US""}, {""key"": ""3892"", ""name"": ""Wisconsin"", ""country"": ""US""}, {""key"": ""3893"", ""name"": ""Wyoming"", ""country"": ""US""}], ""location_types"": [""frequently_in"", ""home""]}, ""targeting_automation"": {""advantage_audience"": 1}, ""publisher_platforms"": [""facebook"", ""instagram""], ""facebook_positions"": [""feed""], ""instagram_positions"": [""stream""]}",OFFSITE_CONVERSIONS,"{""pixel_id"": ""831179966599677"", ""custom_event_type"": ""LEAD"", ""smart_pse_enabled"": false}","{""attribution_windows"": [""1d_click""], ""last_sig_edit_ts"": 1789276856}",2026-09-12T22:09:10-0400,2026-09-12T22:09:10-0400,"[{""event_type"": ""CLICK_THROUGH"", ""window_days"": 1}]",2.17,23,0,94.35,0.0,,0,0,0,0,,,,"O: observed session IDs, not verified people; C: reconciled completed intakes, including returns; V: form versions changed Sep18",,,,
AD SET,120251056378500660,2026-09-11 - ROOFERS free outreach offer - LEAD,120250602165530660,PAUSED,PAUSED,"{""age_max"": 65, ""age_min"": 18, ""geo_locations"": {""regions"": [{""key"": ""3843"", ""name"": ""Alabama"", ""country"": ""US""}, {""key"": ""3844"", ""name"": ""Alaska"", ""country"": ""US""}, {""key"": ""3845"", ""name"": ""Arizona"", ""country"": ""US""}, {""key"": ""3846"", ""name"": ""Arkansas"", ""country"": ""US""}, {""key"": ""3848"", ""name"": ""Colorado"", ""country"": ""US""}, {""key"": ""3849"", ""name"": ""Connecticut"", ""country"": ""US""}, {""key"": ""3850"", ""name"": ""Delaware"", ""country"": ""US""}, {""key"": ""3853"", ""name"": ""Georgia"", ""country"": ""US""}, {""key"": ""3854"", ""name"": ""Hawaii"", ""country"": ""US""}, {""key"": ""3855"", ""name"": ""Idaho"", ""country"": ""US""}, {""key"": ""3856"", ""name"": ""Illinois"", ""country"": ""US""}, {""key"": ""3857"", ""name"": ""Indiana"", ""country"": ""US""}, {""key"": ""3858"", ""name"": ""Iowa"", ""country"": ""US""}, {""key"": ""3859"", ""name"": ""Kansas"", ""country"": ""US""}, {""key"": ""3860"", ""name"": ""Kentucky"", ""country"": ""US""}, {""key"": ""3861"", ""name"": ""Louisiana"", ""country"": ""US""}, {""key"": ""3862"", ""name"": ""Maine"", ""country"": ""US""}, {""key"": ""3863"", ""name"": ""Maryland"", ""country"": ""US""}, {""key"": ""3864"", ""name"": ""Massachusetts"", ""country"": ""US""}, {""key"": ""3866"", ""name"": ""Minnesota"", ""country"": ""US""}, {""key"": ""3867"", ""name"": ""Mississippi"", ""country"": ""US""}, {""key"": ""3868"", ""name"": ""Missouri"", ""country"": ""US""}, {""key"": ""3869"", ""name"": ""Montana"", ""country"": ""US""}, {""key"": ""3870"", ""name"": ""Nebraska"", ""country"": ""US""}, {""key"": ""3871"", ""name"": ""Nevada"", ""country"": ""US""}, {""key"": ""3872"", ""name"": ""New Hampshire"", ""country"": ""US""}, {""key"": ""3873"", ""name"": ""New Jersey"", ""country"": ""US""}, {""key"": ""3874"", ""name"": ""New Mexico"", ""country"": ""US""}, {""key"": ""3876"", ""name"": ""North Carolina"", ""country"": ""US""}, {""key"": ""3877"", ""name"": ""North Dakota"", ""country"": ""US""}, {""key"": ""3878"", ""name"": ""Ohio"", ""country"": ""US""}, {""key"": ""3879"", ""name"": ""Oklahoma"", ""country"": ""US""}, {""key"": ""3880"", ""name"": ""Oregon"", ""country"": ""US""}, {""key"": ""3881"", ""name"": ""Pennsylvania"", ""country"": ""US""}, {""key"": ""3882"", ""name"": ""Rhode Island"", ""country"": ""US""}, {""key"": ""3883"", ""name"": ""South Carolina"", ""country"": ""US""}, {""key"": ""3884"", ""name"": ""South Dakota"", ""country"": ""US""}, {""key"": ""3885"", ""name"": ""Tennessee"", ""country"": ""US""}, {""key"": ""3886"", ""name"": ""Texas"", ""country"": ""US""}, {""key"": ""3887"", ""name"": ""Utah"", ""country"": ""US""}, {""key"": ""3888"", ""name"": ""Vermont"", ""country"": ""US""}, {""key"": ""3889"", ""name"": ""Virginia"", ""country"": ""US""}, {""key"": ""3891"", ""name"": ""West Virginia"", ""country"": ""US""}, {""key"": ""3892"", ""name"": ""Wisconsin"", ""country"": ""US""}, {""key"": ""3893"", ""name"": ""Wyoming"", ""country"": ""US""}], ""location_types"": [""frequently_in"", ""home""]}, ""targeting_automation"": {""advantage_audience"": 1}, ""publisher_platforms"": [""facebook"", ""instagram""], ""facebook_positions"": [""feed""], ""instagram_positions"": [""stream""]}",OFFSITE_CONVERSIONS,"{""pixel_id"": ""831179966599677"", ""custom_event_type"": ""LEAD"", ""smart_pse_enabled"": false}","{""attribution_windows"": [""7d_click""], ""last_sig_edit_ts"": 1789098249}",2026-09-10T23:39:08-0400,2026-09-10T23:39:09-0400,"[{""event_type"": ""CLICK_THROUGH"", ""window_days"": 7}]",141.2,2924,11,48.29,0.376,12.84,0,0,,0,,,,"S: sessions only since Sep12 01:50 ET; F: starts not historically recorded; C: reconciled completed intakes, including returns",,10000,0,LOWEST_COST_WITHOUT_CAP
AD SET,120251054837090660,2026-09-10 - HVAC - submitted LEAD format test,120250602165530660,PAUSED,PAUSED,"{""age_max"": 65, ""age_min"": 18, ""geo_locations"": {""regions"": [{""key"": ""3843"", ""name"": ""Alabama"", ""country"": ""US""}, {""key"": ""3844"", ""name"": ""Alaska"", ""country"": ""US""}, {""key"": ""3845"", ""name"": ""Arizona"", ""country"": ""US""}, {""key"": ""3846"", ""name"": ""Arkansas"", ""country"": ""US""}, {""key"": ""3848"", ""name"": ""Colorado"", ""country"": ""US""}, {""key"": ""3849"", ""name"": ""Connecticut"", ""country"": ""US""}, {""key"": ""3850"", ""name"": ""Delaware"", ""country"": ""US""}, {""key"": ""3853"", ""name"": ""Georgia"", ""country"": ""US""}, {""key"": ""3854"", ""name"": ""Hawaii"", ""country"": ""US""}, {""key"": ""3855"", ""name"": ""Idaho"", ""country"": ""US""}, {""key"": ""3856"", ""name"": ""Illinois"", ""country"": ""US""}, {""key"": ""3857"", ""name"": ""Indiana"", ""country"": ""US""}, {""key"": ""3858"", ""name"": ""Iowa"", ""country"": ""US""}, {""key"": ""3859"", ""name"": ""Kansas"", ""country"": ""US""}, {""key"": ""3860"", ""name"": ""Kentucky"", ""country"": ""US""}, {""key"": ""3861"", ""name"": ""Louisiana"", ""country"": ""US""}, {""key"": ""3862"", ""name"": ""Maine"", ""country"": ""US""}, {""key"": ""3863"", ""name"": ""Maryland"", ""country"": ""US""}, {""key"": ""3864"", ""name"": ""Massachusetts"", ""country"": ""US""}, {""key"": ""3866"", ""name"": ""Minnesota"", ""country"": ""US""}, {""key"": ""3867"", ""name"": ""Mississippi"", ""country"": ""US""}, {""key"": ""3868"", ""name"": ""Missouri"", ""country"": ""US""}, {""key"": ""3869"", ""name"": ""Montana"", ""country"": ""US""}, {""key"": ""3870"", ""name"": ""Nebraska"", ""country"": ""US""}, {""key"": ""3871"", ""name"": ""Nevada"", ""country"": ""US""}, {""key"": ""3872"", ""name"": ""New Hampshire"", ""country"": ""US""}, {""key"": ""3873"", ""name"": ""New Jersey"", ""country"": ""US""}, {""key"": ""3874"", ""name"": ""New Mexico"", ""country"": ""US""}, {""key"": ""3876"", ""name"": ""North Carolina"", ""country"": ""US""}, {""key"": ""3877"", ""name"": ""North Dakota"", ""country"": ""US""}, {""key"": ""3878"", ""name"": ""Ohio"", ""country"": ""US""}, {""key"": ""3879"", ""name"": ""Oklahoma"", ""country"": ""US""}, {""key"": ""3880"", ""name"": ""Oregon"", ""country"": ""US""}, {""key"": ""3881"", ""name"": ""Pennsylvania"", ""country"": ""US""}, {""key"": ""3882"", ""name"": ""Rhode Island"", ""country"": ""US""}, {""key"": ""3883"", ""name"": ""South Carolina"", ""country"": ""US""}, {""key"": ""3884"", ""name"": ""South Dakota"", ""country"": ""US""}, {""key"": ""3885"", ""name"": ""Tennessee"", ""country"": ""US""}, {""key"": ""3886"", ""name"": ""Texas"", ""country"": ""US""}, {""key"": ""3887"", ""name"": ""Utah"", ""country"": ""US""}, {""key"": ""3888"", ""name"": ""Vermont"", ""country"": ""US""}, {""key"": ""3889"", ""name"": ""Virginia"", ""country"": ""US""}, {""key"": ""3891"", ""name"": ""West Virginia"", ""country"": ""US""}, {""key"": ""3892"", ""name"": ""Wisconsin"", ""country"": ""US""}, {""key"": ""3893"", ""name"": ""Wyoming"", ""country"": ""US""}], ""location_types"": [""frequently_in"", ""home""]}, ""targeting_automation"": {""advantage_audience"": 1}, ""publisher_platforms"": [""facebook"", ""instagram""], ""facebook_positions"": [""feed""], ""instagram_positions"": [""stream""]}",OFFSITE_CONVERSIONS,"{""pixel_id"": ""831179966599677"", ""custom_event_type"": ""LEAD"", ""smart_pse_enabled"": false}","{""attribution_windows"": [""7d_click""], ""last_sig_edit_ts"": 1789088929}",2026-09-10T21:07:04-0400,2026-09-10T21:07:04-0400,"[{""event_type"": ""CLICK_THROUGH"", ""window_days"": 7}]",94.68,2036,6,46.5,0.295,15.78,0,0,,0,,,,"S: sessions only since Sep12 01:50 ET; F: starts not historically recorded; C: reconciled completed intakes, including returns",,6000,0,LOWEST_COST_WITHOUT_CAP
AD SET,120251054836800660,2026-09-10 - PLUMBING - submitted LEAD format test,120250602165530660,PAUSED,PAUSED,"{""age_max"": 65, ""age_min"": 18, ""geo_locations"": {""regions"": [{""key"": ""3843"", ""name"": ""Alabama"", ""country"": ""US""}, {""key"": ""3844"", ""name"": ""Alaska"", ""country"": ""US""}, {""key"": ""3845"", ""name"": ""Arizona"", ""country"": ""US""}, {""key"": ""3846"", ""name"": ""Arkansas"", ""country"": ""US""}, {""key"": ""3848"", ""name"": ""Colorado"", ""country"": ""US""}, {""key"": ""3849"", ""name"": ""Connecticut"", ""country"": ""US""}, {""key"": ""3850"", ""name"": ""Delaware"", ""country"": ""US""}, {""key"": ""3853"", ""name"": ""Georgia"", ""country"": ""US""}, {""key"": ""3854"", ""name"": ""Hawaii"", ""country"": ""US""}, {""key"": ""3855"", ""name"": ""Idaho"", ""country"": ""US""}, {""key"": ""3856"", ""name"": ""Illinois"", ""country"": ""US""}, {""key"": ""3857"", ""name"": ""Indiana"", ""country"": ""US""}, {""key"": ""3858"", ""name"": ""Iowa"", ""country"": ""US""}, {""key"": ""3859"", ""name"": ""Kansas"", ""country"": ""US""}, {""key"": ""3860"", ""name"": ""Kentucky"", ""country"": ""US""}, {""key"": ""3861"", ""name"": ""Louisiana"", ""country"": ""US""}, {""key"": ""3862"", ""name"": ""Maine"", ""country"": ""US""}, {""key"": ""3863"", ""name"": ""Maryland"", ""country"": ""US""}, {""key"": ""3864"", ""name"": ""Massachusetts"", ""country"": ""US""}, {""key"": ""3866"", ""name"": ""Minnesota"", ""country"": ""US""}, {""key"": ""3867"", ""name"": ""Mississippi"", ""country"": ""US""}, {""key"": ""3868"", ""name"": ""Missouri"", ""country"": ""US""}, {""key"": ""3869"", ""name"": ""Montana"", ""country"": ""US""}, {""key"": ""3870"", ""name"": ""Nebraska"", ""country"": ""US""}, {""key"": ""3871"", ""name"": ""Nevada"", ""country"": ""US""}, {""key"": ""3872"", ""name"": ""New Hampshire"", ""country"": ""US""}, {""key"": ""3873"", ""name"": ""New Jersey"", ""country"": ""US""}, {""key"": ""3874"", ""name"": ""New Mexico"", ""country"": ""US""}, {""key"": ""3876"", ""name"": ""North Carolina"", ""country"": ""US""}, {""key"": ""3877"", ""name"": ""North Dakota"", ""country"": ""US""}, {""key"": ""3878"", ""name"": ""Ohio"", ""country"": ""US""}, {""key"": ""3879"", ""name"": ""Oklahoma"", ""country"": ""US""}, {""key"": ""3880"", ""name"": ""Oregon"", ""country"": ""US""}, {""key"": ""3881"", ""name"": ""Pennsylvania"", ""country"": ""US""}, {""key"": ""3882"", ""name"": ""Rhode Island"", ""country"": ""US""}, {""key"": ""3883"", ""name"": ""South Carolina"", ""country"": ""US""}, {""key"": ""3884"", ""name"": ""South Dakota"", ""country"": ""US""}, {""key"": ""3885"", ""name"": ""Tennessee"", ""country"": ""US""}, {""key"": ""3886"", ""name"": ""Texas"", ""country"": ""US""}, {""key"": ""3887"", ""name"": ""Utah"", ""country"": ""US""}, {""key"": ""3888"", ""name"": ""Vermont"", ""country"": ""US""}, {""key"": ""3889"", ""name"": ""Virginia"", ""country"": ""US""}, {""key"": ""3891"", ""name"": ""West Virginia"", ""country"": ""US""}, {""key"": ""3892"", ""name"": ""Wisconsin"", ""country"": ""US""}, {""key"": ""3893"", ""name"": ""Wyoming"", ""country"": ""US""}], ""location_types"": [""frequently_in"", ""home""]}, ""targeting_automation"": {""advantage_audience"": 1}, ""publisher_platforms"": [""facebook"", ""instagram""], ""facebook_positions"": [""feed""], ""instagram_positions"": [""stream""]}",OFFSITE_CONVERSIONS,"{""pixel_id"": ""831179966599677"", ""custom_event_type"": ""LEAD"", ""smart_pse_enabled"": false}","{""attribution_windows"": [""7d_click""], ""last_sig_edit_ts"": 1789088928}",2026-09-10T21:07:02-0400,2026-09-10T21:07:02-0400,"[{""event_type"": ""CLICK_THROUGH"", ""window_days"": 7}]",79.16,1558,8,50.81,0.513,9.89,0,0,,0,,,,"S: sessions only since Sep12 01:50 ET; F: starts not historically recorded; C: reconciled completed intakes, including returns",,5000,0,LOWEST_COST_WITHOUT_CAP
AD SET,120251054836510660,2026-09-10 - HANDYMAN - submitted LEAD format test,120250602165530660,PAUSED,PAUSED,"{""age_max"": 65, ""age_min"": 18, ""geo_locations"": {""regions"": [{""key"": ""3843"", ""name"": ""Alabama"", ""country"": ""US""}, {""key"": ""3844"", ""name"": ""Alaska"", ""country"": ""US""}, {""key"": ""3845"", ""name"": ""Arizona"", ""country"": ""US""}, {""key"": ""3846"", ""name"": ""Arkansas"", ""country"": ""US""}, {""key"": ""3848"", ""name"": ""Colorado"", ""country"": ""US""}, {""key"": ""3849"", ""name"": ""Connecticut"", ""country"": ""US""}, {""key"": ""3850"", ""name"": ""Delaware"", ""country"": ""US""}, {""key"": ""3853"", ""name"": ""Georgia"", ""country"": ""US""}, {""key"": ""3854"", ""name"": ""Hawaii"", ""country"": ""US""}, {""key"": ""3855"", ""name"": ""Idaho"", ""country"": ""US""}, {""key"": ""3856"", ""name"": ""Illinois"", ""country"": ""US""}, {""key"": ""3857"", ""name"": ""Indiana"", ""country"": ""US""}, {""key"": ""3858"", ""name"": ""Iowa"", ""country"": ""US""}, {""key"": ""3859"", ""name"": ""Kansas"", ""country"": ""US""}, {""key"": ""3860"", ""name"": ""Kentucky"", ""country"": ""US""}, {""key"": ""3861"", ""name"": ""Louisiana"", ""country"": ""US""}, {""key"": ""3862"", ""name"": ""Maine"", ""country"": ""US""}, {""key"": ""3863"", ""name"": ""Maryland"", ""country"": ""US""}, {""key"": ""3864"", ""name"": ""Massachusetts"", ""country"": ""US""}, {""key"": ""3866"", ""name"": ""Minnesota"", ""country"": ""US""}, {""key"": ""3867"", ""name"": ""Mississippi"", ""country"": ""US""}, {""key"": ""3868"", ""name"": ""Missouri"", ""country"": ""US""}, {""key"": ""3869"", ""name"": ""Montana"", ""country"": ""US""}, {""key"": ""3870"", ""name"": ""Nebraska"", ""country"": ""US""}, {""key"": ""3871"", ""name"": ""Nevada"", ""country"": ""US""}, {""key"": ""3872"", ""name"": ""New Hampshire"", ""country"": ""US""}, {""key"": ""3873"", ""name"": ""New Jersey"", ""country"": ""US""}, {""key"": ""3874"", ""name"": ""New Mexico"", ""country"": ""US""}, {""key"": ""3876"", ""name"": ""North Carolina"", ""country"": ""US""}, {""key"": ""3877"", ""name"": ""North Dakota"", ""country"": ""US""}, {""key"": ""3878"", ""name"": ""Ohio"", ""country"": ""US""}, {""key"": ""3879"", ""name"": ""Oklahoma"", ""country"": ""US""}, {""key"": ""3880"", ""name"": ""Oregon"", ""country"": ""US""}, {""key"": ""3881"", ""name"": ""Pennsylvania"", ""country"": ""US""}, {""key"": ""3882"", ""name"": ""Rhode Island"", ""country"": ""US""}, {""key"": ""3883"", ""name"": ""South Carolina"", ""country"": ""US""}, {""key"": ""3884"", ""name"": ""South Dakota"", ""country"": ""US""}, {""key"": ""3885"", ""name"": ""Tennessee"", ""country"": ""US""}, {""key"": ""3886"", ""name"": ""Texas"", ""country"": ""US""}, {""key"": ""3887"", ""name"": ""Utah"", ""country"": ""US""}, {""key"": ""3888"", ""name"": ""Vermont"", ""country"": ""US""}, {""key"": ""3889"", ""name"": ""Virginia"", ""country"": ""US""}, {""key"": ""3891"", ""name"": ""West Virginia"", ""country"": ""US""}, {""key"": ""3892"", ""name"": ""Wisconsin"", ""country"": ""US""}, {""key"": ""3893"", ""name"": ""Wyoming"", ""country"": ""US""}], ""location_types"": [""frequently_in"", ""home""]}, ""targeting_automation"": {""advantage_audience"": 1}, ""publisher_platforms"": [""facebook"", ""instagram""], ""facebook_positions"": [""feed""], ""instagram_positions"": [""stream""]}",OFFSITE_CONVERSIONS,"{""pixel_id"": ""831179966599677"", ""custom_event_type"": ""LEAD"", ""smart_pse_enabled"": false}","{""attribution_windows"": [""7d_click""], ""last_sig_edit_ts"": 1789088927}",2026-09-10T21:07:00-0400,2026-09-10T21:07:00-0400,"[{""event_type"": ""CLICK_THROUGH"", ""window_days"": 7}]",75.51,1009,6,74.84,0.595,12.59,0,0,,0,,,,"S: sessions only since Sep12 01:50 ET; F: starts not historically recorded; C: reconciled completed intakes, including returns",,4000,0,LOWEST_COST_WITHOUT_CAP
AD SET,120251054835790660,2026-09-10 - PAINTING - submitted LEAD format test,120250602165530660,PAUSED,PAUSED,"{""age_max"": 65, ""age_min"": 18, ""geo_locations"": {""regions"": [{""key"": ""3843"", ""name"": ""Alabama"", ""country"": ""US""}, {""key"": ""3844"", ""name"": ""Alaska"", ""country"": ""US""}, {""key"": ""3845"", ""name"": ""Arizona"", ""country"": ""US""}, {""key"": ""3846"", ""name"": ""Arkansas"", ""country"": ""US""}, {""key"": ""3848"", ""name"": ""Colorado"", ""country"": ""US""}, {""key"": ""3849"", ""name"": ""Connecticut"", ""country"": ""US""}, {""key"": ""3850"", ""name"": ""Delaware"", ""country"": ""US""}, {""key"": ""3853"", ""name"": ""Georgia"", ""country"": ""US""}, {""key"": ""3854"", ""name"": ""Hawaii"", ""country"": ""US""}, {""key"": ""3855"", ""name"": ""Idaho"", ""country"": ""US""}, {""key"": ""3856"", ""name"": ""Illinois"", ""country"": ""US""}, {""key"": ""3857"", ""name"": ""Indiana"", ""country"": ""US""}, {""key"": ""3858"", ""name"": ""Iowa"", ""country"": ""US""}, {""key"": ""3859"", ""name"": ""Kansas"", ""country"": ""US""}, {""key"": ""3860"", ""name"": ""Kentucky"", ""country"": ""US""}, {""key"": ""3861"", ""name"": ""Louisiana"", ""country"": ""US""}, {""key"": ""3862"", ""name"": ""Maine"", ""country"": ""US""}, {""key"": ""3863"", ""name"": ""Maryland"", ""country"": ""US""}, {""key"": ""3864"", ""name"": ""Massachusetts"", ""country"": ""US""}, {""key"": ""3866"", ""name"": ""Minnesota"", ""country"": ""US""}, {""key"": ""3867"", ""name"": ""Mississippi"", ""country"": ""US""}, {""key"": ""3868"", ""name"": ""Missouri"", ""country"": ""US""}, {""key"": ""3869"", ""name"": ""Montana"", ""country"": ""US""}, {""key"": ""3870"", ""name"": ""Nebraska"", ""country"": ""US""}, {""key"": ""3871"", ""name"": ""Nevada"", ""country"": ""US""}, {""key"": ""3872"", ""name"": ""New Hampshire"", ""country"": ""US""}, {""key"": ""3873"", ""name"": ""New Jersey"", ""country"": ""US""}, {""key"": ""3874"", ""name"": ""New Mexico"", ""country"": ""US""}, {""key"": ""3876"", ""name"": ""North Carolina"", ""country"": ""US""}, {""key"": ""3877"", ""name"": ""North Dakota"", ""country"": ""US""}, {""key"": ""3878"", ""name"": ""Ohio"", ""country"": ""US""}, {""key"": ""3879"", ""name"": ""Oklahoma"", ""country"": ""US""}, {""key"": ""3880"", ""name"": ""Oregon"", ""country"": ""US""}, {""key"": ""3881"", ""name"": ""Pennsylvania"", ""country"": ""US""}, {""key"": ""3882"", ""name"": ""Rhode Island"", ""country"": ""US""}, {""key"": ""3883"", ""name"": ""South Carolina"", ""country"": ""US""}, {""key"": ""3884"", ""name"": ""South Dakota"", ""country"": ""US""}, {""key"": ""3885"", ""name"": ""Tennessee"", ""country"": ""US""}, {""key"": ""3886"", ""name"": ""Texas"", ""country"": ""US""}, {""key"": ""3887"", ""name"": ""Utah"", ""country"": ""US""}, {""key"": ""3888"", ""name"": ""Vermont"", ""country"": ""US""}, {""key"": ""3889"", ""name"": ""Virginia"", ""country"": ""US""}, {""key"": ""3891"", ""name"": ""West Virginia"", ""country"": ""US""}, {""key"": ""3892"", ""name"": ""Wisconsin"", ""country"": ""US""}, {""key"": ""3893"", ""name"": ""Wyoming"", ""country"": ""US""}], ""location_types"": [""frequently_in"", ""home""]}, ""targeting_automation"": {""advantage_audience"": 1}, ""publisher_platforms"": [""facebook"", ""instagram""], ""facebook_positions"": [""feed""], ""instagram_positions"": [""stream""]}",OFFSITE_CONVERSIONS,"{""pixel_id"": ""831179966599677"", ""custom_event_type"": ""LEAD"", ""smart_pse_enabled"": false}","{""attribution_windows"": [""7d_click""], ""last_sig_edit_ts"": 1789088926}",2026-09-10T21:06:58-0400,2026-09-10T21:06:58-0400,"[{""event_type"": ""CLICK_THROUGH"", ""window_days"": 7}]",74.43,1475,7,50.46,0.475,10.63,1,1,,0,74.43,74.43,,"S: sessions only since Sep12 01:50 ET; F: starts not historically recorded; C: reconciled completed intakes, including returns",,5000,0,LOWEST_COST_WITHOUT_CAP
AD SET,120251012010590660,2026-09-09 - TREE - submitted LEAD test,120250602165530660,PAUSED,PAUSED,"{""age_max"": 65, ""age_min"": 18, ""geo_locations"": {""regions"": [{""key"": ""3843"", ""name"": ""Alabama"", ""country"": ""US""}, {""key"": ""3844"", ""name"": ""Alaska"", ""country"": ""US""}, {""key"": ""3845"", ""name"": ""Arizona"", ""country"": ""US""}, {""key"": ""3846"", ""name"": ""Arkansas"", ""country"": ""US""}, {""key"": ""3848"", ""name"": ""Colorado"", ""country"": ""US""}, {""key"": ""3849"", ""name"": ""Connecticut"", ""country"": ""US""}, {""key"": ""3850"", ""name"": ""Delaware"", ""country"": ""US""}, {""key"": ""3853"", ""name"": ""Georgia"", ""country"": ""US""}, {""key"": ""3854"", ""name"": ""Hawaii"", ""country"": ""US""}, {""key"": ""3855"", ""name"": ""Idaho"", ""country"": ""US""}, {""key"": ""3856"", ""name"": ""Illinois"", ""country"": ""US""}, {""key"": ""3857"", ""name"": ""Indiana"", ""country"": ""US""}, {""key"": ""3858"", ""name"": ""Iowa"", ""country"": ""US""}, {""key"": ""3859"", ""name"": ""Kansas"", ""country"": ""US""}, {""key"": ""3860"", ""name"": ""Kentucky"", ""country"": ""US""}, {""key"": ""3861"", ""name"": ""Louisiana"", ""country"": ""US""}, {""key"": ""3862"", ""name"": ""Maine"", ""country"": ""US""}, {""key"": ""3863"", ""name"": ""Maryland"", ""country"": ""US""}, {""key"": ""3864"", ""name"": ""Massachusetts"", ""country"": ""US""}, {""key"": ""3866"", ""name"": ""Minnesota"", ""country"": ""US""}, {""key"": ""3867"", ""name"": ""Mississippi"", ""country"": ""US""}, {""key"": ""3868"", ""name"": ""Missouri"", ""country"": ""US""}, {""key"": ""3869"", ""name"": ""Montana"", ""country"": ""US""}, {""key"": ""3870"", ""name"": ""Nebraska"", ""country"": ""US""}, {""key"": ""3871"", ""name"": ""Nevada"", ""country"": ""US""}, {""key"": ""3872"", ""name"": ""New Hampshire"", ""country"": ""US""}, {""key"": ""3873"", ""name"": ""New Jersey"", ""country"": ""US""}, {""key"": ""3874"", ""name"": ""New Mexico"", ""country"": ""US""}, {""key"": ""3876"", ""name"": ""North Carolina"", ""country"": ""US""}, {""key"": ""3877"", ""name"": ""North Dakota"", ""country"": ""US""}, {""key"": ""3878"", ""name"": ""Ohio"", ""country"": ""US""}, {""key"": ""3879"", ""name"": ""Oklahoma"", ""country"": ""US""}, {""key"": ""3880"", ""name"": ""Oregon"", ""country"": ""US""}, {""key"": ""3881"", ""name"": ""Pennsylvania"", ""country"": ""US""}, {""key"": ""3882"", ""name"": ""Rhode Island"", ""country"": ""US""}, {""key"": ""3883"", ""name"": ""South Carolina"", ""country"": ""US""}, {""key"": ""3884"", ""name"": ""South Dakota"", ""country"": ""US""}, {""key"": ""3885"", ""name"": ""Tennessee"", ""country"": ""US""}, {""key"": ""3886"", ""name"": ""Texas"", ""country"": ""US""}, {""key"": ""3887"", ""name"": ""Utah"", ""country"": ""US""}, {""key"": ""3888"", ""name"": ""Vermont"", ""country"": ""US""}, {""key"": ""3889"", ""name"": ""Virginia"", ""country"": ""US""}, {""key"": ""3891"", ""name"": ""West Virginia"", ""country"": ""US""}, {""key"": ""3892"", ""name"": ""Wisconsin"", ""country"": ""US""}, {""key"": ""3893"", ""name"": ""Wyoming"", ""country"": ""US""}], ""location_types"": [""frequently_in"", ""home""]}, ""targeting_automation"": {""advantage_audience"": 1}, ""publisher_platforms"": [""facebook"", ""instagram""], ""facebook_positions"": [""feed""], ""instagram_positions"": [""stream""]}",OFFSITE_CONVERSIONS,"{""pixel_id"": ""831179966599677"", ""custom_event_type"": ""LEAD"", ""smart_pse_enabled"": false}","{""attribution_windows"": [""7d_click""], ""last_sig_edit_ts"": 1788929673}",2026-09-09T00:35:37-0400,2026-09-09T00:35:38-0400,"[{""event_type"": ""CLICK_THROUGH"", ""window_days"": 7}]",84.5,2278,17,37.09,0.746,4.97,1,1,,0,84.5,84.5,,"S: sessions only since Sep12 01:50 ET; F: starts not historically recorded; C: reconciled completed intakes, including returns",,4000,0,LOWEST_COST_WITHOUT_CAP
AD SET,120251012010260660,2026-09-09 - ROOF - submitted LEAD test,120250602165530660,ACTIVE,ACTIVE,"{""age_max"": 65, ""age_min"": 18, ""geo_locations"": {""regions"": [{""key"": ""3843"", ""name"": ""Alabama"", ""country"": ""US""}, {""key"": ""3844"", ""name"": ""Alaska"", ""country"": ""US""}, {""key"": ""3845"", ""name"": ""Arizona"", ""country"": ""US""}, {""key"": ""3846"", ""name"": ""Arkansas"", ""country"": ""US""}, {""key"": ""3848"", ""name"": ""Colorado"", ""country"": ""US""}, {""key"": ""3849"", ""name"": ""Connecticut"", ""country"": ""US""}, {""key"": ""3850"", ""name"": ""Delaware"", ""country"": ""US""}, {""key"": ""3853"", ""name"": ""Georgia"", ""country"": ""US""}, {""key"": ""3854"", ""name"": ""Hawaii"", ""country"": ""US""}, {""key"": ""3855"", ""name"": ""Idaho"", ""country"": ""US""}, {""key"": ""3856"", ""name"": ""Illinois"", ""country"": ""US""}, {""key"": ""3857"", ""name"": ""Indiana"", ""country"": ""US""}, {""key"": ""3858"", ""name"": ""Iowa"", ""country"": ""US""}, {""key"": ""3859"", ""name"": ""Kansas"", ""country"": ""US""}, {""key"": ""3860"", ""name"": ""Kentucky"", ""country"": ""US""}, {""key"": ""3861"", ""name"": ""Louisiana"", ""country"": ""US""}, {""key"": ""3862"", ""name"": ""Maine"", ""country"": ""US""}, {""key"": ""3863"", ""name"": ""Maryland"", ""country"": ""US""}, {""key"": ""3864"", ""name"": ""Massachusetts"", ""country"": ""US""}, {""key"": ""3866"", ""name"": ""Minnesota"", ""country"": ""US""}, {""key"": ""3867"", ""name"": ""Mississippi"", ""country"": ""US""}, {""key"": ""3868"", ""name"": ""Missouri"", ""country"": ""US""}, {""key"": ""3869"", ""name"": ""Montana"", ""country"": ""US""}, {""key"": ""3870"", ""name"": ""Nebraska"", ""country"": ""US""}, {""key"": ""3871"", ""name"": ""Nevada"", ""country"": ""US""}, {""key"": ""3872"", ""name"": ""New Hampshire"", ""country"": ""US""}, {""key"": ""3873"", ""name"": ""New Jersey"", ""country"": ""US""}, {""key"": ""3874"", ""name"": ""New Mexico"", ""country"": ""US""}, {""key"": ""3876"", ""name"": ""North Carolina"", ""country"": ""US""}, {""key"": ""3877"", ""name"": ""North Dakota"", ""country"": ""US""}, {""key"": ""3878"", ""name"": ""Ohio"", ""country"": ""US""}, {""key"": ""3879"", ""name"": ""Oklahoma"", ""country"": ""US""}, {""key"": ""3880"", ""name"": ""Oregon"", ""country"": ""US""}, {""key"": ""3881"", ""name"": ""Pennsylvania"", ""country"": ""US""}, {""key"": ""3882"", ""name"": ""Rhode Island"", ""country"": ""US""}, {""key"": ""3883"", ""name"": ""South Carolina"", ""country"": ""US""}, {""key"": ""3884"", ""name"": ""South Dakota"", ""country"": ""US""}, {""key"": ""3885"", ""name"": ""Tennessee"", ""country"": ""US""}, {""key"": ""3886"", ""name"": ""Texas"", ""country"": ""US""}, {""key"": ""3887"", ""name"": ""Utah"", ""country"": ""US""}, {""key"": ""3888"", ""name"": ""Vermont"", ""country"": ""US""}, {""key"": ""3889"", ""name"": ""Virginia"", ""country"": ""US""}, {""key"": ""3891"", ""name"": ""West Virginia"", ""country"": ""US""}, {""key"": ""3892"", ""name"": ""Wisconsin"", ""country"": ""US""}, {""key"": ""3893"", ""name"": ""Wyoming"", ""country"": ""US""}], ""location_types"": [""frequently_in"", ""home""]}, ""targeting_automation"": {""advantage_audience"": 1}, ""publisher_platforms"": [""facebook"", ""instagram""], ""facebook_positions"": [""feed""], ""instagram_positions"": [""stream""]}",OFFSITE_CONVERSIONS,"{""pixel_id"": ""831179966599677"", ""custom_event_type"": ""LEAD"", ""smart_pse_enabled"": false}","{""attribution_windows"": [""7d_click""], ""conversions"": 13, ""last_sig_edit_ts"": 1788929672, ""status"": ""FAIL""}",2026-09-09T00:35:36-0400,2026-09-09T00:35:36-0400,"[{""event_type"": ""CLICK_THROUGH"", ""window_days"": 7}]",584.19,13181,75,44.32,0.569,7.79,7,7,,32,83.46,83.46,,"S: sessions only since Sep12 01:50 ET; F: starts not historically recorded; C: reconciled completed intakes, including returns",,4390,0,LOWEST_COST_WITHOUT_CAP
AD SET,120251012009850660,2026-09-09 - REMODELER - submitted LEAD test,120250602165530660,ACTIVE,ACTIVE,"{""age_max"": 65, ""age_min"": 18, ""geo_locations"": {""regions"": [{""key"": ""3843"", ""name"": ""Alabama"", ""country"": ""US""}, {""key"": ""3844"", ""name"": ""Alaska"", ""country"": ""US""}, {""key"": ""3845"", ""name"": ""Arizona"", ""country"": ""US""}, {""key"": ""3846"", ""name"": ""Arkansas"", ""country"": ""US""}, {""key"": ""3848"", ""name"": ""Colorado"", ""country"": ""US""}, {""key"": ""3849"", ""name"": ""Connecticut"", ""country"": ""US""}, {""key"": ""3850"", ""name"": ""Delaware"", ""country"": ""US""}, {""key"": ""3853"", ""name"": ""Georgia"", ""country"": ""US""}, {""key"": ""3854"", ""name"": ""Hawaii"", ""country"": ""US""}, {""key"": ""3855"", ""name"": ""Idaho"", ""country"": ""US""}, {""key"": ""3856"", ""name"": ""Illinois"", ""country"": ""US""}, {""key"": ""3857"", ""name"": ""Indiana"", ""country"": ""US""}, {""key"": ""3858"", ""name"": ""Iowa"", ""country"": ""US""}, {""key"": ""3859"", ""name"": ""Kansas"", ""country"": ""US""}, {""key"": ""3860"", ""name"": ""Kentucky"", ""country"": ""US""}, {""key"": ""3861"", ""name"": ""Louisiana"", ""country"": ""US""}, {""key"": ""3862"", ""name"": ""Maine"", ""country"": ""US""}, {""key"": ""3863"", ""name"": ""Maryland"", ""country"": ""US""}, {""key"": ""3864"", ""name"": ""Massachusetts"", ""country"": ""US""}, {""key"": ""3866"", ""name"": ""Minnesota"", ""country"": ""US""}, {""key"": ""3867"", ""name"": ""Mississippi"", ""country"": ""US""}, {""key"": ""3868"", ""name"": ""Missouri"", ""country"": ""US""}, {""key"": ""3869"", ""name"": ""Montana"", ""country"": ""US""}, {""key"": ""3870"", ""name"": ""Nebraska"", ""country"": ""US""}, {""key"": ""3871"", ""name"": ""Nevada"", ""country"": ""US""}, {""key"": ""3872"", ""name"": ""New Hampshire"", ""country"": ""US""}, {""key"": ""3873"", ""name"": ""New Jersey"", ""country"": ""US""}, {""key"": ""3874"", ""name"": ""New Mexico"", ""country"": ""US""}, {""key"": ""3876"", ""name"": ""North Carolina"", ""country"": ""US""}, {""key"": ""3877"", ""name"": ""North Dakota"", ""country"": ""US""}, {""key"": ""3878"", ""name"": ""Ohio"", ""country"": ""US""}, {""key"": ""3879"", ""name"": ""Oklahoma"", ""country"": ""US""}, {""key"": ""3880"", ""name"": ""Oregon"", ""country"": ""US""}, {""key"": ""3881"", ""name"": ""Pennsylvania"", ""country"": ""US""}, {""key"": ""3882"", ""name"": ""Rhode Island"", ""country"": ""US""}, {""key"": ""3883"", ""name"": ""South Carolina"", ""country"": ""US""}, {""key"": ""3884"", ""name"": ""South Dakota"", ""country"": ""US""}, {""key"": ""3885"", ""name"": ""Tennessee"", ""country"": ""US""}, {""key"": ""3886"", ""name"": ""Texas"", ""country"": ""US""}, {""key"": ""3887"", ""name"": ""Utah"", ""country"": ""US""}, {""key"": ""3888"", ""name"": ""Vermont"", ""country"": ""US""}, {""key"": ""3889"", ""name"": ""Virginia"", ""country"": ""US""}, {""key"": ""3891"", ""name"": ""West Virginia"", ""country"": ""US""}, {""key"": ""3892"", ""name"": ""Wisconsin"", ""country"": ""US""}, {""key"": ""3893"", ""name"": ""Wyoming"", ""country"": ""US""}], ""location_types"": [""frequently_in"", ""home""]}, ""targeting_automation"": {""advantage_audience"": 1}, ""publisher_platforms"": [""facebook"", ""instagram""], ""facebook_positions"": [""feed""], ""instagram_positions"": [""stream""]}",OFFSITE_CONVERSIONS,"{""pixel_id"": ""831179966599677"", ""custom_event_type"": ""LEAD"", ""smart_pse_enabled"": false}","{""attribution_windows"": [""7d_click""], ""conversions"": 9, ""last_sig_edit_ts"": 1788929670, ""status"": ""FAIL""}",2026-09-09T00:35:34-0400,2026-09-09T00:35:34-0400,"[{""event_type"": ""CLICK_THROUGH"", ""window_days"": 7}]",925.2,15762,84,58.7,0.533,11.01,7,7,,52,132.17,132.17,,"S: sessions only since Sep12 01:50 ET; F: starts not historically recorded; C: reconciled completed intakes, including returns",,8780,0,LOWEST_COST_WITHOUT_CAP
AD SET,120251012009570660,2026-09-09 - POOL - submitted LEAD test,120250602165530660,PAUSED,PAUSED,"{""age_max"": 65, ""age_min"": 18, ""geo_locations"": {""regions"": [{""key"": ""3843"", ""name"": ""Alabama"", ""country"": ""US""}, {""key"": ""3844"", ""name"": ""Alaska"", ""country"": ""US""}, {""key"": ""3845"", ""name"": ""Arizona"", ""country"": ""US""}, {""key"": ""3846"", ""name"": ""Arkansas"", ""country"": ""US""}, {""key"": ""3848"", ""name"": ""Colorado"", ""country"": ""US""}, {""key"": ""3849"", ""name"": ""Connecticut"", ""country"": ""US""}, {""key"": ""3850"", ""name"": ""Delaware"", ""country"": ""US""}, {""key"": ""3853"", ""name"": ""Georgia"", ""country"": ""US""}, {""key"": ""3854"", ""name"": ""Hawaii"", ""country"": ""US""}, {""key"": ""3855"", ""name"": ""Idaho"", ""country"": ""US""}, {""key"": ""3856"", ""name"": ""Illinois"", ""country"": ""US""}, {""key"": ""3857"", ""name"": ""Indiana"", ""country"": ""US""}, {""key"": ""3858"", ""name"": ""Iowa"", ""country"": ""US""}, {""key"": ""3859"", ""name"": ""Kansas"", ""country"": ""US""}, {""key"": ""3860"", ""name"": ""Kentucky"", ""country"": ""US""}, {""key"": ""3861"", ""name"": ""Louisiana"", ""country"": ""US""}, {""key"": ""3862"", ""name"": ""Maine"", ""country"": ""US""}, {""key"": ""3863"", ""name"": ""Maryland"", ""country"": ""US""}, {""key"": ""3864"", ""name"": ""Massachusetts"", ""country"": ""US""}, {""key"": ""3866"", ""name"": ""Minnesota"", ""country"": ""US""}, {""key"": ""3867"", ""name"": ""Mississippi"", ""country"": ""US""}, {""key"": ""3868"", ""name"": ""Missouri"", ""country"": ""US""}, {""key"": ""3869"", ""name"": ""Montana"", ""country"": ""US""}, {""key"": ""3870"", ""name"": ""Nebraska"", ""country"": ""US""}, {""key"": ""3871"", ""name"": ""Nevada"", ""country"": ""US""}, {""key"": ""3872"", ""name"": ""New Hampshire"", ""country"": ""US""}, {""key"": ""3873"", ""name"": ""New Jersey"", ""country"": ""US""}, {""key"": ""3874"", ""name"": ""New Mexico"", ""country"": ""US""}, {""key"": ""3876"", ""name"": ""North Carolina"", ""country"": ""US""}, {""key"": ""3877"", ""name"": ""North Dakota"", ""country"": ""US""}, {""key"": ""3878"", ""name"": ""Ohio"", ""country"": ""US""}, {""key"": ""3879"", ""name"": ""Oklahoma"", ""country"": ""US""}, {""key"": ""3880"", ""name"": ""Oregon"", ""country"": ""US""}, {""key"": ""3881"", ""name"": ""Pennsylvania"", ""country"": ""US""}, {""key"": ""3882"", ""name"": ""Rhode Island"", ""country"": ""US""}, {""key"": ""3883"", ""name"": ""South Carolina"", ""country"": ""US""}, {""key"": ""3884"", ""name"": ""South Dakota"", ""country"": ""US""}, {""key"": ""3885"", ""name"": ""Tennessee"", ""country"": ""US""}, {""key"": ""3886"", ""name"": ""Texas"", ""country"": ""US""}, {""key"": ""3887"", ""name"": ""Utah"", ""country"": ""US""}, {""key"": ""3888"", ""name"": ""Vermont"", ""country"": ""US""}, {""key"": ""3889"", ""name"": ""Virginia"", ""country"": ""US""}, {""key"": ""3891"", ""name"": ""West Virginia"", ""country"": ""US""}, {""key"": ""3892"", ""name"": ""Wisconsin"", ""country"": ""US""}, {""key"": ""3893"", ""name"": ""Wyoming"", ""country"": ""US""}], ""location_types"": [""frequently_in"", ""home""]}, ""targeting_automation"": {""advantage_audience"": 1}, ""publisher_platforms"": [""facebook"", ""instagram""], ""facebook_positions"": [""feed""], ""instagram_positions"": [""stream""]}",OFFSITE_CONVERSIONS,"{""pixel_id"": ""831179966599677"", ""custom_event_type"": ""LEAD"", ""smart_pse_enabled"": false}","{""attribution_windows"": [""7d_click""], ""last_sig_edit_ts"": 1789083880}",2026-09-09T00:35:32-0400,2026-09-09T00:35:32-0400,"[{""event_type"": ""CLICK_THROUGH"", ""window_days"": 7}]",2047.54,43504,242,47.07,0.556,8.46,3,2,,123,682.51,1023.77,,"S: sessions only since Sep12 01:50 ET; F: starts not historically recorded; C: reconciled completed intakes, including returns",,20000,0,LOWEST_COST_WITHOUT_CAP
AD SET,120251001156410660,CP Metro - Milwaukee - $20 - Lead,120251001083740660,PAUSED,PAUSED,"{""age_max"": 65, ""age_min"": 18, ""geo_locations"": {""cities"": [{""country"": ""US"", ""distance_unit"": ""mile"", ""key"": ""2547917"", ""name"": ""Milwaukee"", ""radius"": 25, ""region"": ""Wisconsin"", ""region_id"": ""3892""}], ""location_types"": [""frequently_in"", ""home"", ""recent""]}, ""targeting_automation"": {""advantage_audience"": 1}, ""publisher_platforms"": [""facebook"", ""instagram""], ""facebook_positions"": [""feed""], ""instagram_positions"": [""stream""], ""device_platforms"": [""mobile"", ""desktop""]}",OFFSITE_CONVERSIONS,"{""pixel_id"": ""831179966599677"", ""custom_event_type"": ""LEAD"", ""smart_pse_enabled"": false}","{""attribution_windows"": [""7d_click""], ""last_sig_edit_ts"": 1788895915}",2026-09-08T15:25:55-0400,2026-09-08T15:25:55-0400,"[{""event_type"": ""CLICK_THROUGH"", ""window_days"": 7}]",79.89,2676,20,29.85,0.747,3.99,3,3,,0,26.63,26.63,,"S: sessions only since Sep12 01:50 ET; F: starts not historically recorded; C: reconciled completed intakes, including returns",,2000,0,LOWEST_COST_WITHOUT_CAP
AD SET,120251001152940660,CP Metro - Las Vegas - $20 - Lead,120251001083740660,PAUSED,PAUSED,"{""age_max"": 65, ""age_min"": 18, ""geo_locations"": {""cities"": [{""country"": ""US"", ""distance_unit"": ""mile"", ""key"": ""2481714"", ""name"": ""Las Vegas"", ""radius"": 25, ""region"": ""Nevada"", ""region_id"": ""3871""}], ""location_types"": [""frequently_in"", ""home"", ""recent""]}, ""targeting_automation"": {""advantage_audience"": 1}, ""publisher_platforms"": [""facebook"", ""instagram""], ""facebook_positions"": [""feed""], ""instagram_positions"": [""stream""], ""device_platforms"": [""mobile"", ""desktop""]}",OFFSITE_CONVERSIONS,"{""pixel_id"": ""831179966599677"", ""custom_event_type"": ""LEAD"", ""smart_pse_enabled"": false}","{""attribution_windows"": [""7d_click""], ""last_sig_edit_ts"": 1788895915}",2026-09-08T15:25:36-0400,2026-09-08T15:25:37-0400,"[{""event_type"": ""CLICK_THROUGH"", ""window_days"": 7}]",79.39,2112,7,37.59,0.331,11.34,2,2,,0,39.7,39.7,,"S: sessions only since Sep12 01:50 ET; F: starts not historically recorded; C: reconciled completed intakes, including returns",,2000,0,LOWEST_COST_WITHOUT_CAP
AD SET,120251001148890660,CP Metro - Richmond - $20 - Lead,120251001083740660,PAUSED,PAUSED,"{""age_max"": 65, ""age_min"": 18, ""geo_locations"": {""cities"": [{""country"": ""US"", ""distance_unit"": ""mile"", ""key"": ""2538983"", ""name"": ""Richmond"", ""radius"": 25, ""region"": ""Virginia"", ""region_id"": ""3889""}], ""location_types"": [""frequently_in"", ""home"", ""recent""]}, ""targeting_automation"": {""advantage_audience"": 1}, ""publisher_platforms"": [""facebook"", ""instagram""], ""facebook_positions"": [""feed""], ""instagram_positions"": [""stream""], ""device_platforms"": [""mobile"", ""desktop""]}",OFFSITE_CONVERSIONS,"{""pixel_id"": ""831179966599677"", ""custom_event_type"": ""LEAD"", ""smart_pse_enabled"": false}","{""attribution_windows"": [""7d_click""], ""last_sig_edit_ts"": 1788895914}",2026-09-08T15:25:13-0400,2026-09-08T15:25:13-0400,"[{""event_type"": ""CLICK_THROUGH"", ""window_days"": 7}]",76.2,2396,11,31.8,0.459,6.93,2,2,,0,38.1,38.1,,"S: sessions only since Sep12 01:50 ET; F: starts not historically recorded; C: reconciled completed intakes, including returns",,2000,0,LOWEST_COST_WITHOUT_CAP
AD SET,120251001144860660,CP Metro - Minneapolis - $20 - Lead,120251001083740660,PAUSED,PAUSED,"{""age_max"": 65, ""age_min"": 18, ""geo_locations"": {""cities"": [{""country"": ""US"", ""distance_unit"": ""mile"", ""key"": ""2471428"", ""name"": ""Minneapolis"", ""radius"": 25, ""region"": ""Minnesota"", ""region_id"": ""3866""}], ""location_types"": [""frequently_in"", ""home"", ""recent""]}, ""targeting_automation"": {""advantage_audience"": 1}, ""publisher_platforms"": [""facebook"", ""instagram""], ""facebook_positions"": [""feed""], ""instagram_positions"": [""stream""], ""device_platforms"": [""mobile"", ""desktop""]}",OFFSITE_CONVERSIONS,"{""pixel_id"": ""831179966599677"", ""custom_event_type"": ""LEAD"", ""smart_pse_enabled"": false}","{""attribution_windows"": [""7d_click""], ""last_sig_edit_ts"": 1788895915}",2026-09-08T15:24:48-0400,2026-09-08T15:24:48-0400,"[{""event_type"": ""CLICK_THROUGH"", ""window_days"": 7}]",75.83,2203,12,34.42,0.545,6.32,1,1,,0,75.83,75.83,,"S: sessions only since Sep12 01:50 ET; F: starts not historically recorded; C: reconciled completed intakes, including returns",,2000,0,LOWEST_COST_WITHOUT_CAP
AD SET,120251001140100660,CP Metro - Philadelphia - $20 - Lead,120251001083740660,PAUSED,PAUSED,"{""age_max"": 65, ""age_min"": 18, ""geo_locations"": {""cities"": [{""country"": ""US"", ""distance_unit"": ""mile"", ""key"": ""2511940"", ""name"": ""Philadelphia"", ""radius"": 25, ""region"": ""Pennsylvania"", ""region_id"": ""3881""}], ""location_types"": [""frequently_in"", ""home"", ""recent""]}, ""targeting_automation"": {""advantage_audience"": 1}, ""publisher_platforms"": [""facebook"", ""instagram""], ""facebook_positions"": [""feed""], ""instagram_positions"": [""stream""], ""device_platforms"": [""mobile"", ""desktop""]}",OFFSITE_CONVERSIONS,"{""pixel_id"": ""831179966599677"", ""custom_event_type"": ""LEAD"", ""smart_pse_enabled"": false}","{""attribution_windows"": [""7d_click""], ""last_sig_edit_ts"": 1788895915}",2026-09-08T15:24:17-0400,2026-09-08T15:24:17-0400,"[{""event_type"": ""CLICK_THROUGH"", ""window_days"": 7}]",78.31,2032,18,38.54,0.886,4.35,2,1,,0,39.16,78.31,,"S: sessions only since Sep12 01:50 ET; F: starts not historically recorded; C: reconciled completed intakes, including returns",,2000,0,LOWEST_COST_WITHOUT_CAP
AD SET,120251001129720660,CP Metro - Pittsburgh - $20 - Lead,120251001083740660,PAUSED,PAUSED,"{""age_max"": 65, ""age_min"": 18, ""geo_locations"": {""cities"": [{""country"": ""US"", ""distance_unit"": ""mile"", ""key"": ""2512017"", ""name"": ""Pittsburgh"", ""radius"": 25, ""region"": ""Pennsylvania"", ""region_id"": ""3881""}], ""location_types"": [""frequently_in"", ""home"", ""recent""]}, ""targeting_automation"": {""advantage_audience"": 1}, ""publisher_platforms"": [""facebook"", ""instagram""], ""facebook_positions"": [""feed""], ""instagram_positions"": [""stream""], ""device_platforms"": [""mobile"", ""desktop""]}",OFFSITE_CONVERSIONS,"{""pixel_id"": ""831179966599677"", ""custom_event_type"": ""LEAD"", ""smart_pse_enabled"": false}","{""attribution_windows"": [""7d_click""], ""last_sig_edit_ts"": 1788895913}",2026-09-08T15:23:51-0400,2026-09-08T15:23:51-0400,"[{""event_type"": ""CLICK_THROUGH"", ""window_days"": 7}]",79.1,2124,12,37.24,0.565,6.59,2,2,,0,39.55,39.55,,"S: sessions only since Sep12 01:50 ET; F: starts not historically recorded; C: reconciled completed intakes, including returns",,2000,0,LOWEST_COST_WITHOUT_CAP
AD SET,120251001126440660,CP Metro - Cleveland - $20 - Lead,120251001083740660,PAUSED,PAUSED,"{""age_max"": 65, ""age_min"": 18, ""geo_locations"": {""cities"": [{""country"": ""US"", ""distance_unit"": ""mile"", ""key"": ""2498857"", ""name"": ""Cleveland"", ""radius"": 25, ""region"": ""Ohio"", ""region_id"": ""3878""}], ""location_types"": [""frequently_in"", ""home"", ""recent""]}, ""targeting_automation"": {""advantage_audience"": 1}, ""publisher_platforms"": [""facebook"", ""instagram""], ""facebook_positions"": [""feed""], ""instagram_positions"": [""stream""], ""device_platforms"": [""mobile"", ""desktop""]}",OFFSITE_CONVERSIONS,"{""pixel_id"": ""831179966599677"", ""custom_event_type"": ""LEAD"", ""smart_pse_enabled"": false}","{""attribution_windows"": [""7d_click""], ""last_sig_edit_ts"": 1788895913}",2026-09-08T15:23:26-0400,2026-09-08T15:23:26-0400,"[{""event_type"": ""CLICK_THROUGH"", ""window_days"": 7}]",77.84,1562,13,49.83,0.832,5.99,3,3,,0,25.95,25.95,,"S: sessions only since Sep12 01:50 ET; F: starts not historically recorded; C: reconciled completed intakes, including returns",,2000,0,LOWEST_COST_WITHOUT_CAP
AD SET,120251001121210660,CP Metro - Columbus - $20 - Lead,120251001083740660,PAUSED,PAUSED,"{""age_max"": 65, ""age_min"": 18, ""geo_locations"": {""cities"": [{""country"": ""US"", ""distance_unit"": ""mile"", ""key"": ""2498913"", ""name"": ""Columbus"", ""radius"": 25, ""region"": ""Ohio"", ""region_id"": ""3878""}], ""location_types"": [""frequently_in"", ""home"", ""recent""]}, ""targeting_automation"": {""advantage_audience"": 1}, ""publisher_platforms"": [""facebook"", ""instagram""], ""facebook_positions"": [""feed""], ""instagram_positions"": [""stream""], ""device_platforms"": [""mobile"", ""desktop""]}",OFFSITE_CONVERSIONS,"{""pixel_id"": ""831179966599677"", ""custom_event_type"": ""LEAD"", ""smart_pse_enabled"": false}","{""attribution_windows"": [""7d_click""], ""last_sig_edit_ts"": 1788895913}",2026-09-08T15:23:00-0400,2026-09-08T15:23:00-0400,"[{""event_type"": ""CLICK_THROUGH"", ""window_days"": 7}]",77.36,2505,15,30.88,0.599,5.16,1,1,,0,77.36,77.36,,"S: sessions only since Sep12 01:50 ET; F: starts not historically recorded; C: reconciled completed intakes, including returns",,2000,0,LOWEST_COST_WITHOUT_CAP
AD SET,120251001117230660,CP Metro - Indianapolis - $20 - Lead,120251001083740660,PAUSED,PAUSED,"{""age_max"": 65, ""age_min"": 18, ""geo_locations"": {""cities"": [{""country"": ""US"", ""distance_unit"": ""mile"", ""key"": ""2442569"", ""name"": ""Indianapolis"", ""radius"": 25, ""region"": ""Indiana"", ""region_id"": ""3857""}], ""location_types"": [""frequently_in"", ""home"", ""recent""]}, ""targeting_automation"": {""advantage_audience"": 1}, ""publisher_platforms"": [""facebook"", ""instagram""], ""facebook_positions"": [""feed""], ""instagram_positions"": [""stream""], ""device_platforms"": [""mobile"", ""desktop""]}",OFFSITE_CONVERSIONS,"{""pixel_id"": ""831179966599677"", ""custom_event_type"": ""LEAD"", ""smart_pse_enabled"": false}","{""attribution_windows"": [""7d_click""], ""last_sig_edit_ts"": 1788895913}",2026-09-08T15:22:37-0400,2026-09-08T15:22:37-0400,"[{""event_type"": ""CLICK_THROUGH"", ""window_days"": 7}]",79.69,2490,15,32.0,0.602,5.31,0,0,,0,,,,"S: sessions only since Sep12 01:50 ET; F: starts not historically recorded; C: reconciled completed intakes, including returns",,2000,0,LOWEST_COST_WITHOUT_CAP
AD SET,120251001112050660,CP Metro - Chicago - $20 - Lead,120251001083740660,ACTIVE,ACTIVE,"{""age_max"": 65, ""age_min"": 18, ""geo_locations"": {""cities"": [{""country"": ""US"", ""distance_unit"": ""mile"", ""key"": ""2438177"", ""name"": ""Chicago"", ""radius"": 25, ""region"": ""Illinois"", ""region_id"": ""3856""}], ""location_types"": [""frequently_in"", ""home"", ""recent""]}, ""targeting_automation"": {""advantage_audience"": 1}, ""publisher_platforms"": [""facebook"", ""instagram""], ""facebook_positions"": [""feed""], ""instagram_positions"": [""stream""], ""device_platforms"": [""mobile"", ""desktop""]}",OFFSITE_CONVERSIONS,"{""pixel_id"": ""831179966599677"", ""custom_event_type"": ""LEAD"", ""smart_pse_enabled"": false}","{""attribution_windows"": [""7d_click""], ""conversions"": 7, ""last_sig_edit_ts"": 1788895913, ""status"": ""FAIL""}",2026-09-08T15:22:12-0400,2026-09-08T15:22:12-0400,"[{""event_type"": ""CLICK_THROUGH"", ""window_days"": 7}]",214.29,4185,37,51.2,0.884,5.79,9,9,,15,23.81,23.81,,"S: sessions only since Sep12 01:50 ET; F: starts not historically recorded; C: reconciled completed intakes, including returns",,2000,0,LOWEST_COST_WITHOUT_CAP
AD SET,120251001109960660,CP Metro - Denver - $20 - Lead,120251001083740660,PAUSED,PAUSED,"{""age_max"": 65, ""age_min"": 18, ""geo_locations"": {""cities"": [{""country"": ""US"", ""distance_unit"": ""mile"", ""key"": ""2423371"", ""name"": ""Denver"", ""radius"": 25, ""region"": ""Colorado"", ""region_id"": ""3848""}], ""location_types"": [""frequently_in"", ""home"", ""recent""]}, ""targeting_automation"": {""advantage_audience"": 1}, ""publisher_platforms"": [""facebook"", ""instagram""], ""facebook_positions"": [""feed""], ""instagram_positions"": [""stream""], ""device_platforms"": [""mobile"", ""desktop""]}",OFFSITE_CONVERSIONS,"{""pixel_id"": ""831179966599677"", ""custom_event_type"": ""LEAD"", ""smart_pse_enabled"": false}","{""attribution_windows"": [""7d_click""], ""last_sig_edit_ts"": 1788895912}",2026-09-08T15:21:50-0400,2026-09-08T15:21:50-0400,"[{""event_type"": ""CLICK_THROUGH"", ""window_days"": 7}]",77.72,1920,11,40.48,0.573,7.07,0,0,,0,,,,"S: sessions only since Sep12 01:50 ET; F: starts not historically recorded; C: reconciled completed intakes, including returns",,2000,0,LOWEST_COST_WITHOUT_CAP
AD SET,120251001107290660,CP Metro - Phoenix - $20 - Lead,120251001083740660,PAUSED,PAUSED,"{""age_max"": 65, ""age_min"": 18, ""geo_locations"": {""cities"": [{""country"": ""US"", ""distance_unit"": ""mile"", ""key"": ""2413713"", ""name"": ""Phoenix"", ""radius"": 25, ""region"": ""Arizona"", ""region_id"": ""3845""}], ""location_types"": [""frequently_in"", ""home"", ""recent""]}, ""targeting_automation"": {""advantage_audience"": 1}, ""publisher_platforms"": [""facebook"", ""instagram""], ""facebook_positions"": [""feed""], ""instagram_positions"": [""stream""], ""device_platforms"": [""mobile"", ""desktop""]}",OFFSITE_CONVERSIONS,"{""pixel_id"": ""831179966599677"", ""custom_event_type"": ""LEAD"", ""smart_pse_enabled"": false}","{""attribution_windows"": [""7d_click""], ""last_sig_edit_ts"": 1788895912}",2026-09-08T15:21:27-0400,2026-09-08T15:21:27-0400,"[{""event_type"": ""CLICK_THROUGH"", ""window_days"": 7}]",78.1,2045,12,38.19,0.587,6.51,1,1,,0,78.1,78.1,,"S: sessions only since Sep12 01:50 ET; F: starts not historically recorded; C: reconciled completed intakes, including returns",,2000,0,LOWEST_COST_WITHOUT_CAP
AD SET,120251001104000660,CP Metro - Nashville - $20 - Lead,120251001083740660,ACTIVE,ACTIVE,"{""age_max"": 65, ""age_min"": 18, ""geo_locations"": {""cities"": [{""country"": ""US"", ""distance_unit"": ""mile"", ""key"": ""2523484"", ""name"": ""Nashville"", ""radius"": 25, ""region"": ""Tennessee"", ""region_id"": ""3885""}], ""location_types"": [""frequently_in"", ""home"", ""recent""]}, ""targeting_automation"": {""advantage_audience"": 1}, ""publisher_platforms"": [""facebook"", ""instagram""], ""facebook_positions"": [""feed""], ""instagram_positions"": [""stream""], ""device_platforms"": [""mobile"", ""desktop""]}",OFFSITE_CONVERSIONS,"{""pixel_id"": ""831179966599677"", ""custom_event_type"": ""LEAD"", ""smart_pse_enabled"": false}","{""attribution_windows"": [""7d_click""], ""conversions"": 2, ""last_sig_edit_ts"": 1788895912, ""status"": ""FAIL""}",2026-09-08T15:20:58-0400,2026-09-08T15:20:58-0400,"[{""event_type"": ""CLICK_THROUGH"", ""window_days"": 7}]",209.47,5982,24,35.02,0.401,8.73,1,1,,13,209.47,209.47,,"S: sessions only since Sep12 01:50 ET; F: starts not historically recorded; C: reconciled completed intakes, including returns",,2000,0,LOWEST_COST_WITHOUT_CAP
AD SET,120251001101050660,CP Metro - Raleigh - $20 - Lead,120251001083740660,PAUSED,PAUSED,"{""age_max"": 65, ""age_min"": 18, ""geo_locations"": {""cities"": [{""country"": ""US"", ""distance_unit"": ""mile"", ""key"": ""2495894"", ""name"": ""Raleigh"", ""radius"": 25, ""region"": ""North Carolina"", ""region_id"": ""3876""}], ""location_types"": [""frequently_in"", ""home"", ""recent""]}, ""targeting_automation"": {""advantage_audience"": 1}, ""publisher_platforms"": [""facebook"", ""instagram""], ""facebook_positions"": [""feed""], ""instagram_positions"": [""stream""], ""device_platforms"": [""mobile"", ""desktop""]}",OFFSITE_CONVERSIONS,"{""pixel_id"": ""831179966599677"", ""custom_event_type"": ""LEAD"", ""smart_pse_enabled"": false}","{""attribution_windows"": [""7d_click""], ""last_sig_edit_ts"": 1788895912}",2026-09-08T15:20:28-0400,2026-09-08T15:20:28-0400,"[{""event_type"": ""CLICK_THROUGH"", ""window_days"": 7}]",75.96,2152,12,35.3,0.558,6.33,0,0,,0,,,,"S: sessions only since Sep12 01:50 ET; F: starts not historically recorded; C: reconciled completed intakes, including returns",,2000,0,LOWEST_COST_WITHOUT_CAP
AD SET,120251001097460660,CP Metro - Charlotte - $20 - Lead,120251001083740660,PAUSED,PAUSED,"{""age_max"": 65, ""age_min"": 18, ""geo_locations"": {""cities"": [{""country"": ""US"", ""distance_unit"": ""mile"", ""key"": ""2493367"", ""name"": ""Charlotte"", ""radius"": 25, ""region"": ""North Carolina"", ""region_id"": ""3876""}], ""location_types"": [""frequently_in"", ""home"", ""recent""]}, ""targeting_automation"": {""advantage_audience"": 1}, ""publisher_platforms"": [""facebook"", ""instagram""], ""facebook_positions"": [""feed""], ""instagram_positions"": [""stream""], ""device_platforms"": [""mobile"", ""desktop""]}",OFFSITE_CONVERSIONS,"{""pixel_id"": ""831179966599677"", ""custom_event_type"": ""LEAD"", ""smart_pse_enabled"": false}","{""attribution_windows"": [""7d_click""], ""last_sig_edit_ts"": 1788895912}",2026-09-08T15:20:01-0400,2026-09-08T15:20:01-0400,"[{""event_type"": ""CLICK_THROUGH"", ""window_days"": 7}]",75.68,2348,19,32.23,0.809,3.98,0,0,,0,,,,"S: sessions only since Sep12 01:50 ET; F: starts not historically recorded; C: reconciled completed intakes, including returns",,2000,0,LOWEST_COST_WITHOUT_CAP
AD SET,120251001093820660,CP Metro - Atlanta - $20 - Lead,120251001083740660,PAUSED,PAUSED,"{""age_max"": 65, ""age_min"": 18, ""geo_locations"": {""cities"": [{""country"": ""US"", ""distance_unit"": ""mile"", ""key"": ""2430536"", ""name"": ""Atlanta"", ""radius"": 25, ""region"": ""Georgia"", ""region_id"": ""3853""}], ""location_types"": [""frequently_in"", ""home"", ""recent""]}, ""targeting_automation"": {""advantage_audience"": 1}, ""publisher_platforms"": [""facebook"", ""instagram""], ""facebook_positions"": [""feed""], ""instagram_positions"": [""stream""], ""device_platforms"": [""mobile"", ""desktop""]}",OFFSITE_CONVERSIONS,"{""pixel_id"": ""831179966599677"", ""custom_event_type"": ""LEAD"", ""smart_pse_enabled"": false}","{""attribution_windows"": [""7d_click""], ""last_sig_edit_ts"": 1788895911}",2026-09-08T15:19:38-0400,2026-09-08T15:19:38-0400,"[{""event_type"": ""CLICK_THROUGH"", ""window_days"": 7}]",76.78,1837,9,41.8,0.49,8.53,1,1,,0,76.78,76.78,,"S: sessions only since Sep12 01:50 ET; F: starts not historically recorded; C: reconciled completed intakes, including returns",,2000,0,LOWEST_COST_WITHOUT_CAP
AD SET,120251001091900660,CP Metro - San Antonio - $20 - Lead,120251001083740660,PAUSED,PAUSED,"{""age_max"": 65, ""age_min"": 18, ""geo_locations"": {""cities"": [{""country"": ""US"", ""distance_unit"": ""mile"", ""key"": ""2529761"", ""name"": ""San Antonio"", ""radius"": 25, ""region"": ""Texas"", ""region_id"": ""3886""}], ""location_types"": [""frequently_in"", ""home"", ""recent""]}, ""targeting_automation"": {""advantage_audience"": 1}, ""publisher_platforms"": [""facebook"", ""instagram""], ""facebook_positions"": [""feed""], ""instagram_positions"": [""stream""], ""device_platforms"": [""mobile"", ""desktop""]}",OFFSITE_CONVERSIONS,"{""pixel_id"": ""831179966599677"", ""custom_event_type"": ""LEAD"", ""smart_pse_enabled"": false}","{""attribution_windows"": [""7d_click""], ""last_sig_edit_ts"": 1788895911}",2026-09-08T15:19:18-0400,2026-09-08T15:19:18-0400,"[{""event_type"": ""CLICK_THROUGH"", ""window_days"": 7}]",76.83,2131,17,36.05,0.798,4.52,0,0,,0,,,,"S: sessions only since Sep12 01:50 ET; F: starts not historically recorded; C: reconciled completed intakes, including returns",,2000,0,LOWEST_COST_WITHOUT_CAP
AD SET,120251001089630660,CP Metro - Austin - $20 - Lead,120251001083740660,PAUSED,PAUSED,"{""age_max"": 65, ""age_min"": 18, ""geo_locations"": {""cities"": [{""country"": ""US"", ""distance_unit"": ""mile"", ""key"": ""2525495"", ""name"": ""Austin"", ""radius"": 25, ""region"": ""Texas"", ""region_id"": ""3886""}], ""location_types"": [""frequently_in"", ""home"", ""recent""]}, ""targeting_automation"": {""advantage_audience"": 1}, ""publisher_platforms"": [""facebook"", ""instagram""], ""facebook_positions"": [""feed""], ""instagram_positions"": [""stream""], ""device_platforms"": [""mobile"", ""desktop""]}",OFFSITE_CONVERSIONS,"{""pixel_id"": ""831179966599677"", ""custom_event_type"": ""LEAD"", ""smart_pse_enabled"": false}","{""attribution_windows"": [""7d_click""], ""last_sig_edit_ts"": 1788895911}",2026-09-08T15:18:55-0400,2026-09-08T15:18:55-0400,"[{""event_type"": ""CLICK_THROUGH"", ""window_days"": 7}]",77.42,1966,6,39.38,0.305,12.9,2,2,,0,38.71,38.71,,"S: sessions only since Sep12 01:50 ET; F: starts not historically recorded; C: reconciled completed intakes, including returns",,2000,0,LOWEST_COST_WITHOUT_CAP
AD SET,120251001087430660,CP Metro - Houston - $20 - Lead,120251001083740660,PAUSED,PAUSED,"{""age_max"": 65, ""age_min"": 18, ""geo_locations"": {""cities"": [{""country"": ""US"", ""distance_unit"": ""mile"", ""key"": ""2527622"", ""name"": ""Houston"", ""radius"": 25, ""region"": ""Texas"", ""region_id"": ""3886""}], ""location_types"": [""frequently_in"", ""home"", ""recent""]}, ""targeting_automation"": {""advantage_audience"": 1}, ""publisher_platforms"": [""facebook"", ""instagram""], ""facebook_positions"": [""feed""], ""instagram_positions"": [""stream""], ""device_platforms"": [""mobile"", ""desktop""]}",OFFSITE_CONVERSIONS,"{""pixel_id"": ""831179966599677"", ""custom_event_type"": ""LEAD"", ""smart_pse_enabled"": false}","{""attribution_windows"": [""7d_click""], ""last_sig_edit_ts"": 1788895911}",2026-09-08T15:18:28-0400,2026-09-08T15:18:28-0400,"[{""event_type"": ""CLICK_THROUGH"", ""window_days"": 7}]",79.83,2065,11,38.66,0.533,7.26,4,3,,0,19.96,26.61,,"S: sessions only since Sep12 01:50 ET; F: starts not historically recorded; C: reconciled completed intakes, including returns",,2000,0,LOWEST_COST_WITHOUT_CAP
AD SET,120251001084230660,CP Metro - Dallas - $20 - Lead,120251001083740660,PAUSED,PAUSED,"{""age_max"": 65, ""age_min"": 18, ""geo_locations"": {""cities"": [{""country"": ""US"", ""distance_unit"": ""mile"", ""key"": ""2526493"", ""name"": ""Dallas"", ""radius"": 25, ""region"": ""Texas"", ""region_id"": ""3886""}], ""location_types"": [""frequently_in"", ""home"", ""recent""]}, ""targeting_automation"": {""advantage_audience"": 1}, ""publisher_platforms"": [""facebook"", ""instagram""], ""facebook_positions"": [""feed""], ""instagram_positions"": [""stream""], ""device_platforms"": [""mobile"", ""desktop""]}",OFFSITE_CONVERSIONS,"{""pixel_id"": ""831179966599677"", ""custom_event_type"": ""LEAD"", ""smart_pse_enabled"": false}","{""attribution_windows"": [""7d_click""], ""last_sig_edit_ts"": 1788895911}",2026-09-08T15:17:57-0400,2026-09-08T15:17:57-0400,"[{""event_type"": ""CLICK_THROUGH"", ""window_days"": 7}]",77.42,1896,12,40.83,0.633,6.45,0,0,,2,,,,"S: sessions only since Sep12 01:50 ET; F: starts not historically recorded; C: reconciled completed intakes, including returns",,2000,0,LOWEST_COST_WITHOUT_CAP
AD SET,120250893040020660,HV Contractors - SIDING GUTTERS test - LeadUrgentQuoted,120250602165530660,PAUSED,PAUSED,"{""age_max"": 65, ""age_min"": 18, ""geo_locations"": {""regions"": [{""key"": ""3843"", ""name"": ""Alabama"", ""country"": ""US""}, {""key"": ""3844"", ""name"": ""Alaska"", ""country"": ""US""}, {""key"": ""3845"", ""name"": ""Arizona"", ""country"": ""US""}, {""key"": ""3846"", ""name"": ""Arkansas"", ""country"": ""US""}, {""key"": ""3848"", ""name"": ""Colorado"", ""country"": ""US""}, {""key"": ""3849"", ""name"": ""Connecticut"", ""country"": ""US""}, {""key"": ""3850"", ""name"": ""Delaware"", ""country"": ""US""}, {""key"": ""3853"", ""name"": ""Georgia"", ""country"": ""US""}, {""key"": ""3854"", ""name"": ""Hawaii"", ""country"": ""US""}, {""key"": ""3855"", ""name"": ""Idaho"", ""country"": ""US""}, {""key"": ""3856"", ""name"": ""Illinois"", ""country"": ""US""}, {""key"": ""3857"", ""name"": ""Indiana"", ""country"": ""US""}, {""key"": ""3858"", ""name"": ""Iowa"", ""country"": ""US""}, {""key"": ""3859"", ""name"": ""Kansas"", ""country"": ""US""}, {""key"": ""3860"", ""name"": ""Kentucky"", ""country"": ""US""}, {""key"": ""3861"", ""name"": ""Louisiana"", ""country"": ""US""}, {""key"": ""3862"", ""name"": ""Maine"", ""country"": ""US""}, {""key"": ""3863"", ""name"": ""Maryland"", ""country"": ""US""}, {""key"": ""3864"", ""name"": ""Massachusetts"", ""country"": ""US""}, {""key"": ""3866"", ""name"": ""Minnesota"", ""country"": ""US""}, {""key"": ""3867"", ""name"": ""Mississippi"", ""country"": ""US""}, {""key"": ""3868"", ""name"": ""Missouri"", ""country"": ""US""}, {""key"": ""3869"", ""name"": ""Montana"", ""country"": ""US""}, {""key"": ""3870"", ""name"": ""Nebraska"", ""country"": ""US""}, {""key"": ""3871"", ""name"": ""Nevada"", ""country"": ""US""}, {""key"": ""3872"", ""name"": ""New Hampshire"", ""country"": ""US""}, {""key"": ""3873"", ""name"": ""New Jersey"", ""country"": ""US""}, {""key"": ""3874"", ""name"": ""New Mexico"", ""country"": ""US""}, {""key"": ""3876"", ""name"": ""North Carolina"", ""country"": ""US""}, {""key"": ""3877"", ""name"": ""North Dakota"", ""country"": ""US""}, {""key"": ""3878"", ""name"": ""Ohio"", ""country"": ""US""}, {""key"": ""3879"", ""name"": ""Oklahoma"", ""country"": ""US""}, {""key"": ""3880"", ""name"": ""Oregon"", ""country"": ""US""}, {""key"": ""3881"", ""name"": ""Pennsylvania"", ""country"": ""US""}, {""key"": ""3882"", ""name"": ""Rhode Island"", ""country"": ""US""}, {""key"": ""3883"", ""name"": ""South Carolina"", ""country"": ""US""}, {""key"": ""3884"", ""name"": ""South Dakota"", ""country"": ""US""}, {""key"": ""3885"", ""name"": ""Tennessee"", ""country"": ""US""}, {""key"": ""3886"", ""name"": ""Texas"", ""country"": ""US""}, {""key"": ""3887"", ""name"": ""Utah"", ""country"": ""US""}, {""key"": ""3888"", ""name"": ""Vermont"", ""country"": ""US""}, {""key"": ""3889"", ""name"": ""Virginia"", ""country"": ""US""}, {""key"": ""3891"", ""name"": ""West Virginia"", ""country"": ""US""}, {""key"": ""3892"", ""name"": ""Wisconsin"", ""country"": ""US""}, {""key"": ""3893"", ""name"": ""Wyoming"", ""country"": ""US""}], ""location_types"": [""frequently_in"", ""home""]}, ""targeting_automation"": {""advantage_audience"": 1}, ""publisher_platforms"": [""facebook"", ""instagram""], ""facebook_positions"": [""feed""], ""instagram_positions"": [""stream""]}",OFFSITE_CONVERSIONS,"{""pixel_id"": ""831179966599677"", ""custom_event_type"": ""OTHER"", ""custom_event_str"": ""LeadUrgentQuoted"", ""smart_pse_enabled"": false}","{""attribution_windows"": [""7d_click""], ""last_sig_edit_ts"": 1788405702}",2026-09-02T23:19:20-0400,2026-09-02T23:19:21-0400,"[{""event_type"": ""CLICK_THROUGH"", ""window_days"": 7}]",120.55,4122,23,29.25,0.558,5.24,1,1,,0,120.55,120.55,,"S: sessions only since Sep12 01:50 ET; F: starts not historically recorded; C: reconciled completed intakes, including returns",,2000,0,LOWEST_COST_WITHOUT_CAP
AD SET,120250893038470660,HV Contractors - WATERPROOFING test - LeadUrgentQuoted,120250602165530660,PAUSED,PAUSED,"{""age_max"": 65, ""age_min"": 18, ""geo_locations"": {""regions"": [{""key"": ""3843"", ""name"": ""Alabama"", ""country"": ""US""}, {""key"": ""3844"", ""name"": ""Alaska"", ""country"": ""US""}, {""key"": ""3845"", ""name"": ""Arizona"", ""country"": ""US""}, {""key"": ""3846"", ""name"": ""Arkansas"", ""country"": ""US""}, {""key"": ""3848"", ""name"": ""Colorado"", ""country"": ""US""}, {""key"": ""3849"", ""name"": ""Connecticut"", ""country"": ""US""}, {""key"": ""3850"", ""name"": ""Delaware"", ""country"": ""US""}, {""key"": ""3853"", ""name"": ""Georgia"", ""country"": ""US""}, {""key"": ""3854"", ""name"": ""Hawaii"", ""country"": ""US""}, {""key"": ""3855"", ""name"": ""Idaho"", ""country"": ""US""}, {""key"": ""3856"", ""name"": ""Illinois"", ""country"": ""US""}, {""key"": ""3857"", ""name"": ""Indiana"", ""country"": ""US""}, {""key"": ""3858"", ""name"": ""Iowa"", ""country"": ""US""}, {""key"": ""3859"", ""name"": ""Kansas"", ""country"": ""US""}, {""key"": ""3860"", ""name"": ""Kentucky"", ""country"": ""US""}, {""key"": ""3861"", ""name"": ""Louisiana"", ""country"": ""US""}, {""key"": ""3862"", ""name"": ""Maine"", ""country"": ""US""}, {""key"": ""3863"", ""name"": ""Maryland"", ""country"": ""US""}, {""key"": ""3864"", ""name"": ""Massachusetts"", ""country"": ""US""}, {""key"": ""3866"", ""name"": ""Minnesota"", ""country"": ""US""}, {""key"": ""3867"", ""name"": ""Mississippi"", ""country"": ""US""}, {""key"": ""3868"", ""name"": ""Missouri"", ""country"": ""US""}, {""key"": ""3869"", ""name"": ""Montana"", ""country"": ""US""}, {""key"": ""3870"", ""name"": ""Nebraska"", ""country"": ""US""}, {""key"": ""3871"", ""name"": ""Nevada"", ""country"": ""US""}, {""key"": ""3872"", ""name"": ""New Hampshire"", ""country"": ""US""}, {""key"": ""3873"", ""name"": ""New Jersey"", ""country"": ""US""}, {""key"": ""3874"", ""name"": ""New Mexico"", ""country"": ""US""}, {""key"": ""3876"", ""name"": ""North Carolina"", ""country"": ""US""}, {""key"": ""3877"", ""name"": ""North Dakota"", ""country"": ""US""}, {""key"": ""3878"", ""name"": ""Ohio"", ""country"": ""US""}, {""key"": ""3879"", ""name"": ""Oklahoma"", ""country"": ""US""}, {""key"": ""3880"", ""name"": ""Oregon"", ""country"": ""US""}, {""key"": ""3881"", ""name"": ""Pennsylvania"", ""country"": ""US""}, {""key"": ""3882"", ""name"": ""Rhode Island"", ""country"": ""US""}, {""key"": ""3883"", ""name"": ""South Carolina"", ""country"": ""US""}, {""key"": ""3884"", ""name"": ""South Dakota"", ""country"": ""US""}, {""key"": ""3885"", ""name"": ""Tennessee"", ""country"": ""US""}, {""key"": ""3886"", ""name"": ""Texas"", ""country"": ""US""}, {""key"": ""3887"", ""name"": ""Utah"", ""country"": ""US""}, {""key"": ""3888"", ""name"": ""Vermont"", ""country"": ""US""}, {""key"": ""3889"", ""name"": ""Virginia"", ""country"": ""US""}, {""key"": ""3891"", ""name"": ""West Virginia"", ""country"": ""US""}, {""key"": ""3892"", ""name"": ""Wisconsin"", ""country"": ""US""}, {""key"": ""3893"", ""name"": ""Wyoming"", ""country"": ""US""}], ""location_types"": [""frequently_in"", ""home""]}, ""targeting_automation"": {""advantage_audience"": 1}, ""publisher_platforms"": [""facebook"", ""instagram""], ""facebook_positions"": [""feed""], ""instagram_positions"": [""stream""]}",OFFSITE_CONVERSIONS,"{""pixel_id"": ""831179966599677"", ""custom_event_type"": ""OTHER"", ""custom_event_str"": ""LeadUrgentQuoted"", ""smart_pse_enabled"": false}","{""attribution_windows"": [""7d_click""], ""last_sig_edit_ts"": 1788405703}",2026-09-02T23:19:19-0400,2026-09-02T23:19:19-0400,"[{""event_type"": ""CLICK_THROUGH"", ""window_days"": 7}]",112.42,2611,10,43.06,0.383,11.24,0,0,,0,,,,"S: sessions only since Sep12 01:50 ET; F: starts not historically recorded; C: reconciled completed intakes, including returns",,2000,0,LOWEST_COST_WITHOUT_CAP
AD SET,120250893037930660,HV Contractors - WELDING test - LeadUrgentQuoted,120250602165530660,PAUSED,PAUSED,"{""age_max"": 65, ""age_min"": 18, ""geo_locations"": {""regions"": [{""key"": ""3843"", ""name"": ""Alabama"", ""country"": ""US""}, {""key"": ""3844"", ""name"": ""Alaska"", ""country"": ""US""}, {""key"": ""3845"", ""name"": ""Arizona"", ""country"": ""US""}, {""key"": ""3846"", ""name"": ""Arkansas"", ""country"": ""US""}, {""key"": ""3848"", ""name"": ""Colorado"", ""country"": ""US""}, {""key"": ""3849"", ""name"": ""Connecticut"", ""country"": ""US""}, {""key"": ""3850"", ""name"": ""Delaware"", ""country"": ""US""}, {""key"": ""3853"", ""name"": ""Georgia"", ""country"": ""US""}, {""key"": ""3854"", ""name"": ""Hawaii"", ""country"": ""US""}, {""key"": ""3855"", ""name"": ""Idaho"", ""country"": ""US""}, {""key"": ""3856"", ""name"": ""Illinois"", ""country"": ""US""}, {""key"": ""3857"", ""name"": ""Indiana"", ""country"": ""US""}, {""key"": ""3858"", ""name"": ""Iowa"", ""country"": ""US""}, {""key"": ""3859"", ""name"": ""Kansas"", ""country"": ""US""}, {""key"": ""3860"", ""name"": ""Kentucky"", ""country"": ""US""}, {""key"": ""3861"", ""name"": ""Louisiana"", ""country"": ""US""}, {""key"": ""3862"", ""name"": ""Maine"", ""country"": ""US""}, {""key"": ""3863"", ""name"": ""Maryland"", ""country"": ""US""}, {""key"": ""3864"", ""name"": ""Massachusetts"", ""country"": ""US""}, {""key"": ""3866"", ""name"": ""Minnesota"", ""country"": ""US""}, {""key"": ""3867"", ""name"": ""Mississippi"", ""country"": ""US""}, {""key"": ""3868"", ""name"": ""Missouri"", ""country"": ""US""}, {""key"": ""3869"", ""name"": ""Montana"", ""country"": ""US""}, {""key"": ""3870"", ""name"": ""Nebraska"", ""country"": ""US""}, {""key"": ""3871"", ""name"": ""Nevada"", ""country"": ""US""}, {""key"": ""3872"", ""name"": ""New Hampshire"", ""country"": ""US""}, {""key"": ""3873"", ""name"": ""New Jersey"", ""country"": ""US""}, {""key"": ""3874"", ""name"": ""New Mexico"", ""country"": ""US""}, {""key"": ""3876"", ""name"": ""North Carolina"", ""country"": ""US""}, {""key"": ""3877"", ""name"": ""North Dakota"", ""country"": ""US""}, {""key"": ""3878"", ""name"": ""Ohio"", ""country"": ""US""}, {""key"": ""3879"", ""name"": ""Oklahoma"", ""country"": ""US""}, {""key"": ""3880"", ""name"": ""Oregon"", ""country"": ""US""}, {""key"": ""3881"", ""name"": ""Pennsylvania"", ""country"": ""US""}, {""key"": ""3882"", ""name"": ""Rhode Island"", ""country"": ""US""}, {""key"": ""3883"", ""name"": ""South Carolina"", ""country"": ""US""}, {""key"": ""3884"", ""name"": ""South Dakota"", ""country"": ""US""}, {""key"": ""3885"", ""name"": ""Tennessee"", ""country"": ""US""}, {""key"": ""3886"", ""name"": ""Texas"", ""country"": ""US""}, {""key"": ""3887"", ""name"": ""Utah"", ""country"": ""US""}, {""key"": ""3888"", ""name"": ""Vermont"", ""country"": ""US""}, {""key"": ""3889"", ""name"": ""Virginia"", ""country"": ""US""}, {""key"": ""3891"", ""name"": ""West Virginia"", ""country"": ""US""}, {""key"": ""3892"", ""name"": ""Wisconsin"", ""country"": ""US""}, {""key"": ""3893"", ""name"": ""Wyoming"", ""country"": ""US""}], ""location_types"": [""frequently_in"", ""home""]}, ""targeting_automation"": {""advantage_audience"": 1}, ""publisher_platforms"": [""facebook"", ""instagram""], ""facebook_positions"": [""feed""], ""instagram_positions"": [""stream""]}",OFFSITE_CONVERSIONS,"{""pixel_id"": ""831179966599677"", ""custom_event_type"": ""OTHER"", ""custom_event_str"": ""LeadUrgentQuoted"", ""smart_pse_enabled"": false}","{""attribution_windows"": [""7d_click""], ""last_sig_edit_ts"": 1788405704}",2026-09-02T23:19:17-0400,2026-09-02T23:19:17-0400,"[{""event_type"": ""CLICK_THROUGH"", ""window_days"": 7}]",193.94,4207,26,46.1,0.618,7.46,2,2,,0,96.97,96.97,,"S: sessions only since Sep12 01:50 ET; F: starts not historically recorded; C: reconciled completed intakes, including returns",,2000,0,LOWEST_COST_WITHOUT_CAP
AD SET,120250893036610660,HV Contractors - PAINTING test - LeadUrgentQuoted,120250602165530660,PAUSED,PAUSED,"{""age_max"": 65, ""age_min"": 18, ""geo_locations"": {""regions"": [{""key"": ""3843"", ""name"": ""Alabama"", ""country"": ""US""}, {""key"": ""3844"", ""name"": ""Alaska"", ""country"": ""US""}, {""key"": ""3845"", ""name"": ""Arizona"", ""country"": ""US""}, {""key"": ""3846"", ""name"": ""Arkansas"", ""country"": ""US""}, {""key"": ""3848"", ""name"": ""Colorado"", ""country"": ""US""}, {""key"": ""3849"", ""name"": ""Connecticut"", ""country"": ""US""}, {""key"": ""3850"", ""name"": ""Delaware"", ""country"": ""US""}, {""key"": ""3853"", ""name"": ""Georgia"", ""country"": ""US""}, {""key"": ""3854"", ""name"": ""Hawaii"", ""country"": ""US""}, {""key"": ""3855"", ""name"": ""Idaho"", ""country"": ""US""}, {""key"": ""3856"", ""name"": ""Illinois"", ""country"": ""US""}, {""key"": ""3857"", ""name"": ""Indiana"", ""country"": ""US""}, {""key"": ""3858"", ""name"": ""Iowa"", ""country"": ""US""}, {""key"": ""3859"", ""name"": ""Kansas"", ""country"": ""US""}, {""key"": ""3860"", ""name"": ""Kentucky"", ""country"": ""US""}, {""key"": ""3861"", ""name"": ""Louisiana"", ""country"": ""US""}, {""key"": ""3862"", ""name"": ""Maine"", ""country"": ""US""}, {""key"": ""3863"", ""name"": ""Maryland"", ""country"": ""US""}, {""key"": ""3864"", ""name"": ""Massachusetts"", ""country"": ""US""}, {""key"": ""3866"", ""name"": ""Minnesota"", ""country"": ""US""}, {""key"": ""3867"", ""name"": ""Mississippi"", ""country"": ""US""}, {""key"": ""3868"", ""name"": ""Missouri"", ""country"": ""US""}, {""key"": ""3869"", ""name"": ""Montana"", ""country"": ""US""}, {""key"": ""3870"", ""name"": ""Nebraska"", ""country"": ""US""}, {""key"": ""3871"", ""name"": ""Nevada"", ""country"": ""US""}, {""key"": ""3872"", ""name"": ""New Hampshire"", ""country"": ""US""}, {""key"": ""3873"", ""name"": ""New Jersey"", ""country"": ""US""}, {""key"": ""3874"", ""name"": ""New Mexico"", ""country"": ""US""}, {""key"": ""3876"", ""name"": ""North Carolina"", ""country"": ""US""}, {""key"": ""3877"", ""name"": ""North Dakota"", ""country"": ""US""}, {""key"": ""3878"", ""name"": ""Ohio"", ""country"": ""US""}, {""key"": ""3879"", ""name"": ""Oklahoma"", ""country"": ""US""}, {""key"": ""3880"", ""name"": ""Oregon"", ""country"": ""US""}, {""key"": ""3881"", ""name"": ""Pennsylvania"", ""country"": ""US""}, {""key"": ""3882"", ""name"": ""Rhode Island"", ""country"": ""US""}, {""key"": ""3883"", ""name"": ""South Carolina"", ""country"": ""US""}, {""key"": ""3884"", ""name"": ""South Dakota"", ""country"": ""US""}, {""key"": ""3885"", ""name"": ""Tennessee"", ""country"": ""US""}, {""key"": ""3886"", ""name"": ""Texas"", ""country"": ""US""}, {""key"": ""3887"", ""name"": ""Utah"", ""country"": ""US""}, {""key"": ""3888"", ""name"": ""Vermont"", ""country"": ""US""}, {""key"": ""3889"", ""name"": ""Virginia"", ""country"": ""US""}, {""key"": ""3891"", ""name"": ""West Virginia"", ""country"": ""US""}, {""key"": ""3892"", ""name"": ""Wisconsin"", ""country"": ""US""}, {""key"": ""3893"", ""name"": ""Wyoming"", ""country"": ""US""}], ""location_types"": [""frequently_in"", ""home""]}, ""targeting_automation"": {""advantage_audience"": 1}, ""publisher_platforms"": [""facebook"", ""instagram""], ""facebook_positions"": [""feed""], ""instagram_positions"": [""stream""]}",OFFSITE_CONVERSIONS,"{""pixel_id"": ""831179966599677"", ""custom_event_type"": ""OTHER"", ""custom_event_str"": ""LeadUrgentQuoted"", ""smart_pse_enabled"": false}","{""attribution_windows"": [""7d_click""], ""last_sig_edit_ts"": 1788405698}",2026-09-02T23:19:15-0400,2026-09-02T23:19:16-0400,"[{""event_type"": ""CLICK_THROUGH"", ""window_days"": 7}]",119.83,3042,17,39.39,0.559,7.05,0,0,,0,,,,"S: sessions only since Sep12 01:50 ET; F: starts not historically recorded; C: reconciled completed intakes, including returns",,2000,0,LOWEST_COST_WITHOUT_CAP
AD SET,120250893035640660,HV Contractors - CONCRETE test - LeadUrgentQuoted,120250602165530660,PAUSED,PAUSED,"{""age_max"": 65, ""age_min"": 18, ""geo_locations"": {""regions"": [{""key"": ""3843"", ""name"": ""Alabama"", ""country"": ""US""}, {""key"": ""3844"", ""name"": ""Alaska"", ""country"": ""US""}, {""key"": ""3845"", ""name"": ""Arizona"", ""country"": ""US""}, {""key"": ""3846"", ""name"": ""Arkansas"", ""country"": ""US""}, {""key"": ""3848"", ""name"": ""Colorado"", ""country"": ""US""}, {""key"": ""3849"", ""name"": ""Connecticut"", ""country"": ""US""}, {""key"": ""3850"", ""name"": ""Delaware"", ""country"": ""US""}, {""key"": ""3853"", ""name"": ""Georgia"", ""country"": ""US""}, {""key"": ""3854"", ""name"": ""Hawaii"", ""country"": ""US""}, {""key"": ""3855"", ""name"": ""Idaho"", ""country"": ""US""}, {""key"": ""3856"", ""name"": ""Illinois"", ""country"": ""US""}, {""key"": ""3857"", ""name"": ""Indiana"", ""country"": ""US""}, {""key"": ""3858"", ""name"": ""Iowa"", ""country"": ""US""}, {""key"": ""3859"", ""name"": ""Kansas"", ""country"": ""US""}, {""key"": ""3860"", ""name"": ""Kentucky"", ""country"": ""US""}, {""key"": ""3861"", ""name"": ""Louisiana"", ""country"": ""US""}, {""key"": ""3862"", ""name"": ""Maine"", ""country"": ""US""}, {""key"": ""3863"", ""name"": ""Maryland"", ""country"": ""US""}, {""key"": ""3864"", ""name"": ""Massachusetts"", ""country"": ""US""}, {""key"": ""3866"", ""name"": ""Minnesota"", ""country"": ""US""}, {""key"": ""3867"", ""name"": ""Mississippi"", ""country"": ""US""}, {""key"": ""3868"", ""name"": ""Missouri"", ""country"": ""US""}, {""key"": ""3869"", ""name"": ""Montana"", ""country"": ""US""}, {""key"": ""3870"", ""name"": ""Nebraska"", ""country"": ""US""}, {""key"": ""3871"", ""name"": ""Nevada"", ""country"": ""US""}, {""key"": ""3872"", ""name"": ""New Hampshire"", ""country"": ""US""}, {""key"": ""3873"", ""name"": ""New Jersey"", ""country"": ""US""}, {""key"": ""3874"", ""name"": ""New Mexico"", ""country"": ""US""}, {""key"": ""3876"", ""name"": ""North Carolina"", ""country"": ""US""}, {""key"": ""3877"", ""name"": ""North Dakota"", ""country"": ""US""}, {""key"": ""3878"", ""name"": ""Ohio"", ""country"": ""US""}, {""key"": ""3879"", ""name"": ""Oklahoma"", ""country"": ""US""}, {""key"": ""3880"", ""name"": ""Oregon"", ""country"": ""US""}, {""key"": ""3881"", ""name"": ""Pennsylvania"", ""country"": ""US""}, {""key"": ""3882"", ""name"": ""Rhode Island"", ""country"": ""US""}, {""key"": ""3883"", ""name"": ""South Carolina"", ""country"": ""US""}, {""key"": ""3884"", ""name"": ""South Dakota"", ""country"": ""US""}, {""key"": ""3885"", ""name"": ""Tennessee"", ""country"": ""US""}, {""key"": ""3886"", ""name"": ""Texas"", ""country"": ""US""}, {""key"": ""3887"", ""name"": ""Utah"", ""country"": ""US""}, {""key"": ""3888"", ""name"": ""Vermont"", ""country"": ""US""}, {""key"": ""3889"", ""name"": ""Virginia"", ""country"": ""US""}, {""key"": ""3891"", ""name"": ""West Virginia"", ""country"": ""US""}, {""key"": ""3892"", ""name"": ""Wisconsin"", ""country"": ""US""}, {""key"": ""3893"", ""name"": ""Wyoming"", ""country"": ""US""}], ""location_types"": [""frequently_in"", ""home""]}, ""targeting_automation"": {""advantage_audience"": 1}, ""publisher_platforms"": [""facebook"", ""instagram""], ""facebook_positions"": [""feed""], ""instagram_positions"": [""stream""]}",OFFSITE_CONVERSIONS,"{""pixel_id"": ""831179966599677"", ""custom_event_type"": ""OTHER"", ""custom_event_str"": ""LeadUrgentQuoted"", ""smart_pse_enabled"": false}","{""attribution_windows"": [""7d_click""], ""last_sig_edit_ts"": 1788405697}",2026-09-02T23:19:14-0400,2026-09-02T23:19:14-0400,"[{""event_type"": ""CLICK_THROUGH"", ""window_days"": 7}]",122.97,2807,9,43.81,0.321,13.66,0,0,,0,,,,"S: sessions only since Sep12 01:50 ET; F: starts not historically recorded; C: reconciled completed intakes, including returns",,2000,0,LOWEST_COST_WITHOUT_CAP
AD SET,120250893034090660,HV Contractors - REMODELER proof - LeadUrgentQuoted,120250602165530660,PAUSED,PAUSED,"{""age_max"": 65, ""age_min"": 18, ""geo_locations"": {""regions"": [{""key"": ""3843"", ""name"": ""Alabama"", ""country"": ""US""}, {""key"": ""3844"", ""name"": ""Alaska"", ""country"": ""US""}, {""key"": ""3845"", ""name"": ""Arizona"", ""country"": ""US""}, {""key"": ""3846"", ""name"": ""Arkansas"", ""country"": ""US""}, {""key"": ""3848"", ""name"": ""Colorado"", ""country"": ""US""}, {""key"": ""3849"", ""name"": ""Connecticut"", ""country"": ""US""}, {""key"": ""3850"", ""name"": ""Delaware"", ""country"": ""US""}, {""key"": ""3853"", ""name"": ""Georgia"", ""country"": ""US""}, {""key"": ""3854"", ""name"": ""Hawaii"", ""country"": ""US""}, {""key"": ""3855"", ""name"": ""Idaho"", ""country"": ""US""}, {""key"": ""3856"", ""name"": ""Illinois"", ""country"": ""US""}, {""key"": ""3857"", ""name"": ""Indiana"", ""country"": ""US""}, {""key"": ""3858"", ""name"": ""Iowa"", ""country"": ""US""}, {""key"": ""3859"", ""name"": ""Kansas"", ""country"": ""US""}, {""key"": ""3860"", ""name"": ""Kentucky"", ""country"": ""US""}, {""key"": ""3861"", ""name"": ""Louisiana"", ""country"": ""US""}, {""key"": ""3862"", ""name"": ""Maine"", ""country"": ""US""}, {""key"": ""3863"", ""name"": ""Maryland"", ""country"": ""US""}, {""key"": ""3864"", ""name"": ""Massachusetts"", ""country"": ""US""}, {""key"": ""3866"", ""name"": ""Minnesota"", ""country"": ""US""}, {""key"": ""3867"", ""name"": ""Mississippi"", ""country"": ""US""}, {""key"": ""3868"", ""name"": ""Missouri"", ""country"": ""US""}, {""key"": ""3869"", ""name"": ""Montana"", ""country"": ""US""}, {""key"": ""3870"", ""name"": ""Nebraska"", ""country"": ""US""}, {""key"": ""3871"", ""name"": ""Nevada"", ""country"": ""US""}, {""key"": ""3872"", ""name"": ""New Hampshire"", ""country"": ""US""}, {""key"": ""3873"", ""name"": ""New Jersey"", ""country"": ""US""}, {""key"": ""3874"", ""name"": ""New Mexico"", ""country"": ""US""}, {""key"": ""3876"", ""name"": ""North Carolina"", ""country"": ""US""}, {""key"": ""3877"", ""name"": ""North Dakota"", ""country"": ""US""}, {""key"": ""3878"", ""name"": ""Ohio"", ""country"": ""US""}, {""key"": ""3879"", ""name"": ""Oklahoma"", ""country"": ""US""}, {""key"": ""3880"", ""name"": ""Oregon"", ""country"": ""US""}, {""key"": ""3881"", ""name"": ""Pennsylvania"", ""country"": ""US""}, {""key"": ""3882"", ""name"": ""Rhode Island"", ""country"": ""US""}, {""key"": ""3883"", ""name"": ""South Carolina"", ""country"": ""US""}, {""key"": ""3884"", ""name"": ""South Dakota"", ""country"": ""US""}, {""key"": ""3885"", ""name"": ""Tennessee"", ""country"": ""US""}, {""key"": ""3886"", ""name"": ""Texas"", ""country"": ""US""}, {""key"": ""3887"", ""name"": ""Utah"", ""country"": ""US""}, {""key"": ""3888"", ""name"": ""Vermont"", ""country"": ""US""}, {""key"": ""3889"", ""name"": ""Virginia"", ""country"": ""US""}, {""key"": ""3891"", ""name"": ""West Virginia"", ""country"": ""US""}, {""key"": ""3892"", ""name"": ""Wisconsin"", ""country"": ""US""}, {""key"": ""3893"", ""name"": ""Wyoming"", ""country"": ""US""}], ""location_types"": [""frequently_in"", ""home""]}, ""targeting_automation"": {""advantage_audience"": 1}, ""publisher_platforms"": [""facebook"", ""instagram""], ""facebook_positions"": [""feed""], ""instagram_positions"": [""stream""]}",OFFSITE_CONVERSIONS,"{""pixel_id"": ""831179966599677"", ""custom_event_type"": ""OTHER"", ""custom_event_str"": ""LeadUrgentQuoted"", ""smart_pse_enabled"": false}","{""attribution_windows"": [""7d_click""], ""last_sig_edit_ts"": 1788405701}",2026-09-02T23:19:12-0400,2026-09-02T23:19:12-0400,"[{""event_type"": ""CLICK_THROUGH"", ""window_days"": 7}]",213.3,1956,13,109.05,0.665,16.41,2,2,,0,106.65,106.65,,"S: sessions only since Sep12 01:50 ET; F: starts not historically recorded; C: reconciled completed intakes, including returns",,3000,0,LOWEST_COST_WITHOUT_CAP
AD SET,120250893032970660,HV Contractors - GENERAL CONTRACTOR proof - LeadUrgentQuoted,120250602165530660,PAUSED,PAUSED,"{""age_max"": 65, ""age_min"": 18, ""geo_locations"": {""regions"": [{""key"": ""3843"", ""name"": ""Alabama"", ""country"": ""US""}, {""key"": ""3844"", ""name"": ""Alaska"", ""country"": ""US""}, {""key"": ""3845"", ""name"": ""Arizona"", ""country"": ""US""}, {""key"": ""3846"", ""name"": ""Arkansas"", ""country"": ""US""}, {""key"": ""3848"", ""name"": ""Colorado"", ""country"": ""US""}, {""key"": ""3849"", ""name"": ""Connecticut"", ""country"": ""US""}, {""key"": ""3850"", ""name"": ""Delaware"", ""country"": ""US""}, {""key"": ""3853"", ""name"": ""Georgia"", ""country"": ""US""}, {""key"": ""3854"", ""name"": ""Hawaii"", ""country"": ""US""}, {""key"": ""3855"", ""name"": ""Idaho"", ""country"": ""US""}, {""key"": ""3856"", ""name"": ""Illinois"", ""country"": ""US""}, {""key"": ""3857"", ""name"": ""Indiana"", ""country"": ""US""}, {""key"": ""3858"", ""name"": ""Iowa"", ""country"": ""US""}, {""key"": ""3859"", ""name"": ""Kansas"", ""country"": ""US""}, {""key"": ""3860"", ""name"": ""Kentucky"", ""country"": ""US""}, {""key"": ""3861"", ""name"": ""Louisiana"", ""country"": ""US""}, {""key"": ""3862"", ""name"": ""Maine"", ""country"": ""US""}, {""key"": ""3863"", ""name"": ""Maryland"", ""country"": ""US""}, {""key"": ""3864"", ""name"": ""Massachusetts"", ""country"": ""US""}, {""key"": ""3866"", ""name"": ""Minnesota"", ""country"": ""US""}, {""key"": ""3867"", ""name"": ""Mississippi"", ""country"": ""US""}, {""key"": ""3868"", ""name"": ""Missouri"", ""country"": ""US""}, {""key"": ""3869"", ""name"": ""Montana"", ""country"": ""US""}, {""key"": ""3870"", ""name"": ""Nebraska"", ""country"": ""US""}, {""key"": ""3871"", ""name"": ""Nevada"", ""country"": ""US""}, {""key"": ""3872"", ""name"": ""New Hampshire"", ""country"": ""US""}, {""key"": ""3873"", ""name"": ""New Jersey"", ""country"": ""US""}, {""key"": ""3874"", ""name"": ""New Mexico"", ""country"": ""US""}, {""key"": ""3876"", ""name"": ""North Carolina"", ""country"": ""US""}, {""key"": ""3877"", ""name"": ""North Dakota"", ""country"": ""US""}, {""key"": ""3878"", ""name"": ""Ohio"", ""country"": ""US""}, {""key"": ""3879"", ""name"": ""Oklahoma"", ""country"": ""US""}, {""key"": ""3880"", ""name"": ""Oregon"", ""country"": ""US""}, {""key"": ""3881"", ""name"": ""Pennsylvania"", ""country"": ""US""}, {""key"": ""3882"", ""name"": ""Rhode Island"", ""country"": ""US""}, {""key"": ""3883"", ""name"": ""South Carolina"", ""country"": ""US""}, {""key"": ""3884"", ""name"": ""South Dakota"", ""country"": ""US""}, {""key"": ""3885"", ""name"": ""Tennessee"", ""country"": ""US""}, {""key"": ""3886"", ""name"": ""Texas"", ""country"": ""US""}, {""key"": ""3887"", ""name"": ""Utah"", ""country"": ""US""}, {""key"": ""3888"", ""name"": ""Vermont"", ""country"": ""US""}, {""key"": ""3889"", ""name"": ""Virginia"", ""country"": ""US""}, {""key"": ""3891"", ""name"": ""West Virginia"", ""country"": ""US""}, {""key"": ""3892"", ""name"": ""Wisconsin"", ""country"": ""US""}, {""key"": ""3893"", ""name"": ""Wyoming"", ""country"": ""US""}], ""location_types"": [""frequently_in"", ""home""]}, ""targeting_automation"": {""advantage_audience"": 1}, ""publisher_platforms"": [""facebook"", ""instagram""], ""facebook_positions"": [""feed""], ""instagram_positions"": [""stream""]}",OFFSITE_CONVERSIONS,"{""pixel_id"": ""831179966599677"", ""custom_event_type"": ""OTHER"", ""custom_event_str"": ""LeadUrgentQuoted"", ""smart_pse_enabled"": false}","{""attribution_windows"": [""7d_click""], ""last_sig_edit_ts"": 1788405698}",2026-09-02T23:19:11-0400,2026-09-02T23:19:11-0400,"[{""event_type"": ""CLICK_THROUGH"", ""window_days"": 7}]",186.31,1718,7,108.45,0.407,26.62,1,1,,0,186.31,186.31,,"S: sessions only since Sep12 01:50 ET; F: starts not historically recorded; C: reconciled completed intakes, including returns",,2500,0,LOWEST_COST_WITHOUT_CAP
AD SET,120250893032620660,HV Contractors - POOL BUILDER proof - LeadUrgentQuoted,120250602165530660,PAUSED,PAUSED,"{""age_max"": 65, ""age_min"": 18, ""geo_locations"": {""regions"": [{""key"": ""3843"", ""name"": ""Alabama"", ""country"": ""US""}, {""key"": ""3844"", ""name"": ""Alaska"", ""country"": ""US""}, {""key"": ""3845"", ""name"": ""Arizona"", ""country"": ""US""}, {""key"": ""3846"", ""name"": ""Arkansas"", ""country"": ""US""}, {""key"": ""3848"", ""name"": ""Colorado"", ""country"": ""US""}, {""key"": ""3849"", ""name"": ""Connecticut"", ""country"": ""US""}, {""key"": ""3850"", ""name"": ""Delaware"", ""country"": ""US""}, {""key"": ""3853"", ""name"": ""Georgia"", ""country"": ""US""}, {""key"": ""3854"", ""name"": ""Hawaii"", ""country"": ""US""}, {""key"": ""3855"", ""name"": ""Idaho"", ""country"": ""US""}, {""key"": ""3856"", ""name"": ""Illinois"", ""country"": ""US""}, {""key"": ""3857"", ""name"": ""Indiana"", ""country"": ""US""}, {""key"": ""3858"", ""name"": ""Iowa"", ""country"": ""US""}, {""key"": ""3859"", ""name"": ""Kansas"", ""country"": ""US""}, {""key"": ""3860"", ""name"": ""Kentucky"", ""country"": ""US""}, {""key"": ""3861"", ""name"": ""Louisiana"", ""country"": ""US""}, {""key"": ""3862"", ""name"": ""Maine"", ""country"": ""US""}, {""key"": ""3863"", ""name"": ""Maryland"", ""country"": ""US""}, {""key"": ""3864"", ""name"": ""Massachusetts"", ""country"": ""US""}, {""key"": ""3866"", ""name"": ""Minnesota"", ""country"": ""US""}, {""key"": ""3867"", ""name"": ""Mississippi"", ""country"": ""US""}, {""key"": ""3868"", ""name"": ""Missouri"", ""country"": ""US""}, {""key"": ""3869"", ""name"": ""Montana"", ""country"": ""US""}, {""key"": ""3870"", ""name"": ""Nebraska"", ""country"": ""US""}, {""key"": ""3871"", ""name"": ""Nevada"", ""country"": ""US""}, {""key"": ""3872"", ""name"": ""New Hampshire"", ""country"": ""US""}, {""key"": ""3873"", ""name"": ""New Jersey"", ""country"": ""US""}, {""key"": ""3874"", ""name"": ""New Mexico"", ""country"": ""US""}, {""key"": ""3876"", ""name"": ""North Carolina"", ""country"": ""US""}, {""key"": ""3877"", ""name"": ""North Dakota"", ""country"": ""US""}, {""key"": ""3878"", ""name"": ""Ohio"", ""country"": ""US""}, {""key"": ""3879"", ""name"": ""Oklahoma"", ""country"": ""US""}, {""key"": ""3880"", ""name"": ""Oregon"", ""country"": ""US""}, {""key"": ""3881"", ""name"": ""Pennsylvania"", ""country"": ""US""}, {""key"": ""3882"", ""name"": ""Rhode Island"", ""country"": ""US""}, {""key"": ""3883"", ""name"": ""South Carolina"", ""country"": ""US""}, {""key"": ""3884"", ""name"": ""South Dakota"", ""country"": ""US""}, {""key"": ""3885"", ""name"": ""Tennessee"", ""country"": ""US""}, {""key"": ""3886"", ""name"": ""Texas"", ""country"": ""US""}, {""key"": ""3887"", ""name"": ""Utah"", ""country"": ""US""}, {""key"": ""3888"", ""name"": ""Vermont"", ""country"": ""US""}, {""key"": ""3889"", ""name"": ""Virginia"", ""country"": ""US""}, {""key"": ""3891"", ""name"": ""West Virginia"", ""country"": ""US""}, {""key"": ""3892"", ""name"": ""Wisconsin"", ""country"": ""US""}, {""key"": ""3893"", ""name"": ""Wyoming"", ""country"": ""US""}], ""location_types"": [""frequently_in"", ""home""]}, ""targeting_automation"": {""advantage_audience"": 1}, ""publisher_platforms"": [""facebook"", ""instagram""], ""facebook_positions"": [""feed""], ""instagram_positions"": [""stream""]}",OFFSITE_CONVERSIONS,"{""pixel_id"": ""831179966599677"", ""custom_event_type"": ""OTHER"", ""custom_event_str"": ""LeadUrgentQuoted"", ""smart_pse_enabled"": false}","{""attribution_windows"": [""7d_click""], ""last_sig_edit_ts"": 1788405700}",2026-09-02T23:19:08-0400,2026-09-02T23:19:08-0400,"[{""event_type"": ""CLICK_THROUGH"", ""window_days"": 7}]",257.67,6144,32,41.94,0.521,8.05,1,1,,0,257.67,257.67,,"S: sessions only since Sep12 01:50 ET; F: starts not historically recorded; C: reconciled completed intakes, including returns",,4500,0,LOWEST_COST_WITHOUT_CAP
AD SET,120250729044840660,HV Contractors - TREE SERVICE (LeadUrgentQuoted) - $100/day,120250602165530660,PAUSED,PAUSED,"{""age_max"": 65, ""age_min"": 18, ""geo_locations"": {""regions"": [{""key"": ""3843"", ""name"": ""Alabama"", ""country"": ""US""}, {""key"": ""3844"", ""name"": ""Alaska"", ""country"": ""US""}, {""key"": ""3845"", ""name"": ""Arizona"", ""country"": ""US""}, {""key"": ""3846"", ""name"": ""Arkansas"", ""country"": ""US""}, {""key"": ""3848"", ""name"": ""Colorado"", ""country"": ""US""}, {""key"": ""3849"", ""name"": ""Connecticut"", ""country"": ""US""}, {""key"": ""3850"", ""name"": ""Delaware"", ""country"": ""US""}, {""key"": ""3853"", ""name"": ""Georgia"", ""country"": ""US""}, {""key"": ""3854"", ""name"": ""Hawaii"", ""country"": ""US""}, {""key"": ""3855"", ""name"": ""Idaho"", ""country"": ""US""}, {""key"": ""3856"", ""name"": ""Illinois"", ""country"": ""US""}, {""key"": ""3857"", ""name"": ""Indiana"", ""country"": ""US""}, {""key"": ""3858"", ""name"": ""Iowa"", ""country"": ""US""}, {""key"": ""3859"", ""name"": ""Kansas"", ""country"": ""US""}, {""key"": ""3860"", ""name"": ""Kentucky"", ""country"": ""US""}, {""key"": ""3861"", ""name"": ""Louisiana"", ""country"": ""US""}, {""key"": ""3862"", ""name"": ""Maine"", ""country"": ""US""}, {""key"": ""3863"", ""name"": ""Maryland"", ""country"": ""US""}, {""key"": ""3864"", ""name"": ""Massachusetts"", ""country"": ""US""}, {""key"": ""3866"", ""name"": ""Minnesota"", ""country"": ""US""}, {""key"": ""3867"", ""name"": ""Mississippi"", ""country"": ""US""}, {""key"": ""3868"", ""name"": ""Missouri"", ""country"": ""US""}, {""key"": ""3869"", ""name"": ""Montana"", ""country"": ""US""}, {""key"": ""3870"", ""name"": ""Nebraska"", ""country"": ""US""}, {""key"": ""3871"", ""name"": ""Nevada"", ""country"": ""US""}, {""key"": ""3872"", ""name"": ""New Hampshire"", ""country"": ""US""}, {""key"": ""3873"", ""name"": ""New Jersey"", ""country"": ""US""}, {""key"": ""3874"", ""name"": ""New Mexico"", ""country"": ""US""}, {""key"": ""3876"", ""name"": ""North Carolina"", ""country"": ""US""}, {""key"": ""3877"", ""name"": ""North Dakota"", ""country"": ""US""}, {""key"": ""3878"", ""name"": ""Ohio"", ""country"": ""US""}, {""key"": ""3879"", ""name"": ""Oklahoma"", ""country"": ""US""}, {""key"": ""3880"", ""name"": ""Oregon"", ""country"": ""US""}, {""key"": ""3881"", ""name"": ""Pennsylvania"", ""country"": ""US""}, {""key"": ""3882"", ""name"": ""Rhode Island"", ""country"": ""US""}, {""key"": ""3883"", ""name"": ""South Carolina"", ""country"": ""US""}, {""key"": ""3884"", ""name"": ""South Dakota"", ""country"": ""US""}, {""key"": ""3885"", ""name"": ""Tennessee"", ""country"": ""US""}, {""key"": ""3886"", ""name"": ""Texas"", ""country"": ""US""}, {""key"": ""3887"", ""name"": ""Utah"", ""country"": ""US""}, {""key"": ""3888"", ""name"": ""Vermont"", ""country"": ""US""}, {""key"": ""3889"", ""name"": ""Virginia"", ""country"": ""US""}, {""key"": ""3891"", ""name"": ""West Virginia"", ""country"": ""US""}, {""key"": ""3892"", ""name"": ""Wisconsin"", ""country"": ""US""}, {""key"": ""3893"", ""name"": ""Wyoming"", ""country"": ""US""}], ""location_types"": [""home""]}, ""targeting_automation"": {""advantage_audience"": 1}, ""publisher_platforms"": [""facebook"", ""instagram""], ""facebook_positions"": [""feed""], ""instagram_positions"": [""stream""]}",OFFSITE_CONVERSIONS,"{""pixel_id"": ""831179966599677"", ""custom_event_type"": ""OTHER"", ""custom_event_str"": ""LeadUrgentQuoted"", ""smart_pse_enabled"": false}","{""attribution_windows"": [""7d_click""], ""last_sig_edit_ts"": 1787540481}",2026-08-20T19:20:15-0400,2026-08-20T19:20:15-0400,"[{""event_type"": ""CLICK_THROUGH"", ""window_days"": 7}]",1264.99,53529,567,23.63,1.059,2.23,41,41,,0,30.85,30.85,,"S: sessions only since Sep12 01:50 ET; F: starts not historically recorded; C: reconciled completed intakes, including returns",,12000,0,LOWEST_COST_WITHOUT_CAP
AD SET,120250682685570660,CP - landing STEP form /commercial-property-quote (22 states) - $150/day,120250540492410660,ACTIVE,ACTIVE,"{""age_max"": 65, ""age_min"": 18, ""age_range"": [18, 65], ""geo_locations"": {""regions"": [{""key"": ""3843"", ""name"": ""Alabama"", ""country"": ""US""}, {""key"": ""3845"", ""name"": ""Arizona"", ""country"": ""US""}, {""key"": ""3846"", ""name"": ""Arkansas"", ""country"": ""US""}, {""key"": ""3848"", ""name"": ""Colorado"", ""country"": ""US""}, {""key"": ""3853"", ""name"": ""Georgia"", ""country"": ""US""}, {""key"": ""3856"", ""name"": ""Illinois"", ""country"": ""US""}, {""key"": ""3857"", ""name"": ""Indiana"", ""country"": ""US""}, {""key"": ""3860"", ""name"": ""Kentucky"", ""country"": ""US""}, {""key"": ""3863"", ""name"": ""Maryland"", ""country"": ""US""}, {""key"": ""3866"", ""name"": ""Minnesota"", ""country"": ""US""}, {""key"": ""3868"", ""name"": ""Missouri"", ""country"": ""US""}, {""key"": ""3871"", ""name"": ""Nevada"", ""country"": ""US""}, {""key"": ""3873"", ""name"": ""New Jersey"", ""country"": ""US""}, {""key"": ""3875"", ""name"": ""New York"", ""country"": ""US""}, {""key"": ""3876"", ""name"": ""North Carolina"", ""country"": ""US""}, {""key"": ""3878"", ""name"": ""Ohio"", ""country"": ""US""}, {""key"": ""3881"", ""name"": ""Pennsylvania"", ""country"": ""US""}, {""key"": ""3883"", ""name"": ""South Carolina"", ""country"": ""US""}, {""key"": ""3885"", ""name"": ""Tennessee"", ""country"": ""US""}, {""key"": ""3886"", ""name"": ""Texas"", ""country"": ""US""}, {""key"": ""3889"", ""name"": ""Virginia"", ""country"": ""US""}, {""key"": ""3892"", ""name"": ""Wisconsin"", ""country"": ""US""}], ""location_types"": [""home"", ""recent""]}, ""targeting_automation"": {""advantage_audience"": 1}, ""publisher_platforms"": [""facebook"", ""instagram""], ""facebook_positions"": [""feed""], ""instagram_positions"": [""stream""], ""device_platforms"": [""mobile"", ""desktop""]}",OFFSITE_CONVERSIONS,"{""pixel_id"": ""831179966599677"", ""custom_event_type"": ""LEAD"", ""smart_pse_enabled"": false}","{""attribution_windows"": [""7d_click""], ""last_sig_edit_ts"": 1787041751, ""status"": ""SUCCESS""}",2026-08-18T00:14:32-0400,2026-08-18T00:14:32-0400,"[{""event_type"": ""CLICK_THROUGH"", ""window_days"": 7}]",3201.55,113651,1061,28.17,0.934,3.02,149,144,,225,21.49,22.23,,"S: sessions only since Sep12 01:50 ET; F: starts not historically recorded; C: reconciled completed intakes, including returns",,11719,0,LOWEST_COST_WITHOUT_CAP
AD SET,120250674343900660,"HV Contractors - LARGE BUSINESS (revenue $1M+, LargeBusinessLead) - all trades",120250602165530660,ACTIVE,ACTIVE,"{""age_max"": 65, ""age_min"": 18, ""geo_locations"": {""regions"": [{""key"": ""3843"", ""name"": ""Alabama"", ""country"": ""US""}, {""key"": ""3844"", ""name"": ""Alaska"", ""country"": ""US""}, {""key"": ""3845"", ""name"": ""Arizona"", ""country"": ""US""}, {""key"": ""3846"", ""name"": ""Arkansas"", ""country"": ""US""}, {""key"": ""3848"", ""name"": ""Colorado"", ""country"": ""US""}, {""key"": ""3849"", ""name"": ""Connecticut"", ""country"": ""US""}, {""key"": ""3850"", ""name"": ""Delaware"", ""country"": ""US""}, {""key"": ""3853"", ""name"": ""Georgia"", ""country"": ""US""}, {""key"": ""3854"", ""name"": ""Hawaii"", ""country"": ""US""}, {""key"": ""3855"", ""name"": ""Idaho"", ""country"": ""US""}, {""key"": ""3856"", ""name"": ""Illinois"", ""country"": ""US""}, {""key"": ""3857"", ""name"": ""Indiana"", ""country"": ""US""}, {""key"": ""3858"", ""name"": ""Iowa"", ""country"": ""US""}, {""key"": ""3859"", ""name"": ""Kansas"", ""country"": ""US""}, {""key"": ""3860"", ""name"": ""Kentucky"", ""country"": ""US""}, {""key"": ""3861"", ""name"": ""Louisiana"", ""country"": ""US""}, {""key"": ""3862"", ""name"": ""Maine"", ""country"": ""US""}, {""key"": ""3863"", ""name"": ""Maryland"", ""country"": ""US""}, {""key"": ""3864"", ""name"": ""Massachusetts"", ""country"": ""US""}, {""key"": ""3866"", ""name"": ""Minnesota"", ""country"": ""US""}, {""key"": ""3867"", ""name"": ""Mississippi"", ""country"": ""US""}, {""key"": ""3868"", ""name"": ""Missouri"", ""country"": ""US""}, {""key"": ""3869"", ""name"": ""Montana"", ""country"": ""US""}, {""key"": ""3870"", ""name"": ""Nebraska"", ""country"": ""US""}, {""key"": ""3871"", ""name"": ""Nevada"", ""country"": ""US""}, {""key"": ""3872"", ""name"": ""New Hampshire"", ""country"": ""US""}, {""key"": ""3873"", ""name"": ""New Jersey"", ""country"": ""US""}, {""key"": ""3874"", ""name"": ""New Mexico"", ""country"": ""US""}, {""key"": ""3876"", ""name"": ""North Carolina"", ""country"": ""US""}, {""key"": ""3877"", ""name"": ""North Dakota"", ""country"": ""US""}, {""key"": ""3878"", ""name"": ""Ohio"", ""country"": ""US""}, {""key"": ""3879"", ""name"": ""Oklahoma"", ""country"": ""US""}, {""key"": ""3880"", ""name"": ""Oregon"", ""country"": ""US""}, {""key"": ""3881"", ""name"": ""Pennsylvania"", ""country"": ""US""}, {""key"": ""3882"", ""name"": ""Rhode Island"", ""country"": ""US""}, {""key"": ""3883"", ""name"": ""South Carolina"", ""country"": ""US""}, {""key"": ""3884"", ""name"": ""South Dakota"", ""country"": ""US""}, {""key"": ""3885"", ""name"": ""Tennessee"", ""country"": ""US""}, {""key"": ""3886"", ""name"": ""Texas"", ""country"": ""US""}, {""key"": ""3887"", ""name"": ""Utah"", ""country"": ""US""}, {""key"": ""3888"", ""name"": ""Vermont"", ""country"": ""US""}, {""key"": ""3889"", ""name"": ""Virginia"", ""country"": ""US""}, {""key"": ""3891"", ""name"": ""West Virginia"", ""country"": ""US""}, {""key"": ""3892"", ""name"": ""Wisconsin"", ""country"": ""US""}, {""key"": ""3893"", ""name"": ""Wyoming"", ""country"": ""US""}], ""location_types"": [""home""]}, ""targeting_automation"": {""advantage_audience"": 1}, ""publisher_platforms"": [""facebook"", ""instagram""], ""facebook_positions"": [""feed""], ""instagram_positions"": [""stream""]}",OFFSITE_CONVERSIONS,"{""pixel_id"": ""831179966599677"", ""custom_event_type"": ""OTHER"", ""custom_event_str"": ""LargeBusinessLead"", ""smart_pse_enabled"": false}","{""attribution_windows"": [""7d_click""], ""conversions"": 4, ""last_sig_edit_ts"": 1787783764, ""status"": ""FAIL""}",2026-08-17T11:53:30-0400,2026-08-17T11:53:31-0400,"[{""event_type"": ""CLICK_THROUGH"", ""window_days"": 7}]",2484.14,59103,423,42.03,0.716,5.87,24,24,,53,103.51,103.51,,"S: sessions only since Sep12 01:50 ET; F: starts not historically recorded; C: reconciled completed intakes, including returns",,4830,0,LOWEST_COST_WITHOUT_CAP
AD SET,120250639697820660,HV Contractors - TEST CELL low-premium trades (LeadUrgentQuoted) - kill: $50 no lead / $150 or 6 leads no urgent - $80/day,120250602165530660,PAUSED,PAUSED,"{""age_max"": 65, ""age_min"": 18, ""geo_locations"": {""regions"": [{""key"": ""3843"", ""name"": ""Alabama"", ""country"": ""US""}, {""key"": ""3844"", ""name"": ""Alaska"", ""country"": ""US""}, {""key"": ""3845"", ""name"": ""Arizona"", ""country"": ""US""}, {""key"": ""3846"", ""name"": ""Arkansas"", ""country"": ""US""}, {""key"": ""3848"", ""name"": ""Colorado"", ""country"": ""US""}, {""key"": ""3849"", ""name"": ""Connecticut"", ""country"": ""US""}, {""key"": ""3850"", ""name"": ""Delaware"", ""country"": ""US""}, {""key"": ""3853"", ""name"": ""Georgia"", ""country"": ""US""}, {""key"": ""3854"", ""name"": ""Hawaii"", ""country"": ""US""}, {""key"": ""3855"", ""name"": ""Idaho"", ""country"": ""US""}, {""key"": ""3856"", ""name"": ""Illinois"", ""country"": ""US""}, {""key"": ""3857"", ""name"": ""Indiana"", ""country"": ""US""}, {""key"": ""3858"", ""name"": ""Iowa"", ""country"": ""US""}, {""key"": ""3859"", ""name"": ""Kansas"", ""country"": ""US""}, {""key"": ""3860"", ""name"": ""Kentucky"", ""country"": ""US""}, {""key"": ""3861"", ""name"": ""Louisiana"", ""country"": ""US""}, {""key"": ""3862"", ""name"": ""Maine"", ""country"": ""US""}, {""key"": ""3863"", ""name"": ""Maryland"", ""country"": ""US""}, {""key"": ""3864"", ""name"": ""Massachusetts"", ""country"": ""US""}, {""key"": ""3866"", ""name"": ""Minnesota"", ""country"": ""US""}, {""key"": ""3867"", ""name"": ""Mississippi"", ""country"": ""US""}, {""key"": ""3868"", ""name"": ""Missouri"", ""country"": ""US""}, {""key"": ""3869"", ""name"": ""Montana"", ""country"": ""US""}, {""key"": ""3870"", ""name"": ""Nebraska"", ""country"": ""US""}, {""key"": ""3871"", ""name"": ""Nevada"", ""country"": ""US""}, {""key"": ""3872"", ""name"": ""New Hampshire"", ""country"": ""US""}, {""key"": ""3873"", ""name"": ""New Jersey"", ""country"": ""US""}, {""key"": ""3874"", ""name"": ""New Mexico"", ""country"": ""US""}, {""key"": ""3876"", ""name"": ""North Carolina"", ""country"": ""US""}, {""key"": ""3877"", ""name"": ""North Dakota"", ""country"": ""US""}, {""key"": ""3878"", ""name"": ""Ohio"", ""country"": ""US""}, {""key"": ""3879"", ""name"": ""Oklahoma"", ""country"": ""US""}, {""key"": ""3880"", ""name"": ""Oregon"", ""country"": ""US""}, {""key"": ""3881"", ""name"": ""Pennsylvania"", ""country"": ""US""}, {""key"": ""3882"", ""name"": ""Rhode Island"", ""country"": ""US""}, {""key"": ""3883"", ""name"": ""South Carolina"", ""country"": ""US""}, {""key"": ""3884"", ""name"": ""South Dakota"", ""country"": ""US""}, {""key"": ""3885"", ""name"": ""Tennessee"", ""country"": ""US""}, {""key"": ""3886"", ""name"": ""Texas"", ""country"": ""US""}, {""key"": ""3887"", ""name"": ""Utah"", ""country"": ""US""}, {""key"": ""3888"", ""name"": ""Vermont"", ""country"": ""US""}, {""key"": ""3889"", ""name"": ""Virginia"", ""country"": ""US""}, {""key"": ""3891"", ""name"": ""West Virginia"", ""country"": ""US""}, {""key"": ""3892"", ""name"": ""Wisconsin"", ""country"": ""US""}, {""key"": ""3893"", ""name"": ""Wyoming"", ""country"": ""US""}], ""location_types"": [""home""]}, ""targeting_automation"": {""advantage_audience"": 1}, ""publisher_platforms"": [""facebook"", ""instagram""], ""facebook_positions"": [""feed""], ""instagram_positions"": [""stream""]}",OFFSITE_CONVERSIONS,"{""pixel_id"": ""831179966599677"", ""custom_event_type"": ""OTHER"", ""custom_event_str"": ""LeadUrgentQuoted"", ""smart_pse_enabled"": false}","{""attribution_windows"": [""7d_click""], ""last_sig_edit_ts"": 1786837701}",2026-08-15T19:46:08-0400,2026-08-15T19:46:09-0400,"[{""event_type"": ""CLICK_THROUGH"", ""window_days"": 7}]",184.73,4605,49,40.12,1.064,3.77,0,0,,0,,,,"S: sessions only since Sep12 01:50 ET; F: starts not historically recorded; C: reconciled completed intakes, including returns",,8000,0,LOWEST_COST_WITHOUT_CAP
AD SET,120250639697240660,HV Contractors - GENERIC BROAD urgency (LeadUrgentQuoted) - $80/day,120250602165530660,PAUSED,PAUSED,"{""age_max"": 65, ""age_min"": 18, ""geo_locations"": {""regions"": [{""key"": ""3843"", ""name"": ""Alabama"", ""country"": ""US""}, {""key"": ""3844"", ""name"": ""Alaska"", ""country"": ""US""}, {""key"": ""3845"", ""name"": ""Arizona"", ""country"": ""US""}, {""key"": ""3846"", ""name"": ""Arkansas"", ""country"": ""US""}, {""key"": ""3848"", ""name"": ""Colorado"", ""country"": ""US""}, {""key"": ""3849"", ""name"": ""Connecticut"", ""country"": ""US""}, {""key"": ""3850"", ""name"": ""Delaware"", ""country"": ""US""}, {""key"": ""3853"", ""name"": ""Georgia"", ""country"": ""US""}, {""key"": ""3854"", ""name"": ""Hawaii"", ""country"": ""US""}, {""key"": ""3855"", ""name"": ""Idaho"", ""country"": ""US""}, {""key"": ""3856"", ""name"": ""Illinois"", ""country"": ""US""}, {""key"": ""3857"", ""name"": ""Indiana"", ""country"": ""US""}, {""key"": ""3858"", ""name"": ""Iowa"", ""country"": ""US""}, {""key"": ""3859"", ""name"": ""Kansas"", ""country"": ""US""}, {""key"": ""3860"", ""name"": ""Kentucky"", ""country"": ""US""}, {""key"": ""3861"", ""name"": ""Louisiana"", ""country"": ""US""}, {""key"": ""3862"", ""name"": ""Maine"", ""country"": ""US""}, {""key"": ""3863"", ""name"": ""Maryland"", ""country"": ""US""}, {""key"": ""3864"", ""name"": ""Massachusetts"", ""country"": ""US""}, {""key"": ""3866"", ""name"": ""Minnesota"", ""country"": ""US""}, {""key"": ""3867"", ""name"": ""Mississippi"", ""country"": ""US""}, {""key"": ""3868"", ""name"": ""Missouri"", ""country"": ""US""}, {""key"": ""3869"", ""name"": ""Montana"", ""country"": ""US""}, {""key"": ""3870"", ""name"": ""Nebraska"", ""country"": ""US""}, {""key"": ""3871"", ""name"": ""Nevada"", ""country"": ""US""}, {""key"": ""3872"", ""name"": ""New Hampshire"", ""country"": ""US""}, {""key"": ""3873"", ""name"": ""New Jersey"", ""country"": ""US""}, {""key"": ""3874"", ""name"": ""New Mexico"", ""country"": ""US""}, {""key"": ""3876"", ""name"": ""North Carolina"", ""country"": ""US""}, {""key"": ""3877"", ""name"": ""North Dakota"", ""country"": ""US""}, {""key"": ""3878"", ""name"": ""Ohio"", ""country"": ""US""}, {""key"": ""3879"", ""name"": ""Oklahoma"", ""country"": ""US""}, {""key"": ""3880"", ""name"": ""Oregon"", ""country"": ""US""}, {""key"": ""3881"", ""name"": ""Pennsylvania"", ""country"": ""US""}, {""key"": ""3882"", ""name"": ""Rhode Island"", ""country"": ""US""}, {""key"": ""3883"", ""name"": ""South Carolina"", ""country"": ""US""}, {""key"": ""3884"", ""name"": ""South Dakota"", ""country"": ""US""}, {""key"": ""3885"", ""name"": ""Tennessee"", ""country"": ""US""}, {""key"": ""3886"", ""name"": ""Texas"", ""country"": ""US""}, {""key"": ""3887"", ""name"": ""Utah"", ""country"": ""US""}, {""key"": ""3888"", ""name"": ""Vermont"", ""country"": ""US""}, {""key"": ""3889"", ""name"": ""Virginia"", ""country"": ""US""}, {""key"": ""3891"", ""name"": ""West Virginia"", ""country"": ""US""}, {""key"": ""3892"", ""name"": ""Wisconsin"", ""country"": ""US""}, {""key"": ""3893"", ""name"": ""Wyoming"", ""country"": ""US""}], ""location_types"": [""home""]}, ""targeting_automation"": {""advantage_audience"": 1}, ""publisher_platforms"": [""facebook"", ""instagram""], ""facebook_positions"": [""feed""], ""instagram_positions"": [""stream""]}",OFFSITE_CONVERSIONS,"{""pixel_id"": ""831179966599677"", ""custom_event_type"": ""OTHER"", ""custom_event_str"": ""LeadUrgentQuoted"", ""smart_pse_enabled"": false}","{""attribution_windows"": [""7d_click""], ""last_sig_edit_ts"": 1786837699}",2026-08-15T19:46:06-0400,2026-08-15T19:46:06-0400,"[{""event_type"": ""CLICK_THROUGH"", ""window_days"": 7}]",103.04,1961,15,52.54,0.765,6.87,0,0,,0,,,,"S: sessions only since Sep12 01:50 ET; F: starts not historically recorded; C: reconciled completed intakes, including returns",,8000,0,LOWEST_COST_WITHOUT_CAP
AD SET,120250639696880660,HV Contractors - HIGH-HAZARD construction (LeadUrgentQuoted) - $120/day,120250602165530660,PAUSED,PAUSED,"{""age_max"": 65, ""age_min"": 18, ""geo_locations"": {""regions"": [{""key"": ""3843"", ""name"": ""Alabama"", ""country"": ""US""}, {""key"": ""3844"", ""name"": ""Alaska"", ""country"": ""US""}, {""key"": ""3845"", ""name"": ""Arizona"", ""country"": ""US""}, {""key"": ""3846"", ""name"": ""Arkansas"", ""country"": ""US""}, {""key"": ""3848"", ""name"": ""Colorado"", ""country"": ""US""}, {""key"": ""3849"", ""name"": ""Connecticut"", ""country"": ""US""}, {""key"": ""3850"", ""name"": ""Delaware"", ""country"": ""US""}, {""key"": ""3853"", ""name"": ""Georgia"", ""country"": ""US""}, {""key"": ""3854"", ""name"": ""Hawaii"", ""country"": ""US""}, {""key"": ""3855"", ""name"": ""Idaho"", ""country"": ""US""}, {""key"": ""3856"", ""name"": ""Illinois"", ""country"": ""US""}, {""key"": ""3857"", ""name"": ""Indiana"", ""country"": ""US""}, {""key"": ""3858"", ""name"": ""Iowa"", ""country"": ""US""}, {""key"": ""3859"", ""name"": ""Kansas"", ""country"": ""US""}, {""key"": ""3860"", ""name"": ""Kentucky"", ""country"": ""US""}, {""key"": ""3861"", ""name"": ""Louisiana"", ""country"": ""US""}, {""key"": ""3862"", ""name"": ""Maine"", ""country"": ""US""}, {""key"": ""3863"", ""name"": ""Maryland"", ""country"": ""US""}, {""key"": ""3864"", ""name"": ""Massachusetts"", ""country"": ""US""}, {""key"": ""3866"", ""name"": ""Minnesota"", ""country"": ""US""}, {""key"": ""3867"", ""name"": ""Mississippi"", ""country"": ""US""}, {""key"": ""3868"", ""name"": ""Missouri"", ""country"": ""US""}, {""key"": ""3869"", ""name"": ""Montana"", ""country"": ""US""}, {""key"": ""3870"", ""name"": ""Nebraska"", ""country"": ""US""}, {""key"": ""3871"", ""name"": ""Nevada"", ""country"": ""US""}, {""key"": ""3872"", ""name"": ""New Hampshire"", ""country"": ""US""}, {""key"": ""3873"", ""name"": ""New Jersey"", ""country"": ""US""}, {""key"": ""3874"", ""name"": ""New Mexico"", ""country"": ""US""}, {""key"": ""3876"", ""name"": ""North Carolina"", ""country"": ""US""}, {""key"": ""3877"", ""name"": ""North Dakota"", ""country"": ""US""}, {""key"": ""3878"", ""name"": ""Ohio"", ""country"": ""US""}, {""key"": ""3879"", ""name"": ""Oklahoma"", ""country"": ""US""}, {""key"": ""3880"", ""name"": ""Oregon"", ""country"": ""US""}, {""key"": ""3881"", ""name"": ""Pennsylvania"", ""country"": ""US""}, {""key"": ""3882"", ""name"": ""Rhode Island"", ""country"": ""US""}, {""key"": ""3883"", ""name"": ""South Carolina"", ""country"": ""US""}, {""key"": ""3884"", ""name"": ""South Dakota"", ""country"": ""US""}, {""key"": ""3885"", ""name"": ""Tennessee"", ""country"": ""US""}, {""key"": ""3886"", ""name"": ""Texas"", ""country"": ""US""}, {""key"": ""3887"", ""name"": ""Utah"", ""country"": ""US""}, {""key"": ""3888"", ""name"": ""Vermont"", ""country"": ""US""}, {""key"": ""3889"", ""name"": ""Virginia"", ""country"": ""US""}, {""key"": ""3891"", ""name"": ""West Virginia"", ""country"": ""US""}, {""key"": ""3892"", ""name"": ""Wisconsin"", ""country"": ""US""}, {""key"": ""3893"", ""name"": ""Wyoming"", ""country"": ""US""}], ""location_types"": [""home""]}, ""targeting_automation"": {""advantage_audience"": 1}, ""publisher_platforms"": [""facebook"", ""instagram""], ""facebook_positions"": [""feed""], ""instagram_positions"": [""stream""]}",OFFSITE_CONVERSIONS,"{""pixel_id"": ""831179966599677"", ""custom_event_type"": ""OTHER"", ""custom_event_str"": ""LeadUrgentQuoted"", ""smart_pse_enabled"": false}","{""attribution_windows"": [""7d_click""], ""last_sig_edit_ts"": 1787171133}",2026-08-15T19:46:03-0400,2026-08-15T19:46:03-0400,"[{""event_type"": ""CLICK_THROUGH"", ""window_days"": 7}]",1444.04,27772,217,52.0,0.781,6.65,11,11,,1,131.28,131.28,,"S: sessions only since Sep12 01:50 ET; F: starts not historically recorded; C: reconciled completed intakes, including returns",,3000,0,LOWEST_COST_WITHOUT_CAP
AD SET,120250639696360660,HV Contractors - ROOFING (LeadUrgentQuoted) - $120/day,120250602165530660,PAUSED,PAUSED,"{""age_max"": 65, ""age_min"": 18, ""geo_locations"": {""regions"": [{""key"": ""3843"", ""name"": ""Alabama"", ""country"": ""US""}, {""key"": ""3844"", ""name"": ""Alaska"", ""country"": ""US""}, {""key"": ""3845"", ""name"": ""Arizona"", ""country"": ""US""}, {""key"": ""3846"", ""name"": ""Arkansas"", ""country"": ""US""}, {""key"": ""3848"", ""name"": ""Colorado"", ""country"": ""US""}, {""key"": ""3849"", ""name"": ""Connecticut"", ""country"": ""US""}, {""key"": ""3850"", ""name"": ""Delaware"", ""country"": ""US""}, {""key"": ""3853"", ""name"": ""Georgia"", ""country"": ""US""}, {""key"": ""3854"", ""name"": ""Hawaii"", ""country"": ""US""}, {""key"": ""3855"", ""name"": ""Idaho"", ""country"": ""US""}, {""key"": ""3856"", ""name"": ""Illinois"", ""country"": ""US""}, {""key"": ""3857"", ""name"": ""Indiana"", ""country"": ""US""}, {""key"": ""3858"", ""name"": ""Iowa"", ""country"": ""US""}, {""key"": ""3859"", ""name"": ""Kansas"", ""country"": ""US""}, {""key"": ""3860"", ""name"": ""Kentucky"", ""country"": ""US""}, {""key"": ""3861"", ""name"": ""Louisiana"", ""country"": ""US""}, {""key"": ""3862"", ""name"": ""Maine"", ""country"": ""US""}, {""key"": ""3863"", ""name"": ""Maryland"", ""country"": ""US""}, {""key"": ""3864"", ""name"": ""Massachusetts"", ""country"": ""US""}, {""key"": ""3866"", ""name"": ""Minnesota"", ""country"": ""US""}, {""key"": ""3867"", ""name"": ""Mississippi"", ""country"": ""US""}, {""key"": ""3868"", ""name"": ""Missouri"", ""country"": ""US""}, {""key"": ""3869"", ""name"": ""Montana"", ""country"": ""US""}, {""key"": ""3870"", ""name"": ""Nebraska"", ""country"": ""US""}, {""key"": ""3871"", ""name"": ""Nevada"", ""country"": ""US""}, {""key"": ""3872"", ""name"": ""New Hampshire"", ""country"": ""US""}, {""key"": ""3873"", ""name"": ""New Jersey"", ""country"": ""US""}, {""key"": ""3874"", ""name"": ""New Mexico"", ""country"": ""US""}, {""key"": ""3876"", ""name"": ""North Carolina"", ""country"": ""US""}, {""key"": ""3877"", ""name"": ""North Dakota"", ""country"": ""US""}, {""key"": ""3878"", ""name"": ""Ohio"", ""country"": ""US""}, {""key"": ""3879"", ""name"": ""Oklahoma"", ""country"": ""US""}, {""key"": ""3880"", ""name"": ""Oregon"", ""country"": ""US""}, {""key"": ""3881"", ""name"": ""Pennsylvania"", ""country"": ""US""}, {""key"": ""3882"", ""name"": ""Rhode Island"", ""country"": ""US""}, {""key"": ""3883"", ""name"": ""South Carolina"", ""country"": ""US""}, {""key"": ""3884"", ""name"": ""South Dakota"", ""country"": ""US""}, {""key"": ""3885"", ""name"": ""Tennessee"", ""country"": ""US""}, {""key"": ""3886"", ""name"": ""Texas"", ""country"": ""US""}, {""key"": ""3887"", ""name"": ""Utah"", ""country"": ""US""}, {""key"": ""3888"", ""name"": ""Vermont"", ""country"": ""US""}, {""key"": ""3889"", ""name"": ""Virginia"", ""country"": ""US""}, {""key"": ""3891"", ""name"": ""West Virginia"", ""country"": ""US""}, {""key"": ""3892"", ""name"": ""Wisconsin"", ""country"": ""US""}, {""key"": ""3893"", ""name"": ""Wyoming"", ""country"": ""US""}], ""location_types"": [""home""]}, ""targeting_automation"": {""advantage_audience"": 1}, ""publisher_platforms"": [""facebook"", ""instagram""], ""facebook_positions"": [""feed""], ""instagram_positions"": [""stream""]}",OFFSITE_CONVERSIONS,"{""pixel_id"": ""831179966599677"", ""custom_event_type"": ""OTHER"", ""custom_event_str"": ""LeadUrgentQuoted"", ""smart_pse_enabled"": false}","{""attribution_windows"": [""7d_click""], ""last_sig_edit_ts"": 1788405713}",2026-08-15T19:46:00-0400,2026-08-15T19:46:00-0400,"[{""event_type"": ""CLICK_THROUGH"", ""window_days"": 7}]",1017.85,23588,161,43.15,0.683,6.32,14,14,,0,72.7,72.7,,"S: sessions only since Sep12 01:50 ET; F: starts not historically recorded; C: reconciled completed intakes, including returns",,3500,0,LOWEST_COST_WITHOUT_CAP
AD SET,120250636360410660,HV Contractors - QUALIFIED (self-reported GL $5K+) - /contractors - $90/day,120250602165530660,PAUSED,PAUSED,"{""age_max"": 65, ""age_min"": 18, ""geo_locations"": {""regions"": [{""key"": ""3843"", ""name"": ""Alabama"", ""country"": ""US""}, {""key"": ""3844"", ""name"": ""Alaska"", ""country"": ""US""}, {""key"": ""3845"", ""name"": ""Arizona"", ""country"": ""US""}, {""key"": ""3846"", ""name"": ""Arkansas"", ""country"": ""US""}, {""key"": ""3848"", ""name"": ""Colorado"", ""country"": ""US""}, {""key"": ""3849"", ""name"": ""Connecticut"", ""country"": ""US""}, {""key"": ""3850"", ""name"": ""Delaware"", ""country"": ""US""}, {""key"": ""3853"", ""name"": ""Georgia"", ""country"": ""US""}, {""key"": ""3854"", ""name"": ""Hawaii"", ""country"": ""US""}, {""key"": ""3855"", ""name"": ""Idaho"", ""country"": ""US""}, {""key"": ""3856"", ""name"": ""Illinois"", ""country"": ""US""}, {""key"": ""3857"", ""name"": ""Indiana"", ""country"": ""US""}, {""key"": ""3858"", ""name"": ""Iowa"", ""country"": ""US""}, {""key"": ""3859"", ""name"": ""Kansas"", ""country"": ""US""}, {""key"": ""3860"", ""name"": ""Kentucky"", ""country"": ""US""}, {""key"": ""3861"", ""name"": ""Louisiana"", ""country"": ""US""}, {""key"": ""3862"", ""name"": ""Maine"", ""country"": ""US""}, {""key"": ""3863"", ""name"": ""Maryland"", ""country"": ""US""}, {""key"": ""3864"", ""name"": ""Massachusetts"", ""country"": ""US""}, {""key"": ""3866"", ""name"": ""Minnesota"", ""country"": ""US""}, {""key"": ""3867"", ""name"": ""Mississippi"", ""country"": ""US""}, {""key"": ""3868"", ""name"": ""Missouri"", ""country"": ""US""}, {""key"": ""3869"", ""name"": ""Montana"", ""country"": ""US""}, {""key"": ""3870"", ""name"": ""Nebraska"", ""country"": ""US""}, {""key"": ""3871"", ""name"": ""Nevada"", ""country"": ""US""}, {""key"": ""3872"", ""name"": ""New Hampshire"", ""country"": ""US""}, {""key"": ""3873"", ""name"": ""New Jersey"", ""country"": ""US""}, {""key"": ""3874"", ""name"": ""New Mexico"", ""country"": ""US""}, {""key"": ""3876"", ""name"": ""North Carolina"", ""country"": ""US""}, {""key"": ""3877"", ""name"": ""North Dakota"", ""country"": ""US""}, {""key"": ""3878"", ""name"": ""Ohio"", ""country"": ""US""}, {""key"": ""3879"", ""name"": ""Oklahoma"", ""country"": ""US""}, {""key"": ""3880"", ""name"": ""Oregon"", ""country"": ""US""}, {""key"": ""3881"", ""name"": ""Pennsylvania"", ""country"": ""US""}, {""key"": ""3882"", ""name"": ""Rhode Island"", ""country"": ""US""}, {""key"": ""3883"", ""name"": ""South Carolina"", ""country"": ""US""}, {""key"": ""3884"", ""name"": ""South Dakota"", ""country"": ""US""}, {""key"": ""3885"", ""name"": ""Tennessee"", ""country"": ""US""}, {""key"": ""3886"", ""name"": ""Texas"", ""country"": ""US""}, {""key"": ""3887"", ""name"": ""Utah"", ""country"": ""US""}, {""key"": ""3888"", ""name"": ""Vermont"", ""country"": ""US""}, {""key"": ""3889"", ""name"": ""Virginia"", ""country"": ""US""}, {""key"": ""3891"", ""name"": ""West Virginia"", ""country"": ""US""}, {""key"": ""3892"", ""name"": ""Wisconsin"", ""country"": ""US""}, {""key"": ""3893"", ""name"": ""Wyoming"", ""country"": ""US""}], ""location_types"": [""home""]}, ""targeting_automation"": {""advantage_audience"": 1}, ""publisher_platforms"": [""facebook"", ""instagram""], ""facebook_positions"": [""feed""], ""instagram_positions"": [""stream""]}",OFFSITE_CONVERSIONS,"{""pixel_id"": ""831179966599677"", ""custom_event_type"": ""OTHER"", ""custom_event_str"": ""QualifiedLead"", ""smart_pse_enabled"": false}","{""attribution_windows"": [""7d_click""], ""last_sig_edit_ts"": 1786815902}",2026-08-15T12:44:04-0400,2026-08-15T12:44:04-0400,"[{""event_type"": ""CLICK_THROUGH"", ""window_days"": 7}]",29.62,1289,21,22.98,1.629,1.41,0,0,,0,,,,"S: sessions only since Sep12 01:50 ET; F: starts not historically recorded; C: reconciled completed intakes, including returns",,9000,0,LOWEST_COST_WITHOUT_CAP
AD SET,120250602442330660,HV Contractors - POLICY UPLOAD /rate-check (45 states) - $100/day,120250602165530660,PAUSED,PAUSED,"{""age_max"": 65, ""age_min"": 18, ""geo_locations"": {""regions"": [{""key"": ""3843"", ""name"": ""Alabama"", ""country"": ""US""}, {""key"": ""3844"", ""name"": ""Alaska"", ""country"": ""US""}, {""key"": ""3845"", ""name"": ""Arizona"", ""country"": ""US""}, {""key"": ""3846"", ""name"": ""Arkansas"", ""country"": ""US""}, {""key"": ""3848"", ""name"": ""Colorado"", ""country"": ""US""}, {""key"": ""3849"", ""name"": ""Connecticut"", ""country"": ""US""}, {""key"": ""3850"", ""name"": ""Delaware"", ""country"": ""US""}, {""key"": ""3853"", ""name"": ""Georgia"", ""country"": ""US""}, {""key"": ""3854"", ""name"": ""Hawaii"", ""country"": ""US""}, {""key"": ""3855"", ""name"": ""Idaho"", ""country"": ""US""}, {""key"": ""3856"", ""name"": ""Illinois"", ""country"": ""US""}, {""key"": ""3857"", ""name"": ""Indiana"", ""country"": ""US""}, {""key"": ""3858"", ""name"": ""Iowa"", ""country"": ""US""}, {""key"": ""3859"", ""name"": ""Kansas"", ""country"": ""US""}, {""key"": ""3860"", ""name"": ""Kentucky"", ""country"": ""US""}, {""key"": ""3861"", ""name"": ""Louisiana"", ""country"": ""US""}, {""key"": ""3862"", ""name"": ""Maine"", ""country"": ""US""}, {""key"": ""3863"", ""name"": ""Maryland"", ""country"": ""US""}, {""key"": ""3864"", ""name"": ""Massachusetts"", ""country"": ""US""}, {""key"": ""3866"", ""name"": ""Minnesota"", ""country"": ""US""}, {""key"": ""3867"", ""name"": ""Mississippi"", ""country"": ""US""}, {""key"": ""3868"", ""name"": ""Missouri"", ""country"": ""US""}, {""key"": ""3869"", ""name"": ""Montana"", ""country"": ""US""}, {""key"": ""3870"", ""name"": ""Nebraska"", ""country"": ""US""}, {""key"": ""3871"", ""name"": ""Nevada"", ""country"": ""US""}, {""key"": ""3872"", ""name"": ""New Hampshire"", ""country"": ""US""}, {""key"": ""3873"", ""name"": ""New Jersey"", ""country"": ""US""}, {""key"": ""3874"", ""name"": ""New Mexico"", ""country"": ""US""}, {""key"": ""3876"", ""name"": ""North Carolina"", ""country"": ""US""}, {""key"": ""3877"", ""name"": ""North Dakota"", ""country"": ""US""}, {""key"": ""3878"", ""name"": ""Ohio"", ""country"": ""US""}, {""key"": ""3879"", ""name"": ""Oklahoma"", ""country"": ""US""}, {""key"": ""3880"", ""name"": ""Oregon"", ""country"": ""US""}, {""key"": ""3881"", ""name"": ""Pennsylvania"", ""country"": ""US""}, {""key"": ""3882"", ""name"": ""Rhode Island"", ""country"": ""US""}, {""key"": ""3883"", ""name"": ""South Carolina"", ""country"": ""US""}, {""key"": ""3884"", ""name"": ""South Dakota"", ""country"": ""US""}, {""key"": ""3885"", ""name"": ""Tennessee"", ""country"": ""US""}, {""key"": ""3886"", ""name"": ""Texas"", ""country"": ""US""}, {""key"": ""3887"", ""name"": ""Utah"", ""country"": ""US""}, {""key"": ""3888"", ""name"": ""Vermont"", ""country"": ""US""}, {""key"": ""3889"", ""name"": ""Virginia"", ""country"": ""US""}, {""key"": ""3891"", ""name"": ""West Virginia"", ""country"": ""US""}, {""key"": ""3892"", ""name"": ""Wisconsin"", ""country"": ""US""}, {""key"": ""3893"", ""name"": ""Wyoming"", ""country"": ""US""}], ""location_types"": [""home""]}, ""targeting_automation"": {""advantage_audience"": 1}, ""publisher_platforms"": [""facebook"", ""instagram""], ""facebook_positions"": [""feed""], ""instagram_positions"": [""stream""]}",OFFSITE_CONVERSIONS,"{""pixel_id"": ""831179966599677"", ""custom_event_type"": ""LEAD"", ""smart_pse_enabled"": false}","{""attribution_windows"": [""7d_click""], ""last_sig_edit_ts"": 1786734015}",2026-08-13T20:46:49-0400,2026-08-13T20:46:49-0400,"[{""event_type"": ""CLICK_THROUGH"", ""window_days"": 7}]",84.0,2427,22,34.61,0.906,3.82,0,0,,0,,,,"S: sessions only since Sep12 01:50 ET; F: starts not historically recorded; C: reconciled completed intakes, including returns",,2500,0,LOWEST_COST_WITHOUT_CAP
AD SET,120250602441660660,HV Contractors - LANDING FORM /contractors (45 states) - $100/day,120250602165530660,PAUSED,PAUSED,"{""age_max"": 65, ""age_min"": 18, ""geo_locations"": {""regions"": [{""key"": ""3843"", ""name"": ""Alabama"", ""country"": ""US""}, {""key"": ""3844"", ""name"": ""Alaska"", ""country"": ""US""}, {""key"": ""3845"", ""name"": ""Arizona"", ""country"": ""US""}, {""key"": ""3846"", ""name"": ""Arkansas"", ""country"": ""US""}, {""key"": ""3848"", ""name"": ""Colorado"", ""country"": ""US""}, {""key"": ""3849"", ""name"": ""Connecticut"", ""country"": ""US""}, {""key"": ""3850"", ""name"": ""Delaware"", ""country"": ""US""}, {""key"": ""3853"", ""name"": ""Georgia"", ""country"": ""US""}, {""key"": ""3854"", ""name"": ""Hawaii"", ""country"": ""US""}, {""key"": ""3855"", ""name"": ""Idaho"", ""country"": ""US""}, {""key"": ""3856"", ""name"": ""Illinois"", ""country"": ""US""}, {""key"": ""3857"", ""name"": ""Indiana"", ""country"": ""US""}, {""key"": ""3858"", ""name"": ""Iowa"", ""country"": ""US""}, {""key"": ""3859"", ""name"": ""Kansas"", ""country"": ""US""}, {""key"": ""3860"", ""name"": ""Kentucky"", ""country"": ""US""}, {""key"": ""3861"", ""name"": ""Louisiana"", ""country"": ""US""}, {""key"": ""3862"", ""name"": ""Maine"", ""country"": ""US""}, {""key"": ""3863"", ""name"": ""Maryland"", ""country"": ""US""}, {""key"": ""3864"", ""name"": ""Massachusetts"", ""country"": ""US""}, {""key"": ""3866"", ""name"": ""Minnesota"", ""country"": ""US""}, {""key"": ""3867"", ""name"": ""Mississippi"", ""country"": ""US""}, {""key"": ""3868"", ""name"": ""Missouri"", ""country"": ""US""}, {""key"": ""3869"", ""name"": ""Montana"", ""country"": ""US""}, {""key"": ""3870"", ""name"": ""Nebraska"", ""country"": ""US""}, {""key"": ""3871"", ""name"": ""Nevada"", ""country"": ""US""}, {""key"": ""3872"", ""name"": ""New Hampshire"", ""country"": ""US""}, {""key"": ""3873"", ""name"": ""New Jersey"", ""country"": ""US""}, {""key"": ""3874"", ""name"": ""New Mexico"", ""country"": ""US""}, {""key"": ""3876"", ""name"": ""North Carolina"", ""country"": ""US""}, {""key"": ""3877"", ""name"": ""North Dakota"", ""country"": ""US""}, {""key"": ""3878"", ""name"": ""Ohio"", ""country"": ""US""}, {""key"": ""3879"", ""name"": ""Oklahoma"", ""country"": ""US""}, {""key"": ""3880"", ""name"": ""Oregon"", ""country"": ""US""}, {""key"": ""3881"", ""name"": ""Pennsylvania"", ""country"": ""US""}, {""key"": ""3882"", ""name"": ""Rhode Island"", ""country"": ""US""}, {""key"": ""3883"", ""name"": ""South Carolina"", ""country"": ""US""}, {""key"": ""3884"", ""name"": ""South Dakota"", ""country"": ""US""}, {""key"": ""3885"", ""name"": ""Tennessee"", ""country"": ""US""}, {""key"": ""3886"", ""name"": ""Texas"", ""country"": ""US""}, {""key"": ""3887"", ""name"": ""Utah"", ""country"": ""US""}, {""key"": ""3888"", ""name"": ""Vermont"", ""country"": ""US""}, {""key"": ""3889"", ""name"": ""Virginia"", ""country"": ""US""}, {""key"": ""3891"", ""name"": ""West Virginia"", ""country"": ""US""}, {""key"": ""3892"", ""name"": ""Wisconsin"", ""country"": ""US""}, {""key"": ""3893"", ""name"": ""Wyoming"", ""country"": ""US""}], ""location_types"": [""home""]}, ""targeting_automation"": {""advantage_audience"": 1}, ""publisher_platforms"": [""facebook"", ""instagram""], ""facebook_positions"": [""feed""], ""instagram_positions"": [""stream""]}",OFFSITE_CONVERSIONS,"{""pixel_id"": ""831179966599677"", ""custom_event_type"": ""LEAD"", ""smart_pse_enabled"": false}","{""attribution_windows"": [""7d_click""], ""last_sig_edit_ts"": 1786718862}",2026-08-13T20:46:47-0400,2026-08-13T20:46:47-0400,"[{""event_type"": ""CLICK_THROUGH"", ""window_days"": 7}]",452.26,12409,134,36.45,1.08,3.38,0,0,,0,,,,"S: sessions only since Sep12 01:50 ET; F: starts not historically recorded; C: reconciled completed intakes, including returns",,21000,0,LOWEST_COST_WITHOUT_CAP
AD SET,120250602165650660,HV Contractors - instant form (45 states ex NY/FL/CA/MI/WA) - $150/day,120250602165530660,PAUSED,PAUSED,"{""age_max"": 65, ""age_min"": 18, ""geo_locations"": {""regions"": [{""key"": ""3843"", ""name"": ""Alabama"", ""country"": ""US""}, {""key"": ""3844"", ""name"": ""Alaska"", ""country"": ""US""}, {""key"": ""3845"", ""name"": ""Arizona"", ""country"": ""US""}, {""key"": ""3846"", ""name"": ""Arkansas"", ""country"": ""US""}, {""key"": ""3848"", ""name"": ""Colorado"", ""country"": ""US""}, {""key"": ""3849"", ""name"": ""Connecticut"", ""country"": ""US""}, {""key"": ""3850"", ""name"": ""Delaware"", ""country"": ""US""}, {""key"": ""3853"", ""name"": ""Georgia"", ""country"": ""US""}, {""key"": ""3854"", ""name"": ""Hawaii"", ""country"": ""US""}, {""key"": ""3855"", ""name"": ""Idaho"", ""country"": ""US""}, {""key"": ""3856"", ""name"": ""Illinois"", ""country"": ""US""}, {""key"": ""3857"", ""name"": ""Indiana"", ""country"": ""US""}, {""key"": ""3858"", ""name"": ""Iowa"", ""country"": ""US""}, {""key"": ""3859"", ""name"": ""Kansas"", ""country"": ""US""}, {""key"": ""3860"", ""name"": ""Kentucky"", ""country"": ""US""}, {""key"": ""3861"", ""name"": ""Louisiana"", ""country"": ""US""}, {""key"": ""3862"", ""name"": ""Maine"", ""country"": ""US""}, {""key"": ""3863"", ""name"": ""Maryland"", ""country"": ""US""}, {""key"": ""3864"", ""name"": ""Massachusetts"", ""country"": ""US""}, {""key"": ""3866"", ""name"": ""Minnesota"", ""country"": ""US""}, {""key"": ""3867"", ""name"": ""Mississippi"", ""country"": ""US""}, {""key"": ""3868"", ""name"": ""Missouri"", ""country"": ""US""}, {""key"": ""3869"", ""name"": ""Montana"", ""country"": ""US""}, {""key"": ""3870"", ""name"": ""Nebraska"", ""country"": ""US""}, {""key"": ""3871"", ""name"": ""Nevada"", ""country"": ""US""}, {""key"": ""3872"", ""name"": ""New Hampshire"", ""country"": ""US""}, {""key"": ""3873"", ""name"": ""New Jersey"", ""country"": ""US""}, {""key"": ""3874"", ""name"": ""New Mexico"", ""country"": ""US""}, {""key"": ""3876"", ""name"": ""North Carolina"", ""country"": ""US""}, {""key"": ""3877"", ""name"": ""North Dakota"", ""country"": ""US""}, {""key"": ""3878"", ""name"": ""Ohio"", ""country"": ""US""}, {""key"": ""3879"", ""name"": ""Oklahoma"", ""country"": ""US""}, {""key"": ""3880"", ""name"": ""Oregon"", ""country"": ""US""}, {""key"": ""3881"", ""name"": ""Pennsylvania"", ""country"": ""US""}, {""key"": ""3882"", ""name"": ""Rhode Island"", ""country"": ""US""}, {""key"": ""3883"", ""name"": ""South Carolina"", ""country"": ""US""}, {""key"": ""3884"", ""name"": ""South Dakota"", ""country"": ""US""}, {""key"": ""3885"", ""name"": ""Tennessee"", ""country"": ""US""}, {""key"": ""3886"", ""name"": ""Texas"", ""country"": ""US""}, {""key"": ""3887"", ""name"": ""Utah"", ""country"": ""US""}, {""key"": ""3888"", ""name"": ""Vermont"", ""country"": ""US""}, {""key"": ""3889"", ""name"": ""Virginia"", ""country"": ""US""}, {""key"": ""3891"", ""name"": ""West Virginia"", ""country"": ""US""}, {""key"": ""3892"", ""name"": ""Wisconsin"", ""country"": ""US""}, {""key"": ""3893"", ""name"": ""Wyoming"", ""country"": ""US""}], ""location_types"": [""home""]}, ""targeting_automation"": {""advantage_audience"": 1}, ""publisher_platforms"": [""facebook"", ""instagram""], ""facebook_positions"": [""feed""], ""instagram_positions"": [""stream""]}",LEAD_GENERATION,"{""page_id"": ""1187206524478693"", ""smart_pse_enabled"": false}","{""attribution_windows"": [""1d_click""], ""last_sig_edit_ts"": 1786752030}",2026-08-13T20:05:53-0400,2026-08-13T20:05:53-0400,,67.66,1417,8,47.75,0.565,8.46,0,0,,0,,,,"S: sessions only since Sep12 01:50 ET; F: starts not historically recorded; C: reconciled completed intakes, including returns",,2500,0,LOWEST_COST_WITHOUT_CAP
AD SET,120250540493670660,CP - landing page (23 states) - $50/day,120250540492410660,ACTIVE,ACTIVE,"{""age_max"": 65, ""age_min"": 18, ""age_range"": [18, 65], ""geo_locations"": {""regions"": [{""key"": ""3843"", ""name"": ""Alabama"", ""country"": ""US""}, {""key"": ""3845"", ""name"": ""Arizona"", ""country"": ""US""}, {""key"": ""3846"", ""name"": ""Arkansas"", ""country"": ""US""}, {""key"": ""3848"", ""name"": ""Colorado"", ""country"": ""US""}, {""key"": ""3853"", ""name"": ""Georgia"", ""country"": ""US""}, {""key"": ""3856"", ""name"": ""Illinois"", ""country"": ""US""}, {""key"": ""3857"", ""name"": ""Indiana"", ""country"": ""US""}, {""key"": ""3860"", ""name"": ""Kentucky"", ""country"": ""US""}, {""key"": ""3863"", ""name"": ""Maryland"", ""country"": ""US""}, {""key"": ""3866"", ""name"": ""Minnesota"", ""country"": ""US""}, {""key"": ""3868"", ""name"": ""Missouri"", ""country"": ""US""}, {""key"": ""3871"", ""name"": ""Nevada"", ""country"": ""US""}, {""key"": ""3873"", ""name"": ""New Jersey"", ""country"": ""US""}, {""key"": ""3875"", ""name"": ""New York"", ""country"": ""US""}, {""key"": ""3876"", ""name"": ""North Carolina"", ""country"": ""US""}, {""key"": ""3878"", ""name"": ""Ohio"", ""country"": ""US""}, {""key"": ""3881"", ""name"": ""Pennsylvania"", ""country"": ""US""}, {""key"": ""3883"", ""name"": ""South Carolina"", ""country"": ""US""}, {""key"": ""3885"", ""name"": ""Tennessee"", ""country"": ""US""}, {""key"": ""3886"", ""name"": ""Texas"", ""country"": ""US""}, {""key"": ""3889"", ""name"": ""Virginia"", ""country"": ""US""}, {""key"": ""3892"", ""name"": ""Wisconsin"", ""country"": ""US""}], ""location_types"": [""home"", ""recent""]}, ""targeting_automation"": {""advantage_audience"": 1}, ""publisher_platforms"": [""facebook"", ""instagram""], ""facebook_positions"": [""feed""], ""instagram_positions"": [""stream""], ""device_platforms"": [""mobile"", ""desktop""]}",OFFSITE_CONVERSIONS,"{""pixel_id"": ""831179966599677"", ""custom_event_type"": ""LEAD"", ""smart_pse_enabled"": false}","{""attribution_windows"": [""7d_click""], ""last_sig_edit_ts"": 1789225678, ""status"": ""SUCCESS""}",2026-08-11T23:42:56-0400,2026-08-11T23:42:56-0400,"[{""event_type"": ""CLICK_THROUGH"", ""window_days"": 7}]",2588.19,58178,697,44.49,1.198,3.71,97,96,,39,26.68,26.96,,"S: sessions only since Sep12 01:50 ET; F: starts not historically recorded; C: reconciled completed intakes, including returns",,3281,0,LOWEST_COST_WITHOUT_CAP
AD SET,120250540492550660,CP - instant form (23 states) - $50/day,120250540492410660,PAUSED,PAUSED,"{""age_max"": 65, ""age_min"": 18, ""age_range"": [18, 65], ""geo_locations"": {""regions"": [{""key"": ""3843"", ""name"": ""Alabama"", ""country"": ""US""}, {""key"": ""3845"", ""name"": ""Arizona"", ""country"": ""US""}, {""key"": ""3846"", ""name"": ""Arkansas"", ""country"": ""US""}, {""key"": ""3848"", ""name"": ""Colorado"", ""country"": ""US""}, {""key"": ""3853"", ""name"": ""Georgia"", ""country"": ""US""}, {""key"": ""3856"", ""name"": ""Illinois"", ""country"": ""US""}, {""key"": ""3857"", ""name"": ""Indiana"", ""country"": ""US""}, {""key"": ""3860"", ""name"": ""Kentucky"", ""country"": ""US""}, {""key"": ""3863"", ""name"": ""Maryland"", ""country"": ""US""}, {""key"": ""3866"", ""name"": ""Minnesota"", ""country"": ""US""}, {""key"": ""3868"", ""name"": ""Missouri"", ""country"": ""US""}, {""key"": ""3871"", ""name"": ""Nevada"", ""country"": ""US""}, {""key"": ""3873"", ""name"": ""New Jersey"", ""country"": ""US""}, {""key"": ""3875"", ""name"": ""New York"", ""country"": ""US""}, {""key"": ""3876"", ""name"": ""North Carolina"", ""country"": ""US""}, {""key"": ""3878"", ""name"": ""Ohio"", ""country"": ""US""}, {""key"": ""3881"", ""name"": ""Pennsylvania"", ""country"": ""US""}, {""key"": ""3883"", ""name"": ""South Carolina"", ""country"": ""US""}, {""key"": ""3885"", ""name"": ""Tennessee"", ""country"": ""US""}, {""key"": ""3886"", ""name"": ""Texas"", ""country"": ""US""}, {""key"": ""3889"", ""name"": ""Virginia"", ""country"": ""US""}, {""key"": ""3892"", ""name"": ""Wisconsin"", ""country"": ""US""}], ""location_types"": [""home"", ""recent""]}, ""targeting_automation"": {""advantage_audience"": 1}, ""publisher_platforms"": [""facebook"", ""instagram""], ""facebook_positions"": [""feed""], ""instagram_positions"": [""stream""], ""device_platforms"": [""mobile"", ""desktop""]}",LEAD_GENERATION,"{""page_id"": ""1187206524478693"", ""smart_pse_enabled"": false}","{""attribution_windows"": [""1d_click""], ""last_sig_edit_ts"": 1787021114}",2026-08-11T23:42:54-0400,2026-08-11T23:42:54-0400,,0,0,0,,,,0,0,,0,,,,"S: sessions only since Sep12 01:50 ET; F: starts not historically recorded; C: reconciled completed intakes, including returns",,15000,0,LOWEST_COST_WITHOUT_CAP
