id,name,campaign_id,adset_id,status,effective_status,created_time,updated_time,format,headline,primary_text,description,CTA,destination,url_tags,form_version,experiment_cell,creative_variant,image,creative_id,spend,impressions,link_clicks,CPM,link_CTR_pct,link_CPC,completed_saved,new_acquisitions,observed_starts,observed_sessions,CPL_saved,CPL_new,cost_per_observed_start,campaign_label,operating_window,campaign_spend_share_pct,set_spend_share_pct,completion_evidence,measurement_flags,level,adset_name,campaign_name,days_live_observed_delivery_through_Sep18,first_observed_delivery_day,last_observed_delivery_day,ever_delivered_asof_Sep19,Sep19_partial_spend,Sep19_partial_impressions,image_url,meta_actions_unreconciled,meta_conversions_unreconciled,review_feedback
120250540502130660,CP - form - v03 We cut a property's rate 40%,120250540492410660,120250540492550660,ACTIVE,ADSET_PAUSED,2026-08-11T23:44:19-0400,2026-08-17T22:47:32-0400,static image,We cut a property's rate 40%,"This owner was paying $25,000 a year to insure their building. Same coverage, we got it to $15,000 - 40% off. Own a building? Want us to check yours?",,GET_QUOTE,https://www.cohesiveinsure.com/commercial-property,,Property long,"See property route; starts added Sep19, not backfilled",,images/bd3e32a7fedb9c94.jpg,1576092197584432,0,0,0,,,,0,0,,0,,,,Main property,2026-08-18 to 2026-09-18,0.0,0,No delivery through Sep18,"S: sessions only since Sep12 01:50 ET; F: starts not historically recorded; C: reconciled completed intakes, including returns",AD,CP - instant form (23 states) - $50/day,Commercial Property - form vs landing (2-cell),0,,,False,0.0,0,https://www.cohesiveinsure.com/marketing-review/20260919/deep-scan/images/bd3e32a7fedb9c94.jpg,[],[],{}
120250540502940660,"CP - form - v04 We saved a property owner $10,",120250540492410660,120250540492550660,ACTIVE,ADSET_PAUSED,2026-08-11T23:44:26-0400,2026-08-17T22:46:58-0400,static image,"We saved a property owner $10,000/yr","$25,000 down to $15,000 in premium, same coverage. If you own a building, want us to check what you're overpaying?",,GET_QUOTE,https://www.cohesiveinsure.com/commercial-property,,Property long,"See property route; starts added Sep19, not backfilled",,images/3a9b3de127ee8e70.jpg,1032287436077359,0,0,0,,,,0,0,,0,,,,Main property,2026-08-18 to 2026-09-18,0.0,0,No delivery through Sep18,"S: sessions only since Sep12 01:50 ET; F: starts not historically recorded; C: reconciled completed intakes, including returns",AD,CP - instant form (23 states) - $50/day,Commercial Property - form vs landing (2-cell),0,,,False,0.0,0,https://www.cohesiveinsure.com/marketing-review/20260919/deep-scan/images/3a9b3de127ee8e70.jpg,[],[],{}
120250540503900660,CP - form - v10 Own an apartment building?,120250540492410660,120250540492550660,ACTIVE,ADSET_PAUSED,2026-08-11T23:44:33-0400,2026-08-17T22:47:26-0400,static image,Own an apartment building?,"We insure apartment buildings and get COIs to your lender fast. One owner we quoted saved $10,000 a year, same coverage. Want us to check yours?",,GET_QUOTE,https://www.cohesiveinsure.com/commercial-property,,Property long,"See property route; starts added Sep19, not backfilled",,images/de887c3d47c509c0.jpg,1106317868723941,0,0,0,,,,0,0,,0,,,,Main property,2026-08-18 to 2026-09-18,0.0,0,No delivery through Sep18,"S: sessions only since Sep12 01:50 ET; F: starts not historically recorded; C: reconciled completed intakes, including returns",AD,CP - instant form (23 states) - $50/day,Commercial Property - form vs landing (2-cell),0,,,False,0.0,0,https://www.cohesiveinsure.com/marketing-review/20260919/deep-scan/images/de887c3d47c509c0.jpg,[],[],{}
120250540504710660,CP - form - v11 Overpaying on your building?,120250540492410660,120250540492550660,ACTIVE,ADSET_PAUSED,2026-08-11T23:44:40-0400,2026-08-17T22:47:31-0400,static image,Overpaying on your building?,"One apartment owner we quoted went from $25,000 to $15,000 a year, same coverage. Own an apartment building? Want us to check your rate?",,GET_QUOTE,https://www.cohesiveinsure.com/commercial-property,,Property long,"See property route; starts added Sep19, not backfilled",,images/20cb7207a137f0fb.jpg,1363614482595225,0,0,0,,,,0,0,,0,,,,Main property,2026-08-18 to 2026-09-18,0.0,0,No delivery through Sep18,"S: sessions only since Sep12 01:50 ET; F: starts not historically recorded; C: reconciled completed intakes, including returns",AD,CP - instant form (23 states) - $50/day,Commercial Property - form vs landing (2-cell),0,,,False,0.0,0,https://www.cohesiveinsure.com/marketing-review/20260919/deep-scan/images/20cb7207a137f0fb.jpg,[],[],{}
120250540505130660,CP - form - v12 Lease space to tenants?,120250540492410660,120250540492550660,ACTIVE,ADSET_PAUSED,2026-08-11T23:44:47-0400,2026-08-17T22:47:30-0400,static image,Lease space to tenants?,"We insure commercial buildings and get COIs to your tenants and lender fast. One owner we quoted saved $10,000 a year. Want us to check your rate?",,GET_QUOTE,https://www.cohesiveinsure.com/commercial-property,,Property long,"See property route; starts added Sep19, not backfilled",,images/d1208e81362cd210.jpg,1085305647502642,0,0,0,,,,0,0,,0,,,,Main property,2026-08-18 to 2026-09-18,0.0,0,No delivery through Sep18,"S: sessions only since Sep12 01:50 ET; F: starts not historically recorded; C: reconciled completed intakes, including returns",AD,CP - instant form (23 states) - $50/day,Commercial Property - form vs landing (2-cell),0,,,False,0.0,0,https://www.cohesiveinsure.com/marketing-review/20260919/deep-scan/images/d1208e81362cd210.jpg,[],[],{}
120250540505860660,CP - form - v13 Building policy renewing?,120250540492410660,120250540492550660,ACTIVE,ADSET_PAUSED,2026-08-11T23:44:54-0400,2026-08-17T22:47:29-0400,static image,Building policy renewing?,"If you own a commercial building, renewal is the moment to check your rate. One owner we quoted went from $25,000 to $15,000 a year, same coverage. When does yours renew?",,GET_QUOTE,https://www.cohesiveinsure.com/commercial-property,,Property long,"See property route; starts added Sep19, not backfilled",,images/476142624da0dcb6.jpg,1041771132159023,0,0,0,,,,0,0,,0,,,,Main property,2026-08-18 to 2026-09-18,0.0,0,No delivery through Sep18,"S: sessions only since Sep12 01:50 ET; F: starts not historically recorded; C: reconciled completed intakes, including returns",AD,CP - instant form (23 states) - $50/day,Commercial Property - form vs landing (2-cell),0,,,False,0.0,0,https://www.cohesiveinsure.com/marketing-review/20260919/deep-scan/images/476142624da0dcb6.jpg,[],[],{}
120250540506820660,CP - form - v14 Own a storage facility?,120250540492410660,120250540492550660,PAUSED,PAUSED,2026-08-11T23:45:01-0400,2026-08-17T22:47:17-0400,static image,Own a storage facility?,"We insure self-storage and mini-warehouse properties. One building owner we quoted saved $10,000 a year, same coverage. Want us to check your rate?",,GET_QUOTE,https://www.cohesiveinsure.com/commercial-property,,Property long,"See property route; starts added Sep19, not backfilled",,images/0a0854ae0a45c9fe.jpg,2305733140235999,0,0,0,,,,0,0,,0,,,,Main property,2026-08-18 to 2026-09-18,0.0,0,No delivery through Sep18,"S: sessions only since Sep12 01:50 ET; F: starts not historically recorded; C: reconciled completed intakes, including returns",AD,CP - instant form (23 states) - $50/day,Commercial Property - form vs landing (2-cell),0,,,False,0.0,0,https://www.cohesiveinsure.com/marketing-review/20260919/deep-scan/images/0a0854ae0a45c9fe.jpg,[],[],{}
120250540509260660,CP - form - v15 Building sitting empty?,120250540492410660,120250540492550660,ACTIVE,ADSET_PAUSED,2026-08-11T23:45:08-0400,2026-08-17T22:47:23-0400,static image,Building sitting empty?,"Most insurers won't touch a vacant building - we place what they decline. And we save owners real money, one recently by $10,000 a year. Want a quote?",,GET_QUOTE,https://www.cohesiveinsure.com/commercial-property,,Property long,"See property route; starts added Sep19, not backfilled",,images/dc75a46ad5cb6a88.jpg,1776450597015255,0,0,0,,,,0,0,,0,,,,Main property,2026-08-18 to 2026-09-18,0.0,0,No delivery through Sep18,"S: sessions only since Sep12 01:50 ET; F: starts not historically recorded; C: reconciled completed intakes, including returns",AD,CP - instant form (23 states) - $50/day,Commercial Property - form vs landing (2-cell),0,,,False,0.0,0,https://www.cohesiveinsure.com/marketing-review/20260919/deep-scan/images/dc75a46ad5cb6a88.jpg,[],[],{}
120250540511200660,CP - form - v16 Renovating a building?,120250540492410660,120250540492550660,ACTIVE,ADSET_PAUSED,2026-08-11T23:45:15-0400,2026-08-17T22:47:13-0400,static image,Renovating a building?,"Vacant or under renovation, we get it covered while standard carriers walk away. One owner we quoted went from $25,000 to $15,000 a year. Want a rate check?",,GET_QUOTE,https://www.cohesiveinsure.com/commercial-property,,Property long,"See property route; starts added Sep19, not backfilled",,images/10cde96f1ff4a719.jpg,1409732884365918,0,0,0,,,,0,0,,0,,,,Main property,2026-08-18 to 2026-09-18,0.0,0,No delivery through Sep18,"S: sessions only since Sep12 01:50 ET; F: starts not historically recorded; C: reconciled completed intakes, including returns",AD,CP - instant form (23 states) - $50/day,Commercial Property - form vs landing (2-cell),0,,,False,0.0,0,https://www.cohesiveinsure.com/marketing-review/20260919/deep-scan/images/10cde96f1ff4a719.jpg,[],[],{}
120250540513260660,CP - form - v18 More than one building?,120250540492410660,120250540492550660,ACTIVE,ADSET_PAUSED,2026-08-11T23:45:22-0400,2026-08-17T22:47:30-0400,static image,More than one building?,"We insure landlords with multiple buildings under one roof. One owner we quoted went from $25,000 to $15,000 a year, same coverage. Want us to check yours?",,GET_QUOTE,https://www.cohesiveinsure.com/commercial-property,,Property long,"See property route; starts added Sep19, not backfilled",,images/5b2b22e508d438d1.jpg,1385735306983620,0,0,0,,,,0,0,,0,,,,Main property,2026-08-18 to 2026-09-18,0.0,0,No delivery through Sep18,"S: sessions only since Sep12 01:50 ET; F: starts not historically recorded; C: reconciled completed intakes, including returns",AD,CP - instant form (23 states) - $50/day,Commercial Property - form vs landing (2-cell),0,,,False,0.0,0,https://www.cohesiveinsure.com/marketing-review/20260919/deep-scan/images/5b2b22e508d438d1.jpg,[],[],{}
120250540514380660,CP - form - v19 Own a building?,120250540492410660,120250540492550660,ACTIVE,ADSET_PAUSED,2026-08-11T23:45:29-0400,2026-08-17T22:47:29-0400,static image,Own a building?,"Apartments, mixed-use, commercial - whatever you own, we'll check what you're paying to insure it. One owner we quoted went from $25,000 to $15,000 a year, same coverage. Want us to check yours?",,GET_QUOTE,https://www.cohesiveinsure.com/commercial-property,,Property long,"See property route; starts added Sep19, not backfilled",,images/85789cf25fef56fd.jpg,1321111946489131,0,0,0,,,,0,0,,0,,,,Main property,2026-08-18 to 2026-09-18,0.0,0,No delivery through Sep18,"S: sessions only since Sep12 01:50 ET; F: starts not historically recorded; C: reconciled completed intakes, including returns",AD,CP - instant form (23 states) - $50/day,Commercial Property - form vs landing (2-cell),0,,,False,0.0,0,https://www.cohesiveinsure.com/marketing-review/20260919/deep-scan/images/85789cf25fef56fd.jpg,[],[],{}
120250540515620660,CP - form - v20 Own a senior living facility?,120250540492410660,120250540492550660,ACTIVE,ADSET_PAUSED,2026-08-11T23:45:35-0400,2026-08-17T22:46:57-0400,static image,Own a senior living facility?,"We insure senior living and assisted-living buildings (commercial property). One owner we quoted saved $10,000 a year, same coverage - and we get COIs to your lender fast. Want us to check yours?",,GET_QUOTE,https://www.cohesiveinsure.com/commercial-property,,Property long,"See property route; starts added Sep19, not backfilled",,images/b15b02831e323b79.jpg,3888700011267705,0,0,0,,,,0,0,,0,,,,Main property,2026-08-18 to 2026-09-18,0.0,0,No delivery through Sep18,"S: sessions only since Sep12 01:50 ET; F: starts not historically recorded; C: reconciled completed intakes, including returns",AD,CP - instant form (23 states) - $50/day,Commercial Property - form vs landing (2-cell),0,,,False,0.0,0,https://www.cohesiveinsure.com/marketing-review/20260919/deep-scan/images/b15b02831e323b79.jpg,[],[],{}
120250540517230660,CP - form - v21 Own a gym or fitness building?,120250540492410660,120250540492550660,ACTIVE,ADSET_PAUSED,2026-08-11T23:45:42-0400,2026-08-17T22:47:32-0400,static image,Own a gym or fitness building?,"We insure the building your gym or studio operates in (commercial property). One owner we quoted saved $10,000 a year, same coverage. Want us to check your rate?",,GET_QUOTE,https://www.cohesiveinsure.com/commercial-property,,Property long,"See property route; starts added Sep19, not backfilled",,images/177c40d677cd38cc.jpg,1589404669213288,0,0,0,,,,0,0,,0,,,,Main property,2026-08-18 to 2026-09-18,0.0,0,No delivery through Sep18,"S: sessions only since Sep12 01:50 ET; F: starts not historically recorded; C: reconciled completed intakes, including returns",AD,CP - instant form (23 states) - $50/day,Commercial Property - form vs landing (2-cell),0,,,False,0.0,0,https://www.cohesiveinsure.com/marketing-review/20260919/deep-scan/images/177c40d677cd38cc.jpg,[],[],{}
120250540518290660,CP - form - v22 Bank asking for proof of insur,120250540492410660,120250540492550660,ACTIVE,ADSET_PAUSED,2026-08-11T23:45:49-0400,2026-08-17T22:47:26-0400,static image,Bank asking for proof of insurance?,"If your lender needs evidence of property insurance to close, we get the COI (with mortgagee clause) to your bank fast. One owner we quoted also saved $10,000 a year. Need it today?",,GET_QUOTE,https://www.cohesiveinsure.com/commercial-property,,Property long,"See property route; starts added Sep19, not backfilled",,images/b1a18452009566c9.jpg,1062084356753976,0,0,0,,,,0,0,,0,,,,Main property,2026-08-18 to 2026-09-18,0.0,0,No delivery through Sep18,"S: sessions only since Sep12 01:50 ET; F: starts not historically recorded; C: reconciled completed intakes, including returns",AD,CP - instant form (23 states) - $50/day,Commercial Property - form vs landing (2-cell),0,,,False,0.0,0,https://www.cohesiveinsure.com/marketing-review/20260919/deep-scan/images/b1a18452009566c9.jpg,[],[],{}
120250540519990660,CP - form - v23 Financing or refinancing a bui,120250540492410660,120250540492550660,ACTIVE,ADSET_PAUSED,2026-08-11T23:45:56-0400,2026-08-17T22:47:32-0400,static image,Financing or refinancing a building?,"Buying or refinancing? Your bank will require proof of property insurance. We handle it fast and shop your rate - one owner we quoted went from $25,000 to $15,000 a year. Want us to check yours?",,GET_QUOTE,https://www.cohesiveinsure.com/commercial-property,,Property long,"See property route; starts added Sep19, not backfilled",,images/18f3acf911316387.jpg,2474497609711684,0,0,0,,,,0,0,,0,,,,Main property,2026-08-18 to 2026-09-18,0.0,0,No delivery through Sep18,"S: sessions only since Sep12 01:50 ET; F: starts not historically recorded; C: reconciled completed intakes, including returns",AD,CP - instant form (23 states) - $50/day,Commercial Property - form vs landing (2-cell),0,,,False,0.0,0,https://www.cohesiveinsure.com/marketing-review/20260919/deep-scan/images/18f3acf911316387.jpg,[],[],{}
120250564534860660,CP - form - v24 Own an office building?,120250540492410660,120250540492550660,ACTIVE,ADSET_PAUSED,2026-08-12T19:03:02-0400,2026-08-17T23:10:55-0400,static image,Own an office building?,"We insure office buildings and get COIs to your lender fast. One owner we quoted saved $10,000 a year, same coverage. Want us to check your rate?",,GET_QUOTE,https://www.cohesiveinsure.com/commercial-property,,Property long,"See property route; starts added Sep19, not backfilled",,images/98269c6a8dc0890c.jpg,857116914148114,0,0,0,,,,0,0,,0,,,,Main property,2026-08-18 to 2026-09-18,0.0,0,No delivery through Sep18,"S: sessions only since Sep12 01:50 ET; F: starts not historically recorded; C: reconciled completed intakes, including returns",AD,CP - instant form (23 states) - $50/day,Commercial Property - form vs landing (2-cell),0,,,False,0.0,0,https://www.cohesiveinsure.com/marketing-review/20260919/deep-scan/images/98269c6a8dc0890c.jpg,[],[],{}
120250564538860660,CP - form - v25 Own a mixed-use building?,120250540492410660,120250540492550660,PAUSED,PAUSED,2026-08-12T19:03:09-0400,2026-08-17T22:47:27-0400,static image,Own a mixed-use building?,"Storefront below, apartments above - we insure mixed-use buildings every day. One owner we quoted went from $25,000 to $15,000 a year, same coverage. Want us to check yours?",,GET_QUOTE,https://www.cohesiveinsure.com/commercial-property,,Property long,"See property route; starts added Sep19, not backfilled",,images/5903413de681c5cc.jpg,1248279607395821,0,0,0,,,,0,0,,0,,,,Main property,2026-08-18 to 2026-09-18,0.0,0,No delivery through Sep18,"S: sessions only since Sep12 01:50 ET; F: starts not historically recorded; C: reconciled completed intakes, including returns",AD,CP - instant form (23 states) - $50/day,Commercial Property - form vs landing (2-cell),0,,,False,0.0,0,https://www.cohesiveinsure.com/marketing-review/20260919/deep-scan/images/5903413de681c5cc.jpg,[],[],{}
120250564546200660,CP - form - v26 Own a warehouse?,120250540492410660,120250540492550660,PAUSED,PAUSED,2026-08-12T19:03:16-0400,2026-08-17T22:47:38-0400,static image,Own a warehouse?,"We insure warehouses and industrial buildings. One owner we quoted saved $10,000 a year, same coverage. Want us to check what you're paying?",,GET_QUOTE,https://www.cohesiveinsure.com/commercial-property,,Property long,"See property route; starts added Sep19, not backfilled",,images/178e39cd106286de.jpg,1067188922437189,0,0,0,,,,0,0,,0,,,,Main property,2026-08-18 to 2026-09-18,0.0,0,No delivery through Sep18,"S: sessions only since Sep12 01:50 ET; F: starts not historically recorded; C: reconciled completed intakes, including returns",AD,CP - instant form (23 states) - $50/day,Commercial Property - form vs landing (2-cell),0,,,False,0.0,0,https://www.cohesiveinsure.com/marketing-review/20260919/deep-scan/images/178e39cd106286de.jpg,[],[],{}
120250564549600660,CP - form - v27 Own an older building?,120250540492410660,120250540492550660,ACTIVE,ADSET_PAUSED,2026-08-12T19:03:23-0400,2026-08-17T22:47:24-0400,static image,Own an older building?,"Older building? Recent roof, wiring, or plumbing updates can mean a much lower rate. One owner we quoted went from $25,000 to $15,000 a year, same coverage. Want us to check yours?",,GET_QUOTE,https://www.cohesiveinsure.com/commercial-property,,Property long,"See property route; starts added Sep19, not backfilled",,images/6e5f6baa38d6512b.jpg,1104880095560866,0,0,0,,,,0,0,,0,,,,Main property,2026-08-18 to 2026-09-18,0.0,0,No delivery through Sep18,"S: sessions only since Sep12 01:50 ET; F: starts not historically recorded; C: reconciled completed intakes, including returns",AD,CP - instant form (23 states) - $50/day,Commercial Property - form vs landing (2-cell),0,,,False,0.0,0,https://www.cohesiveinsure.com/marketing-review/20260919/deep-scan/images/6e5f6baa38d6512b.jpg,[],[],{}
120250571667550660,CP - form - focus_plaza_own_prop Own a commercial property?,120250540492410660,120250540492550660,ACTIVE,ADSET_PAUSED,2026-08-13T01:06:01-0400,2026-08-17T22:47:05-0400,static image,Own a commercial property?,"Retail plaza, strip center, or storefront - if you own a commercial building, we'll check what you're paying to insure it. One owner we quoted saved $10,000 a year, same coverage. Want us to check yours?",,GET_QUOTE,https://www.cohesiveinsure.com/commercial-property,,Property long,"See property route; starts added Sep19, not backfilled",,images/5a3056d0af06c89f.jpg,1573861437815726,0,0,0,,,,0,0,,0,,,,Main property,2026-08-18 to 2026-09-18,0.0,0,No delivery through Sep18,"S: sessions only since Sep12 01:50 ET; F: starts not historically recorded; C: reconciled completed intakes, including returns",AD,CP - instant form (23 states) - $50/day,Commercial Property - form vs landing (2-cell),0,,,False,0.0,0,https://www.cohesiveinsure.com/marketing-review/20260919/deep-scan/images/5a3056d0af06c89f.jpg,[],[],{}
120250571668190660,CP - form - focus_plaza_own_bldg Own a commercial building?,120250540492410660,120250540492550660,ACTIVE,ADSET_PAUSED,2026-08-13T01:06:08-0400,2026-08-17T22:46:58-0400,static image,Own a commercial building?,"We insure commercial buildings - retail, plazas, offices. One owner we quoted went from $25,000 to $15,000 a year, same coverage. Want us to check what you're overpaying?",,GET_QUOTE,https://www.cohesiveinsure.com/commercial-property,,Property long,"See property route; starts added Sep19, not backfilled",,images/30b1ad1de14fcfc2.jpg,815637058238800,0,0,0,,,,0,0,,0,,,,Main property,2026-08-18 to 2026-09-18,0.0,0,No delivery through Sep18,"S: sessions only since Sep12 01:50 ET; F: starts not historically recorded; C: reconciled completed intakes, including returns",AD,CP - instant form (23 states) - $50/day,Commercial Property - form vs landing (2-cell),0,,,False,0.0,0,https://www.cohesiveinsure.com/marketing-review/20260919/deep-scan/images/30b1ad1de14fcfc2.jpg,[],[],{}
120250571668920660,CP - form - focus_plaza_retail Own retail or plaza space?,120250540492410660,120250540492550660,ACTIVE,ADSET_PAUSED,2026-08-13T01:06:14-0400,2026-08-17T22:47:11-0400,static image,Own retail or plaza space?,"We insure strip centers and retail plazas and get COIs to your tenants and lender fast. One owner we quoted saved $10,000 a year. Want us to check your rate?",,GET_QUOTE,https://www.cohesiveinsure.com/commercial-property,,Property long,"See property route; starts added Sep19, not backfilled",,images/5b29dfae1b807597.jpg,28041410672135590,0,0,0,,,,0,0,,0,,,,Main property,2026-08-18 to 2026-09-18,0.0,0,No delivery through Sep18,"S: sessions only since Sep12 01:50 ET; F: starts not historically recorded; C: reconciled completed intakes, including returns",AD,CP - instant form (23 states) - $50/day,Commercial Property - form vs landing (2-cell),0,,,False,0.0,0,https://www.cohesiveinsure.com/marketing-review/20260919/deep-scan/images/5b29dfae1b807597.jpg,[],[],{}
120250571669820660,CP - form - focus_plaza_renewing Commercial property renewing?,120250540492410660,120250540492550660,ACTIVE,ADSET_PAUSED,2026-08-13T01:06:20-0400,2026-08-17T22:47:23-0400,static image,Commercial property renewing?,"If you own a commercial building, renewal is the moment to check your rate. One owner we quoted went from $25,000 to $15,000 a year, same coverage. When does yours renew?",,GET_QUOTE,https://www.cohesiveinsure.com/commercial-property,,Property long,"See property route; starts added Sep19, not backfilled",,images/c67f06dde4454d91.jpg,4009152596044469,0,0,0,,,,0,0,,0,,,,Main property,2026-08-18 to 2026-09-18,0.0,0,No delivery through Sep18,"S: sessions only since Sep12 01:50 ET; F: starts not historically recorded; C: reconciled completed intakes, including returns",AD,CP - instant form (23 states) - $50/day,Commercial Property - form vs landing (2-cell),0,,,False,0.0,0,https://www.cohesiveinsure.com/marketing-review/20260919/deep-scan/images/c67f06dde4454d91.jpg,[],[],{}
120250571671440660,CP - form - focus_apt_5plus Own a 5+ unit apartment buildi,120250540492410660,120250540492550660,ACTIVE,ADSET_PAUSED,2026-08-13T01:06:26-0400,2026-08-17T22:47:26-0400,static image,Own a 5+ unit apartment building?,"We insure apartment buildings (5+ units) and get COIs to your lender fast. One owner we quoted saved $10,000 a year, same coverage. Want us to check yours?",,GET_QUOTE,https://www.cohesiveinsure.com/commercial-property,,Property long,"See property route; starts added Sep19, not backfilled",,images/afbbef1f491f00b2.jpg,28211047191914894,0,0,0,,,,0,0,,0,,,,Main property,2026-08-18 to 2026-09-18,0.0,0,No delivery through Sep18,"S: sessions only since Sep12 01:50 ET; F: starts not historically recorded; C: reconciled completed intakes, including returns",AD,CP - instant form (23 states) - $50/day,Commercial Property - form vs landing (2-cell),0,,,False,0.0,0,https://www.cohesiveinsure.com/marketing-review/20260919/deep-scan/images/afbbef1f491f00b2.jpg,[],[],{}
120250571672580660,CP - form - focus_apt_overpay Overpaying on your apartments?,120250540492410660,120250540492550660,ACTIVE,ADSET_PAUSED,2026-08-13T01:06:33-0400,2026-08-17T22:47:07-0400,static image,Overpaying on your apartments?,"One apartment owner we quoted went from $25,000 to $15,000 a year, same coverage. Own a 5+ unit apartment building? Want us to check your rate?",,GET_QUOTE,https://www.cohesiveinsure.com/commercial-property,,Property long,"See property route; starts added Sep19, not backfilled",,images/141028f6f0eca591.jpg,1075100295176198,0,0,0,,,,0,0,,0,,,,Main property,2026-08-18 to 2026-09-18,0.0,0,No delivery through Sep18,"S: sessions only since Sep12 01:50 ET; F: starts not historically recorded; C: reconciled completed intakes, including returns",AD,CP - instant form (23 states) - $50/day,Commercial Property - form vs landing (2-cell),0,,,False,0.0,0,https://www.cohesiveinsure.com/marketing-review/20260919/deep-scan/images/141028f6f0eca591.jpg,[],[],{}
120250540502680660,CP - landing - v03 We cut a property's rate 40%,120250540492410660,120250540493670660,ACTIVE,ACTIVE,2026-08-11T23:44:22-0400,2026-08-18T00:52:20-0400,static image,We cut a property's rate 40%,"This owner was paying $25,000 a year to insure their building. Same coverage, we got it to $15,000 - 40% off. Own a building? Want us to check yours?",,GET_QUOTE,https://www.cohesiveinsure.com/commercial-property,utm_source=facebook&utm_medium=paid&utm_campaign={{campaign.name}}&utm_content={{ad.name}}&utm_term={{adset.name}}&ad_id={{ad.id}}&adset_id={{adset.id}},Property long,"See property route; starts added Sep19, not backfilled",,images/bd3e32a7fedb9c94.jpg,2137080997224095,1203.37,24715,308,48.69,1.246,3.91,44,43,,34,27.35,27.99,,Main property,2026-08-18 to 2026-09-18,20.78,46.49,Confirmed completed intake,"S: sessions only since Sep12 01:50 ET; F: starts not historically recorded; C: reconciled completed intakes, including returns",AD,CP - landing page (23 states) - $50/day,Commercial Property - form vs landing (2-cell),31,2026-08-19,2026-09-18,True,19.62,318,https://www.cohesiveinsure.com/marketing-review/20260919/deep-scan/images/bd3e32a7fedb9c94.jpg,"[{""action_type"": ""link_click"", ""value"": ""308""}, {""action_type"": ""offsite_conversion.fb_pixel_custom"", ""value"": ""35""}, {""action_type"": ""post_reaction"", ""value"": ""14""}, {""action_type"": ""landing_page_view"", ""value"": ""299""}, {""action_type"": ""onsite_web_lead"", ""value"": ""51""}, {""action_type"": ""omni_landing_page_view"", ""value"": ""299""}, {""action_type"": ""onsite_conversion.post_unlike"", ""value"": ""1""}, {""action_type"": ""post_engagement"", ""value"": ""337""}, {""action_type"": ""like"", ""value"": ""2""}, {""action_type"": ""post_interaction_gross"", ""value"": ""29""}, {""action_type"": ""comment"", ""value"": ""4""}, {""action_type"": ""page_engagement"", ""value"": ""339""}, {""action_type"": ""post_interaction_net"", ""value"": ""30""}, {""action_type"": ""post"", ""value"": ""5""}, {""action_type"": ""onsite_conversion.post_save"", ""value"": ""6""}, {""action_type"": ""onsite_conversion.post_net_comment"", ""value"": ""4""}, {""action_type"": ""onsite_conversion.post_net_save"", ""value"": ""6""}, {""action_type"": ""onsite_conversion.post_net_like"", ""value"": ""13""}, {""action_type"": ""lead"", ""value"": ""51""}, {""action_type"": ""custom_event_actions_add_20_s_calls"", ""value"": ""33""}, {""action_type"": ""offsite_conversion.fb_pixel_lead"", ""value"": ""51""}, {""action_type"": ""offsite_lead_add_20_s_calls"", ""value"": ""51""}]","[{""action_type"": ""submit_application_total"", ""value"": ""2""}, {""action_type"": ""submit_application_website"", ""value"": ""2""}, {""action_type"": ""offsite_conversion.fb_pixel_custom.QualifiedLead"", ""value"": ""22""}, {""action_type"": ""offsite_conversion.fb_pixel_custom.LeadUrgentQuoted"", ""value"": ""9""}, {""action_type"": ""offsite_conversion.fb_pixel_custom.LeadQuoted"", ""value"": ""2""}]",{}
120250571668020660,CP - landing - focus_plaza_own_prop Own a commercial property?,120250540492410660,120250540493670660,ACTIVE,ACTIVE,2026-08-13T01:06:04-0400,2026-08-18T00:52:15-0400,static image,Own a commercial property?,"Retail plaza, strip center, or storefront - if you own a commercial building, we'll check what you're paying to insure it. One owner we quoted saved $10,000 a year, same coverage. Want us to check yours?",,GET_QUOTE,https://www.cohesiveinsure.com/commercial-property,utm_source=facebook&utm_medium=paid&utm_campaign={{campaign.name}}&utm_content={{ad.name}}&utm_term={{adset.name}}&ad_id={{ad.id}}&adset_id={{adset.id}},Property long,"See property route; starts added Sep19, not backfilled",,images/5a3056d0af06c89f.jpg,1084331534122289,978.76,25137,287,38.94,1.142,3.41,41,41,,2,23.87,23.87,,Main property,2026-08-18 to 2026-09-18,16.91,37.82,Confirmed completed intake,"S: sessions only since Sep12 01:50 ET; F: starts not historically recorded; C: reconciled completed intakes, including returns",AD,CP - landing page (23 states) - $50/day,Commercial Property - form vs landing (2-cell),32,2026-08-18,2026-09-18,True,1.87,46,https://www.cohesiveinsure.com/marketing-review/20260919/deep-scan/images/5a3056d0af06c89f.jpg,"[{""action_type"": ""link_click"", ""value"": ""287""}, {""action_type"": ""offsite_conversion.fb_pixel_custom"", ""value"": ""33""}, {""action_type"": ""post_reaction"", ""value"": ""13""}, {""action_type"": ""landing_page_view"", ""value"": ""256""}, {""action_type"": ""onsite_web_lead"", ""value"": ""42""}, {""action_type"": ""omni_landing_page_view"", ""value"": ""256""}, {""action_type"": ""onsite_conversion.post_unlike"", ""value"": ""1""}, {""action_type"": ""post_engagement"", ""value"": ""313""}, {""action_type"": ""post_interaction_gross"", ""value"": ""26""}, {""action_type"": ""comment"", ""value"": ""1""}, {""action_type"": ""page_engagement"", ""value"": ""313""}, {""action_type"": ""post_interaction_net"", ""value"": ""27""}, {""action_type"": ""post"", ""value"": ""5""}, {""action_type"": ""onsite_conversion.post_save"", ""value"": ""7""}, {""action_type"": ""onsite_conversion.post_net_comment"", ""value"": ""1""}, {""action_type"": ""onsite_conversion.post_net_save"", ""value"": ""7""}, {""action_type"": ""onsite_conversion.post_net_like"", ""value"": ""12""}, {""action_type"": ""lead"", ""value"": ""42""}, {""action_type"": ""custom_event_actions_add_20_s_calls"", ""value"": ""33""}, {""action_type"": ""offsite_conversion.fb_pixel_lead"", ""value"": ""42""}, {""action_type"": ""offsite_lead_add_20_s_calls"", ""value"": ""42""}]","[{""action_type"": ""offsite_conversion.fb_pixel_custom.QualifiedLead"", ""value"": ""19""}, {""action_type"": ""offsite_conversion.fb_pixel_custom.LeadUrgentQuoted"", ""value"": ""12""}, {""action_type"": ""offsite_conversion.fb_pixel_custom.LeadQuoted"", ""value"": ""2""}]",{}
120250571668580660,CP - landing - focus_plaza_own_bldg Own a commercial building?,120250540492410660,120250540493670660,ACTIVE,ACTIVE,2026-08-13T01:06:11-0400,2026-08-18T00:50:17-0400,static image,Own a commercial building?,"We insure commercial buildings - retail, plazas, offices. One owner we quoted went from $25,000 to $15,000 a year, same coverage. Want us to check what you're overpaying?",,GET_QUOTE,https://www.cohesiveinsure.com/commercial-property,utm_source=facebook&utm_medium=paid&utm_campaign={{campaign.name}}&utm_content={{ad.name}}&utm_term={{adset.name}}&ad_id={{ad.id}}&adset_id={{adset.id}},Property long,"See property route; starts added Sep19, not backfilled",,images/30b1ad1de14fcfc2.jpg,28055828827417306,301.91,6082,84,49.64,1.381,3.59,10,10,,2,30.19,30.19,,Main property,2026-08-18 to 2026-09-18,5.21,11.66,Confirmed completed intake,"S: sessions only since Sep12 01:50 ET; F: starts not historically recorded; C: reconciled completed intakes, including returns",AD,CP - landing page (23 states) - $50/day,Commercial Property - form vs landing (2-cell),32,2026-08-18,2026-09-18,True,0.02,1,https://www.cohesiveinsure.com/marketing-review/20260919/deep-scan/images/30b1ad1de14fcfc2.jpg,"[{""action_type"": ""link_click"", ""value"": ""84""}, {""action_type"": ""offsite_conversion.fb_pixel_custom"", ""value"": ""10""}, {""action_type"": ""post_reaction"", ""value"": ""7""}, {""action_type"": ""landing_page_view"", ""value"": ""77""}, {""action_type"": ""onsite_web_lead"", ""value"": ""12""}, {""action_type"": ""omni_landing_page_view"", ""value"": ""77""}, {""action_type"": ""onsite_conversion.post_unlike"", ""value"": ""1""}, {""action_type"": ""post_engagement"", ""value"": ""94""}, {""action_type"": ""like"", ""value"": ""1""}, {""action_type"": ""post_interaction_gross"", ""value"": ""10""}, {""action_type"": ""page_engagement"", ""value"": ""95""}, {""action_type"": ""post_interaction_net"", ""value"": ""11""}, {""action_type"": ""post"", ""value"": ""1""}, {""action_type"": ""onsite_conversion.post_save"", ""value"": ""2""}, {""action_type"": ""onsite_conversion.post_net_save"", ""value"": ""2""}, {""action_type"": ""onsite_conversion.post_net_like"", ""value"": ""6""}, {""action_type"": ""lead"", ""value"": ""12""}, {""action_type"": ""custom_event_actions_add_20_s_calls"", ""value"": ""10""}, {""action_type"": ""offsite_conversion.fb_pixel_lead"", ""value"": ""12""}, {""action_type"": ""offsite_lead_add_20_s_calls"", ""value"": ""12""}]","[{""action_type"": ""offsite_conversion.fb_pixel_custom.QualifiedLead"", ""value"": ""6""}, {""action_type"": ""offsite_conversion.fb_pixel_custom.LeadUrgentQuoted"", ""value"": ""4""}]",{}
120250540511980660,CP - landing - v16 Renovating a building?,120250540492410660,120250540493670660,ACTIVE,ACTIVE,2026-08-11T23:45:18-0400,2026-08-18T00:53:24-0400,static image,Renovating a building?,"Vacant or under renovation, we get it covered while standard carriers walk away. One owner we quoted went from $25,000 to $15,000 a year. Want a rate check?",,GET_QUOTE,https://www.cohesiveinsure.com/commercial-property,utm_source=facebook&utm_medium=paid&utm_campaign={{campaign.name}}&utm_content={{ad.name}}&utm_term={{adset.name}}&ad_id={{ad.id}}&adset_id={{adset.id}},Property long,"See property route; starts added Sep19, not backfilled",,images/10cde96f1ff4a719.jpg,1641120571055102,48.27,1243,12,38.83,0.965,4.02,2,2,,0,24.14,24.14,,Main property,2026-08-18 to 2026-09-18,0.83,1.87,Confirmed completed intake,"S: sessions only since Sep12 01:50 ET; F: starts not historically recorded; C: reconciled completed intakes, including returns",AD,CP - landing page (23 states) - $50/day,Commercial Property - form vs landing (2-cell),25,2026-08-18,2026-09-17,True,0.0,0,https://www.cohesiveinsure.com/marketing-review/20260919/deep-scan/images/10cde96f1ff4a719.jpg,"[{""action_type"": ""link_click"", ""value"": ""12""}, {""action_type"": ""offsite_conversion.fb_pixel_custom"", ""value"": ""1""}, {""action_type"": ""landing_page_view"", ""value"": ""13""}, {""action_type"": ""onsite_web_lead"", ""value"": ""1""}, {""action_type"": ""omni_landing_page_view"", ""value"": ""13""}, {""action_type"": ""post_engagement"", ""value"": ""12""}, {""action_type"": ""page_engagement"", ""value"": ""12""}, {""action_type"": ""lead"", ""value"": ""1""}, {""action_type"": ""custom_event_actions_add_20_s_calls"", ""value"": ""1""}, {""action_type"": ""offsite_conversion.fb_pixel_lead"", ""value"": ""1""}, {""action_type"": ""offsite_lead_add_20_s_calls"", ""value"": ""1""}]","[{""action_type"": ""offsite_conversion.fb_pixel_custom.QualifiedLead"", ""value"": ""1""}]",{}
120250540515910660,CP - landing - v20 Own a senior living facility?,120250540492410660,120250540493670660,ACTIVE,ACTIVE,2026-08-11T23:45:39-0400,2026-08-18T00:50:18-0400,static image,Own a senior living facility?,"We insure senior living and assisted-living buildings (commercial property). One owner we quoted saved $10,000 a year, same coverage - and we get COIs to your lender fast. Want us to check yours?",,GET_QUOTE,https://www.cohesiveinsure.com/commercial-property,utm_source=facebook&utm_medium=paid&utm_campaign={{campaign.name}}&utm_content={{ad.name}}&utm_term={{adset.name}}&ad_id={{ad.id}}&adset_id={{adset.id}},Property long,"See property route; starts added Sep19, not backfilled",,images/b15b02831e323b79.jpg,2023962428233609,25.34,403,5,62.88,1.241,5.07,0,0,,0,,,,Main property,2026-08-18 to 2026-09-18,0.44,0.98,Delivery without confirmed completion,"S: sessions only since Sep12 01:50 ET; F: starts not historically recorded; C: reconciled completed intakes, including returns",AD,CP - landing page (23 states) - $50/day,Commercial Property - form vs landing (2-cell),22,2026-08-18,2026-09-18,True,0.0,0,https://www.cohesiveinsure.com/marketing-review/20260919/deep-scan/images/b15b02831e323b79.jpg,"[{""action_type"": ""link_click"", ""value"": ""5""}, {""action_type"": ""post_reaction"", ""value"": ""1""}, {""action_type"": ""landing_page_view"", ""value"": ""3""}, {""action_type"": ""omni_landing_page_view"", ""value"": ""3""}, {""action_type"": ""onsite_conversion.post_unlike"", ""value"": ""1""}, {""action_type"": ""post_engagement"", ""value"": ""6""}, {""action_type"": ""post_interaction_gross"", ""value"": ""1""}, {""action_type"": ""page_engagement"", ""value"": ""6""}, {""action_type"": ""post_interaction_net"", ""value"": ""2""}, {""action_type"": ""onsite_conversion.post_net_like"", ""value"": ""0""}]",[],{}
120250540506300660,CP - landing - v13 Building policy renewing?,120250540492410660,120250540493670660,ACTIVE,ACTIVE,2026-08-11T23:44:57-0400,2026-08-18T00:55:06-0400,static image,Building policy renewing?,"If you own a commercial building, renewal is the moment to check your rate. One owner we quoted went from $25,000 to $15,000 a year, same coverage. When does yours renew?",,GET_QUOTE,https://www.cohesiveinsure.com/commercial-property,utm_source=facebook&utm_medium=paid&utm_campaign={{campaign.name}}&utm_content={{ad.name}}&utm_term={{adset.name}}&ad_id={{ad.id}}&adset_id={{adset.id}},Property long,"See property route; starts added Sep19, not backfilled",,images/476142624da0dcb6.jpg,4417846938468793,7.67,136,0,56.4,0.0,,0,0,,0,,,,Main property,2026-08-18 to 2026-09-18,0.13,0.3,Delivery without confirmed completion,"S: sessions only since Sep12 01:50 ET; F: starts not historically recorded; C: reconciled completed intakes, including returns",AD,CP - landing page (23 states) - $50/day,Commercial Property - form vs landing (2-cell),14,2026-08-18,2026-09-17,True,0.0,0,https://www.cohesiveinsure.com/marketing-review/20260919/deep-scan/images/476142624da0dcb6.jpg,"[{""action_type"": ""post_engagement"", ""value"": ""1""}, {""action_type"": ""post_interaction_gross"", ""value"": ""1""}, {""action_type"": ""page_engagement"", ""value"": ""1""}, {""action_type"": ""post_interaction_net"", ""value"": ""1""}, {""action_type"": ""onsite_conversion.post_save"", ""value"": ""1""}, {""action_type"": ""onsite_conversion.post_net_save"", ""value"": ""1""}]",[],{}
120250571673380660,CP - landing - focus_apt_overpay Overpaying on your apartments?,120250540492410660,120250540493670660,ACTIVE,ACTIVE,2026-08-13T01:06:36-0400,2026-08-18T00:53:07-0400,static image,Overpaying on your apartments?,"One apartment owner we quoted went from $25,000 to $15,000 a year, same coverage. Own a 5+ unit apartment building? Want us to check your rate?",,GET_QUOTE,https://www.cohesiveinsure.com/commercial-property,utm_source=facebook&utm_medium=paid&utm_campaign={{campaign.name}}&utm_content={{ad.name}}&utm_term={{adset.name}}&ad_id={{ad.id}}&adset_id={{adset.id}},Property long,"See property route; starts added Sep19, not backfilled",,images/141028f6f0eca591.jpg,1553233100150365,4.67,100,1,46.7,1.0,4.67,0,0,,1,,,,Main property,2026-08-18 to 2026-09-18,0.08,0.18,Delivery without confirmed completion,"S: sessions only since Sep12 01:50 ET; F: starts not historically recorded; C: reconciled completed intakes, including returns",AD,CP - landing page (23 states) - $50/day,Commercial Property - form vs landing (2-cell),9,2026-08-18,2026-09-17,True,0.0,0,https://www.cohesiveinsure.com/marketing-review/20260919/deep-scan/images/141028f6f0eca591.jpg,"[{""action_type"": ""link_click"", ""value"": ""1""}, {""action_type"": ""offsite_conversion.fb_pixel_custom"", ""value"": ""1""}, {""action_type"": ""onsite_web_lead"", ""value"": ""1""}, {""action_type"": ""post_engagement"", ""value"": ""1""}, {""action_type"": ""page_engagement"", ""value"": ""1""}, {""action_type"": ""lead"", ""value"": ""1""}, {""action_type"": ""custom_event_actions_add_20_s_calls"", ""value"": ""1""}, {""action_type"": ""offsite_conversion.fb_pixel_lead"", ""value"": ""1""}, {""action_type"": ""offsite_lead_add_20_s_calls"", ""value"": ""1""}]","[{""action_type"": ""offsite_conversion.fb_pixel_custom.QualifiedLead"", ""value"": ""1""}]",{}
120250540514070660,CP - landing - v18 More than one building?,120250540492410660,120250540493670660,ACTIVE,ACTIVE,2026-08-11T23:45:25-0400,2026-08-18T00:50:41-0400,static image,More than one building?,"We insure landlords with multiple buildings under one roof. One owner we quoted went from $25,000 to $15,000 a year, same coverage. Want us to check yours?",,GET_QUOTE,https://www.cohesiveinsure.com/commercial-property,utm_source=facebook&utm_medium=paid&utm_campaign={{campaign.name}}&utm_content={{ad.name}}&utm_term={{adset.name}}&ad_id={{ad.id}}&adset_id={{adset.id}},Property long,"See property route; starts added Sep19, not backfilled",,images/5b2b22e508d438d1.jpg,1070157935976770,2.18,19,0,114.74,0.0,,0,0,,0,,,,Main property,2026-08-18 to 2026-09-18,0.04,0.08,Delivery without confirmed completion,"S: sessions only since Sep12 01:50 ET; F: starts not historically recorded; C: reconciled completed intakes, including returns",AD,CP - landing page (23 states) - $50/day,Commercial Property - form vs landing (2-cell),10,2026-08-19,2026-09-18,True,0.0,0,https://www.cohesiveinsure.com/marketing-review/20260919/deep-scan/images/5b2b22e508d438d1.jpg,[],[],{}
120250540505400660,CP - landing - v12 Lease space to tenants?,120250540492410660,120250540493670660,ACTIVE,ACTIVE,2026-08-11T23:44:50-0400,2026-08-18T00:54:11-0400,static image,Lease space to tenants?,"We insure commercial buildings and get COIs to your tenants and lender fast. One owner we quoted saved $10,000 a year. Want us to check your rate?",,GET_QUOTE,https://www.cohesiveinsure.com/commercial-property,utm_source=facebook&utm_medium=paid&utm_campaign={{campaign.name}}&utm_content={{ad.name}}&utm_term={{adset.name}}&ad_id={{ad.id}}&adset_id={{adset.id}},Property long,"See property route; starts added Sep19, not backfilled",,images/d1208e81362cd210.jpg,881661988134039,2.17,59,0,36.78,0.0,,0,0,,0,,,,Main property,2026-08-18 to 2026-09-18,0.04,0.08,Delivery without confirmed completion,"S: sessions only since Sep12 01:50 ET; F: starts not historically recorded; C: reconciled completed intakes, including returns",AD,CP - landing page (23 states) - $50/day,Commercial Property - form vs landing (2-cell),8,2026-08-18,2026-09-17,True,0.0,0,https://www.cohesiveinsure.com/marketing-review/20260919/deep-scan/images/d1208e81362cd210.jpg,[],[],{}
120250540503280660,"CP - landing - v04 We saved a property owner $10,",120250540492410660,120250540493670660,ACTIVE,ACTIVE,2026-08-11T23:44:29-0400,2026-08-18T00:51:34-0400,static image,"We saved a property owner $10,000/yr","$25,000 down to $15,000 in premium, same coverage. If you own a building, want us to check what you're overpaying?",,GET_QUOTE,https://www.cohesiveinsure.com/commercial-property,utm_source=facebook&utm_medium=paid&utm_campaign={{campaign.name}}&utm_content={{ad.name}}&utm_term={{adset.name}}&ad_id={{ad.id}}&adset_id={{adset.id}},Property long,"See property route; starts added Sep19, not backfilled",,images/3a9b3de127ee8e70.jpg,1064735575950009,1.68,32,0,52.5,0.0,,0,0,,0,,,,Main property,2026-08-18 to 2026-09-18,0.03,0.06,Delivery without confirmed completion,"S: sessions only since Sep12 01:50 ET; F: starts not historically recorded; C: reconciled completed intakes, including returns",AD,CP - landing page (23 states) - $50/day,Commercial Property - form vs landing (2-cell),12,2026-08-18,2026-09-16,True,0.0,0,https://www.cohesiveinsure.com/marketing-review/20260919/deep-scan/images/3a9b3de127ee8e70.jpg,[],[],{}
120250540517610660,CP - landing - v21 Own a gym or fitness building?,120250540492410660,120250540493670660,ACTIVE,ACTIVE,2026-08-11T23:45:45-0400,2026-08-18T00:50:26-0400,static image,Own a gym or fitness building?,"We insure the building your gym or studio operates in (commercial property). One owner we quoted saved $10,000 a year, same coverage. Want us to check your rate?",,GET_QUOTE,https://www.cohesiveinsure.com/commercial-property,utm_source=facebook&utm_medium=paid&utm_campaign={{campaign.name}}&utm_content={{ad.name}}&utm_term={{adset.name}}&ad_id={{ad.id}}&adset_id={{adset.id}},Property long,"See property route; starts added Sep19, not backfilled",,images/177c40d677cd38cc.jpg,1576537304025378,1.57,36,0,43.61,0.0,,0,0,,0,,,,Main property,2026-08-18 to 2026-09-18,0.03,0.06,Delivery without confirmed completion,"S: sessions only since Sep12 01:50 ET; F: starts not historically recorded; C: reconciled completed intakes, including returns",AD,CP - landing page (23 states) - $50/day,Commercial Property - form vs landing (2-cell),16,2026-08-19,2026-09-18,True,0.0,0,https://www.cohesiveinsure.com/marketing-review/20260919/deep-scan/images/177c40d677cd38cc.jpg,[],[],{}
120250571670670660,CP - landing - focus_plaza_renewing Commercial property renewing?,120250540492410660,120250540493670660,ACTIVE,ACTIVE,2026-08-13T01:06:23-0400,2026-08-18T00:52:20-0400,static image,Commercial property renewing?,"If you own a commercial building, renewal is the moment to check your rate. One owner we quoted went from $25,000 to $15,000 a year, same coverage. When does yours renew?",,GET_QUOTE,https://www.cohesiveinsure.com/commercial-property,utm_source=facebook&utm_medium=paid&utm_campaign={{campaign.name}}&utm_content={{ad.name}}&utm_term={{adset.name}}&ad_id={{ad.id}}&adset_id={{adset.id}},Property long,"See property route; starts added Sep19, not backfilled",,images/c67f06dde4454d91.jpg,1335861328622518,1.51,14,0,107.86,0.0,,0,0,,0,,,,Main property,2026-08-18 to 2026-09-18,0.03,0.06,Delivery without confirmed completion,"S: sessions only since Sep12 01:50 ET; F: starts not historically recorded; C: reconciled completed intakes, including returns",AD,CP - landing page (23 states) - $50/day,Commercial Property - form vs landing (2-cell),10,2026-08-19,2026-09-18,True,0.0,0,https://www.cohesiveinsure.com/marketing-review/20260919/deep-scan/images/c67f06dde4454d91.jpg,[],[],{}
120250540510480660,CP - landing - v15 Building sitting empty?,120250540492410660,120250540493670660,ACTIVE,ACTIVE,2026-08-11T23:45:11-0400,2026-08-18T00:53:25-0400,static image,Building sitting empty?,"Most insurers won't touch a vacant building - we place what they decline. And we save owners real money, one recently by $10,000 a year. Want a quote?",,GET_QUOTE,https://www.cohesiveinsure.com/commercial-property,utm_source=facebook&utm_medium=paid&utm_campaign={{campaign.name}}&utm_content={{ad.name}}&utm_term={{adset.name}}&ad_id={{ad.id}}&adset_id={{adset.id}},Property long,"See property route; starts added Sep19, not backfilled",,images/dc75a46ad5cb6a88.jpg,1408222961242972,1.43,16,0,89.38,0.0,,0,0,,0,,,,Main property,2026-08-18 to 2026-09-18,0.02,0.06,Delivery without confirmed completion,"S: sessions only since Sep12 01:50 ET; F: starts not historically recorded; C: reconciled completed intakes, including returns",AD,CP - landing page (23 states) - $50/day,Commercial Property - form vs landing (2-cell),9,2026-08-26,2026-09-18,True,0.0,0,https://www.cohesiveinsure.com/marketing-review/20260919/deep-scan/images/dc75a46ad5cb6a88.jpg,[],[],{}
120250540514800660,CP - landing - v19 Own a building?,120250540492410660,120250540493670660,ACTIVE,ACTIVE,2026-08-11T23:45:32-0400,2026-08-18T00:56:43-0400,static image,Own a building?,"Apartments, mixed-use, commercial - whatever you own, we'll check what you're paying to insure it. One owner we quoted went from $25,000 to $15,000 a year, same coverage. Want us to check yours?",,GET_QUOTE,https://www.cohesiveinsure.com/commercial-property,utm_source=facebook&utm_medium=paid&utm_campaign={{campaign.name}}&utm_content={{ad.name}}&utm_term={{adset.name}}&ad_id={{ad.id}}&adset_id={{adset.id}},Property long,"See property route; starts added Sep19, not backfilled",,images/85789cf25fef56fd.jpg,4539723356316155,1.34,26,0,51.54,0.0,,0,0,,0,,,,Main property,2026-08-18 to 2026-09-18,0.02,0.05,Delivery without confirmed completion,"S: sessions only since Sep12 01:50 ET; F: starts not historically recorded; C: reconciled completed intakes, including returns",AD,CP - landing page (23 states) - $50/day,Commercial Property - form vs landing (2-cell),9,2026-08-18,2026-09-17,True,0.0,0,https://www.cohesiveinsure.com/marketing-review/20260919/deep-scan/images/85789cf25fef56fd.jpg,[],[],{}
120250540519170660,CP - landing - v22 Bank asking for proof of insur,120250540492410660,120250540493670660,ACTIVE,ACTIVE,2026-08-11T23:45:52-0400,2026-08-18T00:50:32-0400,static image,Bank asking for proof of insurance?,"If your lender needs evidence of property insurance to close, we get the COI (with mortgagee clause) to your bank fast. One owner we quoted also saved $10,000 a year. Need it today?",,GET_QUOTE,https://www.cohesiveinsure.com/commercial-property,utm_source=facebook&utm_medium=paid&utm_campaign={{campaign.name}}&utm_content={{ad.name}}&utm_term={{adset.name}}&ad_id={{ad.id}}&adset_id={{adset.id}},Property long,"See property route; starts added Sep19, not backfilled",,images/b1a18452009566c9.jpg,1464368675451866,1.0,23,0,43.48,0.0,,0,0,,0,,,,Main property,2026-08-18 to 2026-09-18,0.02,0.04,Delivery without confirmed completion,"S: sessions only since Sep12 01:50 ET; F: starts not historically recorded; C: reconciled completed intakes, including returns",AD,CP - landing page (23 states) - $50/day,Commercial Property - form vs landing (2-cell),13,2026-08-20,2026-09-18,True,0.0,0,https://www.cohesiveinsure.com/marketing-review/20260919/deep-scan/images/b1a18452009566c9.jpg,[],[],{}
120250571669050660,CP - landing - focus_plaza_retail Own retail or plaza space?,120250540492410660,120250540493670660,ACTIVE,ACTIVE,2026-08-13T01:06:17-0400,2026-08-18T00:50:15-0400,static image,Own retail or plaza space?,"We insure strip centers and retail plazas and get COIs to your tenants and lender fast. One owner we quoted saved $10,000 a year. Want us to check your rate?",,GET_QUOTE,https://www.cohesiveinsure.com/commercial-property,utm_source=facebook&utm_medium=paid&utm_campaign={{campaign.name}}&utm_content={{ad.name}}&utm_term={{adset.name}}&ad_id={{ad.id}}&adset_id={{adset.id}},Property long,"See property route; starts added Sep19, not backfilled",,images/5b29dfae1b807597.jpg,1058650277096127,1.0,38,0,26.32,0.0,,0,0,,0,,,,Main property,2026-08-18 to 2026-09-18,0.02,0.04,Delivery without confirmed completion,"S: sessions only since Sep12 01:50 ET; F: starts not historically recorded; C: reconciled completed intakes, including returns",AD,CP - landing page (23 states) - $50/day,Commercial Property - form vs landing (2-cell),13,2026-08-18,2026-09-18,True,0.0,0,https://www.cohesiveinsure.com/marketing-review/20260919/deep-scan/images/5b29dfae1b807597.jpg,[],[],{}
120250540504110660,CP - landing - v10 Own an apartment building?,120250540492410660,120250540493670660,ACTIVE,ACTIVE,2026-08-11T23:44:36-0400,2026-08-18T00:59:54-0400,static image,Own an apartment building?,"We insure apartment buildings and get COIs to your lender fast. One owner we quoted saved $10,000 a year, same coverage. Want us to check yours?",,GET_QUOTE,https://www.cohesiveinsure.com/commercial-property,utm_source=facebook&utm_medium=paid&utm_campaign={{campaign.name}}&utm_content={{ad.name}}&utm_term={{adset.name}}&ad_id={{ad.id}}&adset_id={{adset.id}},Property long,"See property route; starts added Sep19, not backfilled",,images/de887c3d47c509c0.jpg,1050675054172084,0.99,18,0,55.0,0.0,,0,0,,0,,,,Main property,2026-08-18 to 2026-09-18,0.02,0.04,Delivery without confirmed completion,"S: sessions only since Sep12 01:50 ET; F: starts not historically recorded; C: reconciled completed intakes, including returns",AD,CP - landing page (23 states) - $50/day,Commercial Property - form vs landing (2-cell),5,2026-08-18,2026-09-16,True,0.0,0,https://www.cohesiveinsure.com/marketing-review/20260919/deep-scan/images/de887c3d47c509c0.jpg,"[{""action_type"": ""post_reaction"", ""value"": ""1""}, {""action_type"": ""post_engagement"", ""value"": ""1""}, {""action_type"": ""post_interaction_gross"", ""value"": ""1""}, {""action_type"": ""page_engagement"", ""value"": ""1""}, {""action_type"": ""post_interaction_net"", ""value"": ""1""}, {""action_type"": ""onsite_conversion.post_net_like"", ""value"": ""1""}]",[],{}
120250540504870660,CP - landing - v11 Overpaying on your building?,120250540492410660,120250540493670660,ACTIVE,ACTIVE,2026-08-11T23:44:43-0400,2026-08-18T00:50:15-0400,static image,Overpaying on your building?,"One apartment owner we quoted went from $25,000 to $15,000 a year, same coverage. Own an apartment building? Want us to check your rate?",,GET_QUOTE,https://www.cohesiveinsure.com/commercial-property,utm_source=facebook&utm_medium=paid&utm_campaign={{campaign.name}}&utm_content={{ad.name}}&utm_term={{adset.name}}&ad_id={{ad.id}}&adset_id={{adset.id}},Property long,"See property route; starts added Sep19, not backfilled",,images/20cb7207a137f0fb.jpg,993908183676699,0.81,26,0,31.15,0.0,,0,0,,0,,,,Main property,2026-08-18 to 2026-09-18,0.01,0.03,Delivery without confirmed completion,"S: sessions only since Sep12 01:50 ET; F: starts not historically recorded; C: reconciled completed intakes, including returns",AD,CP - landing page (23 states) - $50/day,Commercial Property - form vs landing (2-cell),13,2026-08-20,2026-09-17,True,0.0,0,https://www.cohesiveinsure.com/marketing-review/20260919/deep-scan/images/20cb7207a137f0fb.jpg,[],[],{}
120250564550110660,CP - landing - v27 Own an older building?,120250540492410660,120250540493670660,ACTIVE,ACTIVE,2026-08-12T19:03:26-0400,2026-08-18T00:49:59-0400,static image,Own an older building?,"Older building? Recent roof, wiring, or plumbing updates can mean a much lower rate. One owner we quoted went from $25,000 to $15,000 a year, same coverage. Want us to check yours?",,GET_QUOTE,https://www.cohesiveinsure.com/commercial-property,utm_source=facebook&utm_medium=paid&utm_campaign={{campaign.name}}&utm_content={{ad.name}}&utm_term={{adset.name}}&ad_id={{ad.id}}&adset_id={{adset.id}},Property long,"See property route; starts added Sep19, not backfilled",,images/6e5f6baa38d6512b.jpg,1066093805806363,0.78,18,0,43.33,0.0,,0,0,,0,,,,Main property,2026-08-18 to 2026-09-18,0.01,0.03,Delivery without confirmed completion,"S: sessions only since Sep12 01:50 ET; F: starts not historically recorded; C: reconciled completed intakes, including returns",AD,CP - landing page (23 states) - $50/day,Commercial Property - form vs landing (2-cell),9,2026-08-21,2026-09-17,True,0.0,0,https://www.cohesiveinsure.com/marketing-review/20260919/deep-scan/images/6e5f6baa38d6512b.jpg,[],[],{}
120250571672020660,CP - landing - focus_apt_5plus Own a 5+ unit apartment buildi,120250540492410660,120250540493670660,ACTIVE,ACTIVE,2026-08-13T01:06:30-0400,2026-08-18T00:54:36-0400,static image,Own a 5+ unit apartment building?,"We insure apartment buildings (5+ units) and get COIs to your lender fast. One owner we quoted saved $10,000 a year, same coverage. Want us to check yours?",,GET_QUOTE,https://www.cohesiveinsure.com/commercial-property,utm_source=facebook&utm_medium=paid&utm_campaign={{campaign.name}}&utm_content={{ad.name}}&utm_term={{adset.name}}&ad_id={{ad.id}}&adset_id={{adset.id}},Property long,"See property route; starts added Sep19, not backfilled",,images/afbbef1f491f00b2.jpg,1803287514362858,0.77,16,0,48.12,0.0,,0,0,,0,,,,Main property,2026-08-18 to 2026-09-18,0.01,0.03,Delivery without confirmed completion,"S: sessions only since Sep12 01:50 ET; F: starts not historically recorded; C: reconciled completed intakes, including returns",AD,CP - landing page (23 states) - $50/day,Commercial Property - form vs landing (2-cell),9,2026-08-19,2026-09-18,True,0.0,0,https://www.cohesiveinsure.com/marketing-review/20260919/deep-scan/images/afbbef1f491f00b2.jpg,[],[],{}
120250564537150660,CP - landing - v24 Own an office building?,120250540492410660,120250540493670660,ACTIVE,ACTIVE,2026-08-12T19:03:06-0400,2026-08-18T00:50:32-0400,static image,Own an office building?,"We insure office buildings and get COIs to your lender fast. One owner we quoted saved $10,000 a year, same coverage. Want us to check your rate?",,GET_QUOTE,https://www.cohesiveinsure.com/commercial-property,utm_source=facebook&utm_medium=paid&utm_campaign={{campaign.name}}&utm_content={{ad.name}}&utm_term={{adset.name}}&ad_id={{ad.id}}&adset_id={{adset.id}},Property long,"See property route; starts added Sep19, not backfilled",,images/98269c6a8dc0890c.jpg,1363556045915256,0.75,15,0,50.0,0.0,,0,0,,0,,,,Main property,2026-08-18 to 2026-09-18,0.01,0.03,Delivery without confirmed completion,"S: sessions only since Sep12 01:50 ET; F: starts not historically recorded; C: reconciled completed intakes, including returns",AD,CP - landing page (23 states) - $50/day,Commercial Property - form vs landing (2-cell),10,2026-08-19,2026-09-16,True,0.0,0,https://www.cohesiveinsure.com/marketing-review/20260919/deep-scan/images/98269c6a8dc0890c.jpg,[],[],{}
120250540520560660,CP - landing - v23 Financing or refinancing a bui,120250540492410660,120250540493670660,ACTIVE,ACTIVE,2026-08-11T23:46:00-0400,2026-08-18T00:49:57-0400,static image,Financing or refinancing a building?,"Buying or refinancing? Your bank will require proof of property insurance. We handle it fast and shop your rate - one owner we quoted went from $25,000 to $15,000 a year. Want us to check yours?",,GET_QUOTE,https://www.cohesiveinsure.com/commercial-property,utm_source=facebook&utm_medium=paid&utm_campaign={{campaign.name}}&utm_content={{ad.name}}&utm_term={{adset.name}}&ad_id={{ad.id}}&adset_id={{adset.id}},Property long,"See property route; starts added Sep19, not backfilled",,images/18f3acf911316387.jpg,1694888718980775,0.22,6,0,36.67,0.0,,0,0,,0,,,,Main property,2026-08-18 to 2026-09-18,0.0,0.01,Delivery without confirmed completion,"S: sessions only since Sep12 01:50 ET; F: starts not historically recorded; C: reconciled completed intakes, including returns",AD,CP - landing page (23 states) - $50/day,Commercial Property - form vs landing (2-cell),4,2026-09-08,2026-09-18,True,0.0,0,https://www.cohesiveinsure.com/marketing-review/20260919/deep-scan/images/18f3acf911316387.jpg,[],[],{}
120250540507290660,CP - landing - v14 Own a storage facility?,120250540492410660,120250540493670660,PAUSED,PAUSED,2026-08-11T23:45:04-0400,2026-08-18T00:56:16-0400,static image,Own a storage facility?,"We insure self-storage and mini-warehouse properties. One building owner we quoted saved $10,000 a year, same coverage. Want us to check your rate?",,GET_QUOTE,https://www.cohesiveinsure.com/commercial-property,utm_source=facebook&utm_medium=paid&utm_campaign={{campaign.name}}&utm_content={{ad.name}}&utm_term={{adset.name}}&ad_id={{ad.id}}&adset_id={{adset.id}},Property long,"See property route; starts added Sep19, not backfilled",,images/0a0854ae0a45c9fe.jpg,1416787720320962,0,0,0,,,,0,0,,0,,,,Main property,2026-08-18 to 2026-09-18,0.0,0.0,No delivery through Sep18,"S: sessions only since Sep12 01:50 ET; F: starts not historically recorded; C: reconciled completed intakes, including returns",AD,CP - landing page (23 states) - $50/day,Commercial Property - form vs landing (2-cell),0,,,False,0.0,0,https://www.cohesiveinsure.com/marketing-review/20260919/deep-scan/images/0a0854ae0a45c9fe.jpg,[],[],{}
120250564541120660,CP - landing - v25 Own a mixed-use building?,120250540492410660,120250540493670660,PAUSED,PAUSED,2026-08-12T19:03:12-0400,2026-08-18T00:56:13-0400,static image,Own a mixed-use building?,"Storefront below, apartments above - we insure mixed-use buildings every day. One owner we quoted went from $25,000 to $15,000 a year, same coverage. Want us to check yours?",,GET_QUOTE,https://www.cohesiveinsure.com/commercial-property,utm_source=facebook&utm_medium=paid&utm_campaign={{campaign.name}}&utm_content={{ad.name}}&utm_term={{adset.name}}&ad_id={{ad.id}}&adset_id={{adset.id}},Property long,"See property route; starts added Sep19, not backfilled",,images/5903413de681c5cc.jpg,1477947844092233,0,0,0,,,,0,0,,0,,,,Main property,2026-08-18 to 2026-09-18,0.0,0.0,No delivery through Sep18,"S: sessions only since Sep12 01:50 ET; F: starts not historically recorded; C: reconciled completed intakes, including returns",AD,CP - landing page (23 states) - $50/day,Commercial Property - form vs landing (2-cell),0,,,False,0.0,0,https://www.cohesiveinsure.com/marketing-review/20260919/deep-scan/images/5903413de681c5cc.jpg,[],[],{}
120250564548500660,CP - landing - v26 Own a warehouse?,120250540492410660,120250540493670660,PAUSED,PAUSED,2026-08-12T19:03:19-0400,2026-08-18T00:49:42-0400,static image,Own a warehouse?,"We insure warehouses and industrial buildings. One owner we quoted saved $10,000 a year, same coverage. Want us to check what you're paying?",,GET_QUOTE,https://www.cohesiveinsure.com/commercial-property,utm_source=facebook&utm_medium=paid&utm_campaign={{campaign.name}}&utm_content={{ad.name}}&utm_term={{adset.name}}&ad_id={{ad.id}}&adset_id={{adset.id}},Property long,"See property route; starts added Sep19, not backfilled",,images/178e39cd106286de.jpg,1588663269279903,0,0,0,,,,0,0,,0,,,,Main property,2026-08-18 to 2026-09-18,0.0,0.0,No delivery through Sep18,"S: sessions only since Sep12 01:50 ET; F: starts not historically recorded; C: reconciled completed intakes, including returns",AD,CP - landing page (23 states) - $50/day,Commercial Property - form vs landing (2-cell),0,,,False,0.0,0,https://www.cohesiveinsure.com/marketing-review/20260919/deep-scan/images/178e39cd106286de.jpg,[],[],{}
120250682706260660,CP long - rel_building,120250540492410660,120250540493670660,PAUSED,PAUSED,2026-08-18T00:17:11-0400,2026-08-18T00:42:17-0400,static image,Own the building your congregation worships in?,"Own the building your congregation worships in? We insure the property itself, fire, wind, water damage and lost income. We use AI to automatically shop it across our carriers and send your quote by text. No phone call needed.",,GET_QUOTE,https://www.cohesiveinsure.com/commercial-property,utm_source=facebook&utm_medium=paid&utm_campaign={{campaign.name}}&utm_content={{ad.name}}&utm_term={{adset.name}}&ad_id={{ad.id}}&adset_id={{adset.id}},Property long,"See property route; starts added Sep19, not backfilled",,images/5c25497d7bf46e33.jpg,1770418810671446,0,0,0,,,,0,0,,0,,,,Main property,2026-08-18 to 2026-09-18,0.0,0.0,No delivery through Sep18,"S: sessions only since Sep12 01:50 ET; F: starts not historically recorded; C: reconciled completed intakes, including returns",AD,CP - landing page (23 states) - $50/day,Commercial Property - form vs landing (2-cell),0,,,False,0.0,0,https://www.cohesiveinsure.com/marketing-review/20260919/deep-scan/images/5c25497d7bf46e33.jpg,[],[],{}
120250682706510660,CP long - rel_roof,120250540492410660,120250540493670660,PAUSED,PAUSED,2026-08-18T00:17:16-0400,2026-08-18T00:42:19-0400,static image,When was the sanctuary roof last replaced?,"Older sanctuary? A roof, wiring or plumbing update in the last 20 years can mean a very different rate on the building. We use AI to automatically shop it across our carriers and text you what it comes back at.",,GET_QUOTE,https://www.cohesiveinsure.com/commercial-property,utm_source=facebook&utm_medium=paid&utm_campaign={{campaign.name}}&utm_content={{ad.name}}&utm_term={{adset.name}}&ad_id={{ad.id}}&adset_id={{adset.id}},Property long,"See property route; starts added Sep19, not backfilled",,images/5559f2f1600cac48.jpg,2217744865675944,0,0,0,,,,0,0,,0,,,,Main property,2026-08-18 to 2026-09-18,0.0,0.0,No delivery through Sep18,"S: sessions only since Sep12 01:50 ET; F: starts not historically recorded; C: reconciled completed intakes, including returns",AD,CP - landing page (23 states) - $50/day,Commercial Property - form vs landing (2-cell),0,,,False,0.0,0,https://www.cohesiveinsure.com/marketing-review/20260919/deep-scan/images/5559f2f1600cac48.jpg,[],[],{}
120250682706850660,CP long - rel_lender,120250540492410660,120250540493670660,PAUSED,PAUSED,2026-08-18T00:17:21-0400,2026-08-18T00:42:11-0400,static image,Does your lender need proof of coverage?,"Refinancing or building, and the bank wants proof of coverage on the property? Send us the building details and we use AI to automatically shop it across our carriers. Your quote comes back by text.",,GET_QUOTE,https://www.cohesiveinsure.com/commercial-property,utm_source=facebook&utm_medium=paid&utm_campaign={{campaign.name}}&utm_content={{ad.name}}&utm_term={{adset.name}}&ad_id={{ad.id}}&adset_id={{adset.id}},Property long,"See property route; starts added Sep19, not backfilled",,images/af2bff7f3bca3745.jpg,1072290882050503,0,0,0,,,,0,0,,0,,,,Main property,2026-08-18 to 2026-09-18,0.0,0.0,No delivery through Sep18,"S: sessions only since Sep12 01:50 ET; F: starts not historically recorded; C: reconciled completed intakes, including returns",AD,CP - landing page (23 states) - $50/day,Commercial Property - form vs landing (2-cell),0,,,False,0.0,0,https://www.cohesiveinsure.com/marketing-review/20260919/deep-scan/images/af2bff7f3bca3745.jpg,[],[],{}
120250682707330660,CP long - rel_renewal,120250540492410660,120250540493670660,PAUSED,PAUSED,2026-08-18T00:17:25-0400,2026-08-18T00:42:17-0400,static image,Property policy renewing this month?,Is the property policy on your building renewing this month? That is the moment to see what else is out there. We use AI to automatically shop it across our carriers and text you the number. What date does it renew?,,GET_QUOTE,https://www.cohesiveinsure.com/commercial-property,utm_source=facebook&utm_medium=paid&utm_campaign={{campaign.name}}&utm_content={{ad.name}}&utm_term={{adset.name}}&ad_id={{ad.id}}&adset_id={{adset.id}},Property long,"See property route; starts added Sep19, not backfilled",,images/b6ad1ef9b56c7fde.jpg,4493495974310521,0,0,0,,,,0,0,,0,,,,Main property,2026-08-18 to 2026-09-18,0.0,0.0,No delivery through Sep18,"S: sessions only since Sep12 01:50 ET; F: starts not historically recorded; C: reconciled completed intakes, including returns",AD,CP - landing page (23 states) - $50/day,Commercial Property - form vs landing (2-cell),0,,,False,0.0,0,https://www.cohesiveinsure.com/marketing-review/20260919/deep-scan/images/b6ad1ef9b56c7fde.jpg,[],[],{}
120250682707610660,CP steps - rel_building,120250540492410660,120250682685570660,ACTIVE,ACTIVE,2026-08-18T00:17:29-0400,2026-08-18T00:45:48-0400,static image,Own the building your congregation worships in?,"Own the building your congregation worships in? We insure the property itself, fire, wind, water damage and lost income. We use AI to automatically shop it across our carriers and send your quote by text. No phone call needed.",,GET_QUOTE,https://www.cohesiveinsure.com/commercial-property-quote,utm_source=facebook&utm_medium=paid&utm_campaign={{campaign.name}}&utm_content={{ad.name}}&utm_term={{adset.name}}&ad_id={{ad.id}}&adset_id={{adset.id}},Property step,"See property route; starts added Sep19, not backfilled",,images/5c25497d7bf46e33.jpg,1038822195432608,3090.34,111236,1027,27.78,0.923,3.01,145,140,,220,21.31,22.07,,Main property,2026-08-18 to 2026-09-18,53.38,96.53,Confirmed completed intake,"S: sessions only since Sep12 01:50 ET; F: starts not historically recorded; C: reconciled completed intakes, including returns",AD,CP - landing STEP form /commercial-property-quote (22 states) - $150/day,Commercial Property - form vs landing (2-cell),32,2026-08-18,2026-09-18,True,59.37,1969,https://www.cohesiveinsure.com/marketing-review/20260919/deep-scan/images/5c25497d7bf46e33.jpg,"[{""action_type"": ""link_click"", ""value"": ""1027""}, {""action_type"": ""offsite_conversion.fb_pixel_custom"", ""value"": ""94""}, {""action_type"": ""post_reaction"", ""value"": ""52""}, {""action_type"": ""landing_page_view"", ""value"": ""932""}, {""action_type"": ""onsite_web_lead"", ""value"": ""160""}, {""action_type"": ""omni_landing_page_view"", ""value"": ""932""}, {""action_type"": ""onsite_conversion.post_unlike"", ""value"": ""2""}, {""action_type"": ""post_engagement"", ""value"": ""1149""}, {""action_type"": ""like"", ""value"": ""2""}, {""action_type"": ""post_interaction_gross"", ""value"": ""122""}, {""action_type"": ""comment"", ""value"": ""10""}, {""action_type"": ""page_engagement"", ""value"": ""1151""}, {""action_type"": ""post_interaction_net"", ""value"": ""125""}, {""action_type"": ""post_uncomment"", ""value"": ""1""}, {""action_type"": ""post"", ""value"": ""39""}, {""action_type"": ""onsite_conversion.post_save"", ""value"": ""21""}, {""action_type"": ""onsite_conversion.post_net_comment"", ""value"": ""11""}, {""action_type"": ""onsite_conversion.post_net_save"", ""value"": ""21""}, {""action_type"": ""onsite_conversion.post_net_like"", ""value"": ""50""}, {""action_type"": ""lead"", ""value"": ""160""}, {""action_type"": ""custom_event_actions_add_20_s_calls"", ""value"": ""93""}, {""action_type"": ""offsite_conversion.fb_pixel_lead"", ""value"": ""160""}, {""action_type"": ""offsite_lead_add_20_s_calls"", ""value"": ""160""}]","[{""action_type"": ""submit_application_total"", ""value"": ""1""}, {""action_type"": ""submit_application_website"", ""value"": ""1""}, {""action_type"": ""offsite_conversion.fb_pixel_custom.QualifiedLead"", ""value"": ""50""}, {""action_type"": ""offsite_conversion.fb_pixel_custom.LeadUrgentQuoted"", ""value"": ""43""}]",{}
120250682708130660,CP steps - rel_roof,120250540492410660,120250682685570660,ACTIVE,ACTIVE,2026-08-18T00:17:34-0400,2026-08-18T00:45:46-0400,static image,When was the sanctuary roof last replaced?,"Older sanctuary? A roof, wiring or plumbing update in the last 20 years can mean a very different rate on the building. We use AI to automatically shop it across our carriers and text you what it comes back at.",,GET_QUOTE,https://www.cohesiveinsure.com/commercial-property-quote,utm_source=facebook&utm_medium=paid&utm_campaign={{campaign.name}}&utm_content={{ad.name}}&utm_term={{adset.name}}&ad_id={{ad.id}}&adset_id={{adset.id}},Property step,"See property route; starts added Sep19, not backfilled",,images/5559f2f1600cac48.jpg,958311810644936,39.23,1093,11,35.89,1.006,3.57,0,0,,3,,,,Main property,2026-08-18 to 2026-09-18,0.68,1.23,Delivery without confirmed completion,"S: sessions only since Sep12 01:50 ET; F: starts not historically recorded; C: reconciled completed intakes, including returns",AD,CP - landing STEP form /commercial-property-quote (22 states) - $150/day,Commercial Property - form vs landing (2-cell),28,2026-08-18,2026-09-18,True,0.0,0,https://www.cohesiveinsure.com/marketing-review/20260919/deep-scan/images/5559f2f1600cac48.jpg,"[{""action_type"": ""link_click"", ""value"": ""11""}, {""action_type"": ""post_reaction"", ""value"": ""1""}, {""action_type"": ""landing_page_view"", ""value"": ""7""}, {""action_type"": ""omni_landing_page_view"", ""value"": ""7""}, {""action_type"": ""post_engagement"", ""value"": ""12""}, {""action_type"": ""post_interaction_gross"", ""value"": ""1""}, {""action_type"": ""page_engagement"", ""value"": ""12""}, {""action_type"": ""post_interaction_net"", ""value"": ""1""}, {""action_type"": ""onsite_conversion.post_net_like"", ""value"": ""1""}]",[],{}
120250682694730660,CP - steps - focus_plaza_own_prop Own a commercial property?,120250540492410660,120250682685570660,ACTIVE,ACTIVE,2026-08-18T00:15:44-0400,2026-08-18T00:46:12-0400,static image,Own a commercial property?,"Retail plaza, strip center, or storefront - if you own a commercial building, we'll check what you're paying to insure it. One owner we quoted saved $10,000 a year, same coverage. Want us to check yours?",,GET_QUOTE,https://www.cohesiveinsure.com/commercial-property-quote,utm_source=facebook&utm_medium=paid&utm_campaign={{campaign.name}}&utm_content={{ad.name}}&utm_term={{adset.name}}&ad_id={{ad.id}}&adset_id={{adset.id}},Property step,"See property route; starts added Sep19, not backfilled",,images/5a3056d0af06c89f.jpg,2130137381713181,27.9,443,10,62.98,2.257,2.79,3,3,,2,9.3,9.3,,Main property,2026-08-18 to 2026-09-18,0.48,0.87,Confirmed completed intake,"S: sessions only since Sep12 01:50 ET; F: starts not historically recorded; C: reconciled completed intakes, including returns",AD,CP - landing STEP form /commercial-property-quote (22 states) - $150/day,Commercial Property - form vs landing (2-cell),23,2026-08-18,2026-09-18,True,4.97,41,https://www.cohesiveinsure.com/marketing-review/20260919/deep-scan/images/5a3056d0af06c89f.jpg,"[{""action_type"": ""link_click"", ""value"": ""10""}, {""action_type"": ""offsite_conversion.fb_pixel_custom"", ""value"": ""3""}, {""action_type"": ""post_reaction"", ""value"": ""1""}, {""action_type"": ""landing_page_view"", ""value"": ""9""}, {""action_type"": ""onsite_web_lead"", ""value"": ""3""}, {""action_type"": ""omni_landing_page_view"", ""value"": ""9""}, {""action_type"": ""post_engagement"", ""value"": ""11""}, {""action_type"": ""post_interaction_gross"", ""value"": ""1""}, {""action_type"": ""page_engagement"", ""value"": ""11""}, {""action_type"": ""post_interaction_net"", ""value"": ""1""}, {""action_type"": ""onsite_conversion.post_net_like"", ""value"": ""1""}, {""action_type"": ""lead"", ""value"": ""3""}, {""action_type"": ""custom_event_actions_add_20_s_calls"", ""value"": ""3""}, {""action_type"": ""offsite_conversion.fb_pixel_lead"", ""value"": ""3""}, {""action_type"": ""offsite_lead_add_20_s_calls"", ""value"": ""3""}]","[{""action_type"": ""offsite_conversion.fb_pixel_custom.QualifiedLead"", ""value"": ""1""}, {""action_type"": ""offsite_conversion.fb_pixel_custom.LeadUrgentQuoted"", ""value"": ""2""}]",{}
120250682696560660,CP - steps - v03 We cut a property's rate 40%,120250540492410660,120250682685570660,ACTIVE,ACTIVE,2026-08-18T00:15:53-0400,2026-08-18T00:46:26-0400,static image,We cut a property's rate 40%,"This owner was paying $25,000 a year to insure their building. Same coverage, we got it to $15,000 - 40% off. Own a building? Want us to check yours?",,GET_QUOTE,https://www.cohesiveinsure.com/commercial-property-quote,utm_source=facebook&utm_medium=paid&utm_campaign={{campaign.name}}&utm_content={{ad.name}}&utm_term={{adset.name}}&ad_id={{ad.id}}&adset_id={{adset.id}},Property step,"See property route; starts added Sep19, not backfilled",,images/bd3e32a7fedb9c94.jpg,1501406108404564,9.91,192,0,51.61,0.0,,0,0,,0,,,,Main property,2026-08-18 to 2026-09-18,0.17,0.31,Delivery without confirmed completion,"S: sessions only since Sep12 01:50 ET; F: starts not historically recorded; C: reconciled completed intakes, including returns",AD,CP - landing STEP form /commercial-property-quote (22 states) - $150/day,Commercial Property - form vs landing (2-cell),21,2026-08-18,2026-09-18,True,0.01,1,https://www.cohesiveinsure.com/marketing-review/20260919/deep-scan/images/bd3e32a7fedb9c94.jpg,[],[],{}
120250682690140660,CP - steps - v20 Own a senior living facility?,120250540492410660,120250682685570660,ACTIVE,ACTIVE,2026-08-18T00:15:06-0400,2026-08-18T00:46:31-0400,static image,Own a senior living facility?,"We insure senior living and assisted-living buildings (commercial property). One owner we quoted saved $10,000 a year, same coverage - and we get COIs to your lender fast. Want us to check yours?",,GET_QUOTE,https://www.cohesiveinsure.com/commercial-property-quote,utm_source=facebook&utm_medium=paid&utm_campaign={{campaign.name}}&utm_content={{ad.name}}&utm_term={{adset.name}}&ad_id={{ad.id}}&adset_id={{adset.id}},Property step,"See property route; starts added Sep19, not backfilled",,images/b15b02831e323b79.jpg,2237063907180977,4.88,47,1,103.83,2.128,4.88,0,0,,0,,,,Main property,2026-08-18 to 2026-09-18,0.08,0.15,Delivery without confirmed completion,"S: sessions only since Sep12 01:50 ET; F: starts not historically recorded; C: reconciled completed intakes, including returns",AD,CP - landing STEP form /commercial-property-quote (22 states) - $150/day,Commercial Property - form vs landing (2-cell),8,2026-08-18,2026-09-10,True,0.0,0,https://www.cohesiveinsure.com/marketing-review/20260919/deep-scan/images/b15b02831e323b79.jpg,"[{""action_type"": ""link_click"", ""value"": ""1""}, {""action_type"": ""post_reaction"", ""value"": ""1""}, {""action_type"": ""landing_page_view"", ""value"": ""2""}, {""action_type"": ""omni_landing_page_view"", ""value"": ""2""}, {""action_type"": ""post_engagement"", ""value"": ""2""}, {""action_type"": ""post_interaction_gross"", ""value"": ""1""}, {""action_type"": ""page_engagement"", ""value"": ""2""}, {""action_type"": ""post_interaction_net"", ""value"": ""1""}, {""action_type"": ""onsite_conversion.post_net_like"", ""value"": ""1""}]",[],{}
120250682691160660,CP - steps - focus_plaza_own_bldg Own a commercial building?,120250540492410660,120250682685570660,ACTIVE,ACTIVE,2026-08-18T00:15:15-0400,2026-08-18T00:46:08-0400,static image,Own a commercial building?,"We insure commercial buildings - retail, plazas, offices. One owner we quoted went from $25,000 to $15,000 a year, same coverage. Want us to check what you're overpaying?",,GET_QUOTE,https://www.cohesiveinsure.com/commercial-property-quote,utm_source=facebook&utm_medium=paid&utm_campaign={{campaign.name}}&utm_content={{ad.name}}&utm_term={{adset.name}}&ad_id={{ad.id}}&adset_id={{adset.id}},Property step,"See property route; starts added Sep19, not backfilled",,images/30b1ad1de14fcfc2.jpg,3289672094549086,4.38,147,1,29.8,0.68,4.38,0,0,,0,,,,Main property,2026-08-18 to 2026-09-18,0.08,0.14,Delivery without confirmed completion,"S: sessions only since Sep12 01:50 ET; F: starts not historically recorded; C: reconciled completed intakes, including returns",AD,CP - landing STEP form /commercial-property-quote (22 states) - $150/day,Commercial Property - form vs landing (2-cell),13,2026-08-18,2026-09-17,True,0.0,0,https://www.cohesiveinsure.com/marketing-review/20260919/deep-scan/images/30b1ad1de14fcfc2.jpg,"[{""action_type"": ""link_click"", ""value"": ""1""}, {""action_type"": ""landing_page_view"", ""value"": ""1""}, {""action_type"": ""omni_landing_page_view"", ""value"": ""1""}, {""action_type"": ""post_engagement"", ""value"": ""1""}, {""action_type"": ""page_engagement"", ""value"": ""1""}]",[],{}
120250682695220660,CP - steps - v16 Renovating a building?,120250540492410660,120250682685570660,ACTIVE,ACTIVE,2026-08-18T00:15:48-0400,2026-08-18T00:46:29-0400,static image,Renovating a building?,"Vacant or under renovation, we get it covered while standard carriers walk away. One owner we quoted went from $25,000 to $15,000 a year. Want a rate check?",,GET_QUOTE,https://www.cohesiveinsure.com/commercial-property-quote,utm_source=facebook&utm_medium=paid&utm_campaign={{campaign.name}}&utm_content={{ad.name}}&utm_term={{adset.name}}&ad_id={{ad.id}}&adset_id={{adset.id}},Property step,"See property route; starts added Sep19, not backfilled",,images/10cde96f1ff4a719.jpg,1755601388914942,4.34,103,2,42.14,1.942,2.17,0,0,,0,,,,Main property,2026-08-18 to 2026-09-18,0.07,0.14,Delivery without confirmed completion,"S: sessions only since Sep12 01:50 ET; F: starts not historically recorded; C: reconciled completed intakes, including returns",AD,CP - landing STEP form /commercial-property-quote (22 states) - $150/day,Commercial Property - form vs landing (2-cell),18,2026-08-18,2026-09-18,True,0.03,1,https://www.cohesiveinsure.com/marketing-review/20260919/deep-scan/images/10cde96f1ff4a719.jpg,"[{""action_type"": ""link_click"", ""value"": ""2""}, {""action_type"": ""offsite_conversion.fb_pixel_custom"", ""value"": ""1""}, {""action_type"": ""landing_page_view"", ""value"": ""1""}, {""action_type"": ""onsite_web_lead"", ""value"": ""1""}, {""action_type"": ""omni_landing_page_view"", ""value"": ""1""}, {""action_type"": ""post_engagement"", ""value"": ""2""}, {""action_type"": ""page_engagement"", ""value"": ""2""}, {""action_type"": ""lead"", ""value"": ""1""}, {""action_type"": ""custom_event_actions_add_20_s_calls"", ""value"": ""1""}, {""action_type"": ""offsite_conversion.fb_pixel_lead"", ""value"": ""1""}, {""action_type"": ""offsite_lead_add_20_s_calls"", ""value"": ""1""}]","[{""action_type"": ""offsite_conversion.fb_pixel_custom.LeadUrgentQuoted"", ""value"": ""1""}]",{}
120250682697730660,CP - steps - v10 Own an apartment building?,120250540492410660,120250682685570660,ACTIVE,ACTIVE,2026-08-18T00:16:01-0400,2026-08-18T00:45:40-0400,static image,Own an apartment building?,"We insure apartment buildings and get COIs to your lender fast. One owner we quoted saved $10,000 a year, same coverage. Want us to check yours?",,GET_QUOTE,https://www.cohesiveinsure.com/commercial-property-quote,utm_source=facebook&utm_medium=paid&utm_campaign={{campaign.name}}&utm_content={{ad.name}}&utm_term={{adset.name}}&ad_id={{ad.id}}&adset_id={{adset.id}},Property step,"See property route; starts added Sep19, not backfilled",,images/de887c3d47c509c0.jpg,3481921871962770,3.61,30,0,120.33,0.0,,0,0,,0,,,,Main property,2026-08-18 to 2026-09-18,0.06,0.11,Delivery without confirmed completion,"S: sessions only since Sep12 01:50 ET; F: starts not historically recorded; C: reconciled completed intakes, including returns",AD,CP - landing STEP form /commercial-property-quote (22 states) - $150/day,Commercial Property - form vs landing (2-cell),6,2026-08-18,2026-09-17,True,0.0,0,https://www.cohesiveinsure.com/marketing-review/20260919/deep-scan/images/de887c3d47c509c0.jpg,[],[],{}
120250682709040660,CP steps - rel_renewal,120250540492410660,120250682685570660,ACTIVE,ACTIVE,2026-08-18T00:17:44-0400,2026-08-18T00:45:45-0400,static image,Property policy renewing this month?,Is the property policy on your building renewing this month? That is the moment to see what else is out there. We use AI to automatically shop it across our carriers and text you the number. What date does it renew?,,GET_QUOTE,https://www.cohesiveinsure.com/commercial-property-quote,utm_source=facebook&utm_medium=paid&utm_campaign={{campaign.name}}&utm_content={{ad.name}}&utm_term={{adset.name}}&ad_id={{ad.id}}&adset_id={{adset.id}},Property step,"See property route; starts added Sep19, not backfilled",,images/b6ad1ef9b56c7fde.jpg,2605300503220735,2.87,100,4,28.7,4.0,0.72,0,0,,0,,,,Main property,2026-08-18 to 2026-09-18,0.05,0.09,Delivery without confirmed completion,"S: sessions only since Sep12 01:50 ET; F: starts not historically recorded; C: reconciled completed intakes, including returns",AD,CP - landing STEP form /commercial-property-quote (22 states) - $150/day,Commercial Property - form vs landing (2-cell),18,2026-08-18,2026-09-18,True,0.0,0,https://www.cohesiveinsure.com/marketing-review/20260919/deep-scan/images/b6ad1ef9b56c7fde.jpg,"[{""action_type"": ""link_click"", ""value"": ""4""}, {""action_type"": ""landing_page_view"", ""value"": ""2""}, {""action_type"": ""omni_landing_page_view"", ""value"": ""2""}, {""action_type"": ""post_engagement"", ""value"": ""4""}, {""action_type"": ""page_engagement"", ""value"": ""4""}]",[],{}
120250682698330660,CP - steps - focus_apt_overpay Overpaying on your apartments?,120250540492410660,120250682685570660,ACTIVE,ACTIVE,2026-08-18T00:16:06-0400,2026-08-18T00:45:57-0400,static image,Overpaying on your apartments?,"One apartment owner we quoted went from $25,000 to $15,000 a year, same coverage. Own a 5+ unit apartment building? Want us to check your rate?",,GET_QUOTE,https://www.cohesiveinsure.com/commercial-property-quote,utm_source=facebook&utm_medium=paid&utm_campaign={{campaign.name}}&utm_content={{ad.name}}&utm_term={{adset.name}}&ad_id={{ad.id}}&adset_id={{adset.id}},Property step,"See property route; starts added Sep19, not backfilled",,images/141028f6f0eca591.jpg,28465942336331376,1.89,11,0,171.82,0.0,,0,0,,0,,,,Main property,2026-08-18 to 2026-09-18,0.03,0.06,Delivery without confirmed completion,"S: sessions only since Sep12 01:50 ET; F: starts not historically recorded; C: reconciled completed intakes, including returns",AD,CP - landing STEP form /commercial-property-quote (22 states) - $150/day,Commercial Property - form vs landing (2-cell),4,2026-08-18,2026-09-12,True,0.02,1,https://www.cohesiveinsure.com/marketing-review/20260919/deep-scan/images/141028f6f0eca591.jpg,[],[],{}
120250682691700660,CP - steps - v22 Bank asking for proof of insur,120250540492410660,120250682685570660,ACTIVE,ACTIVE,2026-08-18T00:15:20-0400,2026-08-18T00:46:11-0400,static image,Bank asking for proof of insurance?,"If your lender needs evidence of property insurance to close, we get the COI (with mortgagee clause) to your bank fast. One owner we quoted also saved $10,000 a year. Need it today?",,GET_QUOTE,https://www.cohesiveinsure.com/commercial-property-quote,utm_source=facebook&utm_medium=paid&utm_campaign={{campaign.name}}&utm_content={{ad.name}}&utm_term={{adset.name}}&ad_id={{ad.id}}&adset_id={{adset.id}},Property step,"See property route; starts added Sep19, not backfilled",,images/b1a18452009566c9.jpg,1622071336218218,1.75,26,1,67.31,3.846,1.75,0,0,,0,,,,Main property,2026-08-18 to 2026-09-18,0.03,0.05,Delivery without confirmed completion,"S: sessions only since Sep12 01:50 ET; F: starts not historically recorded; C: reconciled completed intakes, including returns",AD,CP - landing STEP form /commercial-property-quote (22 states) - $150/day,Commercial Property - form vs landing (2-cell),9,2026-08-18,2026-09-18,True,0.0,0,https://www.cohesiveinsure.com/marketing-review/20260919/deep-scan/images/b1a18452009566c9.jpg,"[{""action_type"": ""link_click"", ""value"": ""1""}, {""action_type"": ""post_engagement"", ""value"": ""1""}, {""action_type"": ""page_engagement"", ""value"": ""1""}]",[],{}
120250682693620660,CP - steps - focus_plaza_retail Own retail or plaza space?,120250540492410660,120250682685570660,ACTIVE,ACTIVE,2026-08-18T00:15:35-0400,2026-08-18T00:46:05-0400,static image,Own retail or plaza space?,"We insure strip centers and retail plazas and get COIs to your tenants and lender fast. One owner we quoted saved $10,000 a year. Want us to check your rate?",,GET_QUOTE,https://www.cohesiveinsure.com/commercial-property-quote,utm_source=facebook&utm_medium=paid&utm_campaign={{campaign.name}}&utm_content={{ad.name}}&utm_term={{adset.name}}&ad_id={{ad.id}}&adset_id={{adset.id}},Property step,"See property route; starts added Sep19, not backfilled",,images/5b29dfae1b807597.jpg,4697305143832840,1.66,19,0,87.37,0.0,,0,0,,0,,,,Main property,2026-08-18 to 2026-09-18,0.03,0.05,Delivery without confirmed completion,"S: sessions only since Sep12 01:50 ET; F: starts not historically recorded; C: reconciled completed intakes, including returns",AD,CP - landing STEP form /commercial-property-quote (22 states) - $150/day,Commercial Property - form vs landing (2-cell),11,2026-08-18,2026-09-17,True,0.09,1,https://www.cohesiveinsure.com/marketing-review/20260919/deep-scan/images/5b29dfae1b807597.jpg,[],[],{}
120250682697210660,CP - steps - v13 Building policy renewing?,120250540492410660,120250682685570660,ACTIVE,ACTIVE,2026-08-18T00:15:57-0400,2026-08-18T00:46:32-0400,static image,Building policy renewing?,"If you own a commercial building, renewal is the moment to check your rate. One owner we quoted went from $25,000 to $15,000 a year, same coverage. When does yours renew?",,GET_QUOTE,https://www.cohesiveinsure.com/commercial-property-quote,utm_source=facebook&utm_medium=paid&utm_campaign={{campaign.name}}&utm_content={{ad.name}}&utm_term={{adset.name}}&ad_id={{ad.id}}&adset_id={{adset.id}},Property step,"See property route; starts added Sep19, not backfilled",,images/476142624da0dcb6.jpg,1595779355671551,1.61,25,0,64.4,0.0,,0,0,,0,,,,Main property,2026-08-18 to 2026-09-18,0.03,0.05,Delivery without confirmed completion,"S: sessions only since Sep12 01:50 ET; F: starts not historically recorded; C: reconciled completed intakes, including returns",AD,CP - landing STEP form /commercial-property-quote (22 states) - $150/day,Commercial Property - form vs landing (2-cell),5,2026-08-18,2026-09-18,True,0.0,0,https://www.cohesiveinsure.com/marketing-review/20260919/deep-scan/images/476142624da0dcb6.jpg,[],[],{}
120250682692130660,CP - steps - v24 Own an office building?,120250540492410660,120250682685570660,ACTIVE,ACTIVE,2026-08-18T00:15:25-0400,2026-08-18T00:46:18-0400,static image,Own an office building?,"We insure office buildings and get COIs to your lender fast. One owner we quoted saved $10,000 a year, same coverage. Want us to check your rate?",,GET_QUOTE,https://www.cohesiveinsure.com/commercial-property-quote,utm_source=facebook&utm_medium=paid&utm_campaign={{campaign.name}}&utm_content={{ad.name}}&utm_term={{adset.name}}&ad_id={{ad.id}}&adset_id={{adset.id}},Property step,"See property route; starts added Sep19, not backfilled",,images/98269c6a8dc0890c.jpg,1620534356231287,1.13,17,1,66.47,5.882,1.13,1,1,,0,1.13,1.13,,Main property,2026-08-18 to 2026-09-18,0.02,0.04,Confirmed completed intake,"S: sessions only since Sep12 01:50 ET; F: starts not historically recorded; C: reconciled completed intakes, including returns",AD,CP - landing STEP form /commercial-property-quote (22 states) - $150/day,Commercial Property - form vs landing (2-cell),11,2026-08-18,2026-09-10,True,0.0,0,https://www.cohesiveinsure.com/marketing-review/20260919/deep-scan/images/98269c6a8dc0890c.jpg,"[{""action_type"": ""link_click"", ""value"": ""1""}, {""action_type"": ""landing_page_view"", ""value"": ""2""}, {""action_type"": ""onsite_web_lead"", ""value"": ""1""}, {""action_type"": ""omni_landing_page_view"", ""value"": ""2""}, {""action_type"": ""post_engagement"", ""value"": ""1""}, {""action_type"": ""page_engagement"", ""value"": ""1""}, {""action_type"": ""lead"", ""value"": ""1""}, {""action_type"": ""offsite_conversion.fb_pixel_lead"", ""value"": ""1""}, {""action_type"": ""offsite_lead_add_20_s_calls"", ""value"": ""1""}]",[],{}
120250682699320660,CP - steps - v15 Building sitting empty?,120250540492410660,120250682685570660,ACTIVE,ACTIVE,2026-08-18T00:16:14-0400,2026-08-18T00:46:24-0400,static image,Building sitting empty?,"Most insurers won't touch a vacant building - we place what they decline. And we save owners real money, one recently by $10,000 a year. Want a quote?",,GET_QUOTE,https://www.cohesiveinsure.com/commercial-property-quote,utm_source=facebook&utm_medium=paid&utm_campaign={{campaign.name}}&utm_content={{ad.name}}&utm_term={{adset.name}}&ad_id={{ad.id}}&adset_id={{adset.id}},Property step,"See property route; starts added Sep19, not backfilled",,images/dc75a46ad5cb6a88.jpg,1076435352003499,1.02,12,0,85.0,0.0,,0,0,,0,,,,Main property,2026-08-18 to 2026-09-18,0.02,0.03,Delivery without confirmed completion,"S: sessions only since Sep12 01:50 ET; F: starts not historically recorded; C: reconciled completed intakes, including returns",AD,CP - landing STEP form /commercial-property-quote (22 states) - $150/day,Commercial Property - form vs landing (2-cell),6,2026-08-18,2026-09-16,True,0.02,1,https://www.cohesiveinsure.com/marketing-review/20260919/deep-scan/images/dc75a46ad5cb6a88.jpg,[],[],{}
120250682699740660,CP - steps - focus_plaza_renewing Commercial property renewing?,120250540492410660,120250682685570660,ACTIVE,ACTIVE,2026-08-18T00:16:19-0400,2026-08-18T00:46:22-0400,static image,Commercial property renewing?,"If you own a commercial building, renewal is the moment to check your rate. One owner we quoted went from $25,000 to $15,000 a year, same coverage. When does yours renew?",,GET_QUOTE,https://www.cohesiveinsure.com/commercial-property-quote,utm_source=facebook&utm_medium=paid&utm_campaign={{campaign.name}}&utm_content={{ad.name}}&utm_term={{adset.name}}&ad_id={{ad.id}}&adset_id={{adset.id}},Property step,"See property route; starts added Sep19, not backfilled",,images/c67f06dde4454d91.jpg,959038010539949,0.91,21,0,43.33,0.0,,0,0,,0,,,,Main property,2026-08-18 to 2026-09-18,0.02,0.03,Delivery without confirmed completion,"S: sessions only since Sep12 01:50 ET; F: starts not historically recorded; C: reconciled completed intakes, including returns",AD,CP - landing STEP form /commercial-property-quote (22 states) - $150/day,Commercial Property - form vs landing (2-cell),12,2026-08-18,2026-09-18,True,0.0,0,https://www.cohesiveinsure.com/marketing-review/20260919/deep-scan/images/c67f06dde4454d91.jpg,[],[],{}
120250682708530660,CP steps - rel_lender,120250540492410660,120250682685570660,ACTIVE,ACTIVE,2026-08-18T00:17:39-0400,2026-08-18T00:45:42-0400,static image,Does your lender need proof of coverage?,"Refinancing or building, and the bank wants proof of coverage on the property? Send us the building details and we use AI to automatically shop it across our carriers. Your quote comes back by text.",,GET_QUOTE,https://www.cohesiveinsure.com/commercial-property-quote,utm_source=facebook&utm_medium=paid&utm_campaign={{campaign.name}}&utm_content={{ad.name}}&utm_term={{adset.name}}&ad_id={{ad.id}}&adset_id={{adset.id}},Property step,"See property route; starts added Sep19, not backfilled",,images/af2bff7f3bca3745.jpg,2126352628230213,0.75,26,1,28.85,3.846,0.75,0,0,,0,,,,Main property,2026-08-18 to 2026-09-18,0.01,0.02,Delivery without confirmed completion,"S: sessions only since Sep12 01:50 ET; F: starts not historically recorded; C: reconciled completed intakes, including returns",AD,CP - landing STEP form /commercial-property-quote (22 states) - $150/day,Commercial Property - form vs landing (2-cell),14,2026-08-18,2026-09-18,True,0.0,0,https://www.cohesiveinsure.com/marketing-review/20260919/deep-scan/images/af2bff7f3bca3745.jpg,"[{""action_type"": ""link_click"", ""value"": ""1""}, {""action_type"": ""landing_page_view"", ""value"": ""1""}, {""action_type"": ""omni_landing_page_view"", ""value"": ""1""}, {""action_type"": ""post_engagement"", ""value"": ""1""}, {""action_type"": ""page_engagement"", ""value"": ""1""}]",[],{}
120250682692680660,CP - steps - v18 More than one building?,120250540492410660,120250682685570660,ACTIVE,ACTIVE,2026-08-18T00:15:29-0400,2026-08-18T00:46:14-0400,static image,More than one building?,"We insure landlords with multiple buildings under one roof. One owner we quoted went from $25,000 to $15,000 a year, same coverage. Want us to check yours?",,GET_QUOTE,https://www.cohesiveinsure.com/commercial-property-quote,utm_source=facebook&utm_medium=paid&utm_campaign={{campaign.name}}&utm_content={{ad.name}}&utm_term={{adset.name}}&ad_id={{ad.id}}&adset_id={{adset.id}},Property step,"See property route; starts added Sep19, not backfilled",,images/5b2b22e508d438d1.jpg,1693805275252955,0.74,16,0,46.25,0.0,,0,0,,0,,,,Main property,2026-08-18 to 2026-09-18,0.01,0.02,Delivery without confirmed completion,"S: sessions only since Sep12 01:50 ET; F: starts not historically recorded; C: reconciled completed intakes, including returns",AD,CP - landing STEP form /commercial-property-quote (22 states) - $150/day,Commercial Property - form vs landing (2-cell),8,2026-08-18,2026-09-17,True,0.08,2,https://www.cohesiveinsure.com/marketing-review/20260919/deep-scan/images/5b2b22e508d438d1.jpg,[],[],{}
120250682689730660,CP - steps - v23 Financing or refinancing a bui,120250540492410660,120250682685570660,ACTIVE,ACTIVE,2026-08-18T00:15:01-0400,2026-08-18T00:46:36-0400,static image,Financing or refinancing a building?,"Buying or refinancing? Your bank will require proof of property insurance. We handle it fast and shop your rate - one owner we quoted went from $25,000 to $15,000 a year. Want us to check yours?",,GET_QUOTE,https://www.cohesiveinsure.com/commercial-property-quote,utm_source=facebook&utm_medium=paid&utm_campaign={{campaign.name}}&utm_content={{ad.name}}&utm_term={{adset.name}}&ad_id={{ad.id}}&adset_id={{adset.id}},Property step,"See property route; starts added Sep19, not backfilled",,images/18f3acf911316387.jpg,28606104732307741,0.53,14,1,37.86,7.143,0.53,0,0,,0,,,,Main property,2026-08-18 to 2026-09-18,0.01,0.02,Delivery without confirmed completion,"S: sessions only since Sep12 01:50 ET; F: starts not historically recorded; C: reconciled completed intakes, including returns",AD,CP - landing STEP form /commercial-property-quote (22 states) - $150/day,Commercial Property - form vs landing (2-cell),3,2026-08-18,2026-09-16,True,0.0,0,https://www.cohesiveinsure.com/marketing-review/20260919/deep-scan/images/18f3acf911316387.jpg,"[{""action_type"": ""link_click"", ""value"": ""1""}, {""action_type"": ""landing_page_view"", ""value"": ""1""}, {""action_type"": ""omni_landing_page_view"", ""value"": ""1""}, {""action_type"": ""post_engagement"", ""value"": ""1""}, {""action_type"": ""page_engagement"", ""value"": ""1""}]",[],{}
120250682698900660,CP - steps - focus_apt_5plus Own a 5+ unit apartment buildi,120250540492410660,120250682685570660,ACTIVE,ACTIVE,2026-08-18T00:16:10-0400,2026-08-18T00:45:59-0400,static image,Own a 5+ unit apartment building?,"We insure apartment buildings (5+ units) and get COIs to your lender fast. One owner we quoted saved $10,000 a year, same coverage. Want us to check yours?",,GET_QUOTE,https://www.cohesiveinsure.com/commercial-property-quote,utm_source=facebook&utm_medium=paid&utm_campaign={{campaign.name}}&utm_content={{ad.name}}&utm_term={{adset.name}}&ad_id={{ad.id}}&adset_id={{adset.id}},Property step,"See property route; starts added Sep19, not backfilled",,images/afbbef1f491f00b2.jpg,4539956842908304,0.46,12,0,38.33,0.0,,0,0,,0,,,,Main property,2026-08-18 to 2026-09-18,0.01,0.01,Delivery without confirmed completion,"S: sessions only since Sep12 01:50 ET; F: starts not historically recorded; C: reconciled completed intakes, including returns",AD,CP - landing STEP form /commercial-property-quote (22 states) - $150/day,Commercial Property - form vs landing (2-cell),7,2026-08-18,2026-09-14,True,0.0,0,https://www.cohesiveinsure.com/marketing-review/20260919/deep-scan/images/afbbef1f491f00b2.jpg,[],[],{}
120250682690510660,CP - steps - v21 Own a gym or fitness building?,120250540492410660,120250682685570660,ACTIVE,ACTIVE,2026-08-18T00:15:10-0400,2026-08-18T00:46:16-0400,static image,Own a gym or fitness building?,"We insure the building your gym or studio operates in (commercial property). One owner we quoted saved $10,000 a year, same coverage. Want us to check your rate?",,GET_QUOTE,https://www.cohesiveinsure.com/commercial-property-quote,utm_source=facebook&utm_medium=paid&utm_campaign={{campaign.name}}&utm_content={{ad.name}}&utm_term={{adset.name}}&ad_id={{ad.id}}&adset_id={{adset.id}},Property step,"See property route; starts added Sep19, not backfilled",,images/177c40d677cd38cc.jpg,1529099818439601,0.42,15,0,28.0,0.0,,0,0,,0,,,,Main property,2026-08-18 to 2026-09-18,0.01,0.01,Delivery without confirmed completion,"S: sessions only since Sep12 01:50 ET; F: starts not historically recorded; C: reconciled completed intakes, including returns",AD,CP - landing STEP form /commercial-property-quote (22 states) - $150/day,Commercial Property - form vs landing (2-cell),6,2026-08-18,2026-09-12,True,0.0,0,https://www.cohesiveinsure.com/marketing-review/20260919/deep-scan/images/177c40d677cd38cc.jpg,[],[],{}
120250682700460660,CP - steps - v12 Lease space to tenants?,120250540492410660,120250682685570660,ACTIVE,ACTIVE,2026-08-18T00:16:28-0400,2026-08-18T00:45:55-0400,static image,Lease space to tenants?,"We insure commercial buildings and get COIs to your tenants and lender fast. One owner we quoted saved $10,000 a year. Want us to check your rate?",,GET_QUOTE,https://www.cohesiveinsure.com/commercial-property-quote,utm_source=facebook&utm_medium=paid&utm_campaign={{campaign.name}}&utm_content={{ad.name}}&utm_term={{adset.name}}&ad_id={{ad.id}}&adset_id={{adset.id}},Property step,"See property route; starts added Sep19, not backfilled",,images/d1208e81362cd210.jpg,1749291569713603,0.33,15,0,22.0,0.0,,0,0,,0,,,,Main property,2026-08-18 to 2026-09-18,0.01,0.01,Delivery without confirmed completion,"S: sessions only since Sep12 01:50 ET; F: starts not historically recorded; C: reconciled completed intakes, including returns",AD,CP - landing STEP form /commercial-property-quote (22 states) - $150/day,Commercial Property - form vs landing (2-cell),5,2026-08-18,2026-09-14,True,0.0,0,https://www.cohesiveinsure.com/marketing-review/20260919/deep-scan/images/d1208e81362cd210.jpg,[],[],{}
120250682694370660,CP - steps - v11 Overpaying on your building?,120250540492410660,120250682685570660,ACTIVE,ACTIVE,2026-08-18T00:15:40-0400,2026-08-18T00:46:03-0400,static image,Overpaying on your building?,"One apartment owner we quoted went from $25,000 to $15,000 a year, same coverage. Own an apartment building? Want us to check your rate?",,GET_QUOTE,https://www.cohesiveinsure.com/commercial-property-quote,utm_source=facebook&utm_medium=paid&utm_campaign={{campaign.name}}&utm_content={{ad.name}}&utm_term={{adset.name}}&ad_id={{ad.id}}&adset_id={{adset.id}},Property step,"See property route; starts added Sep19, not backfilled",,images/20cb7207a137f0fb.jpg,1720410349183558,0.3,9,1,33.33,11.111,0.3,0,0,,0,,,,Main property,2026-08-18 to 2026-09-18,0.01,0.01,Delivery without confirmed completion,"S: sessions only since Sep12 01:50 ET; F: starts not historically recorded; C: reconciled completed intakes, including returns",AD,CP - landing STEP form /commercial-property-quote (22 states) - $150/day,Commercial Property - form vs landing (2-cell),5,2026-08-18,2026-09-14,True,0.0,0,https://www.cohesiveinsure.com/marketing-review/20260919/deep-scan/images/20cb7207a137f0fb.jpg,"[{""action_type"": ""link_click"", ""value"": ""1""}, {""action_type"": ""landing_page_view"", ""value"": ""1""}, {""action_type"": ""omni_landing_page_view"", ""value"": ""1""}, {""action_type"": ""post_engagement"", ""value"": ""1""}, {""action_type"": ""page_engagement"", ""value"": ""1""}]",[],{}
120250682688700660,CP - steps - v27 Own an older building?,120250540492410660,120250682685570660,ACTIVE,ACTIVE,2026-08-18T00:14:56-0400,2026-08-18T00:46:21-0400,static image,Own an older building?,"Older building? Recent roof, wiring, or plumbing updates can mean a much lower rate. One owner we quoted went from $25,000 to $15,000 a year, same coverage. Want us to check yours?",,GET_QUOTE,https://www.cohesiveinsure.com/commercial-property-quote,utm_source=facebook&utm_medium=paid&utm_campaign={{campaign.name}}&utm_content={{ad.name}}&utm_term={{adset.name}}&ad_id={{ad.id}}&adset_id={{adset.id}},Property step,"See property route; starts added Sep19, not backfilled",,images/6e5f6baa38d6512b.jpg,1632003218643195,0.29,10,0,29.0,0.0,,0,0,,0,,,,Main property,2026-08-18 to 2026-09-18,0.01,0.01,Delivery without confirmed completion,"S: sessions only since Sep12 01:50 ET; F: starts not historically recorded; C: reconciled completed intakes, including returns",AD,CP - landing STEP form /commercial-property-quote (22 states) - $150/day,Commercial Property - form vs landing (2-cell),5,2026-08-18,2026-09-14,True,0.0,0,https://www.cohesiveinsure.com/marketing-review/20260919/deep-scan/images/6e5f6baa38d6512b.jpg,[],[],{}
120250682700030660,"CP - steps - v04 We saved a property owner $10,",120250540492410660,120250682685570660,ACTIVE,ACTIVE,2026-08-18T00:16:23-0400,2026-08-18T00:45:51-0400,static image,"We saved a property owner $10,000/yr","$25,000 down to $15,000 in premium, same coverage. If you own a building, want us to check what you're overpaying?",,GET_QUOTE,https://www.cohesiveinsure.com/commercial-property-quote,utm_source=facebook&utm_medium=paid&utm_campaign={{campaign.name}}&utm_content={{ad.name}}&utm_term={{adset.name}}&ad_id={{ad.id}}&adset_id={{adset.id}},Property step,"See property route; starts added Sep19, not backfilled",,images/3a9b3de127ee8e70.jpg,1053194874082973,0.24,6,0,40.0,0.0,,0,0,,0,,,,Main property,2026-08-18 to 2026-09-18,0.0,0.01,Delivery without confirmed completion,"S: sessions only since Sep12 01:50 ET; F: starts not historically recorded; C: reconciled completed intakes, including returns",AD,CP - landing STEP form /commercial-property-quote (22 states) - $150/day,Commercial Property - form vs landing (2-cell),5,2026-08-30,2026-09-18,True,0.0,0,https://www.cohesiveinsure.com/marketing-review/20260919/deep-scan/images/3a9b3de127ee8e70.jpg,[],[],{}
120250682700950660,CP - steps - v19 Own a building?,120250540492410660,120250682685570660,ACTIVE,ACTIVE,2026-08-18T00:16:32-0400,2026-08-18T00:45:56-0400,static image,Own a building?,"Apartments, mixed-use, commercial - whatever you own, we'll check what you're paying to insure it. One owner we quoted went from $25,000 to $15,000 a year, same coverage. Want us to check yours?",,GET_QUOTE,https://www.cohesiveinsure.com/commercial-property-quote,utm_source=facebook&utm_medium=paid&utm_campaign={{campaign.name}}&utm_content={{ad.name}}&utm_term={{adset.name}}&ad_id={{ad.id}}&adset_id={{adset.id}},Property step,"See property route; starts added Sep19, not backfilled",,images/85789cf25fef56fd.jpg,2601894676925138,0.06,6,0,10.0,0.0,,0,0,,0,,,,Main property,2026-08-18 to 2026-09-18,0.0,0.0,Delivery without confirmed completion,"S: sessions only since Sep12 01:50 ET; F: starts not historically recorded; C: reconciled completed intakes, including returns",AD,CP - landing STEP form /commercial-property-quote (22 states) - $150/day,Commercial Property - form vs landing (2-cell),1,2026-08-18,2026-08-18,True,0.0,0,https://www.cohesiveinsure.com/marketing-review/20260919/deep-scan/images/85789cf25fef56fd.jpg,[],[],{}
