id,name,campaign_id,adset_id,status,effective_status,created_time,updated_time,format,headline,primary_text,description,CTA,destination,url_tags,form_version,experiment_cell,creative_variant,image,creative_id,spend,impressions,link_clicks,CPM,link_CTR_pct,link_CPC,completed_saved,new_acquisitions,observed_starts,observed_sessions,CPL_saved,CPL_new,cost_per_observed_start,campaign_label,operating_window,campaign_spend_share_pct,set_spend_share_pct,completion_evidence,measurement_flags,level,adset_name,campaign_name,days_live_observed_delivery_through_Sep18,first_observed_delivery_day,last_observed_delivery_day,ever_delivered_asof_Sep19,Sep19_partial_spend,Sep19_partial_impressions,image_url,meta_actions_unreconciled,meta_conversions_unreconciled,review_feedback
120251001085430660,CP Metro - Dallas - text-only - repricing v1,120251001083740660,120251001084230660,ACTIVE,ADSET_PAUSED,2026-09-08T15:18:06-0400,2026-09-08T15:31:46-0400,static image,Compare building insurance rates,"If you own a commercial property in Dallas, you might be overpaying on insurance.

One of our carriers is lowering commercial property insurance rates in the area. Get a quote and see how much you could save.",,GET_QUOTE,https://www.cohesiveinsure.com/commercial-property-quote,utm_source=facebook&utm_medium=paid&utm_campaign={{campaign.name}}&utm_content={{ad.name}}&utm_term={{adset.name}}&ad_id={{ad.id}}&adset_id={{adset.id}}&metro=dallas,Property step,"See property route; starts added Sep19, not backfilled",,images/918d659d4298342c.jpg,952363907193088,66.31,1651,10,40.16,0.606,6.63,0,0,,2,,,,Metro property,2026-09-08 to 2026-09-18,3.64,85.65,Delivery without confirmed completion,"S: sessions only since Sep12 01:50 ET; F: starts not historically recorded; C: reconciled completed intakes, including returns",AD,CP Metro - Dallas - $20 - Lead,CP - Metro repricing test - 20 x $20 - 2026-09-08,5,2026-09-08,2026-09-12,True,0.0,0,https://www.cohesiveinsure.com/marketing-review/20260919/deep-scan/images/918d659d4298342c.jpg,"[{""action_type"": ""link_click"", ""value"": ""10""}, {""action_type"": ""offsite_conversion.fb_pixel_custom"", ""value"": ""1""}, {""action_type"": ""landing_page_view"", ""value"": ""7""}, {""action_type"": ""onsite_web_lead"", ""value"": ""1""}, {""action_type"": ""omni_landing_page_view"", ""value"": ""7""}, {""action_type"": ""post_engagement"", ""value"": ""10""}, {""action_type"": ""page_engagement"", ""value"": ""10""}, {""action_type"": ""lead"", ""value"": ""1""}, {""action_type"": ""custom_event_actions_add_20_s_calls"", ""value"": ""1""}, {""action_type"": ""offsite_conversion.fb_pixel_lead"", ""value"": ""1""}, {""action_type"": ""offsite_lead_add_20_s_calls"", ""value"": ""1""}]","[{""action_type"": ""offsite_conversion.fb_pixel_custom.QualifiedLead"", ""value"": ""1""}]",{}
120251001087290660,CP Metro - Dallas - ai-image - repricing v1,120251001083740660,120251001084230660,ACTIVE,ADSET_PAUSED,2026-09-08T15:18:25-0400,2026-09-08T15:31:46-0400,static image,Compare building insurance rates,"If you own a commercial property in Dallas, you might be overpaying on insurance.

One of our carriers is lowering commercial property insurance rates in the area. Get a quote and see how much you could save.",,GET_QUOTE,https://www.cohesiveinsure.com/commercial-property-quote,utm_source=facebook&utm_medium=paid&utm_campaign={{campaign.name}}&utm_content={{ad.name}}&utm_term={{adset.name}}&ad_id={{ad.id}}&adset_id={{adset.id}}&metro=dallas,Property step,"See property route; starts added Sep19, not backfilled",,images/43f6ec7d998f33c2.jpg,1326259129583978,6.04,112,1,53.93,0.893,6.04,0,0,,0,,,,Metro property,2026-09-08 to 2026-09-18,0.33,7.8,Delivery without confirmed completion,"S: sessions only since Sep12 01:50 ET; F: starts not historically recorded; C: reconciled completed intakes, including returns",AD,CP Metro - Dallas - $20 - Lead,CP - Metro repricing test - 20 x $20 - 2026-09-08,5,2026-09-08,2026-09-12,True,0.0,0,https://www.cohesiveinsure.com/marketing-review/20260919/deep-scan/images/43f6ec7d998f33c2.jpg,"[{""action_type"": ""link_click"", ""value"": ""1""}, {""action_type"": ""landing_page_view"", ""value"": ""1""}, {""action_type"": ""omni_landing_page_view"", ""value"": ""1""}, {""action_type"": ""post_engagement"", ""value"": ""1""}, {""action_type"": ""page_engagement"", ""value"": ""1""}]",[],{}
120251001086630660,CP Metro - Dallas - real-photo - repricing v1,120251001083740660,120251001084230660,ACTIVE,ADSET_PAUSED,2026-09-08T15:18:16-0400,2026-09-08T15:31:47-0400,static image,Compare building insurance rates,"If you own a commercial property in Dallas, you might be overpaying on insurance.

One of our carriers is lowering commercial property insurance rates in the area. Get a quote and see how much you could save.",,GET_QUOTE,https://www.cohesiveinsure.com/commercial-property-quote,utm_source=facebook&utm_medium=paid&utm_campaign={{campaign.name}}&utm_content={{ad.name}}&utm_term={{adset.name}}&ad_id={{ad.id}}&adset_id={{adset.id}}&metro=dallas,Property step,"See property route; starts added Sep19, not backfilled",,images/955a9a1f97730393.jpg,1010557595376720,5.07,133,1,38.12,0.752,5.07,0,0,,0,,,,Metro property,2026-09-08 to 2026-09-18,0.28,6.55,Delivery without confirmed completion,"S: sessions only since Sep12 01:50 ET; F: starts not historically recorded; C: reconciled completed intakes, including returns",AD,CP Metro - Dallas - $20 - Lead,CP - Metro repricing test - 20 x $20 - 2026-09-08,5,2026-09-08,2026-09-12,True,0.0,0,https://www.cohesiveinsure.com/marketing-review/20260919/deep-scan/images/955a9a1f97730393.jpg,"[{""action_type"": ""link_click"", ""value"": ""1""}, {""action_type"": ""landing_page_view"", ""value"": ""1""}, {""action_type"": ""omni_landing_page_view"", ""value"": ""1""}, {""action_type"": ""post_engagement"", ""value"": ""1""}, {""action_type"": ""page_engagement"", ""value"": ""1""}]",[],{}
120251001088240660,CP Metro - Houston - text-only - repricing v1,120251001083740660,120251001087430660,ACTIVE,ADSET_PAUSED,2026-09-08T15:18:35-0400,2026-09-08T15:31:48-0400,static image,Compare building insurance rates,"If you own a commercial property in Houston, you might be overpaying on insurance.

One of our carriers is lowering commercial property insurance rates in the area. Get a quote and see how much you could save.",,GET_QUOTE,https://www.cohesiveinsure.com/commercial-property-quote,utm_source=facebook&utm_medium=paid&utm_campaign={{campaign.name}}&utm_content={{ad.name}}&utm_term={{adset.name}}&ad_id={{ad.id}}&adset_id={{adset.id}}&metro=houston,Property step,"See property route; starts added Sep19, not backfilled",,images/8e29e0135a017e89.jpg,1807403266940486,69.71,1875,10,37.18,0.533,6.97,4,3,,0,17.43,23.24,,Metro property,2026-09-08 to 2026-09-18,3.82,87.32,Confirmed completed intake,"S: sessions only since Sep12 01:50 ET; F: starts not historically recorded; C: reconciled completed intakes, including returns",AD,CP Metro - Houston - $20 - Lead,CP - Metro repricing test - 20 x $20 - 2026-09-08,5,2026-09-08,2026-09-12,True,0.0,0,https://www.cohesiveinsure.com/marketing-review/20260919/deep-scan/images/8e29e0135a017e89.jpg,"[{""action_type"": ""link_click"", ""value"": ""10""}, {""action_type"": ""post_reaction"", ""value"": ""2""}, {""action_type"": ""landing_page_view"", ""value"": ""10""}, {""action_type"": ""onsite_web_lead"", ""value"": ""2""}, {""action_type"": ""omni_landing_page_view"", ""value"": ""10""}, {""action_type"": ""onsite_conversion.post_unlike"", ""value"": ""1""}, {""action_type"": ""post_engagement"", ""value"": ""13""}, {""action_type"": ""post_interaction_gross"", ""value"": ""3""}, {""action_type"": ""page_engagement"", ""value"": ""13""}, {""action_type"": ""post_interaction_net"", ""value"": ""4""}, {""action_type"": ""post"", ""value"": ""1""}, {""action_type"": ""onsite_conversion.post_net_like"", ""value"": ""1""}, {""action_type"": ""lead"", ""value"": ""2""}, {""action_type"": ""offsite_conversion.fb_pixel_lead"", ""value"": ""2""}, {""action_type"": ""offsite_lead_add_20_s_calls"", ""value"": ""2""}]",[],{}
120251001088620660,CP Metro - Houston - real-photo - repricing v1,120251001083740660,120251001087430660,ACTIVE,ADSET_PAUSED,2026-09-08T15:18:44-0400,2026-09-08T15:31:47-0400,static image,Compare building insurance rates,"If you own a commercial property in Houston, you might be overpaying on insurance.

One of our carriers is lowering commercial property insurance rates in the area. Get a quote and see how much you could save.",,GET_QUOTE,https://www.cohesiveinsure.com/commercial-property-quote,utm_source=facebook&utm_medium=paid&utm_campaign={{campaign.name}}&utm_content={{ad.name}}&utm_term={{adset.name}}&ad_id={{ad.id}}&adset_id={{adset.id}}&metro=houston,Property step,"See property route; starts added Sep19, not backfilled",,images/3deab3431b03c358.jpg,26819879361043177,8.27,136,1,60.81,0.735,8.27,0,0,,0,,,,Metro property,2026-09-08 to 2026-09-18,0.45,10.36,Delivery without confirmed completion,"S: sessions only since Sep12 01:50 ET; F: starts not historically recorded; C: reconciled completed intakes, including returns",AD,CP Metro - Houston - $20 - Lead,CP - Metro repricing test - 20 x $20 - 2026-09-08,4,2026-09-08,2026-09-11,True,0.0,0,https://www.cohesiveinsure.com/marketing-review/20260919/deep-scan/images/3deab3431b03c358.jpg,"[{""action_type"": ""link_click"", ""value"": ""1""}, {""action_type"": ""post_engagement"", ""value"": ""1""}, {""action_type"": ""page_engagement"", ""value"": ""1""}]",[],{}
120251001089170660,CP Metro - Houston - ai-image - repricing v1,120251001083740660,120251001087430660,ACTIVE,ADSET_PAUSED,2026-09-08T15:18:52-0400,2026-09-08T15:31:49-0400,static image,Compare building insurance rates,"If you own a commercial property in Houston, you might be overpaying on insurance.

One of our carriers is lowering commercial property insurance rates in the area. Get a quote and see how much you could save.",,GET_QUOTE,https://www.cohesiveinsure.com/commercial-property-quote,utm_source=facebook&utm_medium=paid&utm_campaign={{campaign.name}}&utm_content={{ad.name}}&utm_term={{adset.name}}&ad_id={{ad.id}}&adset_id={{adset.id}}&metro=houston,Property step,"See property route; starts added Sep19, not backfilled",,images/75875b7f7db1e83b.jpg,2813737095670548,1.85,54,0,34.26,0.0,,0,0,,0,,,,Metro property,2026-09-08 to 2026-09-18,0.1,2.32,Delivery without confirmed completion,"S: sessions only since Sep12 01:50 ET; F: starts not historically recorded; C: reconciled completed intakes, including returns",AD,CP Metro - Houston - $20 - Lead,CP - Metro repricing test - 20 x $20 - 2026-09-08,3,2026-09-08,2026-09-10,True,0.0,0,https://www.cohesiveinsure.com/marketing-review/20260919/deep-scan/images/75875b7f7db1e83b.jpg,[],[],{}
120251001090570660,CP Metro - Austin - text-only - repricing v1,120251001083740660,120251001089630660,ACTIVE,ADSET_PAUSED,2026-09-08T15:19:02-0400,2026-09-08T15:31:49-0400,static image,Compare building insurance rates,"If you own a commercial property in Austin, you might be overpaying on insurance.

One of our carriers is lowering commercial property insurance rates in the area. Get a quote and see how much you could save.",,GET_QUOTE,https://www.cohesiveinsure.com/commercial-property-quote,utm_source=facebook&utm_medium=paid&utm_campaign={{campaign.name}}&utm_content={{ad.name}}&utm_term={{adset.name}}&ad_id={{ad.id}}&adset_id={{adset.id}}&metro=austin,Property step,"See property route; starts added Sep19, not backfilled",,images/549aa3b7fc1746d5.jpg,1607184214359119,52.13,1411,6,36.95,0.425,8.69,2,2,,0,26.07,26.07,,Metro property,2026-09-08 to 2026-09-18,2.86,67.33,Confirmed completed intake,"S: sessions only since Sep12 01:50 ET; F: starts not historically recorded; C: reconciled completed intakes, including returns",AD,CP Metro - Austin - $20 - Lead,CP - Metro repricing test - 20 x $20 - 2026-09-08,5,2026-09-08,2026-09-12,True,0.0,0,https://www.cohesiveinsure.com/marketing-review/20260919/deep-scan/images/549aa3b7fc1746d5.jpg,"[{""action_type"": ""link_click"", ""value"": ""6""}, {""action_type"": ""offsite_conversion.fb_pixel_custom"", ""value"": ""1""}, {""action_type"": ""post_reaction"", ""value"": ""1""}, {""action_type"": ""landing_page_view"", ""value"": ""4""}, {""action_type"": ""onsite_web_lead"", ""value"": ""1""}, {""action_type"": ""omni_landing_page_view"", ""value"": ""4""}, {""action_type"": ""post_engagement"", ""value"": ""7""}, {""action_type"": ""post_interaction_gross"", ""value"": ""1""}, {""action_type"": ""page_engagement"", ""value"": ""7""}, {""action_type"": ""post_interaction_net"", ""value"": ""1""}, {""action_type"": ""onsite_conversion.post_net_like"", ""value"": ""1""}, {""action_type"": ""lead"", ""value"": ""1""}, {""action_type"": ""custom_event_actions_add_20_s_calls"", ""value"": ""1""}, {""action_type"": ""offsite_conversion.fb_pixel_lead"", ""value"": ""1""}, {""action_type"": ""offsite_lead_add_20_s_calls"", ""value"": ""1""}]","[{""action_type"": ""offsite_conversion.fb_pixel_custom.QualifiedLead"", ""value"": ""1""}]",{}
120251001091180660,CP Metro - Austin - real-photo - repricing v1,120251001083740660,120251001089630660,ACTIVE,ADSET_PAUSED,2026-09-08T15:19:09-0400,2026-09-08T15:31:50-0400,static image,Compare building insurance rates,"If you own a commercial property in Austin, you might be overpaying on insurance.

One of our carriers is lowering commercial property insurance rates in the area. Get a quote and see how much you could save.",,GET_QUOTE,https://www.cohesiveinsure.com/commercial-property-quote,utm_source=facebook&utm_medium=paid&utm_campaign={{campaign.name}}&utm_content={{ad.name}}&utm_term={{adset.name}}&ad_id={{ad.id}}&adset_id={{adset.id}}&metro=austin,Property step,"See property route; starts added Sep19, not backfilled",,images/2dc8a9163f4c1ec8.jpg,1625667922520891,15.39,350,0,43.97,0.0,,0,0,,0,,,,Metro property,2026-09-08 to 2026-09-18,0.84,19.88,Delivery without confirmed completion,"S: sessions only since Sep12 01:50 ET; F: starts not historically recorded; C: reconciled completed intakes, including returns",AD,CP Metro - Austin - $20 - Lead,CP - Metro repricing test - 20 x $20 - 2026-09-08,5,2026-09-08,2026-09-12,True,0.0,0,https://www.cohesiveinsure.com/marketing-review/20260919/deep-scan/images/2dc8a9163f4c1ec8.jpg,[],[],{}
120251001091790660,CP Metro - Austin - ai-image - repricing v1,120251001083740660,120251001089630660,ACTIVE,ADSET_PAUSED,2026-09-08T15:19:16-0400,2026-09-08T15:31:49-0400,static image,Compare building insurance rates,"If you own a commercial property in Austin, you might be overpaying on insurance.

One of our carriers is lowering commercial property insurance rates in the area. Get a quote and see how much you could save.",,GET_QUOTE,https://www.cohesiveinsure.com/commercial-property-quote,utm_source=facebook&utm_medium=paid&utm_campaign={{campaign.name}}&utm_content={{ad.name}}&utm_term={{adset.name}}&ad_id={{ad.id}}&adset_id={{adset.id}}&metro=austin,Property step,"See property route; starts added Sep19, not backfilled",,images/e330a7ade8582466.jpg,2088984095337884,9.9,205,0,48.29,0.0,,0,0,,0,,,,Metro property,2026-09-08 to 2026-09-18,0.54,12.79,Delivery without confirmed completion,"S: sessions only since Sep12 01:50 ET; F: starts not historically recorded; C: reconciled completed intakes, including returns",AD,CP Metro - Austin - $20 - Lead,CP - Metro repricing test - 20 x $20 - 2026-09-08,5,2026-09-08,2026-09-12,True,0.0,0,https://www.cohesiveinsure.com/marketing-review/20260919/deep-scan/images/e330a7ade8582466.jpg,[],[],{}
120251001092950660,CP Metro - San Antonio - text-only - repricing v1,120251001083740660,120251001091900660,ACTIVE,ADSET_PAUSED,2026-09-08T15:19:25-0400,2026-09-08T15:31:49-0400,static image,Compare building insurance rates,"If you own a commercial property in San Antonio, you might be overpaying on insurance.

One of our carriers is lowering commercial property insurance rates in the area. Get a quote and see how much you could save.",,GET_QUOTE,https://www.cohesiveinsure.com/commercial-property-quote,utm_source=facebook&utm_medium=paid&utm_campaign={{campaign.name}}&utm_content={{ad.name}}&utm_term={{adset.name}}&ad_id={{ad.id}}&adset_id={{adset.id}}&metro=san-antonio,Property step,"See property route; starts added Sep19, not backfilled",,images/367056013b6e02d8.jpg,1581118910123397,68.61,1968,17,34.86,0.864,4.04,0,0,,0,,,,Metro property,2026-09-08 to 2026-09-18,3.76,89.3,Delivery without confirmed completion,"S: sessions only since Sep12 01:50 ET; F: starts not historically recorded; C: reconciled completed intakes, including returns",AD,CP Metro - San Antonio - $20 - Lead,CP - Metro repricing test - 20 x $20 - 2026-09-08,5,2026-09-08,2026-09-12,True,0.0,0,https://www.cohesiveinsure.com/marketing-review/20260919/deep-scan/images/367056013b6e02d8.jpg,"[{""action_type"": ""link_click"", ""value"": ""17""}, {""action_type"": ""post_reaction"", ""value"": ""1""}, {""action_type"": ""landing_page_view"", ""value"": ""19""}, {""action_type"": ""omni_landing_page_view"", ""value"": ""19""}, {""action_type"": ""post_engagement"", ""value"": ""18""}, {""action_type"": ""post_interaction_gross"", ""value"": ""1""}, {""action_type"": ""page_engagement"", ""value"": ""18""}, {""action_type"": ""post_interaction_net"", ""value"": ""1""}, {""action_type"": ""onsite_conversion.post_net_like"", ""value"": ""1""}]",[],{}
120251001093160660,CP Metro - San Antonio - real-photo - repricing v1,120251001083740660,120251001091900660,ACTIVE,ADSET_PAUSED,2026-09-08T15:19:30-0400,2026-09-08T15:31:51-0400,static image,Compare building insurance rates,"If you own a commercial property in San Antonio, you might be overpaying on insurance.

One of our carriers is lowering commercial property insurance rates in the area. Get a quote and see how much you could save.",,GET_QUOTE,https://www.cohesiveinsure.com/commercial-property-quote,utm_source=facebook&utm_medium=paid&utm_campaign={{campaign.name}}&utm_content={{ad.name}}&utm_term={{adset.name}}&ad_id={{ad.id}}&adset_id={{adset.id}}&metro=san-antonio,Property step,"See property route; starts added Sep19, not backfilled",,images/468304f402254d7c.jpg,4441188089530564,4.62,77,0,60.0,0.0,,0,0,,0,,,,Metro property,2026-09-08 to 2026-09-18,0.25,6.01,Delivery without confirmed completion,"S: sessions only since Sep12 01:50 ET; F: starts not historically recorded; C: reconciled completed intakes, including returns",AD,CP Metro - San Antonio - $20 - Lead,CP - Metro repricing test - 20 x $20 - 2026-09-08,4,2026-09-08,2026-09-11,True,0.0,0,https://www.cohesiveinsure.com/marketing-review/20260919/deep-scan/images/468304f402254d7c.jpg,[],[],{}
120251001093660660,CP Metro - San Antonio - ai-image - repricing v1,120251001083740660,120251001091900660,ACTIVE,ADSET_PAUSED,2026-09-08T15:19:36-0400,2026-09-08T15:31:51-0400,static image,Compare building insurance rates,"If you own a commercial property in San Antonio, you might be overpaying on insurance.

One of our carriers is lowering commercial property insurance rates in the area. Get a quote and see how much you could save.",,GET_QUOTE,https://www.cohesiveinsure.com/commercial-property-quote,utm_source=facebook&utm_medium=paid&utm_campaign={{campaign.name}}&utm_content={{ad.name}}&utm_term={{adset.name}}&ad_id={{ad.id}}&adset_id={{adset.id}}&metro=san-antonio,Property step,"See property route; starts added Sep19, not backfilled",,images/3b9a7926b430198a.jpg,1598710924986705,3.6,86,0,41.86,0.0,,0,0,,0,,,,Metro property,2026-09-08 to 2026-09-18,0.2,4.69,Delivery without confirmed completion,"S: sessions only since Sep12 01:50 ET; F: starts not historically recorded; C: reconciled completed intakes, including returns",AD,CP Metro - San Antonio - $20 - Lead,CP - Metro repricing test - 20 x $20 - 2026-09-08,4,2026-09-08,2026-09-12,True,0.0,0,https://www.cohesiveinsure.com/marketing-review/20260919/deep-scan/images/3b9a7926b430198a.jpg,[],[],{}
120251001094450660,CP Metro - Atlanta - text-only - repricing v1,120251001083740660,120251001093820660,ACTIVE,ADSET_PAUSED,2026-09-08T15:19:44-0400,2026-09-08T15:31:50-0400,static image,Compare building insurance rates,"If you own a commercial property in Atlanta, you might be overpaying on insurance.

One of our carriers is lowering commercial property insurance rates in the area. Get a quote and see how much you could save.",,GET_QUOTE,https://www.cohesiveinsure.com/commercial-property-quote,utm_source=facebook&utm_medium=paid&utm_campaign={{campaign.name}}&utm_content={{ad.name}}&utm_term={{adset.name}}&ad_id={{ad.id}}&adset_id={{adset.id}}&metro=atlanta,Property step,"See property route; starts added Sep19, not backfilled",,images/5058760bae236f40.jpg,1351372396807663,59.16,1503,9,39.36,0.599,6.57,1,1,,0,59.16,59.16,,Metro property,2026-09-08 to 2026-09-18,3.25,77.05,Confirmed completed intake,"S: sessions only since Sep12 01:50 ET; F: starts not historically recorded; C: reconciled completed intakes, including returns",AD,CP Metro - Atlanta - $20 - Lead,CP - Metro repricing test - 20 x $20 - 2026-09-08,5,2026-09-08,2026-09-12,True,0.0,0,https://www.cohesiveinsure.com/marketing-review/20260919/deep-scan/images/5058760bae236f40.jpg,"[{""action_type"": ""link_click"", ""value"": ""9""}, {""action_type"": ""offsite_conversion.fb_pixel_custom"", ""value"": ""2""}, {""action_type"": ""post_reaction"", ""value"": ""1""}, {""action_type"": ""landing_page_view"", ""value"": ""9""}, {""action_type"": ""onsite_web_lead"", ""value"": ""3""}, {""action_type"": ""omni_landing_page_view"", ""value"": ""9""}, {""action_type"": ""post_engagement"", ""value"": ""10""}, {""action_type"": ""post_interaction_gross"", ""value"": ""1""}, {""action_type"": ""page_engagement"", ""value"": ""10""}, {""action_type"": ""post_interaction_net"", ""value"": ""1""}, {""action_type"": ""onsite_conversion.post_net_like"", ""value"": ""1""}, {""action_type"": ""lead"", ""value"": ""3""}, {""action_type"": ""custom_event_actions_add_20_s_calls"", ""value"": ""2""}, {""action_type"": ""offsite_conversion.fb_pixel_lead"", ""value"": ""3""}, {""action_type"": ""offsite_lead_add_20_s_calls"", ""value"": ""3""}]","[{""action_type"": ""offsite_conversion.fb_pixel_custom.LeadUrgentQuoted"", ""value"": ""2""}]",{}
120251001095130660,CP Metro - Atlanta - real-photo - repricing v1,120251001083740660,120251001093820660,ACTIVE,ADSET_PAUSED,2026-09-08T15:19:51-0400,2026-09-08T15:31:50-0400,static image,Compare building insurance rates,"If you own a commercial property in Atlanta, you might be overpaying on insurance.

One of our carriers is lowering commercial property insurance rates in the area. Get a quote and see how much you could save.",,GET_QUOTE,https://www.cohesiveinsure.com/commercial-property-quote,utm_source=facebook&utm_medium=paid&utm_campaign={{campaign.name}}&utm_content={{ad.name}}&utm_term={{adset.name}}&ad_id={{ad.id}}&adset_id={{adset.id}}&metro=atlanta,Property step,"See property route; starts added Sep19, not backfilled",,images/8229dcfc3f2fac70.jpg,2197922464114731,9.42,166,0,56.75,0.0,,0,0,,0,,,,Metro property,2026-09-08 to 2026-09-18,0.52,12.27,Delivery without confirmed completion,"S: sessions only since Sep12 01:50 ET; F: starts not historically recorded; C: reconciled completed intakes, including returns",AD,CP Metro - Atlanta - $20 - Lead,CP - Metro repricing test - 20 x $20 - 2026-09-08,5,2026-09-08,2026-09-12,True,0.0,0,https://www.cohesiveinsure.com/marketing-review/20260919/deep-scan/images/8229dcfc3f2fac70.jpg,[],[],{}
120251001096440660,CP Metro - Atlanta - ai-image - repricing v1,120251001083740660,120251001093820660,ACTIVE,ADSET_PAUSED,2026-09-08T15:19:59-0400,2026-09-08T15:31:50-0400,static image,Compare building insurance rates,"If you own a commercial property in Atlanta, you might be overpaying on insurance.

One of our carriers is lowering commercial property insurance rates in the area. Get a quote and see how much you could save.",,GET_QUOTE,https://www.cohesiveinsure.com/commercial-property-quote,utm_source=facebook&utm_medium=paid&utm_campaign={{campaign.name}}&utm_content={{ad.name}}&utm_term={{adset.name}}&ad_id={{ad.id}}&adset_id={{adset.id}}&metro=atlanta,Property step,"See property route; starts added Sep19, not backfilled",,images/2fce94b7995fd17f.jpg,1142827141404233,8.2,168,0,48.81,0.0,,0,0,,0,,,,Metro property,2026-09-08 to 2026-09-18,0.45,10.68,Delivery without confirmed completion,"S: sessions only since Sep12 01:50 ET; F: starts not historically recorded; C: reconciled completed intakes, including returns",AD,CP Metro - Atlanta - $20 - Lead,CP - Metro repricing test - 20 x $20 - 2026-09-08,5,2026-09-08,2026-09-12,True,0.0,0,https://www.cohesiveinsure.com/marketing-review/20260919/deep-scan/images/2fce94b7995fd17f.jpg,"[{""action_type"": ""post_reaction"", ""value"": ""1""}, {""action_type"": ""post_engagement"", ""value"": ""1""}, {""action_type"": ""post_interaction_gross"", ""value"": ""1""}, {""action_type"": ""page_engagement"", ""value"": ""1""}, {""action_type"": ""post_interaction_net"", ""value"": ""1""}, {""action_type"": ""onsite_conversion.post_net_like"", ""value"": ""1""}]",[],{}
120251001100600660,CP Metro - Charlotte - ai-image - repricing v1,120251001083740660,120251001097460660,ACTIVE,ADSET_PAUSED,2026-09-08T15:20:24-0400,2026-09-08T15:31:53-0400,static image,Compare building insurance rates,"If you own a commercial property in Charlotte, you might be overpaying on insurance.

One of our carriers is lowering commercial property insurance rates in the area. Get a quote and see how much you could save.",,GET_QUOTE,https://www.cohesiveinsure.com/commercial-property-quote,utm_source=facebook&utm_medium=paid&utm_campaign={{campaign.name}}&utm_content={{ad.name}}&utm_term={{adset.name}}&ad_id={{ad.id}}&adset_id={{adset.id}}&metro=charlotte,Property step,"See property route; starts added Sep19, not backfilled",,images/13ecb750b57e82b3.jpg,2858067731237155,51.63,1598,14,32.31,0.876,3.69,0,0,,0,,,,Metro property,2026-09-08 to 2026-09-18,2.83,68.22,Delivery without confirmed completion,"S: sessions only since Sep12 01:50 ET; F: starts not historically recorded; C: reconciled completed intakes, including returns",AD,CP Metro - Charlotte - $20 - Lead,CP - Metro repricing test - 20 x $20 - 2026-09-08,5,2026-09-08,2026-09-12,True,0.0,0,https://www.cohesiveinsure.com/marketing-review/20260919/deep-scan/images/13ecb750b57e82b3.jpg,"[{""action_type"": ""link_click"", ""value"": ""14""}, {""action_type"": ""offsite_conversion.fb_pixel_custom"", ""value"": ""3""}, {""action_type"": ""landing_page_view"", ""value"": ""16""}, {""action_type"": ""onsite_web_lead"", ""value"": ""2""}, {""action_type"": ""omni_landing_page_view"", ""value"": ""16""}, {""action_type"": ""post_engagement"", ""value"": ""15""}, {""action_type"": ""post_interaction_gross"", ""value"": ""1""}, {""action_type"": ""page_engagement"", ""value"": ""15""}, {""action_type"": ""post_interaction_net"", ""value"": ""1""}, {""action_type"": ""onsite_conversion.post_save"", ""value"": ""1""}, {""action_type"": ""onsite_conversion.post_net_save"", ""value"": ""1""}, {""action_type"": ""lead"", ""value"": ""2""}, {""action_type"": ""custom_event_actions_add_20_s_calls"", ""value"": ""3""}, {""action_type"": ""offsite_conversion.fb_pixel_lead"", ""value"": ""2""}, {""action_type"": ""offsite_lead_add_20_s_calls"", ""value"": ""2""}]","[{""action_type"": ""offsite_conversion.fb_pixel_custom.QualifiedLead"", ""value"": ""2""}, {""action_type"": ""offsite_conversion.fb_pixel_custom.LeadUrgentQuoted"", ""value"": ""1""}]",{}
120251001098490660,CP Metro - Charlotte - text-only - repricing v1,120251001083740660,120251001097460660,ACTIVE,ADSET_PAUSED,2026-09-08T15:20:07-0400,2026-09-08T15:31:55-0400,static image,Compare building insurance rates,"If you own a commercial property in Charlotte, you might be overpaying on insurance.

One of our carriers is lowering commercial property insurance rates in the area. Get a quote and see how much you could save.",,GET_QUOTE,https://www.cohesiveinsure.com/commercial-property-quote,utm_source=facebook&utm_medium=paid&utm_campaign={{campaign.name}}&utm_content={{ad.name}}&utm_term={{adset.name}}&ad_id={{ad.id}}&adset_id={{adset.id}}&metro=charlotte,Property step,"See property route; starts added Sep19, not backfilled",,images/71a1b5cc97f40cd9.jpg,1389380382659728,21.29,661,5,32.21,0.756,4.26,0,0,,0,,,,Metro property,2026-09-08 to 2026-09-18,1.17,28.13,Delivery without confirmed completion,"S: sessions only since Sep12 01:50 ET; F: starts not historically recorded; C: reconciled completed intakes, including returns",AD,CP Metro - Charlotte - $20 - Lead,CP - Metro repricing test - 20 x $20 - 2026-09-08,5,2026-09-08,2026-09-12,True,0.0,0,https://www.cohesiveinsure.com/marketing-review/20260919/deep-scan/images/71a1b5cc97f40cd9.jpg,"[{""action_type"": ""link_click"", ""value"": ""5""}, {""action_type"": ""landing_page_view"", ""value"": ""4""}, {""action_type"": ""omni_landing_page_view"", ""value"": ""4""}, {""action_type"": ""post_engagement"", ""value"": ""5""}, {""action_type"": ""page_engagement"", ""value"": ""5""}]",[],{}
120251001099100660,CP Metro - Charlotte - real-photo - repricing v1,120251001083740660,120251001097460660,ACTIVE,ADSET_PAUSED,2026-09-08T15:20:14-0400,2026-09-08T15:31:53-0400,static image,Compare building insurance rates,"If you own a commercial property in Charlotte, you might be overpaying on insurance.

One of our carriers is lowering commercial property insurance rates in the area. Get a quote and see how much you could save.",,GET_QUOTE,https://www.cohesiveinsure.com/commercial-property-quote,utm_source=facebook&utm_medium=paid&utm_campaign={{campaign.name}}&utm_content={{ad.name}}&utm_term={{adset.name}}&ad_id={{ad.id}}&adset_id={{adset.id}}&metro=charlotte,Property step,"See property route; starts added Sep19, not backfilled",,images/8f00a6b0258af07c.jpg,1086895857378802,2.76,89,0,31.01,0.0,,0,0,,0,,,,Metro property,2026-09-08 to 2026-09-18,0.15,3.65,Delivery without confirmed completion,"S: sessions only since Sep12 01:50 ET; F: starts not historically recorded; C: reconciled completed intakes, including returns",AD,CP Metro - Charlotte - $20 - Lead,CP - Metro repricing test - 20 x $20 - 2026-09-08,5,2026-09-08,2026-09-12,True,0.0,0,https://www.cohesiveinsure.com/marketing-review/20260919/deep-scan/images/8f00a6b0258af07c.jpg,[],[],{}
120251001102450660,CP Metro - Raleigh - real-photo - repricing v1,120251001083740660,120251001101050660,ACTIVE,ADSET_PAUSED,2026-09-08T15:20:48-0400,2026-09-08T15:31:52-0400,static image,Compare building insurance rates,"If you own a commercial property in Raleigh, you might be overpaying on insurance.

One of our carriers is lowering commercial property insurance rates in the area. Get a quote and see how much you could save.",,GET_QUOTE,https://www.cohesiveinsure.com/commercial-property-quote,utm_source=facebook&utm_medium=paid&utm_campaign={{campaign.name}}&utm_content={{ad.name}}&utm_term={{adset.name}}&ad_id={{ad.id}}&adset_id={{adset.id}}&metro=raleigh,Property step,"See property route; starts added Sep19, not backfilled",,images/301ef525f69c670b.jpg,2137819403787136,34.71,974,5,35.64,0.513,6.94,0,0,,0,,,,Metro property,2026-09-08 to 2026-09-18,1.9,45.7,Delivery without confirmed completion,"S: sessions only since Sep12 01:50 ET; F: starts not historically recorded; C: reconciled completed intakes, including returns",AD,CP Metro - Raleigh - $20 - Lead,CP - Metro repricing test - 20 x $20 - 2026-09-08,5,2026-09-08,2026-09-12,True,0.0,0,https://www.cohesiveinsure.com/marketing-review/20260919/deep-scan/images/301ef525f69c670b.jpg,"[{""action_type"": ""link_click"", ""value"": ""5""}, {""action_type"": ""offsite_conversion.fb_pixel_custom"", ""value"": ""1""}, {""action_type"": ""landing_page_view"", ""value"": ""5""}, {""action_type"": ""omni_landing_page_view"", ""value"": ""5""}, {""action_type"": ""post_engagement"", ""value"": ""5""}, {""action_type"": ""page_engagement"", ""value"": ""5""}, {""action_type"": ""custom_event_actions_add_20_s_calls"", ""value"": ""1""}]","[{""action_type"": ""offsite_conversion.fb_pixel_custom.LeadUrgentQuoted"", ""value"": ""1""}]",{}
120251001101770660,CP Metro - Raleigh - text-only - repricing v1,120251001083740660,120251001101050660,ACTIVE,ADSET_PAUSED,2026-09-08T15:20:39-0400,2026-09-08T15:31:53-0400,static image,Compare building insurance rates,"If you own a commercial property in Raleigh, you might be overpaying on insurance.

One of our carriers is lowering commercial property insurance rates in the area. Get a quote and see how much you could save.",,GET_QUOTE,https://www.cohesiveinsure.com/commercial-property-quote,utm_source=facebook&utm_medium=paid&utm_campaign={{campaign.name}}&utm_content={{ad.name}}&utm_term={{adset.name}}&ad_id={{ad.id}}&adset_id={{adset.id}}&metro=raleigh,Property step,"See property route; starts added Sep19, not backfilled",,images/ba8c0c31f3e5c810.jpg,2097191777850228,28.23,822,5,34.34,0.608,5.65,0,0,,0,,,,Metro property,2026-09-08 to 2026-09-18,1.55,37.16,Delivery without confirmed completion,"S: sessions only since Sep12 01:50 ET; F: starts not historically recorded; C: reconciled completed intakes, including returns",AD,CP Metro - Raleigh - $20 - Lead,CP - Metro repricing test - 20 x $20 - 2026-09-08,5,2026-09-08,2026-09-12,True,0.0,0,https://www.cohesiveinsure.com/marketing-review/20260919/deep-scan/images/ba8c0c31f3e5c810.jpg,"[{""action_type"": ""link_click"", ""value"": ""5""}, {""action_type"": ""landing_page_view"", ""value"": ""2""}, {""action_type"": ""omni_landing_page_view"", ""value"": ""2""}, {""action_type"": ""post_engagement"", ""value"": ""5""}, {""action_type"": ""page_engagement"", ""value"": ""5""}]",[],{}
120251001103570660,CP Metro - Raleigh - ai-image - repricing v1,120251001083740660,120251001101050660,ACTIVE,ADSET_PAUSED,2026-09-08T15:20:56-0400,2026-09-08T15:31:53-0400,static image,Compare building insurance rates,"If you own a commercial property in Raleigh, you might be overpaying on insurance.

One of our carriers is lowering commercial property insurance rates in the area. Get a quote and see how much you could save.",,GET_QUOTE,https://www.cohesiveinsure.com/commercial-property-quote,utm_source=facebook&utm_medium=paid&utm_campaign={{campaign.name}}&utm_content={{ad.name}}&utm_term={{adset.name}}&ad_id={{ad.id}}&adset_id={{adset.id}}&metro=raleigh,Property step,"See property route; starts added Sep19, not backfilled",,images/256c8d5f1bd99a9e.jpg,1435430718443326,13.02,356,2,36.57,0.562,6.51,0,0,,0,,,,Metro property,2026-09-08 to 2026-09-18,0.71,17.14,Delivery without confirmed completion,"S: sessions only since Sep12 01:50 ET; F: starts not historically recorded; C: reconciled completed intakes, including returns",AD,CP Metro - Raleigh - $20 - Lead,CP - Metro repricing test - 20 x $20 - 2026-09-08,5,2026-09-08,2026-09-12,True,0.0,0,https://www.cohesiveinsure.com/marketing-review/20260919/deep-scan/images/256c8d5f1bd99a9e.jpg,"[{""action_type"": ""link_click"", ""value"": ""2""}, {""action_type"": ""landing_page_view"", ""value"": ""2""}, {""action_type"": ""omni_landing_page_view"", ""value"": ""2""}, {""action_type"": ""post_engagement"", ""value"": ""2""}, {""action_type"": ""page_engagement"", ""value"": ""2""}]",[],{}
120251001106080660,CP Metro - Nashville - real-photo - repricing v1,120251001083740660,120251001104000660,ACTIVE,ACTIVE,2026-09-08T15:21:16-0400,2026-09-08T15:31:54-0400,static image,Compare building insurance rates,"If you own a commercial property in Nashville, you might be overpaying on insurance.

One of our carriers is lowering commercial property insurance rates in the area. Get a quote and see how much you could save.",,GET_QUOTE,https://www.cohesiveinsure.com/commercial-property-quote,utm_source=facebook&utm_medium=paid&utm_campaign={{campaign.name}}&utm_content={{ad.name}}&utm_term={{adset.name}}&ad_id={{ad.id}}&adset_id={{adset.id}}&metro=nashville,Property step,"See property route; starts added Sep19, not backfilled",,images/a2de70427614501d.jpg,4703451296579546,135.05,3916,18,34.49,0.46,7.5,1,1,,13,135.05,135.05,,Metro property,2026-09-08 to 2026-09-18,7.41,64.47,Confirmed completed intake,"S: sessions only since Sep12 01:50 ET; F: starts not historically recorded; C: reconciled completed intakes, including returns",AD,CP Metro - Nashville - $20 - Lead,CP - Metro repricing test - 20 x $20 - 2026-09-08,11,2026-09-08,2026-09-18,True,8.51,201,https://www.cohesiveinsure.com/marketing-review/20260919/deep-scan/images/a2de70427614501d.jpg,"[{""action_type"": ""link_click"", ""value"": ""18""}, {""action_type"": ""offsite_conversion.fb_pixel_custom"", ""value"": ""3""}, {""action_type"": ""landing_page_view"", ""value"": ""12""}, {""action_type"": ""onsite_web_lead"", ""value"": ""2""}, {""action_type"": ""omni_landing_page_view"", ""value"": ""12""}, {""action_type"": ""post_engagement"", ""value"": ""18""}, {""action_type"": ""page_engagement"", ""value"": ""18""}, {""action_type"": ""lead"", ""value"": ""2""}, {""action_type"": ""custom_event_actions_add_20_s_calls"", ""value"": ""3""}, {""action_type"": ""offsite_conversion.fb_pixel_lead"", ""value"": ""2""}, {""action_type"": ""offsite_lead_add_20_s_calls"", ""value"": ""2""}]","[{""action_type"": ""offsite_conversion.fb_pixel_custom.QualifiedLead"", ""value"": ""2""}, {""action_type"": ""offsite_conversion.fb_pixel_custom.LeadUrgentQuoted"", ""value"": ""1""}]",{}
120251001105320660,CP Metro - Nashville - text-only - repricing v1,120251001083740660,120251001104000660,ACTIVE,ACTIVE,2026-09-08T15:21:06-0400,2026-09-08T15:31:54-0400,static image,Compare building insurance rates,"If you own a commercial property in Nashville, you might be overpaying on insurance.

One of our carriers is lowering commercial property insurance rates in the area. Get a quote and see how much you could save.",,GET_QUOTE,https://www.cohesiveinsure.com/commercial-property-quote,utm_source=facebook&utm_medium=paid&utm_campaign={{campaign.name}}&utm_content={{ad.name}}&utm_term={{adset.name}}&ad_id={{ad.id}}&adset_id={{adset.id}}&metro=nashville,Property step,"See property route; starts added Sep19, not backfilled",,images/d651056b8e9c66d6.jpg,28528773006756670,68.44,1909,6,35.85,0.314,11.41,0,0,,0,,,,Metro property,2026-09-08 to 2026-09-18,3.75,32.67,Delivery without confirmed completion,"S: sessions only since Sep12 01:50 ET; F: starts not historically recorded; C: reconciled completed intakes, including returns",AD,CP Metro - Nashville - $20 - Lead,CP - Metro repricing test - 20 x $20 - 2026-09-08,11,2026-09-08,2026-09-18,True,0.79,16,https://www.cohesiveinsure.com/marketing-review/20260919/deep-scan/images/d651056b8e9c66d6.jpg,"[{""action_type"": ""link_click"", ""value"": ""6""}, {""action_type"": ""post_reaction"", ""value"": ""1""}, {""action_type"": ""landing_page_view"", ""value"": ""6""}, {""action_type"": ""omni_landing_page_view"", ""value"": ""6""}, {""action_type"": ""post_engagement"", ""value"": ""8""}, {""action_type"": ""post_interaction_gross"", ""value"": ""2""}, {""action_type"": ""comment"", ""value"": ""1""}, {""action_type"": ""page_engagement"", ""value"": ""8""}, {""action_type"": ""post_interaction_net"", ""value"": ""2""}, {""action_type"": ""onsite_conversion.post_net_comment"", ""value"": ""1""}, {""action_type"": ""onsite_conversion.post_net_like"", ""value"": ""1""}]",[],{}
120251001107000660,CP Metro - Nashville - ai-image - repricing v1,120251001083740660,120251001104000660,ACTIVE,ACTIVE,2026-09-08T15:21:24-0400,2026-09-08T15:31:54-0400,static image,Compare building insurance rates,"If you own a commercial property in Nashville, you might be overpaying on insurance.

One of our carriers is lowering commercial property insurance rates in the area. Get a quote and see how much you could save.",,GET_QUOTE,https://www.cohesiveinsure.com/commercial-property-quote,utm_source=facebook&utm_medium=paid&utm_campaign={{campaign.name}}&utm_content={{ad.name}}&utm_term={{adset.name}}&ad_id={{ad.id}}&adset_id={{adset.id}}&metro=nashville,Property step,"See property route; starts added Sep19, not backfilled",,images/57594884e699c984.jpg,1722665188815366,5.98,157,0,38.09,0.0,,0,0,,0,,,,Metro property,2026-09-08 to 2026-09-18,0.33,2.85,Delivery without confirmed completion,"S: sessions only since Sep12 01:50 ET; F: starts not historically recorded; C: reconciled completed intakes, including returns",AD,CP Metro - Nashville - $20 - Lead,CP - Metro repricing test - 20 x $20 - 2026-09-08,10,2026-09-08,2026-09-18,True,0.0,0,https://www.cohesiveinsure.com/marketing-review/20260919/deep-scan/images/57594884e699c984.jpg,[],[],{}
120251001108160660,CP Metro - Phoenix - text-only - repricing v1,120251001083740660,120251001107290660,ACTIVE,ADSET_PAUSED,2026-09-08T15:21:34-0400,2026-09-08T15:31:53-0400,static image,Compare building insurance rates,"If you own a commercial property in Phoenix, you might be overpaying on insurance.

One of our carriers is lowering commercial property insurance rates in the area. Get a quote and see how much you could save.",,GET_QUOTE,https://www.cohesiveinsure.com/commercial-property-quote,utm_source=facebook&utm_medium=paid&utm_campaign={{campaign.name}}&utm_content={{ad.name}}&utm_term={{adset.name}}&ad_id={{ad.id}}&adset_id={{adset.id}}&metro=phoenix,Property step,"See property route; starts added Sep19, not backfilled",,images/5067a74c2b9ef6be.jpg,1334885638510004,37.37,1081,6,34.57,0.555,6.23,0,0,,0,,,,Metro property,2026-09-08 to 2026-09-18,2.05,47.85,Delivery without confirmed completion,"S: sessions only since Sep12 01:50 ET; F: starts not historically recorded; C: reconciled completed intakes, including returns",AD,CP Metro - Phoenix - $20 - Lead,CP - Metro repricing test - 20 x $20 - 2026-09-08,5,2026-09-08,2026-09-12,True,0.0,0,https://www.cohesiveinsure.com/marketing-review/20260919/deep-scan/images/5067a74c2b9ef6be.jpg,"[{""action_type"": ""link_click"", ""value"": ""6""}, {""action_type"": ""post_reaction"", ""value"": ""1""}, {""action_type"": ""landing_page_view"", ""value"": ""7""}, {""action_type"": ""omni_landing_page_view"", ""value"": ""7""}, {""action_type"": ""post_engagement"", ""value"": ""8""}, {""action_type"": ""post_interaction_gross"", ""value"": ""2""}, {""action_type"": ""page_engagement"", ""value"": ""8""}, {""action_type"": ""post_interaction_net"", ""value"": ""2""}, {""action_type"": ""onsite_conversion.post_save"", ""value"": ""1""}, {""action_type"": ""onsite_conversion.post_net_save"", ""value"": ""1""}, {""action_type"": ""onsite_conversion.post_net_like"", ""value"": ""1""}]",[],{}
120251001108830660,CP Metro - Phoenix - real-photo - repricing v1,120251001083740660,120251001107290660,ACTIVE,ADSET_PAUSED,2026-09-08T15:21:42-0400,2026-09-08T15:31:56-0400,static image,Compare building insurance rates,"If you own a commercial property in Phoenix, you might be overpaying on insurance.

One of our carriers is lowering commercial property insurance rates in the area. Get a quote and see how much you could save.",,GET_QUOTE,https://www.cohesiveinsure.com/commercial-property-quote,utm_source=facebook&utm_medium=paid&utm_campaign={{campaign.name}}&utm_content={{ad.name}}&utm_term={{adset.name}}&ad_id={{ad.id}}&adset_id={{adset.id}}&metro=phoenix,Property step,"See property route; starts added Sep19, not backfilled",,images/57b710111eb2e51a.jpg,2103257391076360,34.83,846,6,41.17,0.709,5.8,1,1,,0,34.83,34.83,,Metro property,2026-09-08 to 2026-09-18,1.91,44.6,Confirmed completed intake,"S: sessions only since Sep12 01:50 ET; F: starts not historically recorded; C: reconciled completed intakes, including returns",AD,CP Metro - Phoenix - $20 - Lead,CP - Metro repricing test - 20 x $20 - 2026-09-08,5,2026-09-08,2026-09-12,True,0.0,0,https://www.cohesiveinsure.com/marketing-review/20260919/deep-scan/images/57b710111eb2e51a.jpg,"[{""action_type"": ""link_click"", ""value"": ""6""}, {""action_type"": ""post_reaction"", ""value"": ""1""}, {""action_type"": ""landing_page_view"", ""value"": ""6""}, {""action_type"": ""onsite_web_lead"", ""value"": ""1""}, {""action_type"": ""omni_landing_page_view"", ""value"": ""6""}, {""action_type"": ""post_engagement"", ""value"": ""7""}, {""action_type"": ""post_interaction_gross"", ""value"": ""1""}, {""action_type"": ""page_engagement"", ""value"": ""7""}, {""action_type"": ""post_interaction_net"", ""value"": ""1""}, {""action_type"": ""onsite_conversion.post_net_like"", ""value"": ""1""}, {""action_type"": ""lead"", ""value"": ""1""}, {""action_type"": ""offsite_conversion.fb_pixel_lead"", ""value"": ""1""}, {""action_type"": ""offsite_lead_add_20_s_calls"", ""value"": ""1""}]",[],{}
120251001109840660,CP Metro - Phoenix - ai-image - repricing v1,120251001083740660,120251001107290660,ACTIVE,ADSET_PAUSED,2026-09-08T15:21:49-0400,2026-09-08T15:31:57-0400,static image,Compare building insurance rates,"If you own a commercial property in Phoenix, you might be overpaying on insurance.

One of our carriers is lowering commercial property insurance rates in the area. Get a quote and see how much you could save.",,GET_QUOTE,https://www.cohesiveinsure.com/commercial-property-quote,utm_source=facebook&utm_medium=paid&utm_campaign={{campaign.name}}&utm_content={{ad.name}}&utm_term={{adset.name}}&ad_id={{ad.id}}&adset_id={{adset.id}}&metro=phoenix,Property step,"See property route; starts added Sep19, not backfilled",,images/4f87919ac7ef1481.jpg,2207236860672812,5.9,118,0,50.0,0.0,,0,0,,0,,,,Metro property,2026-09-08 to 2026-09-18,0.32,7.55,Delivery without confirmed completion,"S: sessions only since Sep12 01:50 ET; F: starts not historically recorded; C: reconciled completed intakes, including returns",AD,CP Metro - Phoenix - $20 - Lead,CP - Metro repricing test - 20 x $20 - 2026-09-08,5,2026-09-08,2026-09-12,True,0.0,0,https://www.cohesiveinsure.com/marketing-review/20260919/deep-scan/images/4f87919ac7ef1481.jpg,"[{""action_type"": ""post_reaction"", ""value"": ""1""}, {""action_type"": ""post_engagement"", ""value"": ""1""}, {""action_type"": ""post_interaction_gross"", ""value"": ""1""}, {""action_type"": ""page_engagement"", ""value"": ""1""}, {""action_type"": ""post_interaction_net"", ""value"": ""1""}, {""action_type"": ""onsite_conversion.post_net_like"", ""value"": ""1""}]",[],{}
120251001110560660,CP Metro - Denver - text-only - repricing v1,120251001083740660,120251001109960660,ACTIVE,ADSET_PAUSED,2026-09-08T15:21:56-0400,2026-09-08T15:31:58-0400,static image,Compare building insurance rates,"If you own a commercial property in Denver, you might be overpaying on insurance.

One of our carriers is lowering commercial property insurance rates in the area. Get a quote and see how much you could save.",,GET_QUOTE,https://www.cohesiveinsure.com/commercial-property-quote,utm_source=facebook&utm_medium=paid&utm_campaign={{campaign.name}}&utm_content={{ad.name}}&utm_term={{adset.name}}&ad_id={{ad.id}}&adset_id={{adset.id}}&metro=denver,Property step,"See property route; starts added Sep19, not backfilled",,images/4cafccd1286ecb8c.jpg,3005025206514058,68.91,1660,9,41.51,0.542,7.66,0,0,,0,,,,Metro property,2026-09-08 to 2026-09-18,3.78,88.66,Delivery without confirmed completion,"S: sessions only since Sep12 01:50 ET; F: starts not historically recorded; C: reconciled completed intakes, including returns",AD,CP Metro - Denver - $20 - Lead,CP - Metro repricing test - 20 x $20 - 2026-09-08,5,2026-09-08,2026-09-12,True,0.0,0,https://www.cohesiveinsure.com/marketing-review/20260919/deep-scan/images/4cafccd1286ecb8c.jpg,"[{""action_type"": ""link_click"", ""value"": ""9""}, {""action_type"": ""landing_page_view"", ""value"": ""9""}, {""action_type"": ""onsite_web_lead"", ""value"": ""1""}, {""action_type"": ""omni_landing_page_view"", ""value"": ""9""}, {""action_type"": ""post_engagement"", ""value"": ""9""}, {""action_type"": ""page_engagement"", ""value"": ""9""}, {""action_type"": ""lead"", ""value"": ""1""}, {""action_type"": ""offsite_conversion.fb_pixel_lead"", ""value"": ""1""}, {""action_type"": ""offsite_lead_add_20_s_calls"", ""value"": ""1""}]",[],{}
120251001111970660,CP Metro - Denver - ai-image - repricing v1,120251001083740660,120251001109960660,ACTIVE,ADSET_PAUSED,2026-09-08T15:22:10-0400,2026-09-08T15:31:56-0400,static image,Compare building insurance rates,"If you own a commercial property in Denver, you might be overpaying on insurance.

One of our carriers is lowering commercial property insurance rates in the area. Get a quote and see how much you could save.",,GET_QUOTE,https://www.cohesiveinsure.com/commercial-property-quote,utm_source=facebook&utm_medium=paid&utm_campaign={{campaign.name}}&utm_content={{ad.name}}&utm_term={{adset.name}}&ad_id={{ad.id}}&adset_id={{adset.id}}&metro=denver,Property step,"See property route; starts added Sep19, not backfilled",,images/53e6398cce4baf64.jpg,28838963225716296,5.52,139,1,39.71,0.719,5.52,0,0,,0,,,,Metro property,2026-09-08 to 2026-09-18,0.3,7.1,Delivery without confirmed completion,"S: sessions only since Sep12 01:50 ET; F: starts not historically recorded; C: reconciled completed intakes, including returns",AD,CP Metro - Denver - $20 - Lead,CP - Metro repricing test - 20 x $20 - 2026-09-08,5,2026-09-08,2026-09-12,True,0.0,0,https://www.cohesiveinsure.com/marketing-review/20260919/deep-scan/images/53e6398cce4baf64.jpg,"[{""action_type"": ""link_click"", ""value"": ""1""}, {""action_type"": ""landing_page_view"", ""value"": ""1""}, {""action_type"": ""omni_landing_page_view"", ""value"": ""1""}, {""action_type"": ""post_engagement"", ""value"": ""1""}, {""action_type"": ""page_engagement"", ""value"": ""1""}]",[],{}
120251001111590660,CP Metro - Denver - real-photo - repricing v1,120251001083740660,120251001109960660,ACTIVE,ADSET_PAUSED,2026-09-08T15:22:03-0400,2026-09-08T15:31:55-0400,static image,Compare building insurance rates,"If you own a commercial property in Denver, you might be overpaying on insurance.

One of our carriers is lowering commercial property insurance rates in the area. Get a quote and see how much you could save.",,GET_QUOTE,https://www.cohesiveinsure.com/commercial-property-quote,utm_source=facebook&utm_medium=paid&utm_campaign={{campaign.name}}&utm_content={{ad.name}}&utm_term={{adset.name}}&ad_id={{ad.id}}&adset_id={{adset.id}}&metro=denver,Property step,"See property route; starts added Sep19, not backfilled",,images/f27b21bec8365603.jpg,1783780599607101,3.29,121,1,27.19,0.826,3.29,0,0,,0,,,,Metro property,2026-09-08 to 2026-09-18,0.18,4.23,Delivery without confirmed completion,"S: sessions only since Sep12 01:50 ET; F: starts not historically recorded; C: reconciled completed intakes, including returns",AD,CP Metro - Denver - $20 - Lead,CP - Metro repricing test - 20 x $20 - 2026-09-08,5,2026-09-08,2026-09-12,True,0.0,0,https://www.cohesiveinsure.com/marketing-review/20260919/deep-scan/images/f27b21bec8365603.jpg,"[{""action_type"": ""link_click"", ""value"": ""1""}, {""action_type"": ""landing_page_view"", ""value"": ""1""}, {""action_type"": ""omni_landing_page_view"", ""value"": ""1""}, {""action_type"": ""post_engagement"", ""value"": ""1""}, {""action_type"": ""page_engagement"", ""value"": ""1""}]",[],{}
120251001116790660,CP Metro - Chicago - ai-image - repricing v1,120251001083740660,120251001112050660,ACTIVE,ACTIVE,2026-09-08T15:22:35-0400,2026-09-08T15:31:58-0400,static image,Compare building insurance rates,"If you own a commercial property in Chicago, you might be overpaying on insurance.

One of our carriers is lowering commercial property insurance rates in the area. Get a quote and see how much you could save.",,GET_QUOTE,https://www.cohesiveinsure.com/commercial-property-quote,utm_source=facebook&utm_medium=paid&utm_campaign={{campaign.name}}&utm_content={{ad.name}}&utm_term={{adset.name}}&ad_id={{ad.id}}&adset_id={{adset.id}}&metro=chicago,Property step,"See property route; starts added Sep19, not backfilled",,images/a49409038d7ceecf.jpg,1390668946547306,165.06,3353,29,49.23,0.865,5.69,6,6,,13,27.51,27.51,,Metro property,2026-09-08 to 2026-09-18,9.05,77.03,Confirmed completed intake,"S: sessions only since Sep12 01:50 ET; F: starts not historically recorded; C: reconciled completed intakes, including returns",AD,CP Metro - Chicago - $20 - Lead,CP - Metro repricing test - 20 x $20 - 2026-09-08,11,2026-09-08,2026-09-18,True,7.35,122,https://www.cohesiveinsure.com/marketing-review/20260919/deep-scan/images/a49409038d7ceecf.jpg,"[{""action_type"": ""link_click"", ""value"": ""29""}, {""action_type"": ""offsite_conversion.fb_pixel_custom"", ""value"": ""5""}, {""action_type"": ""post_reaction"", ""value"": ""2""}, {""action_type"": ""landing_page_view"", ""value"": ""23""}, {""action_type"": ""onsite_web_lead"", ""value"": ""5""}, {""action_type"": ""omni_landing_page_view"", ""value"": ""23""}, {""action_type"": ""post_engagement"", ""value"": ""31""}, {""action_type"": ""post_interaction_gross"", ""value"": ""2""}, {""action_type"": ""page_engagement"", ""value"": ""31""}, {""action_type"": ""post_interaction_net"", ""value"": ""2""}, {""action_type"": ""onsite_conversion.post_net_like"", ""value"": ""2""}, {""action_type"": ""lead"", ""value"": ""5""}, {""action_type"": ""custom_event_actions_add_20_s_calls"", ""value"": ""5""}, {""action_type"": ""offsite_conversion.fb_pixel_lead"", ""value"": ""5""}, {""action_type"": ""offsite_lead_add_20_s_calls"", ""value"": ""5""}]","[{""action_type"": ""offsite_conversion.fb_pixel_custom.LeadUrgentQuoted"", ""value"": ""3""}, {""action_type"": ""offsite_conversion.fb_pixel_custom.QualifiedLead"", ""value"": ""2""}]",{}
120251001113110660,CP Metro - Chicago - text-only - repricing v1,120251001083740660,120251001112050660,ACTIVE,ACTIVE,2026-09-08T15:22:17-0400,2026-09-08T15:31:58-0400,static image,Compare building insurance rates,"If you own a commercial property in Chicago, you might be overpaying on insurance.

One of our carriers is lowering commercial property insurance rates in the area. Get a quote and see how much you could save.",,GET_QUOTE,https://www.cohesiveinsure.com/commercial-property-quote,utm_source=facebook&utm_medium=paid&utm_campaign={{campaign.name}}&utm_content={{ad.name}}&utm_term={{adset.name}}&ad_id={{ad.id}}&adset_id={{adset.id}}&metro=chicago,Property step,"See property route; starts added Sep19, not backfilled",,images/a65f3a9623ffcf91.jpg,1369974801886776,46.66,784,7,59.52,0.893,6.67,3,3,,2,15.55,15.55,,Metro property,2026-09-08 to 2026-09-18,2.56,21.77,Confirmed completed intake,"S: sessions only since Sep12 01:50 ET; F: starts not historically recorded; C: reconciled completed intakes, including returns",AD,CP Metro - Chicago - $20 - Lead,CP - Metro repricing test - 20 x $20 - 2026-09-08,10,2026-09-08,2026-09-17,True,0.23,5,https://www.cohesiveinsure.com/marketing-review/20260919/deep-scan/images/a65f3a9623ffcf91.jpg,"[{""action_type"": ""link_click"", ""value"": ""7""}, {""action_type"": ""offsite_conversion.fb_pixel_custom"", ""value"": ""1""}, {""action_type"": ""landing_page_view"", ""value"": ""10""}, {""action_type"": ""onsite_web_lead"", ""value"": ""2""}, {""action_type"": ""omni_landing_page_view"", ""value"": ""10""}, {""action_type"": ""post_engagement"", ""value"": ""7""}, {""action_type"": ""page_engagement"", ""value"": ""7""}, {""action_type"": ""lead"", ""value"": ""2""}, {""action_type"": ""custom_event_actions_add_20_s_calls"", ""value"": ""1""}, {""action_type"": ""offsite_conversion.fb_pixel_lead"", ""value"": ""2""}, {""action_type"": ""offsite_lead_add_20_s_calls"", ""value"": ""2""}]","[{""action_type"": ""offsite_conversion.fb_pixel_custom.QualifiedLead"", ""value"": ""1""}]",{}
120251001114910660,CP Metro - Chicago - real-photo - repricing v1,120251001083740660,120251001112050660,ACTIVE,ACTIVE,2026-09-08T15:22:25-0400,2026-09-08T15:31:58-0400,static image,Compare building insurance rates,"If you own a commercial property in Chicago, you might be overpaying on insurance.

One of our carriers is lowering commercial property insurance rates in the area. Get a quote and see how much you could save.",,GET_QUOTE,https://www.cohesiveinsure.com/commercial-property-quote,utm_source=facebook&utm_medium=paid&utm_campaign={{campaign.name}}&utm_content={{ad.name}}&utm_term={{adset.name}}&ad_id={{ad.id}}&adset_id={{adset.id}}&metro=chicago,Property step,"See property route; starts added Sep19, not backfilled",,images/404e39722507a8b1.jpg,988686276963838,2.57,48,1,53.54,2.083,2.57,0,0,,0,,,,Metro property,2026-09-08 to 2026-09-18,0.14,1.2,Delivery without confirmed completion,"S: sessions only since Sep12 01:50 ET; F: starts not historically recorded; C: reconciled completed intakes, including returns",AD,CP Metro - Chicago - $20 - Lead,CP - Metro repricing test - 20 x $20 - 2026-09-08,6,2026-09-08,2026-09-17,True,0.0,0,https://www.cohesiveinsure.com/marketing-review/20260919/deep-scan/images/404e39722507a8b1.jpg,"[{""action_type"": ""link_click"", ""value"": ""1""}, {""action_type"": ""landing_page_view"", ""value"": ""1""}, {""action_type"": ""omni_landing_page_view"", ""value"": ""1""}, {""action_type"": ""post_engagement"", ""value"": ""1""}, {""action_type"": ""page_engagement"", ""value"": ""1""}]",[],{}
120251001119990660,CP Metro - Indianapolis - text-only - repricing v1,120251001083740660,120251001117230660,ACTIVE,ADSET_PAUSED,2026-09-08T15:22:43-0400,2026-09-08T15:32:00-0400,static image,Compare building insurance rates,"If you own a commercial property in Indianapolis, you might be overpaying on insurance.

One of our carriers is lowering commercial property insurance rates in the area. Get a quote and see how much you could save.",,GET_QUOTE,https://www.cohesiveinsure.com/commercial-property-quote,utm_source=facebook&utm_medium=paid&utm_campaign={{campaign.name}}&utm_content={{ad.name}}&utm_term={{adset.name}}&ad_id={{ad.id}}&adset_id={{adset.id}}&metro=indianapolis,Property step,"See property route; starts added Sep19, not backfilled",,images/e50fd2b7b5c3d04d.jpg,1446866040692980,39.04,1248,7,31.28,0.561,5.58,0,0,,0,,,,Metro property,2026-09-08 to 2026-09-18,2.14,48.99,Delivery without confirmed completion,"S: sessions only since Sep12 01:50 ET; F: starts not historically recorded; C: reconciled completed intakes, including returns",AD,CP Metro - Indianapolis - $20 - Lead,CP - Metro repricing test - 20 x $20 - 2026-09-08,5,2026-09-08,2026-09-12,True,0.0,0,https://www.cohesiveinsure.com/marketing-review/20260919/deep-scan/images/e50fd2b7b5c3d04d.jpg,"[{""action_type"": ""link_click"", ""value"": ""7""}, {""action_type"": ""offsite_conversion.fb_pixel_custom"", ""value"": ""1""}, {""action_type"": ""landing_page_view"", ""value"": ""6""}, {""action_type"": ""onsite_web_lead"", ""value"": ""1""}, {""action_type"": ""omni_landing_page_view"", ""value"": ""6""}, {""action_type"": ""post_engagement"", ""value"": ""7""}, {""action_type"": ""page_engagement"", ""value"": ""7""}, {""action_type"": ""lead"", ""value"": ""1""}, {""action_type"": ""custom_event_actions_add_20_s_calls"", ""value"": ""1""}, {""action_type"": ""offsite_conversion.fb_pixel_lead"", ""value"": ""1""}, {""action_type"": ""offsite_lead_add_20_s_calls"", ""value"": ""1""}]","[{""action_type"": ""offsite_conversion.fb_pixel_custom.LeadUrgentQuoted"", ""value"": ""1""}]",{}
120251001121000660,CP Metro - Indianapolis - ai-image - repricing v1,120251001083740660,120251001117230660,ACTIVE,ADSET_PAUSED,2026-09-08T15:22:57-0400,2026-09-08T15:31:59-0400,static image,Compare building insurance rates,"If you own a commercial property in Indianapolis, you might be overpaying on insurance.

One of our carriers is lowering commercial property insurance rates in the area. Get a quote and see how much you could save.",,GET_QUOTE,https://www.cohesiveinsure.com/commercial-property-quote,utm_source=facebook&utm_medium=paid&utm_campaign={{campaign.name}}&utm_content={{ad.name}}&utm_term={{adset.name}}&ad_id={{ad.id}}&adset_id={{adset.id}}&metro=indianapolis,Property step,"See property route; starts added Sep19, not backfilled",,images/e7787767bbbc4a8b.jpg,1607156317613766,35.48,1089,7,32.58,0.643,5.07,0,0,,0,,,,Metro property,2026-09-08 to 2026-09-18,1.95,44.52,Delivery without confirmed completion,"S: sessions only since Sep12 01:50 ET; F: starts not historically recorded; C: reconciled completed intakes, including returns",AD,CP Metro - Indianapolis - $20 - Lead,CP - Metro repricing test - 20 x $20 - 2026-09-08,5,2026-09-08,2026-09-12,True,0.0,0,https://www.cohesiveinsure.com/marketing-review/20260919/deep-scan/images/e7787767bbbc4a8b.jpg,"[{""action_type"": ""link_click"", ""value"": ""7""}, {""action_type"": ""post_reaction"", ""value"": ""1""}, {""action_type"": ""landing_page_view"", ""value"": ""5""}, {""action_type"": ""omni_landing_page_view"", ""value"": ""5""}, {""action_type"": ""post_engagement"", ""value"": ""9""}, {""action_type"": ""post_interaction_gross"", ""value"": ""2""}, {""action_type"": ""page_engagement"", ""value"": ""9""}, {""action_type"": ""post_interaction_net"", ""value"": ""2""}, {""action_type"": ""onsite_conversion.post_save"", ""value"": ""1""}, {""action_type"": ""onsite_conversion.post_net_save"", ""value"": ""1""}, {""action_type"": ""onsite_conversion.post_net_like"", ""value"": ""1""}]",[],{}
120251001120620660,CP Metro - Indianapolis - real-photo - repricing v1,120251001083740660,120251001117230660,ACTIVE,ADSET_PAUSED,2026-09-08T15:22:51-0400,2026-09-08T15:31:58-0400,static image,Compare building insurance rates,"If you own a commercial property in Indianapolis, you might be overpaying on insurance.

One of our carriers is lowering commercial property insurance rates in the area. Get a quote and see how much you could save.",,GET_QUOTE,https://www.cohesiveinsure.com/commercial-property-quote,utm_source=facebook&utm_medium=paid&utm_campaign={{campaign.name}}&utm_content={{ad.name}}&utm_term={{adset.name}}&ad_id={{ad.id}}&adset_id={{adset.id}}&metro=indianapolis,Property step,"See property route; starts added Sep19, not backfilled",,images/d4a5323aa0aa818b.jpg,2220212398540008,5.17,153,1,33.79,0.654,5.17,0,0,,0,,,,Metro property,2026-09-08 to 2026-09-18,0.28,6.49,Delivery without confirmed completion,"S: sessions only since Sep12 01:50 ET; F: starts not historically recorded; C: reconciled completed intakes, including returns",AD,CP Metro - Indianapolis - $20 - Lead,CP - Metro repricing test - 20 x $20 - 2026-09-08,4,2026-09-08,2026-09-11,True,0.0,0,https://www.cohesiveinsure.com/marketing-review/20260919/deep-scan/images/d4a5323aa0aa818b.jpg,"[{""action_type"": ""link_click"", ""value"": ""1""}, {""action_type"": ""landing_page_view"", ""value"": ""1""}, {""action_type"": ""omni_landing_page_view"", ""value"": ""1""}, {""action_type"": ""post_engagement"", ""value"": ""1""}, {""action_type"": ""page_engagement"", ""value"": ""1""}]",[],{}
120251001121780660,CP Metro - Columbus - text-only - repricing v1,120251001083740660,120251001121210660,ACTIVE,ADSET_PAUSED,2026-09-08T15:23:06-0400,2026-09-08T15:31:59-0400,static image,Compare building insurance rates,"If you own a commercial property in Columbus, you might be overpaying on insurance.

One of our carriers is lowering commercial property insurance rates in the area. Get a quote and see how much you could save.",,GET_QUOTE,https://www.cohesiveinsure.com/commercial-property-quote,utm_source=facebook&utm_medium=paid&utm_campaign={{campaign.name}}&utm_content={{ad.name}}&utm_term={{adset.name}}&ad_id={{ad.id}}&adset_id={{adset.id}}&metro=columbus,Property step,"See property route; starts added Sep19, not backfilled",,images/0ecf3c94997c5182.jpg,4553432861534977,59.23,1983,14,29.87,0.706,4.23,0,0,,0,,,,Metro property,2026-09-08 to 2026-09-18,3.25,76.56,Delivery without confirmed completion,"S: sessions only since Sep12 01:50 ET; F: starts not historically recorded; C: reconciled completed intakes, including returns",AD,CP Metro - Columbus - $20 - Lead,CP - Metro repricing test - 20 x $20 - 2026-09-08,5,2026-09-08,2026-09-12,True,0.0,0,https://www.cohesiveinsure.com/marketing-review/20260919/deep-scan/images/0ecf3c94997c5182.jpg,"[{""action_type"": ""link_click"", ""value"": ""14""}, {""action_type"": ""offsite_conversion.fb_pixel_custom"", ""value"": ""3""}, {""action_type"": ""landing_page_view"", ""value"": ""15""}, {""action_type"": ""onsite_web_lead"", ""value"": ""2""}, {""action_type"": ""omni_landing_page_view"", ""value"": ""15""}, {""action_type"": ""post_engagement"", ""value"": ""14""}, {""action_type"": ""page_engagement"", ""value"": ""14""}, {""action_type"": ""lead"", ""value"": ""2""}, {""action_type"": ""custom_event_actions_add_20_s_calls"", ""value"": ""3""}, {""action_type"": ""offsite_conversion.fb_pixel_lead"", ""value"": ""2""}, {""action_type"": ""offsite_lead_add_20_s_calls"", ""value"": ""2""}]","[{""action_type"": ""offsite_conversion.fb_pixel_custom.LeadUrgentQuoted"", ""value"": ""1""}, {""action_type"": ""offsite_conversion.fb_pixel_custom.QualifiedLead"", ""value"": ""2""}]",{}
120251001125660660,CP Metro - Columbus - ai-image - repricing v1,120251001083740660,120251001121210660,ACTIVE,ADSET_PAUSED,2026-09-08T15:23:23-0400,2026-09-08T15:31:58-0400,static image,Compare building insurance rates,"If you own a commercial property in Columbus, you might be overpaying on insurance.

One of our carriers is lowering commercial property insurance rates in the area. Get a quote and see how much you could save.",,GET_QUOTE,https://www.cohesiveinsure.com/commercial-property-quote,utm_source=facebook&utm_medium=paid&utm_campaign={{campaign.name}}&utm_content={{ad.name}}&utm_term={{adset.name}}&ad_id={{ad.id}}&adset_id={{adset.id}}&metro=columbus,Property step,"See property route; starts added Sep19, not backfilled",,images/7742d1c0dfdaa98f.jpg,1423011276402199,16.07,443,1,36.28,0.226,16.07,1,1,,0,16.07,16.07,,Metro property,2026-09-08 to 2026-09-18,0.88,20.77,Confirmed completed intake,"S: sessions only since Sep12 01:50 ET; F: starts not historically recorded; C: reconciled completed intakes, including returns",AD,CP Metro - Columbus - $20 - Lead,CP - Metro repricing test - 20 x $20 - 2026-09-08,5,2026-09-08,2026-09-12,True,0.0,0,https://www.cohesiveinsure.com/marketing-review/20260919/deep-scan/images/7742d1c0dfdaa98f.jpg,"[{""action_type"": ""link_click"", ""value"": ""1""}, {""action_type"": ""offsite_conversion.fb_pixel_custom"", ""value"": ""1""}, {""action_type"": ""landing_page_view"", ""value"": ""2""}, {""action_type"": ""onsite_web_lead"", ""value"": ""1""}, {""action_type"": ""omni_landing_page_view"", ""value"": ""2""}, {""action_type"": ""post_engagement"", ""value"": ""1""}, {""action_type"": ""page_engagement"", ""value"": ""1""}, {""action_type"": ""lead"", ""value"": ""1""}, {""action_type"": ""custom_event_actions_add_20_s_calls"", ""value"": ""1""}, {""action_type"": ""offsite_conversion.fb_pixel_lead"", ""value"": ""1""}, {""action_type"": ""offsite_lead_add_20_s_calls"", ""value"": ""1""}]","[{""action_type"": ""offsite_conversion.fb_pixel_custom.QualifiedLead"", ""value"": ""1""}]",{}
120251001122580660,CP Metro - Columbus - real-photo - repricing v1,120251001083740660,120251001121210660,ACTIVE,ADSET_PAUSED,2026-09-08T15:23:14-0400,2026-09-08T15:31:59-0400,static image,Compare building insurance rates,"If you own a commercial property in Columbus, you might be overpaying on insurance.

One of our carriers is lowering commercial property insurance rates in the area. Get a quote and see how much you could save.",,GET_QUOTE,https://www.cohesiveinsure.com/commercial-property-quote,utm_source=facebook&utm_medium=paid&utm_campaign={{campaign.name}}&utm_content={{ad.name}}&utm_term={{adset.name}}&ad_id={{ad.id}}&adset_id={{adset.id}}&metro=columbus,Property step,"See property route; starts added Sep19, not backfilled",,images/97d1e30a5e7ae292.jpg,1390396262623683,2.06,79,0,26.08,0.0,,0,0,,0,,,,Metro property,2026-09-08 to 2026-09-18,0.11,2.66,Delivery without confirmed completion,"S: sessions only since Sep12 01:50 ET; F: starts not historically recorded; C: reconciled completed intakes, including returns",AD,CP Metro - Columbus - $20 - Lead,CP - Metro repricing test - 20 x $20 - 2026-09-08,4,2026-09-08,2026-09-11,True,0.0,0,https://www.cohesiveinsure.com/marketing-review/20260919/deep-scan/images/97d1e30a5e7ae292.jpg,[],[],{}
120251001127550660,CP Metro - Cleveland - text-only - repricing v1,120251001083740660,120251001126440660,ACTIVE,ADSET_PAUSED,2026-09-08T15:23:34-0400,2026-09-08T15:32:05-0400,static image,Compare building insurance rates,"If you own a commercial property in Cleveland, you might be overpaying on insurance.

One of our carriers is lowering commercial property insurance rates in the area. Get a quote and see how much you could save.",,GET_QUOTE,https://www.cohesiveinsure.com/commercial-property-quote,utm_source=facebook&utm_medium=paid&utm_campaign={{campaign.name}}&utm_content={{ad.name}}&utm_term={{adset.name}}&ad_id={{ad.id}}&adset_id={{adset.id}}&metro=cleveland,Property step,"See property route; starts added Sep19, not backfilled",,images/dab226b67fc5dfa1.jpg,1056783380473441,47.13,994,10,47.41,1.006,4.71,3,3,,0,15.71,15.71,,Metro property,2026-09-08 to 2026-09-18,2.59,60.55,Confirmed completed intake,"S: sessions only since Sep12 01:50 ET; F: starts not historically recorded; C: reconciled completed intakes, including returns",AD,CP Metro - Cleveland - $20 - Lead,CP - Metro repricing test - 20 x $20 - 2026-09-08,5,2026-09-08,2026-09-12,True,0.0,0,https://www.cohesiveinsure.com/marketing-review/20260919/deep-scan/images/dab226b67fc5dfa1.jpg,"[{""action_type"": ""link_click"", ""value"": ""10""}, {""action_type"": ""offsite_conversion.fb_pixel_custom"", ""value"": ""2""}, {""action_type"": ""landing_page_view"", ""value"": ""10""}, {""action_type"": ""onsite_web_lead"", ""value"": ""3""}, {""action_type"": ""omni_landing_page_view"", ""value"": ""10""}, {""action_type"": ""post_engagement"", ""value"": ""10""}, {""action_type"": ""page_engagement"", ""value"": ""10""}, {""action_type"": ""lead"", ""value"": ""3""}, {""action_type"": ""custom_event_actions_add_20_s_calls"", ""value"": ""2""}, {""action_type"": ""offsite_conversion.fb_pixel_lead"", ""value"": ""3""}, {""action_type"": ""offsite_lead_add_20_s_calls"", ""value"": ""3""}]","[{""action_type"": ""offsite_conversion.fb_pixel_custom.QualifiedLead"", ""value"": ""1""}, {""action_type"": ""offsite_conversion.fb_pixel_custom.LeadUrgentQuoted"", ""value"": ""1""}]",{}
120251001128720660,CP Metro - Cleveland - real-photo - repricing v1,120251001083740660,120251001126440660,ACTIVE,ADSET_PAUSED,2026-09-08T15:23:42-0400,2026-09-08T15:39:17-0400,static image,Compare building insurance rates,"If you own a commercial property in Cleveland, you might be overpaying on insurance.

One of our carriers is lowering commercial property insurance rates in the area. Get a quote and see how much you could save.",,GET_QUOTE,https://www.cohesiveinsure.com/commercial-property-quote,utm_source=facebook&utm_medium=paid&utm_campaign={{campaign.name}}&utm_content={{ad.name}}&utm_term={{adset.name}}&ad_id={{ad.id}}&adset_id={{adset.id}}&metro=cleveland,Property step,"See property route; starts added Sep19, not backfilled",,images/09cd33a2944bd87f.jpg,1230615709231591,19.95,430,3,46.4,0.698,6.65,0,0,,0,,,,Metro property,2026-09-08 to 2026-09-18,1.09,25.63,Delivery without confirmed completion,"S: sessions only since Sep12 01:50 ET; F: starts not historically recorded; C: reconciled completed intakes, including returns",AD,CP Metro - Cleveland - $20 - Lead,CP - Metro repricing test - 20 x $20 - 2026-09-08,5,2026-09-08,2026-09-12,True,0.0,0,https://www.cohesiveinsure.com/marketing-review/20260919/deep-scan/images/09cd33a2944bd87f.jpg,"[{""action_type"": ""link_click"", ""value"": ""3""}, {""action_type"": ""landing_page_view"", ""value"": ""2""}, {""action_type"": ""omni_landing_page_view"", ""value"": ""2""}, {""action_type"": ""post_engagement"", ""value"": ""3""}, {""action_type"": ""page_engagement"", ""value"": ""3""}]",[],{}
120251001129240660,CP Metro - Cleveland - ai-image - repricing v1,120251001083740660,120251001126440660,ACTIVE,ADSET_PAUSED,2026-09-08T15:23:49-0400,2026-09-08T15:33:38-0400,static image,Compare building insurance rates,"If you own a commercial property in Cleveland, you might be overpaying on insurance.

One of our carriers is lowering commercial property insurance rates in the area. Get a quote and see how much you could save.",,GET_QUOTE,https://www.cohesiveinsure.com/commercial-property-quote,utm_source=facebook&utm_medium=paid&utm_campaign={{campaign.name}}&utm_content={{ad.name}}&utm_term={{adset.name}}&ad_id={{ad.id}}&adset_id={{adset.id}}&metro=cleveland,Property step,"See property route; starts added Sep19, not backfilled",,images/8c3cb0e3b50c7ccc.jpg,1071239192329654,10.76,138,0,77.97,0.0,,0,0,,0,,,,Metro property,2026-09-08 to 2026-09-18,0.59,13.82,Delivery without confirmed completion,"S: sessions only since Sep12 01:50 ET; F: starts not historically recorded; C: reconciled completed intakes, including returns",AD,CP Metro - Cleveland - $20 - Lead,CP - Metro repricing test - 20 x $20 - 2026-09-08,5,2026-09-08,2026-09-12,True,0.0,0,https://www.cohesiveinsure.com/marketing-review/20260919/deep-scan/images/8c3cb0e3b50c7ccc.jpg,[],[],{}
120251001131640660,CP Metro - Pittsburgh - text-only - repricing v1,120251001083740660,120251001129720660,ACTIVE,ADSET_PAUSED,2026-09-08T15:23:57-0400,2026-09-08T15:32:02-0400,static image,Compare building insurance rates,"If you own a commercial property in Pittsburgh, you might be overpaying on insurance.

One of our carriers is lowering commercial property insurance rates in the area. Get a quote and see how much you could save.",,GET_QUOTE,https://www.cohesiveinsure.com/commercial-property-quote,utm_source=facebook&utm_medium=paid&utm_campaign={{campaign.name}}&utm_content={{ad.name}}&utm_term={{adset.name}}&ad_id={{ad.id}}&adset_id={{adset.id}}&metro=pittsburgh,Property step,"See property route; starts added Sep19, not backfilled",,images/66f2a209c552a2e4.jpg,1425369666191392,53.85,1458,7,36.93,0.48,7.69,1,1,,0,53.85,53.85,,Metro property,2026-09-08 to 2026-09-18,2.95,68.08,Confirmed completed intake,"S: sessions only since Sep12 01:50 ET; F: starts not historically recorded; C: reconciled completed intakes, including returns",AD,CP Metro - Pittsburgh - $20 - Lead,CP - Metro repricing test - 20 x $20 - 2026-09-08,5,2026-09-08,2026-09-12,True,0.0,0,https://www.cohesiveinsure.com/marketing-review/20260919/deep-scan/images/66f2a209c552a2e4.jpg,"[{""action_type"": ""link_click"", ""value"": ""7""}, {""action_type"": ""offsite_conversion.fb_pixel_custom"", ""value"": ""2""}, {""action_type"": ""landing_page_view"", ""value"": ""6""}, {""action_type"": ""onsite_web_lead"", ""value"": ""2""}, {""action_type"": ""omni_landing_page_view"", ""value"": ""6""}, {""action_type"": ""post_engagement"", ""value"": ""7""}, {""action_type"": ""page_engagement"", ""value"": ""7""}, {""action_type"": ""lead"", ""value"": ""2""}, {""action_type"": ""custom_event_actions_add_20_s_calls"", ""value"": ""2""}, {""action_type"": ""offsite_conversion.fb_pixel_lead"", ""value"": ""2""}, {""action_type"": ""offsite_lead_add_20_s_calls"", ""value"": ""2""}]","[{""action_type"": ""offsite_conversion.fb_pixel_custom.QualifiedLead"", ""value"": ""1""}, {""action_type"": ""offsite_conversion.fb_pixel_custom.LeadUrgentQuoted"", ""value"": ""1""}]",{}
120251001139460660,CP Metro - Pittsburgh - ai-image - repricing v1,120251001083740660,120251001129720660,ACTIVE,ADSET_PAUSED,2026-09-08T15:24:14-0400,2026-09-08T15:32:17-0400,static image,Compare building insurance rates,"If you own a commercial property in Pittsburgh, you might be overpaying on insurance.

One of our carriers is lowering commercial property insurance rates in the area. Get a quote and see how much you could save.",,GET_QUOTE,https://www.cohesiveinsure.com/commercial-property-quote,utm_source=facebook&utm_medium=paid&utm_campaign={{campaign.name}}&utm_content={{ad.name}}&utm_term={{adset.name}}&ad_id={{ad.id}}&adset_id={{adset.id}}&metro=pittsburgh,Property step,"See property route; starts added Sep19, not backfilled",,images/5421eba67297f912.jpg,1995188781196729,22.04,533,4,41.35,0.75,5.51,0,0,,0,,,,Metro property,2026-09-08 to 2026-09-18,1.21,27.86,Delivery without confirmed completion,"S: sessions only since Sep12 01:50 ET; F: starts not historically recorded; C: reconciled completed intakes, including returns",AD,CP Metro - Pittsburgh - $20 - Lead,CP - Metro repricing test - 20 x $20 - 2026-09-08,5,2026-09-08,2026-09-12,True,0.0,0,https://www.cohesiveinsure.com/marketing-review/20260919/deep-scan/images/5421eba67297f912.jpg,"[{""action_type"": ""link_click"", ""value"": ""4""}, {""action_type"": ""landing_page_view"", ""value"": ""3""}, {""action_type"": ""omni_landing_page_view"", ""value"": ""3""}, {""action_type"": ""post_engagement"", ""value"": ""4""}, {""action_type"": ""page_engagement"", ""value"": ""4""}]",[],{}
120251001136920660,CP Metro - Pittsburgh - real-photo - repricing v1,120251001083740660,120251001129720660,ACTIVE,ADSET_PAUSED,2026-09-08T15:24:06-0400,2026-09-08T15:32:30-0400,static image,Compare building insurance rates,"If you own a commercial property in Pittsburgh, you might be overpaying on insurance.

One of our carriers is lowering commercial property insurance rates in the area. Get a quote and see how much you could save.",,GET_QUOTE,https://www.cohesiveinsure.com/commercial-property-quote,utm_source=facebook&utm_medium=paid&utm_campaign={{campaign.name}}&utm_content={{ad.name}}&utm_term={{adset.name}}&ad_id={{ad.id}}&adset_id={{adset.id}}&metro=pittsburgh,Property step,"See property route; starts added Sep19, not backfilled",,images/cbe05c00019b0c31.jpg,1511623134060297,3.21,133,1,24.14,0.752,3.21,1,1,,0,3.21,3.21,,Metro property,2026-09-08 to 2026-09-18,0.18,4.06,Confirmed completed intake,"S: sessions only since Sep12 01:50 ET; F: starts not historically recorded; C: reconciled completed intakes, including returns",AD,CP Metro - Pittsburgh - $20 - Lead,CP - Metro repricing test - 20 x $20 - 2026-09-08,4,2026-09-08,2026-09-11,True,0.0,0,https://www.cohesiveinsure.com/marketing-review/20260919/deep-scan/images/cbe05c00019b0c31.jpg,"[{""action_type"": ""link_click"", ""value"": ""1""}, {""action_type"": ""landing_page_view"", ""value"": ""1""}, {""action_type"": ""omni_landing_page_view"", ""value"": ""1""}, {""action_type"": ""post_engagement"", ""value"": ""1""}, {""action_type"": ""page_engagement"", ""value"": ""1""}]",[],{}
120251001141330660,CP Metro - Philadelphia - text-only - repricing v1,120251001083740660,120251001140100660,ACTIVE,ADSET_PAUSED,2026-09-08T15:24:25-0400,2026-09-08T15:32:03-0400,static image,Compare building insurance rates,"If you own a commercial property in Philadelphia, you might be overpaying on insurance.

One of our carriers is lowering commercial property insurance rates in the area. Get a quote and see how much you could save.",,GET_QUOTE,https://www.cohesiveinsure.com/commercial-property-quote,utm_source=facebook&utm_medium=paid&utm_campaign={{campaign.name}}&utm_content={{ad.name}}&utm_term={{adset.name}}&ad_id={{ad.id}}&adset_id={{adset.id}}&metro=philadelphia,Property step,"See property route; starts added Sep19, not backfilled",,images/bb9da84ecd9a30d3.jpg,2327896174413740,71.94,1890,18,38.06,0.952,4.0,2,1,,0,35.97,71.94,,Metro property,2026-09-08 to 2026-09-18,3.95,91.87,Confirmed completed intake,"S: sessions only since Sep12 01:50 ET; F: starts not historically recorded; C: reconciled completed intakes, including returns",AD,CP Metro - Philadelphia - $20 - Lead,CP - Metro repricing test - 20 x $20 - 2026-09-08,5,2026-09-08,2026-09-12,True,0.0,0,https://www.cohesiveinsure.com/marketing-review/20260919/deep-scan/images/bb9da84ecd9a30d3.jpg,"[{""action_type"": ""link_click"", ""value"": ""18""}, {""action_type"": ""post_reaction"", ""value"": ""2""}, {""action_type"": ""landing_page_view"", ""value"": ""16""}, {""action_type"": ""onsite_web_lead"", ""value"": ""3""}, {""action_type"": ""omni_landing_page_view"", ""value"": ""16""}, {""action_type"": ""post_engagement"", ""value"": ""21""}, {""action_type"": ""post_interaction_gross"", ""value"": ""3""}, {""action_type"": ""page_engagement"", ""value"": ""21""}, {""action_type"": ""post_interaction_net"", ""value"": ""3""}, {""action_type"": ""onsite_conversion.post_save"", ""value"": ""1""}, {""action_type"": ""onsite_conversion.post_net_save"", ""value"": ""1""}, {""action_type"": ""onsite_conversion.post_net_like"", ""value"": ""2""}, {""action_type"": ""lead"", ""value"": ""3""}, {""action_type"": ""offsite_conversion.fb_pixel_lead"", ""value"": ""3""}, {""action_type"": ""offsite_lead_add_20_s_calls"", ""value"": ""3""}]",[],{}
120251001144610660,CP Metro - Philadelphia - ai-image - repricing v1,120251001083740660,120251001140100660,ACTIVE,ADSET_PAUSED,2026-09-08T15:24:45-0400,2026-09-08T15:33:11-0400,static image,Compare building insurance rates,"If you own a commercial property in Philadelphia, you might be overpaying on insurance.

One of our carriers is lowering commercial property insurance rates in the area. Get a quote and see how much you could save.",,GET_QUOTE,https://www.cohesiveinsure.com/commercial-property-quote,utm_source=facebook&utm_medium=paid&utm_campaign={{campaign.name}}&utm_content={{ad.name}}&utm_term={{adset.name}}&ad_id={{ad.id}}&adset_id={{adset.id}}&metro=philadelphia,Property step,"See property route; starts added Sep19, not backfilled",,images/f024de9ee94be162.jpg,1647065870086697,4.19,82,0,51.1,0.0,,0,0,,0,,,,Metro property,2026-09-08 to 2026-09-18,0.23,5.35,Delivery without confirmed completion,"S: sessions only since Sep12 01:50 ET; F: starts not historically recorded; C: reconciled completed intakes, including returns",AD,CP Metro - Philadelphia - $20 - Lead,CP - Metro repricing test - 20 x $20 - 2026-09-08,3,2026-09-08,2026-09-10,True,0.0,0,https://www.cohesiveinsure.com/marketing-review/20260919/deep-scan/images/f024de9ee94be162.jpg,[],[],{}
120251001142590660,CP Metro - Philadelphia - real-photo - repricing v1,120251001083740660,120251001140100660,ACTIVE,ADSET_PAUSED,2026-09-08T15:24:33-0400,2026-09-08T15:32:56-0400,static image,Compare building insurance rates,"If you own a commercial property in Philadelphia, you might be overpaying on insurance.

One of our carriers is lowering commercial property insurance rates in the area. Get a quote and see how much you could save.",,GET_QUOTE,https://www.cohesiveinsure.com/commercial-property-quote,utm_source=facebook&utm_medium=paid&utm_campaign={{campaign.name}}&utm_content={{ad.name}}&utm_term={{adset.name}}&ad_id={{ad.id}}&adset_id={{adset.id}}&metro=philadelphia,Property step,"See property route; starts added Sep19, not backfilled",,images/98bc1ac05916c507.jpg,1593041908755598,2.18,60,0,36.33,0.0,,0,0,,0,,,,Metro property,2026-09-08 to 2026-09-18,0.12,2.78,Delivery without confirmed completion,"S: sessions only since Sep12 01:50 ET; F: starts not historically recorded; C: reconciled completed intakes, including returns",AD,CP Metro - Philadelphia - $20 - Lead,CP - Metro repricing test - 20 x $20 - 2026-09-08,4,2026-09-08,2026-09-11,True,0.0,0,https://www.cohesiveinsure.com/marketing-review/20260919/deep-scan/images/98bc1ac05916c507.jpg,[],[],{}
120251001146750660,CP Metro - Minneapolis - real-photo - repricing v1,120251001083740660,120251001144860660,ACTIVE,ADSET_PAUSED,2026-09-08T15:25:02-0400,2026-09-08T15:33:41-0400,static image,Compare building insurance rates,"If you own a commercial property in Minneapolis, you might be overpaying on insurance.

One of our carriers is lowering commercial property insurance rates in the area. Get a quote and see how much you could save.",,GET_QUOTE,https://www.cohesiveinsure.com/commercial-property-quote,utm_source=facebook&utm_medium=paid&utm_campaign={{campaign.name}}&utm_content={{ad.name}}&utm_term={{adset.name}}&ad_id={{ad.id}}&adset_id={{adset.id}}&metro=minneapolis,Property step,"See property route; starts added Sep19, not backfilled",,images/df869eda7414f8f5.jpg,1568986227488857,43.75,1330,9,32.89,0.677,4.86,0,0,,0,,,,Metro property,2026-09-08 to 2026-09-18,2.4,57.69,Delivery without confirmed completion,"S: sessions only since Sep12 01:50 ET; F: starts not historically recorded; C: reconciled completed intakes, including returns",AD,CP Metro - Minneapolis - $20 - Lead,CP - Metro repricing test - 20 x $20 - 2026-09-08,5,2026-09-08,2026-09-12,True,0.0,0,https://www.cohesiveinsure.com/marketing-review/20260919/deep-scan/images/df869eda7414f8f5.jpg,"[{""action_type"": ""link_click"", ""value"": ""9""}, {""action_type"": ""landing_page_view"", ""value"": ""9""}, {""action_type"": ""omni_landing_page_view"", ""value"": ""9""}, {""action_type"": ""post_engagement"", ""value"": ""9""}, {""action_type"": ""page_engagement"", ""value"": ""9""}]",[],{}
120251001145810660,CP Metro - Minneapolis - text-only - repricing v1,120251001083740660,120251001144860660,ACTIVE,ADSET_PAUSED,2026-09-08T15:24:54-0400,2026-09-08T15:33:34-0400,static image,Compare building insurance rates,"If you own a commercial property in Minneapolis, you might be overpaying on insurance.

One of our carriers is lowering commercial property insurance rates in the area. Get a quote and see how much you could save.",,GET_QUOTE,https://www.cohesiveinsure.com/commercial-property-quote,utm_source=facebook&utm_medium=paid&utm_campaign={{campaign.name}}&utm_content={{ad.name}}&utm_term={{adset.name}}&ad_id={{ad.id}}&adset_id={{adset.id}}&metro=minneapolis,Property step,"See property route; starts added Sep19, not backfilled",,images/8ab39b83476f0e39.jpg,1617510686437949,26.73,751,3,35.59,0.399,8.91,1,1,,0,26.73,26.73,,Metro property,2026-09-08 to 2026-09-18,1.47,35.25,Confirmed completed intake,"S: sessions only since Sep12 01:50 ET; F: starts not historically recorded; C: reconciled completed intakes, including returns",AD,CP Metro - Minneapolis - $20 - Lead,CP - Metro repricing test - 20 x $20 - 2026-09-08,5,2026-09-08,2026-09-12,True,0.0,0,https://www.cohesiveinsure.com/marketing-review/20260919/deep-scan/images/8ab39b83476f0e39.jpg,"[{""action_type"": ""link_click"", ""value"": ""3""}, {""action_type"": ""landing_page_view"", ""value"": ""3""}, {""action_type"": ""onsite_web_lead"", ""value"": ""1""}, {""action_type"": ""omni_landing_page_view"", ""value"": ""3""}, {""action_type"": ""post_engagement"", ""value"": ""3""}, {""action_type"": ""page_engagement"", ""value"": ""3""}, {""action_type"": ""lead"", ""value"": ""1""}, {""action_type"": ""offsite_conversion.fb_pixel_lead"", ""value"": ""1""}, {""action_type"": ""offsite_lead_add_20_s_calls"", ""value"": ""1""}]",[],{}
120251001148530660,CP Metro - Minneapolis - ai-image - repricing v1,120251001083740660,120251001144860660,ACTIVE,ADSET_PAUSED,2026-09-08T15:25:11-0400,2026-09-08T15:44:16-0400,static image,Compare building insurance rates,"If you own a commercial property in Minneapolis, you might be overpaying on insurance.

One of our carriers is lowering commercial property insurance rates in the area. Get a quote and see how much you could save.",,GET_QUOTE,https://www.cohesiveinsure.com/commercial-property-quote,utm_source=facebook&utm_medium=paid&utm_campaign={{campaign.name}}&utm_content={{ad.name}}&utm_term={{adset.name}}&ad_id={{ad.id}}&adset_id={{adset.id}}&metro=minneapolis,Property step,"See property route; starts added Sep19, not backfilled",,images/034c5586385b019c.jpg,1825728665538498,5.35,122,0,43.85,0.0,,0,0,,0,,,,Metro property,2026-09-08 to 2026-09-18,0.29,7.06,Delivery without confirmed completion,"S: sessions only since Sep12 01:50 ET; F: starts not historically recorded; C: reconciled completed intakes, including returns",AD,CP Metro - Minneapolis - $20 - Lead,CP - Metro repricing test - 20 x $20 - 2026-09-08,5,2026-09-08,2026-09-12,True,0.0,0,https://www.cohesiveinsure.com/marketing-review/20260919/deep-scan/images/034c5586385b019c.jpg,[],[],{}
120251001149840660,CP Metro - Richmond - text-only - repricing v1,120251001083740660,120251001148890660,ACTIVE,ADSET_PAUSED,2026-09-08T15:25:20-0400,2026-09-08T15:32:04-0400,static image,Compare building insurance rates,"If you own a commercial property in Richmond, you might be overpaying on insurance.

One of our carriers is lowering commercial property insurance rates in the area. Get a quote and see how much you could save.",,GET_QUOTE,https://www.cohesiveinsure.com/commercial-property-quote,utm_source=facebook&utm_medium=paid&utm_campaign={{campaign.name}}&utm_content={{ad.name}}&utm_term={{adset.name}}&ad_id={{ad.id}}&adset_id={{adset.id}}&metro=richmond,Property step,"See property route; starts added Sep19, not backfilled",,images/ba9b2883ef1094e5.jpg,1807871383991681,67.92,2132,11,31.86,0.516,6.17,2,2,,0,33.96,33.96,,Metro property,2026-09-08 to 2026-09-18,3.73,89.13,Confirmed completed intake,"S: sessions only since Sep12 01:50 ET; F: starts not historically recorded; C: reconciled completed intakes, including returns",AD,CP Metro - Richmond - $20 - Lead,CP - Metro repricing test - 20 x $20 - 2026-09-08,5,2026-09-08,2026-09-12,True,0.0,0,https://www.cohesiveinsure.com/marketing-review/20260919/deep-scan/images/ba9b2883ef1094e5.jpg,"[{""action_type"": ""link_click"", ""value"": ""11""}, {""action_type"": ""offsite_conversion.fb_pixel_custom"", ""value"": ""1""}, {""action_type"": ""landing_page_view"", ""value"": ""11""}, {""action_type"": ""onsite_web_lead"", ""value"": ""2""}, {""action_type"": ""omni_landing_page_view"", ""value"": ""11""}, {""action_type"": ""post_engagement"", ""value"": ""11""}, {""action_type"": ""page_engagement"", ""value"": ""11""}, {""action_type"": ""lead"", ""value"": ""2""}, {""action_type"": ""custom_event_actions_add_20_s_calls"", ""value"": ""1""}, {""action_type"": ""offsite_conversion.fb_pixel_lead"", ""value"": ""2""}, {""action_type"": ""offsite_lead_add_20_s_calls"", ""value"": ""2""}]","[{""action_type"": ""offsite_conversion.fb_pixel_custom.QualifiedLead"", ""value"": ""1""}]",{}
120251001152610660,CP Metro - Richmond - ai-image - repricing v1,120251001083740660,120251001148890660,ACTIVE,ADSET_PAUSED,2026-09-08T15:25:35-0400,2026-09-08T15:33:48-0400,static image,Compare building insurance rates,"If you own a commercial property in Richmond, you might be overpaying on insurance.

One of our carriers is lowering commercial property insurance rates in the area. Get a quote and see how much you could save.",,GET_QUOTE,https://www.cohesiveinsure.com/commercial-property-quote,utm_source=facebook&utm_medium=paid&utm_campaign={{campaign.name}}&utm_content={{ad.name}}&utm_term={{adset.name}}&ad_id={{ad.id}}&adset_id={{adset.id}}&metro=richmond,Property step,"See property route; starts added Sep19, not backfilled",,images/c4902dd5192f1288.jpg,2102043647365594,5.73,177,0,32.37,0.0,,0,0,,0,,,,Metro property,2026-09-08 to 2026-09-18,0.31,7.52,Delivery without confirmed completion,"S: sessions only since Sep12 01:50 ET; F: starts not historically recorded; C: reconciled completed intakes, including returns",AD,CP Metro - Richmond - $20 - Lead,CP - Metro repricing test - 20 x $20 - 2026-09-08,5,2026-09-08,2026-09-12,True,0.0,0,https://www.cohesiveinsure.com/marketing-review/20260919/deep-scan/images/c4902dd5192f1288.jpg,[],[],{}
120251001151300660,CP Metro - Richmond - real-photo - repricing v1,120251001083740660,120251001148890660,ACTIVE,ADSET_PAUSED,2026-09-08T15:25:28-0400,2026-09-08T15:33:17-0400,static image,Compare building insurance rates,"If you own a commercial property in Richmond, you might be overpaying on insurance.

One of our carriers is lowering commercial property insurance rates in the area. Get a quote and see how much you could save.",,GET_QUOTE,https://www.cohesiveinsure.com/commercial-property-quote,utm_source=facebook&utm_medium=paid&utm_campaign={{campaign.name}}&utm_content={{ad.name}}&utm_term={{adset.name}}&ad_id={{ad.id}}&adset_id={{adset.id}}&metro=richmond,Property step,"See property route; starts added Sep19, not backfilled",,images/471fffb8bf000533.jpg,1458031086431348,2.55,87,0,29.31,0.0,,0,0,,0,,,,Metro property,2026-09-08 to 2026-09-18,0.14,3.35,Delivery without confirmed completion,"S: sessions only since Sep12 01:50 ET; F: starts not historically recorded; C: reconciled completed intakes, including returns",AD,CP Metro - Richmond - $20 - Lead,CP - Metro repricing test - 20 x $20 - 2026-09-08,5,2026-09-08,2026-09-12,True,0.0,0,https://www.cohesiveinsure.com/marketing-review/20260919/deep-scan/images/471fffb8bf000533.jpg,[],[],{}
120251001154190660,CP Metro - Las Vegas - text-only - repricing v1,120251001083740660,120251001152940660,ACTIVE,ADSET_PAUSED,2026-09-08T15:25:42-0400,2026-09-08T15:33:46-0400,static image,Compare building insurance rates,"If you own a commercial property in Las Vegas, you might be overpaying on insurance.

One of our carriers is lowering commercial property insurance rates in the area. Get a quote and see how much you could save.",,GET_QUOTE,https://www.cohesiveinsure.com/commercial-property-quote,utm_source=facebook&utm_medium=paid&utm_campaign={{campaign.name}}&utm_content={{ad.name}}&utm_term={{adset.name}}&ad_id={{ad.id}}&adset_id={{adset.id}}&metro=las-vegas,Property step,"See property route; starts added Sep19, not backfilled",,images/83ab321285bb02f7.jpg,1849694066412543,56.2,1434,6,39.19,0.418,9.37,1,1,,0,56.2,56.2,,Metro property,2026-09-08 to 2026-09-18,3.08,70.79,Confirmed completed intake,"S: sessions only since Sep12 01:50 ET; F: starts not historically recorded; C: reconciled completed intakes, including returns",AD,CP Metro - Las Vegas - $20 - Lead,CP - Metro repricing test - 20 x $20 - 2026-09-08,5,2026-09-08,2026-09-12,True,0.0,0,https://www.cohesiveinsure.com/marketing-review/20260919/deep-scan/images/83ab321285bb02f7.jpg,"[{""action_type"": ""link_click"", ""value"": ""6""}, {""action_type"": ""landing_page_view"", ""value"": ""6""}, {""action_type"": ""omni_landing_page_view"", ""value"": ""6""}, {""action_type"": ""post_engagement"", ""value"": ""6""}, {""action_type"": ""page_engagement"", ""value"": ""6""}]",[],{}
120251001155840660,CP Metro - Las Vegas - ai-image - repricing v1,120251001083740660,120251001152940660,ACTIVE,ADSET_PAUSED,2026-09-08T15:25:53-0400,2026-09-08T15:34:12-0400,static image,Compare building insurance rates,"If you own a commercial property in Las Vegas, you might be overpaying on insurance.

One of our carriers is lowering commercial property insurance rates in the area. Get a quote and see how much you could save.",,GET_QUOTE,https://www.cohesiveinsure.com/commercial-property-quote,utm_source=facebook&utm_medium=paid&utm_campaign={{campaign.name}}&utm_content={{ad.name}}&utm_term={{adset.name}}&ad_id={{ad.id}}&adset_id={{adset.id}}&metro=las-vegas,Property step,"See property route; starts added Sep19, not backfilled",,images/7664bbbf39f0e7fe.jpg,1396459781897910,21.15,624,1,33.89,0.16,21.15,1,1,,0,21.15,21.15,,Metro property,2026-09-08 to 2026-09-18,1.16,26.64,Confirmed completed intake,"S: sessions only since Sep12 01:50 ET; F: starts not historically recorded; C: reconciled completed intakes, including returns",AD,CP Metro - Las Vegas - $20 - Lead,CP - Metro repricing test - 20 x $20 - 2026-09-08,5,2026-09-08,2026-09-12,True,0.0,0,https://www.cohesiveinsure.com/marketing-review/20260919/deep-scan/images/7664bbbf39f0e7fe.jpg,"[{""action_type"": ""link_click"", ""value"": ""1""}, {""action_type"": ""offsite_conversion.fb_pixel_custom"", ""value"": ""1""}, {""action_type"": ""landing_page_view"", ""value"": ""2""}, {""action_type"": ""onsite_web_lead"", ""value"": ""1""}, {""action_type"": ""omni_landing_page_view"", ""value"": ""2""}, {""action_type"": ""post_engagement"", ""value"": ""1""}, {""action_type"": ""page_engagement"", ""value"": ""1""}, {""action_type"": ""lead"", ""value"": ""1""}, {""action_type"": ""custom_event_actions_add_20_s_calls"", ""value"": ""1""}, {""action_type"": ""offsite_conversion.fb_pixel_lead"", ""value"": ""1""}, {""action_type"": ""offsite_lead_add_20_s_calls"", ""value"": ""1""}]","[{""action_type"": ""offsite_conversion.fb_pixel_custom.QualifiedLead"", ""value"": ""1""}]",{}
120251001155540660,CP Metro - Las Vegas - real-photo - repricing v1,120251001083740660,120251001152940660,ACTIVE,ADSET_PAUSED,2026-09-08T15:25:48-0400,2026-09-08T15:34:00-0400,static image,Compare building insurance rates,"If you own a commercial property in Las Vegas, you might be overpaying on insurance.

One of our carriers is lowering commercial property insurance rates in the area. Get a quote and see how much you could save.",,GET_QUOTE,https://www.cohesiveinsure.com/commercial-property-quote,utm_source=facebook&utm_medium=paid&utm_campaign={{campaign.name}}&utm_content={{ad.name}}&utm_term={{adset.name}}&ad_id={{ad.id}}&adset_id={{adset.id}}&metro=las-vegas,Property step,"See property route; starts added Sep19, not backfilled",,images/83777d626a9bb4d8.jpg,1444763364218799,2.04,54,0,37.78,0.0,,0,0,,0,,,,Metro property,2026-09-08 to 2026-09-18,0.11,2.57,Delivery without confirmed completion,"S: sessions only since Sep12 01:50 ET; F: starts not historically recorded; C: reconciled completed intakes, including returns",AD,CP Metro - Las Vegas - $20 - Lead,CP - Metro repricing test - 20 x $20 - 2026-09-08,5,2026-09-08,2026-09-12,True,0.0,0,https://www.cohesiveinsure.com/marketing-review/20260919/deep-scan/images/83777d626a9bb4d8.jpg,[],[],{}
120251001158780660,CP Metro - Milwaukee - text-only - repricing v1,120251001083740660,120251001156410660,ACTIVE,ADSET_PAUSED,2026-09-08T15:26:01-0400,2026-09-08T15:34:06-0400,static image,Compare building insurance rates,"If you own a commercial property in Milwaukee, you might be overpaying on insurance.

One of our carriers is lowering commercial property insurance rates in the area. Get a quote and see how much you could save.",,GET_QUOTE,https://www.cohesiveinsure.com/commercial-property-quote,utm_source=facebook&utm_medium=paid&utm_campaign={{campaign.name}}&utm_content={{ad.name}}&utm_term={{adset.name}}&ad_id={{ad.id}}&adset_id={{adset.id}}&metro=milwaukee,Property step,"See property route; starts added Sep19, not backfilled",,images/cc16d86ade4b9d2d.jpg,5307488929477923,50.11,1775,15,28.23,0.845,3.34,2,2,,0,25.05,25.05,,Metro property,2026-09-08 to 2026-09-18,2.75,62.72,Confirmed completed intake,"S: sessions only since Sep12 01:50 ET; F: starts not historically recorded; C: reconciled completed intakes, including returns",AD,CP Metro - Milwaukee - $20 - Lead,CP - Metro repricing test - 20 x $20 - 2026-09-08,5,2026-09-08,2026-09-12,True,0.0,0,https://www.cohesiveinsure.com/marketing-review/20260919/deep-scan/images/cc16d86ade4b9d2d.jpg,"[{""action_type"": ""link_click"", ""value"": ""15""}, {""action_type"": ""landing_page_view"", ""value"": ""12""}, {""action_type"": ""onsite_web_lead"", ""value"": ""1""}, {""action_type"": ""omni_landing_page_view"", ""value"": ""12""}, {""action_type"": ""post_engagement"", ""value"": ""15""}, {""action_type"": ""page_engagement"", ""value"": ""15""}, {""action_type"": ""lead"", ""value"": ""1""}, {""action_type"": ""offsite_conversion.fb_pixel_lead"", ""value"": ""1""}, {""action_type"": ""offsite_lead_add_20_s_calls"", ""value"": ""1""}]",[],{}
120251001161220660,CP Metro - Milwaukee - ai-image - repricing v1,120251001083740660,120251001156410660,ACTIVE,ADSET_PAUSED,2026-09-08T15:26:15-0400,2026-09-08T15:34:17-0400,static image,Compare building insurance rates,"If you own a commercial property in Milwaukee, you might be overpaying on insurance.

One of our carriers is lowering commercial property insurance rates in the area. Get a quote and see how much you could save.",,GET_QUOTE,https://www.cohesiveinsure.com/commercial-property-quote,utm_source=facebook&utm_medium=paid&utm_campaign={{campaign.name}}&utm_content={{ad.name}}&utm_term={{adset.name}}&ad_id={{ad.id}}&adset_id={{adset.id}}&metro=milwaukee,Property step,"See property route; starts added Sep19, not backfilled",,images/3015a3ae9ab019ce.jpg,1841666657242462,27.41,848,5,32.32,0.59,5.48,1,1,,0,27.41,27.41,,Metro property,2026-09-08 to 2026-09-18,1.5,34.31,Confirmed completed intake,"S: sessions only since Sep12 01:50 ET; F: starts not historically recorded; C: reconciled completed intakes, including returns",AD,CP Metro - Milwaukee - $20 - Lead,CP - Metro repricing test - 20 x $20 - 2026-09-08,5,2026-09-08,2026-09-12,True,0.0,0,https://www.cohesiveinsure.com/marketing-review/20260919/deep-scan/images/3015a3ae9ab019ce.jpg,"[{""action_type"": ""link_click"", ""value"": ""5""}, {""action_type"": ""offsite_conversion.fb_pixel_custom"", ""value"": ""2""}, {""action_type"": ""landing_page_view"", ""value"": ""6""}, {""action_type"": ""onsite_web_lead"", ""value"": ""1""}, {""action_type"": ""omni_landing_page_view"", ""value"": ""6""}, {""action_type"": ""post_engagement"", ""value"": ""5""}, {""action_type"": ""page_engagement"", ""value"": ""5""}, {""action_type"": ""lead"", ""value"": ""1""}, {""action_type"": ""custom_event_actions_add_20_s_calls"", ""value"": ""2""}, {""action_type"": ""offsite_conversion.fb_pixel_lead"", ""value"": ""1""}, {""action_type"": ""offsite_lead_add_20_s_calls"", ""value"": ""1""}]","[{""action_type"": ""offsite_conversion.fb_pixel_custom.QualifiedLead"", ""value"": ""1""}, {""action_type"": ""offsite_conversion.fb_pixel_custom.LeadUrgentQuoted"", ""value"": ""1""}]",{}
120251001159800660,CP Metro - Milwaukee - real-photo - repricing v1,120251001083740660,120251001156410660,ACTIVE,ADSET_PAUSED,2026-09-08T15:26:08-0400,2026-09-08T15:34:26-0400,static image,Compare building insurance rates,"If you own a commercial property in Milwaukee, you might be overpaying on insurance.

One of our carriers is lowering commercial property insurance rates in the area. Get a quote and see how much you could save.",,GET_QUOTE,https://www.cohesiveinsure.com/commercial-property-quote,utm_source=facebook&utm_medium=paid&utm_campaign={{campaign.name}}&utm_content={{ad.name}}&utm_term={{adset.name}}&ad_id={{ad.id}}&adset_id={{adset.id}}&metro=milwaukee,Property step,"See property route; starts added Sep19, not backfilled",,images/745c71a62551eb23.jpg,942457428289449,2.37,53,0,44.72,0.0,,0,0,,0,,,,Metro property,2026-09-08 to 2026-09-18,0.13,2.97,Delivery without confirmed completion,"S: sessions only since Sep12 01:50 ET; F: starts not historically recorded; C: reconciled completed intakes, including returns",AD,CP Metro - Milwaukee - $20 - Lead,CP - Metro repricing test - 20 x $20 - 2026-09-08,4,2026-09-08,2026-09-11,True,0.0,0,https://www.cohesiveinsure.com/marketing-review/20260919/deep-scan/images/745c71a62551eb23.jpg,[],[],{}
