id,name,campaign_id,adset_id,status,effective_status,created_time,updated_time,format,headline,primary_text,description,CTA,destination,url_tags,form_version,experiment_cell,creative_variant,image,creative_id,spend,impressions,link_clicks,CPM,link_CTR_pct,link_CPC,completed_saved,new_acquisitions,observed_starts,observed_sessions,CPL_saved,CPL_new,cost_per_observed_start,campaign_label,operating_window,campaign_spend_share_pct,set_spend_share_pct,completion_evidence,measurement_flags,level,adset_name,campaign_name,days_live_observed_delivery_through_Sep18,first_observed_delivery_day,last_observed_delivery_day,ever_delivered_asof_Sep19,Sep19_partial_spend,Sep19_partial_impressions,image_url,meta_actions_unreconciled,meta_conversions_unreconciled,review_feedback
120251081994030660,CT User Video Carryover | 120251073613300660,120251080549940660,120251080556040660,ACTIVE,ACTIVE,2026-09-13T00:23:25-0400,2026-09-13T00:27:16-0400,static image,One pool builder saved 58% on annual insurance.,We helped a pool builder save 58% on annual insurance. Get a pool-builder insurance quote and see how much you could save.,,GET_QUOTE,https://www.cohesiveinsure.com/contractor-test?industry=pool&angle=percent,utm_source=facebook&utm_medium=paid&utm_campaign={{campaign.name}}&utm_content={{ad.name}}&utm_term={{adset.name}}&ad_id={{ad.id}}&adset_id={{adset.id}}&campaign_id={{campaign.id}},Current code: 2026-09-18-trade-v5; historical versions differ,pool__percent__{step|long}__v1 (layout assigned at visit),,images/d890b456754c2069.jpg,908625912049501,95.9,2234,12,42.93,0.537,7.99,0,0,1,12,,,95.9,Pool,2026-09-13 to 2026-09-18,4.93,87.49,Delivery without confirmed completion,"O: observed session IDs, not verified people; C: reconciled completed intakes, including returns; V: form versions changed Sep18",AD,CT Themes 20260913 | pool__price,CT Themes 20260913 | pool,6,2026-09-13,2026-09-18,True,3.63,82,https://www.cohesiveinsure.com/marketing-review/20260919/deep-scan/images/d890b456754c2069.jpg,"[{""action_type"": ""link_click"", ""value"": ""12""}, {""action_type"": ""post_reaction"", ""value"": ""1""}, {""action_type"": ""landing_page_view"", ""value"": ""11""}, {""action_type"": ""omni_landing_page_view"", ""value"": ""11""}, {""action_type"": ""post_engagement"", ""value"": ""13""}, {""action_type"": ""post_interaction_gross"", ""value"": ""1""}, {""action_type"": ""page_engagement"", ""value"": ""13""}, {""action_type"": ""post_interaction_net"", ""value"": ""1""}, {""action_type"": ""onsite_conversion.post_net_like"", ""value"": ""1""}]",[],{}
120251081992970660,CT User Video Carryover | 120251073613510660,120251080549940660,120251080556040660,ACTIVE,ACTIVE,2026-09-13T00:23:05-0400,2026-09-13T00:26:01-0400,static image,One pool builder: $19K to $8K.,"We helped a pool builder go from $19,000 to $8,000 a year on insurance. Get a pool-builder insurance quote and see how much you could save.",,GET_QUOTE,https://www.cohesiveinsure.com/contractor-test?industry=pool&angle=dollars,utm_source=facebook&utm_medium=paid&utm_campaign={{campaign.name}}&utm_content={{ad.name}}&utm_term={{adset.name}}&ad_id={{ad.id}}&adset_id={{adset.id}}&campaign_id={{campaign.id}},Current code: 2026-09-18-trade-v5; historical versions differ,pool__dollars__{step|long}__v1 (layout assigned at visit),,images/69dff021c96d7649.jpg,1613398750412357,13.71,234,1,58.59,0.427,13.71,0,0,0,1,,,,Pool,2026-09-13 to 2026-09-18,0.71,12.51,Delivery without confirmed completion,"O: observed session IDs, not verified people; C: reconciled completed intakes, including returns; V: form versions changed Sep18",AD,CT Themes 20260913 | pool__price,CT Themes 20260913 | pool,4,2026-09-13,2026-09-17,True,0.0,0,https://www.cohesiveinsure.com/marketing-review/20260919/deep-scan/images/69dff021c96d7649.jpg,"[{""action_type"": ""link_click"", ""value"": ""1""}, {""action_type"": ""post_engagement"", ""value"": ""1""}, {""action_type"": ""page_engagement"", ""value"": ""1""}]",[],{}
120251081993460660,CT User Video Carryover | 120251073614320660,120251080549940660,120251080557630660,ACTIVE,ACTIVE,2026-09-13T00:23:14-0400,2026-09-13T00:26:54-0400,static image,Install in-ground pools?,"Make sure your insurance reflects your pool installation work, not just servicing. Tell us about your projects and get a pool-builder insurance quote.",,GET_QUOTE,https://www.cohesiveinsure.com/contractor-test?industry=pool&angle=installation,utm_source=facebook&utm_medium=paid&utm_campaign={{campaign.name}}&utm_content={{ad.name}}&utm_term={{adset.name}}&ad_id={{ad.id}}&adset_id={{adset.id}}&campaign_id={{campaign.id}},Current code: 2026-09-18-trade-v5; historical versions differ,pool__installation__{step|long}__v1 (layout assigned at visit),,images/a4cb4ebc751026fe.jpg,2152708288928317,185.64,4093,25,45.36,0.611,7.43,1,0,1,27,185.64,,185.64,Pool,2026-09-13 to 2026-09-18,9.55,100.0,Confirmed completed intake,"O: observed session IDs, not verified people; C: reconciled completed intakes, including returns; V: form versions changed Sep18",AD,CT Themes 20260913 | pool__work,CT Themes 20260913 | pool,6,2026-09-13,2026-09-18,True,2.77,48,https://www.cohesiveinsure.com/marketing-review/20260919/deep-scan/images/a4cb4ebc751026fe.jpg,"[{""action_type"": ""link_click"", ""value"": ""25""}, {""action_type"": ""landing_page_view"", ""value"": ""23""}, {""action_type"": ""onsite_web_lead"", ""value"": ""1""}, {""action_type"": ""omni_landing_page_view"", ""value"": ""23""}, {""action_type"": ""post_engagement"", ""value"": ""27""}, {""action_type"": ""post_interaction_gross"", ""value"": ""2""}, {""action_type"": ""page_engagement"", ""value"": ""27""}, {""action_type"": ""post_interaction_net"", ""value"": ""2""}, {""action_type"": ""onsite_conversion.post_save"", ""value"": ""2""}, {""action_type"": ""onsite_conversion.post_net_save"", ""value"": ""2""}, {""action_type"": ""lead"", ""value"": ""1""}, {""action_type"": ""offsite_conversion.fb_pixel_lead"", ""value"": ""1""}, {""action_type"": ""offsite_lead_add_20_s_calls"", ""value"": ""1""}]",[],{}
120251081994750660,CT User Video Carryover | 120251073614770660,120251080549940660,120251080559780660,ACTIVE,ACTIVE,2026-09-13T00:23:32-0400,2026-09-13T00:25:49-0400,static image,Customer asking for a COI?,Send us the insurance requirements for your next pool project. We’ll help you compare coverage and get an insurance quote.,,GET_QUOTE,https://www.cohesiveinsure.com/contractor-test?industry=pool&angle=coi,utm_source=facebook&utm_medium=paid&utm_campaign={{campaign.name}}&utm_content={{ad.name}}&utm_term={{adset.name}}&ad_id={{ad.id}}&adset_id={{adset.id}}&campaign_id={{campaign.id}},Current code: 2026-09-18-trade-v5; historical versions differ,pool__coi__{step|long}__v1 (layout assigned at visit),,images/979e9a1c20d68198.jpg,1051194781247160,13.22,164,1,80.61,0.61,13.22,0,0,0,4,,,,Pool,2026-09-13 to 2026-09-18,0.68,100.0,Delivery without confirmed completion,"O: observed session IDs, not verified people; C: reconciled completed intakes, including returns; V: form versions changed Sep18",AD,CT Themes 20260913 | pool__coi,CT Themes 20260913 | pool,3,2026-09-13,2026-09-15,True,0.0,0,https://www.cohesiveinsure.com/marketing-review/20260919/deep-scan/images/979e9a1c20d68198.jpg,"[{""action_type"": ""link_click"", ""value"": ""1""}, {""action_type"": ""post_engagement"", ""value"": ""1""}, {""action_type"": ""page_engagement"", ""value"": ""1""}]",[],{}
120251150834450660,CT MECHANISM 20260917 | pool-exclusion,120251080549940660,120251080559780660,ACTIVE,ACTIVE,2026-09-16T23:17:30-0400,2026-09-16T23:22:13-0400,static image,Pool construction is not pool service,"Pool builders: does your liability policy cover pool construction, or only pool service? Tell us what you build before your next renewal. Get a pool-construction insurance quote.",,GET_QUOTE,https://www.cohesiveinsure.com/contractor-test?industry=pool&angle=coi,utm_source=facebook&utm_medium=paid&utm_campaign={{campaign.name}}&utm_content={{ad.name}}&utm_term={{adset.name}}&ad_id={{ad.id}}&adset_id={{adset.id}}&campaign_id={{campaign.id}},Current code: 2026-09-18-trade-v5; historical versions differ,pool__coi__{step|long}__v1 (layout assigned at visit),,images/979e9a1c20d68198.jpg,963521396805589,0,0,0,,,,0,0,0,6,,,,Pool,2026-09-13 to 2026-09-18,0.0,0.0,No delivery through Sep18,"O: observed session IDs, not verified people; C: reconciled completed intakes, including returns; V: form versions changed Sep18",AD,CT Themes 20260913 | pool__coi,CT Themes 20260913 | pool,0,,,False,0.0,0,https://www.cohesiveinsure.com/marketing-review/20260919/deep-scan/images/979e9a1c20d68198.jpg,[],[],{}
120251080706280660,CT Themes 20260913 | pool__a8__cta1__cream__image0__v1,120251080549940660,120251080701120660,PAUSED,PAUSED,2026-09-12T22:22:36-0400,2026-09-12T22:25:59-0400,static image,Pool builders - insurance quotes,"Insurance for your business from $39/month. Take 2 minutes to request your quote.

Get your business insurance quote.",,GET_QUOTE,https://www.cohesiveinsure.com/contractor-test?industry=pool&angle=coi&creative_variant=pool__a8__cta1__cream__image0__v1&creative_angle=Monthly%20starting%20price,utm_source=facebook&utm_medium=paid&utm_campaign={{campaign.name}}&utm_content={{ad.name}}&utm_term={{adset.name}}&ad_id={{ad.id}}&adset_id={{adset.id}}&campaign_id={{campaign.id}},Current code: 2026-09-18-trade-v5; historical versions differ,pool__coi__{step|long}__v1 (layout assigned at visit),pool__a8__cta1__cream__image0__v1,images/8d0bfb9b0a84213c.jpg,3147122712164232,0,0,0,,,,0,0,0,0,,,,Pool,2026-09-13 to 2026-09-18,0.0,0,No delivery through Sep18,"O: observed session IDs, not verified people; C: reconciled completed intakes, including returns; V: form versions changed Sep18",AD,CT Themes 20260913 | pool__monthly,CT Themes 20260913 | pool,0,,,False,0.0,0,https://www.cohesiveinsure.com/marketing-review/20260919/deep-scan/images/8d0bfb9b0a84213c.jpg,[],[],{}
120251080706350660,CT Themes 20260913 | pool__a8__cta1__cream__image1__v1,120251080549940660,120251080701120660,PAUSED,PAUSED,2026-09-12T22:22:37-0400,2026-09-12T22:25:57-0400,static image,Pool builders - insurance quotes,"Insurance for your business from $39/month. Take 2 minutes to request your quote.

Get your business insurance quote.",,GET_QUOTE,https://www.cohesiveinsure.com/contractor-test?industry=pool&angle=coi&creative_variant=pool__a8__cta1__cream__image1__v1&creative_angle=Monthly%20starting%20price,utm_source=facebook&utm_medium=paid&utm_campaign={{campaign.name}}&utm_content={{ad.name}}&utm_term={{adset.name}}&ad_id={{ad.id}}&adset_id={{adset.id}}&campaign_id={{campaign.id}},Current code: 2026-09-18-trade-v5; historical versions differ,pool__coi__{step|long}__v1 (layout assigned at visit),pool__a8__cta1__cream__image1__v1,images/cc775a5924e20d2e.jpg,1398310632433555,0,0,0,,,,0,0,0,0,,,,Pool,2026-09-13 to 2026-09-18,0.0,0,No delivery through Sep18,"O: observed session IDs, not verified people; C: reconciled completed intakes, including returns; V: form versions changed Sep18",AD,CT Themes 20260913 | pool__monthly,CT Themes 20260913 | pool,0,,,False,0.0,0,https://www.cohesiveinsure.com/marketing-review/20260919/deep-scan/images/cc775a5924e20d2e.jpg,[],[],{}
120251080707120660,CT Themes 20260913 | pool__a8__cta1__cream__image2__v1,120251080549940660,120251080701120660,PAUSED,PAUSED,2026-09-12T22:22:42-0400,2026-09-12T22:27:29-0400,static image,Pool builders - insurance quotes,"Insurance for your business from $39/month. Take 2 minutes to request your quote.

Get your business insurance quote.",,GET_QUOTE,https://www.cohesiveinsure.com/contractor-test?industry=pool&angle=coi&creative_variant=pool__a8__cta1__cream__image2__v1&creative_angle=Monthly%20starting%20price,utm_source=facebook&utm_medium=paid&utm_campaign={{campaign.name}}&utm_content={{ad.name}}&utm_term={{adset.name}}&ad_id={{ad.id}}&adset_id={{adset.id}}&campaign_id={{campaign.id}},Current code: 2026-09-18-trade-v5; historical versions differ,pool__coi__{step|long}__v1 (layout assigned at visit),pool__a8__cta1__cream__image2__v1,images/dc9d12ab72231b5a.jpg,1068886219236199,0,0,0,,,,0,0,0,0,,,,Pool,2026-09-13 to 2026-09-18,0.0,0,No delivery through Sep18,"O: observed session IDs, not verified people; C: reconciled completed intakes, including returns; V: form versions changed Sep18",AD,CT Themes 20260913 | pool__monthly,CT Themes 20260913 | pool,0,,,False,0.0,0,https://www.cohesiveinsure.com/marketing-review/20260919/deep-scan/images/dc9d12ab72231b5a.jpg,[],[],{}
120251080707150660,CT Themes 20260913 | pool__a8__cta1__cream__image3__v1,120251080549940660,120251080701120660,PAUSED,PAUSED,2026-09-12T22:22:43-0400,2026-09-12T22:27:49-0400,static image,Pool builders - insurance quotes,"Insurance for your business from $39/month. Take 2 minutes to request your quote.

Get your business insurance quote.",,GET_QUOTE,https://www.cohesiveinsure.com/contractor-test?industry=pool&angle=coi&creative_variant=pool__a8__cta1__cream__image3__v1&creative_angle=Monthly%20starting%20price,utm_source=facebook&utm_medium=paid&utm_campaign={{campaign.name}}&utm_content={{ad.name}}&utm_term={{adset.name}}&ad_id={{ad.id}}&adset_id={{adset.id}}&campaign_id={{campaign.id}},Current code: 2026-09-18-trade-v5; historical versions differ,pool__coi__{step|long}__v1 (layout assigned at visit),pool__a8__cta1__cream__image3__v1,images/4abceb64c40b923b.jpg,2513124029161706,0,0,0,,,,0,0,0,0,,,,Pool,2026-09-13 to 2026-09-18,0.0,0,No delivery through Sep18,"O: observed session IDs, not verified people; C: reconciled completed intakes, including returns; V: form versions changed Sep18",AD,CT Themes 20260913 | pool__monthly,CT Themes 20260913 | pool,0,,,False,0.0,0,https://www.cohesiveinsure.com/marketing-review/20260919/deep-scan/images/4abceb64c40b923b.jpg,[],[],{}
120251080711960660,CT Themes 20260913 | pool__a8__cta1__navy__image1__v1,120251080549940660,120251080701120660,PAUSED,PAUSED,2026-09-12T22:23:01-0400,2026-09-12T22:28:28-0400,static image,Pool builders - insurance quotes,"Insurance for your business from $39/month. Take 2 minutes to request your quote.

Get your business insurance quote.",,GET_QUOTE,https://www.cohesiveinsure.com/contractor-test?industry=pool&angle=coi&creative_variant=pool__a8__cta1__navy__image1__v1&creative_angle=Monthly%20starting%20price,utm_source=facebook&utm_medium=paid&utm_campaign={{campaign.name}}&utm_content={{ad.name}}&utm_term={{adset.name}}&ad_id={{ad.id}}&adset_id={{adset.id}}&campaign_id={{campaign.id}},Current code: 2026-09-18-trade-v5; historical versions differ,pool__coi__{step|long}__v1 (layout assigned at visit),pool__a8__cta1__navy__image1__v1,images/ee5bfa6f9837e9a0.jpg,1141038095015696,0,0,0,,,,0,0,0,0,,,,Pool,2026-09-13 to 2026-09-18,0.0,0,No delivery through Sep18,"O: observed session IDs, not verified people; C: reconciled completed intakes, including returns; V: form versions changed Sep18",AD,CT Themes 20260913 | pool__monthly,CT Themes 20260913 | pool,0,,,False,0.0,0,https://www.cohesiveinsure.com/marketing-review/20260919/deep-scan/images/ee5bfa6f9837e9a0.jpg,[],[],{}
120251080712230660,CT Themes 20260913 | pool__a8__cta1__navy__image0__v1,120251080549940660,120251080701120660,PAUSED,PAUSED,2026-09-12T22:23:02-0400,2026-09-12T22:30:00-0400,static image,Pool builders - insurance quotes,"Insurance for your business from $39/month. Take 2 minutes to request your quote.

Get your business insurance quote.",,GET_QUOTE,https://www.cohesiveinsure.com/contractor-test?industry=pool&angle=coi&creative_variant=pool__a8__cta1__navy__image0__v1&creative_angle=Monthly%20starting%20price,utm_source=facebook&utm_medium=paid&utm_campaign={{campaign.name}}&utm_content={{ad.name}}&utm_term={{adset.name}}&ad_id={{ad.id}}&adset_id={{adset.id}}&campaign_id={{campaign.id}},Current code: 2026-09-18-trade-v5; historical versions differ,pool__coi__{step|long}__v1 (layout assigned at visit),pool__a8__cta1__navy__image0__v1,images/e83ec02567c8ac0c.jpg,2384891415651887,0,0,0,,,,0,0,0,0,,,,Pool,2026-09-13 to 2026-09-18,0.0,0,No delivery through Sep18,"O: observed session IDs, not verified people; C: reconciled completed intakes, including returns; V: form versions changed Sep18",AD,CT Themes 20260913 | pool__monthly,CT Themes 20260913 | pool,0,,,False,0.0,0,https://www.cohesiveinsure.com/marketing-review/20260919/deep-scan/images/e83ec02567c8ac0c.jpg,[],[],{}
120251080713420660,CT Themes 20260913 | pool__a8__cta1__navy__image3__v1,120251080549940660,120251080701120660,PAUSED,PAUSED,2026-09-12T22:23:08-0400,2026-09-12T22:30:15-0400,static image,Pool builders - insurance quotes,"Insurance for your business from $39/month. Take 2 minutes to request your quote.

Get your business insurance quote.",,GET_QUOTE,https://www.cohesiveinsure.com/contractor-test?industry=pool&angle=coi&creative_variant=pool__a8__cta1__navy__image3__v1&creative_angle=Monthly%20starting%20price,utm_source=facebook&utm_medium=paid&utm_campaign={{campaign.name}}&utm_content={{ad.name}}&utm_term={{adset.name}}&ad_id={{ad.id}}&adset_id={{adset.id}}&campaign_id={{campaign.id}},Current code: 2026-09-18-trade-v5; historical versions differ,pool__coi__{step|long}__v1 (layout assigned at visit),pool__a8__cta1__navy__image3__v1,images/fc57dc46a4039ac6.jpg,1102923916020397,0,0,0,,,,0,0,0,0,,,,Pool,2026-09-13 to 2026-09-18,0.0,0,No delivery through Sep18,"O: observed session IDs, not verified people; C: reconciled completed intakes, including returns; V: form versions changed Sep18",AD,CT Themes 20260913 | pool__monthly,CT Themes 20260913 | pool,0,,,False,0.0,0,https://www.cohesiveinsure.com/marketing-review/20260919/deep-scan/images/fc57dc46a4039ac6.jpg,[],[],{}
120251080713590660,CT Themes 20260913 | pool__a8__cta1__navy__image2__v1,120251080549940660,120251080701120660,PAUSED,PAUSED,2026-09-12T22:23:09-0400,2026-09-12T22:30:37-0400,static image,Pool builders - insurance quotes,"Insurance for your business from $39/month. Take 2 minutes to request your quote.

Get your business insurance quote.",,GET_QUOTE,https://www.cohesiveinsure.com/contractor-test?industry=pool&angle=coi&creative_variant=pool__a8__cta1__navy__image2__v1&creative_angle=Monthly%20starting%20price,utm_source=facebook&utm_medium=paid&utm_campaign={{campaign.name}}&utm_content={{ad.name}}&utm_term={{adset.name}}&ad_id={{ad.id}}&adset_id={{adset.id}}&campaign_id={{campaign.id}},Current code: 2026-09-18-trade-v5; historical versions differ,pool__coi__{step|long}__v1 (layout assigned at visit),pool__a8__cta1__navy__image2__v1,images/37aeffabad053b00.jpg,4537664656507152,0,0,0,,,,0,0,0,0,,,,Pool,2026-09-13 to 2026-09-18,0.0,0,No delivery through Sep18,"O: observed session IDs, not verified people; C: reconciled completed intakes, including returns; V: form versions changed Sep18",AD,CT Themes 20260913 | pool__monthly,CT Themes 20260913 | pool,0,,,False,0.0,0,https://www.cohesiveinsure.com/marketing-review/20260919/deep-scan/images/37aeffabad053b00.jpg,[],[],{}
120251080718970660,CT Themes 20260913 | pool__a8__cta2__cream__image0__v1,120251080549940660,120251080701120660,PAUSED,PAUSED,2026-09-12T22:23:27-0400,2026-09-12T22:31:33-0400,static image,Pool builders - insurance quotes,"Insurance for your business from $39/month. Take 2 minutes to request your quote.

Compare your current rate.",,GET_QUOTE,https://www.cohesiveinsure.com/contractor-test?industry=pool&angle=coi&creative_variant=pool__a8__cta2__cream__image0__v1&creative_angle=Monthly%20starting%20price,utm_source=facebook&utm_medium=paid&utm_campaign={{campaign.name}}&utm_content={{ad.name}}&utm_term={{adset.name}}&ad_id={{ad.id}}&adset_id={{adset.id}}&campaign_id={{campaign.id}},Current code: 2026-09-18-trade-v5; historical versions differ,pool__coi__{step|long}__v1 (layout assigned at visit),pool__a8__cta2__cream__image0__v1,images/dbb83c3e1a27c44e.jpg,2296082254483018,0,0,0,,,,0,0,0,0,,,,Pool,2026-09-13 to 2026-09-18,0.0,0,No delivery through Sep18,"O: observed session IDs, not verified people; C: reconciled completed intakes, including returns; V: form versions changed Sep18",AD,CT Themes 20260913 | pool__monthly,CT Themes 20260913 | pool,0,,,False,0.0,0,https://www.cohesiveinsure.com/marketing-review/20260919/deep-scan/images/dbb83c3e1a27c44e.jpg,[],[],{}
120251080719190660,CT Themes 20260913 | pool__a8__cta2__cream__image1__v1,120251080549940660,120251080701120660,PAUSED,PAUSED,2026-09-12T22:23:29-0400,2026-09-12T22:29:42-0400,static image,Pool builders - insurance quotes,"Insurance for your business from $39/month. Take 2 minutes to request your quote.

Compare your current rate.",,GET_QUOTE,https://www.cohesiveinsure.com/contractor-test?industry=pool&angle=coi&creative_variant=pool__a8__cta2__cream__image1__v1&creative_angle=Monthly%20starting%20price,utm_source=facebook&utm_medium=paid&utm_campaign={{campaign.name}}&utm_content={{ad.name}}&utm_term={{adset.name}}&ad_id={{ad.id}}&adset_id={{adset.id}}&campaign_id={{campaign.id}},Current code: 2026-09-18-trade-v5; historical versions differ,pool__coi__{step|long}__v1 (layout assigned at visit),pool__a8__cta2__cream__image1__v1,images/a9521e7174304f0d.jpg,1438027198170819,0,0,0,,,,0,0,0,0,,,,Pool,2026-09-13 to 2026-09-18,0.0,0,No delivery through Sep18,"O: observed session IDs, not verified people; C: reconciled completed intakes, including returns; V: form versions changed Sep18",AD,CT Themes 20260913 | pool__monthly,CT Themes 20260913 | pool,0,,,False,0.0,0,https://www.cohesiveinsure.com/marketing-review/20260919/deep-scan/images/a9521e7174304f0d.jpg,[],[],{}
120251080720050660,CT Themes 20260913 | pool__a8__cta2__cream__image2__v1,120251080549940660,120251080701120660,PAUSED,PAUSED,2026-09-12T22:23:33-0400,2026-09-12T22:31:58-0400,static image,Pool builders - insurance quotes,"Insurance for your business from $39/month. Take 2 minutes to request your quote.

Compare your current rate.",,GET_QUOTE,https://www.cohesiveinsure.com/contractor-test?industry=pool&angle=coi&creative_variant=pool__a8__cta2__cream__image2__v1&creative_angle=Monthly%20starting%20price,utm_source=facebook&utm_medium=paid&utm_campaign={{campaign.name}}&utm_content={{ad.name}}&utm_term={{adset.name}}&ad_id={{ad.id}}&adset_id={{adset.id}}&campaign_id={{campaign.id}},Current code: 2026-09-18-trade-v5; historical versions differ,pool__coi__{step|long}__v1 (layout assigned at visit),pool__a8__cta2__cream__image2__v1,images/980e75d68c76623e.jpg,2142434246482433,0,0,0,,,,0,0,0,0,,,,Pool,2026-09-13 to 2026-09-18,0.0,0,No delivery through Sep18,"O: observed session IDs, not verified people; C: reconciled completed intakes, including returns; V: form versions changed Sep18",AD,CT Themes 20260913 | pool__monthly,CT Themes 20260913 | pool,0,,,False,0.0,0,https://www.cohesiveinsure.com/marketing-review/20260919/deep-scan/images/980e75d68c76623e.jpg,[],[],{}
120251080720360660,CT Themes 20260913 | pool__a8__cta2__cream__image3__v1,120251080549940660,120251080701120660,PAUSED,PAUSED,2026-09-12T22:23:35-0400,2026-09-12T22:31:41-0400,static image,Pool builders - insurance quotes,"Insurance for your business from $39/month. Take 2 minutes to request your quote.

Compare your current rate.",,GET_QUOTE,https://www.cohesiveinsure.com/contractor-test?industry=pool&angle=coi&creative_variant=pool__a8__cta2__cream__image3__v1&creative_angle=Monthly%20starting%20price,utm_source=facebook&utm_medium=paid&utm_campaign={{campaign.name}}&utm_content={{ad.name}}&utm_term={{adset.name}}&ad_id={{ad.id}}&adset_id={{adset.id}}&campaign_id={{campaign.id}},Current code: 2026-09-18-trade-v5; historical versions differ,pool__coi__{step|long}__v1 (layout assigned at visit),pool__a8__cta2__cream__image3__v1,images/3e6323b2aee6fb50.jpg,917852281006250,0,0,0,,,,0,0,0,0,,,,Pool,2026-09-13 to 2026-09-18,0.0,0,No delivery through Sep18,"O: observed session IDs, not verified people; C: reconciled completed intakes, including returns; V: form versions changed Sep18",AD,CT Themes 20260913 | pool__monthly,CT Themes 20260913 | pool,0,,,False,0.0,0,https://www.cohesiveinsure.com/marketing-review/20260919/deep-scan/images/3e6323b2aee6fb50.jpg,[],[],{}
120251080721550660,CT Themes 20260913 | pool__a8__cta2__navy__image0__v1,120251080549940660,120251080701120660,PAUSED,PAUSED,2026-09-12T22:23:50-0400,2026-09-12T22:31:51-0400,static image,Pool builders - insurance quotes,"Insurance for your business from $39/month. Take 2 minutes to request your quote.

Compare your current rate.",,GET_QUOTE,https://www.cohesiveinsure.com/contractor-test?industry=pool&angle=coi&creative_variant=pool__a8__cta2__navy__image0__v1&creative_angle=Monthly%20starting%20price,utm_source=facebook&utm_medium=paid&utm_campaign={{campaign.name}}&utm_content={{ad.name}}&utm_term={{adset.name}}&ad_id={{ad.id}}&adset_id={{adset.id}}&campaign_id={{campaign.id}},Current code: 2026-09-18-trade-v5; historical versions differ,pool__coi__{step|long}__v1 (layout assigned at visit),pool__a8__cta2__navy__image0__v1,images/3e5dc9c53884ce22.jpg,1447044467277478,0,0,0,,,,0,0,0,0,,,,Pool,2026-09-13 to 2026-09-18,0.0,0,No delivery through Sep18,"O: observed session IDs, not verified people; C: reconciled completed intakes, including returns; V: form versions changed Sep18",AD,CT Themes 20260913 | pool__monthly,CT Themes 20260913 | pool,0,,,False,0.0,0,https://www.cohesiveinsure.com/marketing-review/20260919/deep-scan/images/3e5dc9c53884ce22.jpg,[],[],{}
120251080722570660,CT Themes 20260913 | pool__a8__cta2__navy__image1__v1,120251080549940660,120251080701120660,PAUSED,PAUSED,2026-09-12T22:23:56-0400,2026-09-12T22:32:25-0400,static image,Pool builders - insurance quotes,"Insurance for your business from $39/month. Take 2 minutes to request your quote.

Compare your current rate.",,GET_QUOTE,https://www.cohesiveinsure.com/contractor-test?industry=pool&angle=coi&creative_variant=pool__a8__cta2__navy__image1__v1&creative_angle=Monthly%20starting%20price,utm_source=facebook&utm_medium=paid&utm_campaign={{campaign.name}}&utm_content={{ad.name}}&utm_term={{adset.name}}&ad_id={{ad.id}}&adset_id={{adset.id}}&campaign_id={{campaign.id}},Current code: 2026-09-18-trade-v5; historical versions differ,pool__coi__{step|long}__v1 (layout assigned at visit),pool__a8__cta2__navy__image1__v1,images/382a47723a061b20.jpg,2438516749976378,0,0,0,,,,0,0,0,0,,,,Pool,2026-09-13 to 2026-09-18,0.0,0,No delivery through Sep18,"O: observed session IDs, not verified people; C: reconciled completed intakes, including returns; V: form versions changed Sep18",AD,CT Themes 20260913 | pool__monthly,CT Themes 20260913 | pool,0,,,False,0.0,0,https://www.cohesiveinsure.com/marketing-review/20260919/deep-scan/images/382a47723a061b20.jpg,[],[],{}
120251080722660660,CT Themes 20260913 | pool__a8__cta2__navy__image2__v1,120251080549940660,120251080701120660,PAUSED,PAUSED,2026-09-12T22:23:57-0400,2026-09-12T22:32:07-0400,static image,Pool builders - insurance quotes,"Insurance for your business from $39/month. Take 2 minutes to request your quote.

Compare your current rate.",,GET_QUOTE,https://www.cohesiveinsure.com/contractor-test?industry=pool&angle=coi&creative_variant=pool__a8__cta2__navy__image2__v1&creative_angle=Monthly%20starting%20price,utm_source=facebook&utm_medium=paid&utm_campaign={{campaign.name}}&utm_content={{ad.name}}&utm_term={{adset.name}}&ad_id={{ad.id}}&adset_id={{adset.id}}&campaign_id={{campaign.id}},Current code: 2026-09-18-trade-v5; historical versions differ,pool__coi__{step|long}__v1 (layout assigned at visit),pool__a8__cta2__navy__image2__v1,images/8feb654364663c16.jpg,1736565614244148,0,0,0,,,,0,0,0,0,,,,Pool,2026-09-13 to 2026-09-18,0.0,0,No delivery through Sep18,"O: observed session IDs, not verified people; C: reconciled completed intakes, including returns; V: form versions changed Sep18",AD,CT Themes 20260913 | pool__monthly,CT Themes 20260913 | pool,0,,,False,0.0,0,https://www.cohesiveinsure.com/marketing-review/20260919/deep-scan/images/8feb654364663c16.jpg,[],[],{}
120251080723060660,CT Themes 20260913 | pool__a8__cta2__navy__image3__v1,120251080549940660,120251080701120660,PAUSED,PAUSED,2026-09-12T22:24:03-0400,2026-09-12T22:32:30-0400,static image,Pool builders - insurance quotes,"Insurance for your business from $39/month. Take 2 minutes to request your quote.

Compare your current rate.",,GET_QUOTE,https://www.cohesiveinsure.com/contractor-test?industry=pool&angle=coi&creative_variant=pool__a8__cta2__navy__image3__v1&creative_angle=Monthly%20starting%20price,utm_source=facebook&utm_medium=paid&utm_campaign={{campaign.name}}&utm_content={{ad.name}}&utm_term={{adset.name}}&ad_id={{ad.id}}&adset_id={{adset.id}}&campaign_id={{campaign.id}},Current code: 2026-09-18-trade-v5; historical versions differ,pool__coi__{step|long}__v1 (layout assigned at visit),pool__a8__cta2__navy__image3__v1,images/8aee1b6591dd8c14.jpg,28987538674184893,0,0,0,,,,0,0,0,0,,,,Pool,2026-09-13 to 2026-09-18,0.0,0,No delivery through Sep18,"O: observed session IDs, not verified people; C: reconciled completed intakes, including returns; V: form versions changed Sep18",AD,CT Themes 20260913 | pool__monthly,CT Themes 20260913 | pool,0,,,False,0.0,0,https://www.cohesiveinsure.com/marketing-review/20260919/deep-scan/images/8aee1b6591dd8c14.jpg,[],[],{}
120251080708650660,CT Themes 20260913 | pool__a9__cta1__cream__image0__v1,120251080549940660,120251080701390660,PAUSED,PAUSED,2026-09-12T22:22:49-0400,2026-09-12T22:29:03-0400,static image,Pool builders - insurance quotes,"Pool builder insurance: take 2 minutes to request a quote and see whether we can improve your current rate.

Get your business insurance quote.",,GET_QUOTE,https://www.cohesiveinsure.com/contractor-test?industry=pool&angle=coi&creative_variant=pool__a9__cta1__cream__image0__v1&creative_angle=Two-minute%20request,utm_source=facebook&utm_medium=paid&utm_campaign={{campaign.name}}&utm_content={{ad.name}}&utm_term={{adset.name}}&ad_id={{ad.id}}&adset_id={{adset.id}}&campaign_id={{campaign.id}},Current code: 2026-09-18-trade-v5; historical versions differ,pool__coi__{step|long}__v1 (layout assigned at visit),pool__a9__cta1__cream__image0__v1,images/46603b52cebef18e.jpg,1618383003274366,0,0,0,,,,0,0,0,0,,,,Pool,2026-09-13 to 2026-09-18,0.0,0,No delivery through Sep18,"O: observed session IDs, not verified people; C: reconciled completed intakes, including returns; V: form versions changed Sep18",AD,CT Themes 20260913 | pool__quick,CT Themes 20260913 | pool,0,,,False,0.0,0,https://www.cohesiveinsure.com/marketing-review/20260919/deep-scan/images/46603b52cebef18e.jpg,[],[],{}
120251080708980660,CT Themes 20260913 | pool__a9__cta1__cream__image1__v1,120251080549940660,120251080701390660,PAUSED,PAUSED,2026-09-12T22:22:50-0400,2026-09-12T22:29:12-0400,static image,Pool builders - insurance quotes,"Pool builder insurance: take 2 minutes to request a quote and see whether we can improve your current rate.

Get your business insurance quote.",,GET_QUOTE,https://www.cohesiveinsure.com/contractor-test?industry=pool&angle=coi&creative_variant=pool__a9__cta1__cream__image1__v1&creative_angle=Two-minute%20request,utm_source=facebook&utm_medium=paid&utm_campaign={{campaign.name}}&utm_content={{ad.name}}&utm_term={{adset.name}}&ad_id={{ad.id}}&adset_id={{adset.id}}&campaign_id={{campaign.id}},Current code: 2026-09-18-trade-v5; historical versions differ,pool__coi__{step|long}__v1 (layout assigned at visit),pool__a9__cta1__cream__image1__v1,images/3846e7d144b0c610.jpg,1128523429553261,0,0,0,,,,0,0,0,0,,,,Pool,2026-09-13 to 2026-09-18,0.0,0,No delivery through Sep18,"O: observed session IDs, not verified people; C: reconciled completed intakes, including returns; V: form versions changed Sep18",AD,CT Themes 20260913 | pool__quick,CT Themes 20260913 | pool,0,,,False,0.0,0,https://www.cohesiveinsure.com/marketing-review/20260919/deep-scan/images/3846e7d144b0c610.jpg,[],[],{}
120251080710660660,CT Themes 20260913 | pool__a9__cta1__cream__image3__v1,120251080549940660,120251080701390660,PAUSED,PAUSED,2026-09-12T22:22:55-0400,2026-09-12T22:30:19-0400,static image,Pool builders - insurance quotes,"Pool builder insurance: take 2 minutes to request a quote and see whether we can improve your current rate.

Get your business insurance quote.",,GET_QUOTE,https://www.cohesiveinsure.com/contractor-test?industry=pool&angle=coi&creative_variant=pool__a9__cta1__cream__image3__v1&creative_angle=Two-minute%20request,utm_source=facebook&utm_medium=paid&utm_campaign={{campaign.name}}&utm_content={{ad.name}}&utm_term={{adset.name}}&ad_id={{ad.id}}&adset_id={{adset.id}}&campaign_id={{campaign.id}},Current code: 2026-09-18-trade-v5; historical versions differ,pool__coi__{step|long}__v1 (layout assigned at visit),pool__a9__cta1__cream__image3__v1,images/503a0614f5a29f80.jpg,1520676666478532,0,0,0,,,,0,0,0,0,,,,Pool,2026-09-13 to 2026-09-18,0.0,0,No delivery through Sep18,"O: observed session IDs, not verified people; C: reconciled completed intakes, including returns; V: form versions changed Sep18",AD,CT Themes 20260913 | pool__quick,CT Themes 20260913 | pool,0,,,False,0.0,0,https://www.cohesiveinsure.com/marketing-review/20260919/deep-scan/images/503a0614f5a29f80.jpg,[],[],{}
120251080710690660,CT Themes 20260913 | pool__a9__cta1__cream__image2__v1,120251080549940660,120251080701390660,PAUSED,PAUSED,2026-09-12T22:22:56-0400,2026-09-12T22:30:24-0400,static image,Pool builders - insurance quotes,"Pool builder insurance: take 2 minutes to request a quote and see whether we can improve your current rate.

Get your business insurance quote.",,GET_QUOTE,https://www.cohesiveinsure.com/contractor-test?industry=pool&angle=coi&creative_variant=pool__a9__cta1__cream__image2__v1&creative_angle=Two-minute%20request,utm_source=facebook&utm_medium=paid&utm_campaign={{campaign.name}}&utm_content={{ad.name}}&utm_term={{adset.name}}&ad_id={{ad.id}}&adset_id={{adset.id}}&campaign_id={{campaign.id}},Current code: 2026-09-18-trade-v5; historical versions differ,pool__coi__{step|long}__v1 (layout assigned at visit),pool__a9__cta1__cream__image2__v1,images/52a152ff5f94b229.jpg,1105494365500710,0,0,0,,,,0,0,0,0,,,,Pool,2026-09-13 to 2026-09-18,0.0,0,No delivery through Sep18,"O: observed session IDs, not verified people; C: reconciled completed intakes, including returns; V: form versions changed Sep18",AD,CT Themes 20260913 | pool__quick,CT Themes 20260913 | pool,0,,,False,0.0,0,https://www.cohesiveinsure.com/marketing-review/20260919/deep-scan/images/52a152ff5f94b229.jpg,[],[],{}
120251080716090660,CT Themes 20260913 | pool__a9__cta1__navy__image0__v1,120251080549940660,120251080701390660,PAUSED,PAUSED,2026-09-12T22:23:13-0400,2026-09-12T22:30:23-0400,static image,Pool builders - insurance quotes,"Pool builder insurance: take 2 minutes to request a quote and see whether we can improve your current rate.

Get your business insurance quote.",,GET_QUOTE,https://www.cohesiveinsure.com/contractor-test?industry=pool&angle=coi&creative_variant=pool__a9__cta1__navy__image0__v1&creative_angle=Two-minute%20request,utm_source=facebook&utm_medium=paid&utm_campaign={{campaign.name}}&utm_content={{ad.name}}&utm_term={{adset.name}}&ad_id={{ad.id}}&adset_id={{adset.id}}&campaign_id={{campaign.id}},Current code: 2026-09-18-trade-v5; historical versions differ,pool__coi__{step|long}__v1 (layout assigned at visit),pool__a9__cta1__navy__image0__v1,images/b517ac1800f33eaa.jpg,2289225871902920,0,0,0,,,,0,0,0,0,,,,Pool,2026-09-13 to 2026-09-18,0.0,0,No delivery through Sep18,"O: observed session IDs, not verified people; C: reconciled completed intakes, including returns; V: form versions changed Sep18",AD,CT Themes 20260913 | pool__quick,CT Themes 20260913 | pool,0,,,False,0.0,0,https://www.cohesiveinsure.com/marketing-review/20260919/deep-scan/images/b517ac1800f33eaa.jpg,[],[],{}
120251080716740660,CT Themes 20260913 | pool__a9__cta1__navy__image1__v1,120251080549940660,120251080701390660,PAUSED,PAUSED,2026-09-12T22:23:16-0400,2026-09-12T22:28:47-0400,static image,Pool builders - insurance quotes,"Pool builder insurance: take 2 minutes to request a quote and see whether we can improve your current rate.

Get your business insurance quote.",,GET_QUOTE,https://www.cohesiveinsure.com/contractor-test?industry=pool&angle=coi&creative_variant=pool__a9__cta1__navy__image1__v1&creative_angle=Two-minute%20request,utm_source=facebook&utm_medium=paid&utm_campaign={{campaign.name}}&utm_content={{ad.name}}&utm_term={{adset.name}}&ad_id={{ad.id}}&adset_id={{adset.id}}&campaign_id={{campaign.id}},Current code: 2026-09-18-trade-v5; historical versions differ,pool__coi__{step|long}__v1 (layout assigned at visit),pool__a9__cta1__navy__image1__v1,images/0172819979da0a0a.jpg,1412836317446367,0,0,0,,,,0,0,0,0,,,,Pool,2026-09-13 to 2026-09-18,0.0,0,No delivery through Sep18,"O: observed session IDs, not verified people; C: reconciled completed intakes, including returns; V: form versions changed Sep18",AD,CT Themes 20260913 | pool__quick,CT Themes 20260913 | pool,0,,,False,0.0,0,https://www.cohesiveinsure.com/marketing-review/20260919/deep-scan/images/0172819979da0a0a.jpg,[],[],{}
120251080717360660,CT Themes 20260913 | pool__a9__cta1__navy__image2__v1,120251080549940660,120251080701390660,PAUSED,PAUSED,2026-09-12T22:23:20-0400,2026-09-12T22:53:23-0400,static image,Pool builders - insurance quotes,"Pool builder insurance: take 2 minutes to request a quote and see whether we can improve your current rate.

Get your business insurance quote.",,GET_QUOTE,https://www.cohesiveinsure.com/contractor-test?industry=pool&angle=coi&creative_variant=pool__a9__cta1__navy__image2__v1&creative_angle=Two-minute%20request,utm_source=facebook&utm_medium=paid&utm_campaign={{campaign.name}}&utm_content={{ad.name}}&utm_term={{adset.name}}&ad_id={{ad.id}}&adset_id={{adset.id}}&campaign_id={{campaign.id}},Current code: 2026-09-18-trade-v5; historical versions differ,pool__coi__{step|long}__v1 (layout assigned at visit),pool__a9__cta1__navy__image2__v1,images/3bb462a8fc1dca65.jpg,4527986560817848,0,0,0,,,,0,0,0,0,,,,Pool,2026-09-13 to 2026-09-18,0.0,0,No delivery through Sep18,"O: observed session IDs, not verified people; C: reconciled completed intakes, including returns; V: form versions changed Sep18",AD,CT Themes 20260913 | pool__quick,CT Themes 20260913 | pool,0,,,False,0.0,0,https://www.cohesiveinsure.com/marketing-review/20260919/deep-scan/images/3bb462a8fc1dca65.jpg,[],[],{}
120251080717950660,CT Themes 20260913 | pool__a9__cta1__navy__image3__v1,120251080549940660,120251080701390660,PAUSED,PAUSED,2026-09-12T22:23:22-0400,2026-09-12T22:28:47-0400,static image,Pool builders - insurance quotes,"Pool builder insurance: take 2 minutes to request a quote and see whether we can improve your current rate.

Get your business insurance quote.",,GET_QUOTE,https://www.cohesiveinsure.com/contractor-test?industry=pool&angle=coi&creative_variant=pool__a9__cta1__navy__image3__v1&creative_angle=Two-minute%20request,utm_source=facebook&utm_medium=paid&utm_campaign={{campaign.name}}&utm_content={{ad.name}}&utm_term={{adset.name}}&ad_id={{ad.id}}&adset_id={{adset.id}}&campaign_id={{campaign.id}},Current code: 2026-09-18-trade-v5; historical versions differ,pool__coi__{step|long}__v1 (layout assigned at visit),pool__a9__cta1__navy__image3__v1,images/716df136906edbdd.jpg,1096148822991928,0,0,0,,,,0,0,0,0,,,,Pool,2026-09-13 to 2026-09-18,0.0,0,No delivery through Sep18,"O: observed session IDs, not verified people; C: reconciled completed intakes, including returns; V: form versions changed Sep18",AD,CT Themes 20260913 | pool__quick,CT Themes 20260913 | pool,0,,,False,0.0,0,https://www.cohesiveinsure.com/marketing-review/20260919/deep-scan/images/716df136906edbdd.jpg,[],[],{}
120251080720480660,CT Themes 20260913 | pool__a9__cta2__cream__image0__v1,120251080549940660,120251080701390660,PAUSED,PAUSED,2026-09-12T22:23:40-0400,2026-09-12T22:32:02-0400,static image,Pool builders - insurance quotes,"Pool builder insurance: take 2 minutes to request a quote and see whether we can improve your current rate.

Compare your current rate.",,GET_QUOTE,https://www.cohesiveinsure.com/contractor-test?industry=pool&angle=coi&creative_variant=pool__a9__cta2__cream__image0__v1&creative_angle=Two-minute%20request,utm_source=facebook&utm_medium=paid&utm_campaign={{campaign.name}}&utm_content={{ad.name}}&utm_term={{adset.name}}&ad_id={{ad.id}}&adset_id={{adset.id}}&campaign_id={{campaign.id}},Current code: 2026-09-18-trade-v5; historical versions differ,pool__coi__{step|long}__v1 (layout assigned at visit),pool__a9__cta2__cream__image0__v1,images/8d673f4e7b98d4a7.jpg,1620471109450876,0,0,0,,,,0,0,0,0,,,,Pool,2026-09-13 to 2026-09-18,0.0,0,No delivery through Sep18,"O: observed session IDs, not verified people; C: reconciled completed intakes, including returns; V: form versions changed Sep18",AD,CT Themes 20260913 | pool__quick,CT Themes 20260913 | pool,0,,,False,0.0,0,https://www.cohesiveinsure.com/marketing-review/20260919/deep-scan/images/8d673f4e7b98d4a7.jpg,[],[],{}
120251080720710660,CT Themes 20260913 | pool__a9__cta2__cream__image1__v1,120251080549940660,120251080701390660,PAUSED,PAUSED,2026-09-12T22:23:41-0400,2026-09-12T22:30:40-0400,static image,Pool builders - insurance quotes,"Pool builder insurance: take 2 minutes to request a quote and see whether we can improve your current rate.

Compare your current rate.",,GET_QUOTE,https://www.cohesiveinsure.com/contractor-test?industry=pool&angle=coi&creative_variant=pool__a9__cta2__cream__image1__v1&creative_angle=Two-minute%20request,utm_source=facebook&utm_medium=paid&utm_campaign={{campaign.name}}&utm_content={{ad.name}}&utm_term={{adset.name}}&ad_id={{ad.id}}&adset_id={{adset.id}}&campaign_id={{campaign.id}},Current code: 2026-09-18-trade-v5; historical versions differ,pool__coi__{step|long}__v1 (layout assigned at visit),pool__a9__cta2__cream__image1__v1,images/552dbc5a8dabcfeb.jpg,2647289522371843,0,0,0,,,,0,0,0,0,,,,Pool,2026-09-13 to 2026-09-18,0.0,0,No delivery through Sep18,"O: observed session IDs, not verified people; C: reconciled completed intakes, including returns; V: form versions changed Sep18",AD,CT Themes 20260913 | pool__quick,CT Themes 20260913 | pool,0,,,False,0.0,0,https://www.cohesiveinsure.com/marketing-review/20260919/deep-scan/images/552dbc5a8dabcfeb.jpg,[],[],{}
120251080721010660,CT Themes 20260913 | pool__a9__cta2__cream__image2__v1,120251080549940660,120251080701390660,PAUSED,PAUSED,2026-09-12T22:23:45-0400,2026-09-12T22:30:25-0400,static image,Pool builders - insurance quotes,"Pool builder insurance: take 2 minutes to request a quote and see whether we can improve your current rate.

Compare your current rate.",,GET_QUOTE,https://www.cohesiveinsure.com/contractor-test?industry=pool&angle=coi&creative_variant=pool__a9__cta2__cream__image2__v1&creative_angle=Two-minute%20request,utm_source=facebook&utm_medium=paid&utm_campaign={{campaign.name}}&utm_content={{ad.name}}&utm_term={{adset.name}}&ad_id={{ad.id}}&adset_id={{adset.id}}&campaign_id={{campaign.id}},Current code: 2026-09-18-trade-v5; historical versions differ,pool__coi__{step|long}__v1 (layout assigned at visit),pool__a9__cta2__cream__image2__v1,images/903ce61164d6b764.jpg,1436788238324344,0,0,0,,,,0,0,0,0,,,,Pool,2026-09-13 to 2026-09-18,0.0,0,No delivery through Sep18,"O: observed session IDs, not verified people; C: reconciled completed intakes, including returns; V: form versions changed Sep18",AD,CT Themes 20260913 | pool__quick,CT Themes 20260913 | pool,0,,,False,0.0,0,https://www.cohesiveinsure.com/marketing-review/20260919/deep-scan/images/903ce61164d6b764.jpg,[],[],{}
120251080721530660,CT Themes 20260913 | pool__a9__cta2__cream__image3__v1,120251080549940660,120251080701390660,PAUSED,PAUSED,2026-09-12T22:23:50-0400,2026-09-12T22:31:53-0400,static image,Pool builders - insurance quotes,"Pool builder insurance: take 2 minutes to request a quote and see whether we can improve your current rate.

Compare your current rate.",,GET_QUOTE,https://www.cohesiveinsure.com/contractor-test?industry=pool&angle=coi&creative_variant=pool__a9__cta2__cream__image3__v1&creative_angle=Two-minute%20request,utm_source=facebook&utm_medium=paid&utm_campaign={{campaign.name}}&utm_content={{ad.name}}&utm_term={{adset.name}}&ad_id={{ad.id}}&adset_id={{adset.id}}&campaign_id={{campaign.id}},Current code: 2026-09-18-trade-v5; historical versions differ,pool__coi__{step|long}__v1 (layout assigned at visit),pool__a9__cta2__cream__image3__v1,images/57e1c86dbd765d01.jpg,1964422827554752,0,0,0,,,,0,0,0,0,,,,Pool,2026-09-13 to 2026-09-18,0.0,0,No delivery through Sep18,"O: observed session IDs, not verified people; C: reconciled completed intakes, including returns; V: form versions changed Sep18",AD,CT Themes 20260913 | pool__quick,CT Themes 20260913 | pool,0,,,False,0.0,0,https://www.cohesiveinsure.com/marketing-review/20260919/deep-scan/images/57e1c86dbd765d01.jpg,[],[],{}
120251080723160660,CT Themes 20260913 | pool__a9__cta2__navy__image0__v1,120251080549940660,120251080701390660,PAUSED,PAUSED,2026-09-12T22:24:05-0400,2026-09-12T22:32:29-0400,static image,Pool builders - insurance quotes,"Pool builder insurance: take 2 minutes to request a quote and see whether we can improve your current rate.

Compare your current rate.",,GET_QUOTE,https://www.cohesiveinsure.com/contractor-test?industry=pool&angle=coi&creative_variant=pool__a9__cta2__navy__image0__v1&creative_angle=Two-minute%20request,utm_source=facebook&utm_medium=paid&utm_campaign={{campaign.name}}&utm_content={{ad.name}}&utm_term={{adset.name}}&ad_id={{ad.id}}&adset_id={{adset.id}}&campaign_id={{campaign.id}},Current code: 2026-09-18-trade-v5; historical versions differ,pool__coi__{step|long}__v1 (layout assigned at visit),pool__a9__cta2__navy__image0__v1,images/f2c1de629f44b96b.jpg,1109608484823417,0,0,0,,,,0,0,0,0,,,,Pool,2026-09-13 to 2026-09-18,0.0,0,No delivery through Sep18,"O: observed session IDs, not verified people; C: reconciled completed intakes, including returns; V: form versions changed Sep18",AD,CT Themes 20260913 | pool__quick,CT Themes 20260913 | pool,0,,,False,0.0,0,https://www.cohesiveinsure.com/marketing-review/20260919/deep-scan/images/f2c1de629f44b96b.jpg,[],[],{}
120251080723410660,CT Themes 20260913 | pool__a9__cta2__navy__image1__v1,120251080549940660,120251080701390660,PAUSED,PAUSED,2026-09-12T22:24:09-0400,2026-09-12T22:32:40-0400,static image,Pool builders - insurance quotes,"Pool builder insurance: take 2 minutes to request a quote and see whether we can improve your current rate.

Compare your current rate.",,GET_QUOTE,https://www.cohesiveinsure.com/contractor-test?industry=pool&angle=coi&creative_variant=pool__a9__cta2__navy__image1__v1&creative_angle=Two-minute%20request,utm_source=facebook&utm_medium=paid&utm_campaign={{campaign.name}}&utm_content={{ad.name}}&utm_term={{adset.name}}&ad_id={{ad.id}}&adset_id={{adset.id}}&campaign_id={{campaign.id}},Current code: 2026-09-18-trade-v5; historical versions differ,pool__coi__{step|long}__v1 (layout assigned at visit),pool__a9__cta2__navy__image1__v1,images/1c89b59a1d34ab19.jpg,4291288804457457,0,0,0,,,,0,0,0,0,,,,Pool,2026-09-13 to 2026-09-18,0.0,0,No delivery through Sep18,"O: observed session IDs, not verified people; C: reconciled completed intakes, including returns; V: form versions changed Sep18",AD,CT Themes 20260913 | pool__quick,CT Themes 20260913 | pool,0,,,False,0.0,0,https://www.cohesiveinsure.com/marketing-review/20260919/deep-scan/images/1c89b59a1d34ab19.jpg,[],[],{}
120251080723880660,CT Themes 20260913 | pool__a9__cta2__navy__image2__v1,120251080549940660,120251080701390660,PAUSED,PAUSED,2026-09-12T22:24:11-0400,2026-09-12T22:32:04-0400,static image,Pool builders - insurance quotes,"Pool builder insurance: take 2 minutes to request a quote and see whether we can improve your current rate.

Compare your current rate.",,GET_QUOTE,https://www.cohesiveinsure.com/contractor-test?industry=pool&angle=coi&creative_variant=pool__a9__cta2__navy__image2__v1&creative_angle=Two-minute%20request,utm_source=facebook&utm_medium=paid&utm_campaign={{campaign.name}}&utm_content={{ad.name}}&utm_term={{adset.name}}&ad_id={{ad.id}}&adset_id={{adset.id}}&campaign_id={{campaign.id}},Current code: 2026-09-18-trade-v5; historical versions differ,pool__coi__{step|long}__v1 (layout assigned at visit),pool__a9__cta2__navy__image2__v1,images/c757e1c4aca8e48a.jpg,1388983089435397,0,0,0,,,,0,0,0,0,,,,Pool,2026-09-13 to 2026-09-18,0.0,0,No delivery through Sep18,"O: observed session IDs, not verified people; C: reconciled completed intakes, including returns; V: form versions changed Sep18",AD,CT Themes 20260913 | pool__quick,CT Themes 20260913 | pool,0,,,False,0.0,0,https://www.cohesiveinsure.com/marketing-review/20260919/deep-scan/images/c757e1c4aca8e48a.jpg,[],[],{}
120251080724240660,CT Themes 20260913 | pool__a9__cta2__navy__image3__v1,120251080549940660,120251080701390660,PAUSED,PAUSED,2026-09-12T22:24:15-0400,2026-09-12T22:32:37-0400,static image,Pool builders - insurance quotes,"Pool builder insurance: take 2 minutes to request a quote and see whether we can improve your current rate.

Compare your current rate.",,GET_QUOTE,https://www.cohesiveinsure.com/contractor-test?industry=pool&angle=coi&creative_variant=pool__a9__cta2__navy__image3__v1&creative_angle=Two-minute%20request,utm_source=facebook&utm_medium=paid&utm_campaign={{campaign.name}}&utm_content={{ad.name}}&utm_term={{adset.name}}&ad_id={{ad.id}}&adset_id={{adset.id}}&campaign_id={{campaign.id}},Current code: 2026-09-18-trade-v5; historical versions differ,pool__coi__{step|long}__v1 (layout assigned at visit),pool__a9__cta2__navy__image3__v1,images/20cb496045502c10.jpg,1765807894657182,0,0,0,,,,0,0,0,0,,,,Pool,2026-09-13 to 2026-09-18,0.0,0,No delivery through Sep18,"O: observed session IDs, not verified people; C: reconciled completed intakes, including returns; V: form versions changed Sep18",AD,CT Themes 20260913 | pool__quick,CT Themes 20260913 | pool,0,,,False,0.0,0,https://www.cohesiveinsure.com/marketing-review/20260919/deep-scan/images/20cb496045502c10.jpg,[],[],{}
120251081774840660,CT User Video | pool__best__silent-savings__cta2__uv1,120251080549940660,120251081772950660,ACTIVE,ACTIVE,2026-09-12T23:40:36-0400,2026-09-13T00:24:02-0400,video (poster shown),Pool builders - business insurance,"Pool builders: looking for the cheapest insurance with the best coverage for your business? Let us shop your options.

Compare price and coverage.",,GET_QUOTE,https://www.cohesiveinsure.com/contractor-test?industry=pool&angle=coi&creative_variant=pool__best__silent-savings__cta2__uv1&creative_angle=price,utm_source=facebook&utm_medium=paid&utm_campaign={{campaign.name}}&utm_content={{ad.name}}&utm_term={{adset.name}}&ad_id={{ad.id}}&adset_id={{adset.id}}&campaign_id={{campaign.id}},Current code: 2026-09-18-trade-v5; historical versions differ,pool__coi__{step|long}__v1 (layout assigned at visit),pool__best__silent-savings__cta2__uv1,images/03e7ddade67473e7.jpg,1413367400920234,70.1,1094,42,64.08,3.839,1.67,0,0,0,42,,,,Pool,2026-09-13 to 2026-09-18,3.61,91.98,Delivery without confirmed completion,"O: observed session IDs, not verified people; C: reconciled completed intakes, including returns; V: form versions changed Sep18",AD,CT Themes 20260913 | pool__user_video,CT Themes 20260913 | pool,6,2026-09-13,2026-09-18,True,0.09,5,https://www.cohesiveinsure.com/marketing-review/20260919/deep-scan/images/03e7ddade67473e7.jpg,"[{""action_type"": ""link_click"", ""value"": ""42""}, {""action_type"": ""post_reaction"", ""value"": ""2""}, {""action_type"": ""landing_page_view"", ""value"": ""41""}, {""action_type"": ""omni_landing_page_view"", ""value"": ""41""}, {""action_type"": ""post_engagement"", ""value"": ""525""}, {""action_type"": ""post_interaction_gross"", ""value"": ""2""}, {""action_type"": ""page_engagement"", ""value"": ""525""}, {""action_type"": ""post_interaction_net"", ""value"": ""2""}, {""action_type"": ""onsite_conversion.post_net_like"", ""value"": ""2""}, {""action_type"": ""video_view"", ""value"": ""481""}]",[],{}
120251081774360660,CT User Video | pool__best__contractor-quote__cta2__uv1,120251080549940660,120251081772950660,ACTIVE,ACTIVE,2026-09-12T23:40:31-0400,2026-09-13T00:23:59-0400,video (poster shown),Pool builders - business insurance,"Pool builders: looking for the cheapest insurance with the best coverage for your business? Let us shop your options.

Compare price and coverage.",,GET_QUOTE,https://www.cohesiveinsure.com/contractor-test?industry=pool&angle=coi&creative_variant=pool__best__contractor-quote__cta2__uv1&creative_angle=price,utm_source=facebook&utm_medium=paid&utm_campaign={{campaign.name}}&utm_content={{ad.name}}&utm_term={{adset.name}}&ad_id={{ad.id}}&adset_id={{adset.id}}&campaign_id={{campaign.id}},Current code: 2026-09-18-trade-v5; historical versions differ,pool__coi__{step|long}__v1 (layout assigned at visit),pool__best__contractor-quote__cta2__uv1,images/db4589e4b2f65e65.jpg,2083418459205427,3.58,42,0,85.24,0.0,,0,0,0,0,,,,Pool,2026-09-13 to 2026-09-18,0.18,4.7,Delivery without confirmed completion,"O: observed session IDs, not verified people; C: reconciled completed intakes, including returns; V: form versions changed Sep18",AD,CT Themes 20260913 | pool__user_video,CT Themes 20260913 | pool,4,2026-09-13,2026-09-17,True,0.0,0,https://www.cohesiveinsure.com/marketing-review/20260919/deep-scan/images/db4589e4b2f65e65.jpg,"[{""action_type"": ""post_engagement"", ""value"": ""9""}, {""action_type"": ""page_engagement"", ""value"": ""9""}, {""action_type"": ""video_view"", ""value"": ""9""}]",[],{}
120251081773670660,CT User Video | pool__rate__avatar__cta1__uv1,120251080549940660,120251081772950660,ACTIVE,ACTIVE,2026-09-12T23:40:27-0400,2026-09-13T00:23:57-0400,video (poster shown),Pool builders - business insurance,"Pool builders: paying too much for business insurance? Get a quote and compare your current rate.

Get my quote.",,GET_QUOTE,https://www.cohesiveinsure.com/contractor-test?industry=pool&angle=coi&creative_variant=pool__rate__avatar__cta1__uv1&creative_angle=price,utm_source=facebook&utm_medium=paid&utm_campaign={{campaign.name}}&utm_content={{ad.name}}&utm_term={{adset.name}}&ad_id={{ad.id}}&adset_id={{adset.id}}&campaign_id={{campaign.id}},Current code: 2026-09-18-trade-v5; historical versions differ,pool__coi__{step|long}__v1 (layout assigned at visit),pool__rate__avatar__cta1__uv1,images/1ea6876cfc625b14.jpg,1544430013676518,2.53,43,1,58.84,2.326,2.53,0,0,0,1,,,,Pool,2026-09-13 to 2026-09-18,0.13,3.32,Delivery without confirmed completion,"O: observed session IDs, not verified people; C: reconciled completed intakes, including returns; V: form versions changed Sep18",AD,CT Themes 20260913 | pool__user_video,CT Themes 20260913 | pool,4,2026-09-13,2026-09-16,True,0.0,0,https://www.cohesiveinsure.com/marketing-review/20260919/deep-scan/images/1ea6876cfc625b14.jpg,"[{""action_type"": ""link_click"", ""value"": ""1""}, {""action_type"": ""post_engagement"", ""value"": ""7""}, {""action_type"": ""page_engagement"", ""value"": ""7""}, {""action_type"": ""video_view"", ""value"": ""6""}]",[],{}
120251082230790660,CT People r2 | pool__monthly__man_or_crew_1__cta1__r2,120251080549940660,120251082229630660,ACTIVE,ACTIVE,2026-09-13T01:22:55-0400,2026-09-13T11:25:48-0400,static image,Pool builder insurance,"Pool builders: business insurance from $39/month. Get a quote for your business.

Get my quote.",,GET_QUOTE,https://www.cohesiveinsure.com/contractor-test?industry=pool&angle=coi&creative_variant=pool__monthly__man_or_crew_1__cta1__r2&creative_angle=monthly&creative_visual=man_or_crew_1&creative_cta=Get+my+quote,utm_source=facebook&utm_medium=paid&utm_campaign={{campaign.name}}&utm_content={{ad.name}}&utm_term={{adset.name}}&ad_id={{ad.id}}&adset_id={{adset.id}}&campaign_id={{campaign.id}},Current code: 2026-09-18-trade-v5; historical versions differ,pool__coi__{step|long}__v1 (layout assigned at visit),pool__monthly__man_or_crew_1__cta1__r2,images/cb4d7d9b3f375a1d.jpg,1615919126928654,32.28,766,4,42.14,0.522,8.07,0,0,0,4,,,,Pool,2026-09-13 to 2026-09-18,1.66,75.88,Delivery without confirmed completion,"O: observed session IDs, not verified people; C: reconciled completed intakes, including returns; V: form versions changed Sep18",AD,CT People r2 | pool__monthly,CT Themes 20260913 | pool,6,2026-09-13,2026-09-18,True,1.01,19,https://www.cohesiveinsure.com/marketing-review/20260919/deep-scan/images/cb4d7d9b3f375a1d.jpg,"[{""action_type"": ""link_click"", ""value"": ""4""}, {""action_type"": ""landing_page_view"", ""value"": ""4""}, {""action_type"": ""omni_landing_page_view"", ""value"": ""4""}, {""action_type"": ""post_engagement"", ""value"": ""4""}, {""action_type"": ""page_engagement"", ""value"": ""4""}]",[],{}
120251082231010660,CT People r2 | pool__monthly__man_or_crew_1__cta2__r2,120251080549940660,120251082229630660,ACTIVE,ACTIVE,2026-09-13T01:23:01-0400,2026-09-13T11:25:49-0400,static image,Pool builder insurance,"Pool builders: business insurance from $39/month. Get a quote for your business.

Compare my rate.",,GET_QUOTE,https://www.cohesiveinsure.com/contractor-test?industry=pool&angle=coi&creative_variant=pool__monthly__man_or_crew_1__cta2__r2&creative_angle=monthly&creative_visual=man_or_crew_1&creative_cta=Compare+my+rate,utm_source=facebook&utm_medium=paid&utm_campaign={{campaign.name}}&utm_content={{ad.name}}&utm_term={{adset.name}}&ad_id={{ad.id}}&adset_id={{adset.id}}&campaign_id={{campaign.id}},Current code: 2026-09-18-trade-v5; historical versions differ,pool__coi__{step|long}__v1 (layout assigned at visit),pool__monthly__man_or_crew_1__cta2__r2,images/bd0d1910c2ae949d.jpg,980806018364889,5.33,145,0,36.76,0.0,,0,0,0,0,,,,Pool,2026-09-13 to 2026-09-18,0.27,12.53,Delivery without confirmed completion,"O: observed session IDs, not verified people; C: reconciled completed intakes, including returns; V: form versions changed Sep18",AD,CT People r2 | pool__monthly,CT Themes 20260913 | pool,4,2026-09-13,2026-09-18,True,0.27,5,https://www.cohesiveinsure.com/marketing-review/20260919/deep-scan/images/bd0d1910c2ae949d.jpg,[],[],{}
120251082231970660,CT People r2 | pool__monthly__man_or_crew_2__cta2__r2,120251080549940660,120251082229630660,ACTIVE,ACTIVE,2026-09-13T01:23:14-0400,2026-09-13T11:25:53-0400,static image,Pool builder insurance,"Pool builders: business insurance from $39/month. Get a quote for your business.

Compare my rate.",,GET_QUOTE,https://www.cohesiveinsure.com/contractor-test?industry=pool&angle=coi&creative_variant=pool__monthly__man_or_crew_2__cta2__r2&creative_angle=monthly&creative_visual=man_or_crew_2&creative_cta=Compare+my+rate,utm_source=facebook&utm_medium=paid&utm_campaign={{campaign.name}}&utm_content={{ad.name}}&utm_term={{adset.name}}&ad_id={{ad.id}}&adset_id={{adset.id}}&campaign_id={{campaign.id}},Current code: 2026-09-18-trade-v5; historical versions differ,pool__coi__{step|long}__v1 (layout assigned at visit),pool__monthly__man_or_crew_2__cta2__r2,images/46300f129e5af1ff.jpg,1838417623819927,1.94,31,0,62.58,0.0,,0,0,0,0,,,,Pool,2026-09-13 to 2026-09-18,0.1,4.56,Delivery without confirmed completion,"O: observed session IDs, not verified people; C: reconciled completed intakes, including returns; V: form versions changed Sep18",AD,CT People r2 | pool__monthly,CT Themes 20260913 | pool,4,2026-09-13,2026-09-17,True,0.0,0,https://www.cohesiveinsure.com/marketing-review/20260919/deep-scan/images/46300f129e5af1ff.jpg,[],[],{}
120251082231240660,CT People r2 | pool__monthly__man_or_crew_2__cta1__r2,120251080549940660,120251082229630660,ACTIVE,ACTIVE,2026-09-13T01:23:08-0400,2026-09-13T11:25:53-0400,static image,Pool builder insurance,"Pool builders: business insurance from $39/month. Get a quote for your business.

Get my quote.",,GET_QUOTE,https://www.cohesiveinsure.com/contractor-test?industry=pool&angle=coi&creative_variant=pool__monthly__man_or_crew_2__cta1__r2&creative_angle=monthly&creative_visual=man_or_crew_2&creative_cta=Get+my+quote,utm_source=facebook&utm_medium=paid&utm_campaign={{campaign.name}}&utm_content={{ad.name}}&utm_term={{adset.name}}&ad_id={{ad.id}}&adset_id={{adset.id}}&campaign_id={{campaign.id}},Current code: 2026-09-18-trade-v5; historical versions differ,pool__coi__{step|long}__v1 (layout assigned at visit),pool__monthly__man_or_crew_2__cta1__r2,images/82fc4c0c0a4d62e1.jpg,2878447875858308,1.73,26,0,66.54,0.0,,0,0,0,0,,,,Pool,2026-09-13 to 2026-09-18,0.09,4.07,Delivery without confirmed completion,"O: observed session IDs, not verified people; C: reconciled completed intakes, including returns; V: form versions changed Sep18",AD,CT People r2 | pool__monthly,CT Themes 20260913 | pool,3,2026-09-13,2026-09-17,True,0.0,0,https://www.cohesiveinsure.com/marketing-review/20260919/deep-scan/images/82fc4c0c0a4d62e1.jpg,[],[],{}
120251082230300660,CT People r2 | pool__monthly__woman_1__cta1__r2,120251080549940660,120251082229630660,ACTIVE,ACTIVE,2026-09-13T01:22:43-0400,2026-09-13T11:25:43-0400,static image,Pool builder insurance,"Pool builders: business insurance from $39/month. Get a quote for your business.

Get my quote.",,GET_QUOTE,https://www.cohesiveinsure.com/contractor-test?industry=pool&angle=coi&creative_variant=pool__monthly__woman_1__cta1__r2&creative_angle=monthly&creative_visual=woman_1&creative_cta=Get+my+quote,utm_source=facebook&utm_medium=paid&utm_campaign={{campaign.name}}&utm_content={{ad.name}}&utm_term={{adset.name}}&ad_id={{ad.id}}&adset_id={{adset.id}}&campaign_id={{campaign.id}},Current code: 2026-09-18-trade-v5; historical versions differ,pool__coi__{step|long}__v1 (layout assigned at visit),pool__monthly__woman_1__cta1__r2,images/2ad4312fc28ed37e.jpg,2232068594024700,0.81,22,0,36.82,0.0,,0,0,0,0,,,,Pool,2026-09-13 to 2026-09-18,0.04,1.9,Delivery without confirmed completion,"O: observed session IDs, not verified people; C: reconciled completed intakes, including returns; V: form versions changed Sep18",AD,CT People r2 | pool__monthly,CT Themes 20260913 | pool,5,2026-09-13,2026-09-18,True,0.0,0,https://www.cohesiveinsure.com/marketing-review/20260919/deep-scan/images/2ad4312fc28ed37e.jpg,[],[],{}
120251082230630660,CT People r2 | pool__monthly__woman_1__cta2__r2,120251080549940660,120251082229630660,ACTIVE,ACTIVE,2026-09-13T01:22:49-0400,2026-09-13T11:25:46-0400,static image,Pool builder insurance,"Pool builders: business insurance from $39/month. Get a quote for your business.

Compare my rate.",,GET_QUOTE,https://www.cohesiveinsure.com/contractor-test?industry=pool&angle=coi&creative_variant=pool__monthly__woman_1__cta2__r2&creative_angle=monthly&creative_visual=woman_1&creative_cta=Compare+my+rate,utm_source=facebook&utm_medium=paid&utm_campaign={{campaign.name}}&utm_content={{ad.name}}&utm_term={{adset.name}}&ad_id={{ad.id}}&adset_id={{adset.id}}&campaign_id={{campaign.id}},Current code: 2026-09-18-trade-v5; historical versions differ,pool__coi__{step|long}__v1 (layout assigned at visit),pool__monthly__woman_1__cta2__r2,images/085e38e410397ccc.jpg,941566728419907,0.45,20,0,22.5,0.0,,0,0,0,0,,,,Pool,2026-09-13 to 2026-09-18,0.02,1.06,Delivery without confirmed completion,"O: observed session IDs, not verified people; C: reconciled completed intakes, including returns; V: form versions changed Sep18",AD,CT People r2 | pool__monthly,CT Themes 20260913 | pool,4,2026-09-13,2026-09-18,True,0.0,0,https://www.cohesiveinsure.com/marketing-review/20260919/deep-scan/images/085e38e410397ccc.jpg,[],[],{}
120251082234370660,CT People r2 | pool__work__man_or_crew_2__cta1__r2,120251080549940660,120251082232080660,ACTIVE,ACTIVE,2026-09-13T01:23:47-0400,2026-09-13T11:26:01-0400,static image,Pool builder insurance,"Building pools, not just servicing them? Get an insurance quote for the construction work you actually do.

Get my quote.",,GET_QUOTE,https://www.cohesiveinsure.com/contractor-test?industry=pool&angle=coi&creative_variant=pool__work__man_or_crew_2__cta1__r2&creative_angle=work&creative_visual=man_or_crew_2&creative_cta=Get+my+quote,utm_source=facebook&utm_medium=paid&utm_campaign={{campaign.name}}&utm_content={{ad.name}}&utm_term={{adset.name}}&ad_id={{ad.id}}&adset_id={{adset.id}}&campaign_id={{campaign.id}},Current code: 2026-09-18-trade-v5; historical versions differ,pool__coi__{step|long}__v1 (layout assigned at visit),pool__work__man_or_crew_2__cta1__r2,images/d9772c8bb4b593e8.jpg,2356494825155759,0.31,9,0,34.44,0.0,,0,0,0,0,,,,Pool,2026-09-13 to 2026-09-18,0.02,53.45,Delivery without confirmed completion,"O: observed session IDs, not verified people; C: reconciled completed intakes, including returns; V: form versions changed Sep18",AD,CT People r2 | pool__work,CT Themes 20260913 | pool,1,2026-09-13,2026-09-13,True,0.0,0,https://www.cohesiveinsure.com/marketing-review/20260919/deep-scan/images/d9772c8bb4b593e8.jpg,[],[],{}
120251082234950660,CT People r2 | pool__work__man_or_crew_2__cta2__r2,120251080549940660,120251082232080660,ACTIVE,ACTIVE,2026-09-13T01:23:54-0400,2026-09-13T11:26:01-0400,static image,Pool builder insurance,"Building pools, not just servicing them? Get an insurance quote for the construction work you actually do.

Compare my rate.",,GET_QUOTE,https://www.cohesiveinsure.com/contractor-test?industry=pool&angle=coi&creative_variant=pool__work__man_or_crew_2__cta2__r2&creative_angle=work&creative_visual=man_or_crew_2&creative_cta=Compare+my+rate,utm_source=facebook&utm_medium=paid&utm_campaign={{campaign.name}}&utm_content={{ad.name}}&utm_term={{adset.name}}&ad_id={{ad.id}}&adset_id={{adset.id}}&campaign_id={{campaign.id}},Current code: 2026-09-18-trade-v5; historical versions differ,pool__coi__{step|long}__v1 (layout assigned at visit),pool__work__man_or_crew_2__cta2__r2,images/a1c5a80721544e4d.jpg,951232797405413,0.22,3,0,73.33,0.0,,0,0,0,0,,,,Pool,2026-09-13 to 2026-09-18,0.01,37.93,Delivery without confirmed completion,"O: observed session IDs, not verified people; C: reconciled completed intakes, including returns; V: form versions changed Sep18",AD,CT People r2 | pool__work,CT Themes 20260913 | pool,3,2026-09-13,2026-09-17,True,0.0,0,https://www.cohesiveinsure.com/marketing-review/20260919/deep-scan/images/a1c5a80721544e4d.jpg,[],[],{}
120251082232990660,CT People r2 | pool__work__woman_1__cta2__r2,120251080549940660,120251082232080660,ACTIVE,ACTIVE,2026-09-13T01:23:28-0400,2026-09-13T11:25:56-0400,static image,Pool builder insurance,"Building pools, not just servicing them? Get an insurance quote for the construction work you actually do.

Compare my rate.",,GET_QUOTE,https://www.cohesiveinsure.com/contractor-test?industry=pool&angle=coi&creative_variant=pool__work__woman_1__cta2__r2&creative_angle=work&creative_visual=woman_1&creative_cta=Compare+my+rate,utm_source=facebook&utm_medium=paid&utm_campaign={{campaign.name}}&utm_content={{ad.name}}&utm_term={{adset.name}}&ad_id={{ad.id}}&adset_id={{adset.id}}&campaign_id={{campaign.id}},Current code: 2026-09-18-trade-v5; historical versions differ,pool__coi__{step|long}__v1 (layout assigned at visit),pool__work__woman_1__cta2__r2,images/488cdd8cd9cd75c2.jpg,1973019240327873,0.03,2,0,15.0,0.0,,0,0,0,0,,,,Pool,2026-09-13 to 2026-09-18,0.0,5.17,Delivery without confirmed completion,"O: observed session IDs, not verified people; C: reconciled completed intakes, including returns; V: form versions changed Sep18",AD,CT People r2 | pool__work,CT Themes 20260913 | pool,1,2026-09-13,2026-09-13,True,0.0,0,https://www.cohesiveinsure.com/marketing-review/20260919/deep-scan/images/488cdd8cd9cd75c2.jpg,[],[],{}
120251082233920660,CT People r2 | pool__work__woman_2__cta2__r2,120251080549940660,120251082232080660,ACTIVE,ACTIVE,2026-09-13T01:23:41-0400,2026-09-13T11:25:59-0400,static image,Pool builder insurance,"Building pools, not just servicing them? Get an insurance quote for the construction work you actually do.

Compare my rate.",,GET_QUOTE,https://www.cohesiveinsure.com/contractor-test?industry=pool&angle=coi&creative_variant=pool__work__woman_2__cta2__r2&creative_angle=work&creative_visual=woman_2&creative_cta=Compare+my+rate,utm_source=facebook&utm_medium=paid&utm_campaign={{campaign.name}}&utm_content={{ad.name}}&utm_term={{adset.name}}&ad_id={{ad.id}}&adset_id={{adset.id}}&campaign_id={{campaign.id}},Current code: 2026-09-18-trade-v5; historical versions differ,pool__coi__{step|long}__v1 (layout assigned at visit),pool__work__woman_2__cta2__r2,images/376c84a29a33b638.jpg,1528059549352074,0.02,1,0,20.0,0.0,,0,0,0,0,,,,Pool,2026-09-13 to 2026-09-18,0.0,3.45,Delivery without confirmed completion,"O: observed session IDs, not verified people; C: reconciled completed intakes, including returns; V: form versions changed Sep18",AD,CT People r2 | pool__work,CT Themes 20260913 | pool,1,2026-09-13,2026-09-13,True,0.0,0,https://www.cohesiveinsure.com/marketing-review/20260919/deep-scan/images/376c84a29a33b638.jpg,[],[],{}
120251082232550660,CT People r2 | pool__work__woman_1__cta1__r2,120251080549940660,120251082232080660,ACTIVE,ACTIVE,2026-09-13T01:23:21-0400,2026-09-13T11:25:56-0400,static image,Pool builder insurance,"Building pools, not just servicing them? Get an insurance quote for the construction work you actually do.

Get my quote.",,GET_QUOTE,https://www.cohesiveinsure.com/contractor-test?industry=pool&angle=coi&creative_variant=pool__work__woman_1__cta1__r2&creative_angle=work&creative_visual=woman_1&creative_cta=Get+my+quote,utm_source=facebook&utm_medium=paid&utm_campaign={{campaign.name}}&utm_content={{ad.name}}&utm_term={{adset.name}}&ad_id={{ad.id}}&adset_id={{adset.id}}&campaign_id={{campaign.id}},Current code: 2026-09-18-trade-v5; historical versions differ,pool__coi__{step|long}__v1 (layout assigned at visit),pool__work__woman_1__cta1__r2,images/d2c71e1647a29bf6.jpg,1411478784265768,0,0,0,,,,0,0,0,0,,,,Pool,2026-09-13 to 2026-09-18,0.0,0.0,No delivery through Sep18,"O: observed session IDs, not verified people; C: reconciled completed intakes, including returns; V: form versions changed Sep18",AD,CT People r2 | pool__work,CT Themes 20260913 | pool,0,,,False,0.0,0,https://www.cohesiveinsure.com/marketing-review/20260919/deep-scan/images/d2c71e1647a29bf6.jpg,[],[],{}
120251082233710660,CT People r2 | pool__work__woman_2__cta1__r2,120251080549940660,120251082232080660,ACTIVE,ACTIVE,2026-09-13T01:23:34-0400,2026-09-13T11:25:57-0400,static image,Pool builder insurance,"Building pools, not just servicing them? Get an insurance quote for the construction work you actually do.

Get my quote.",,GET_QUOTE,https://www.cohesiveinsure.com/contractor-test?industry=pool&angle=coi&creative_variant=pool__work__woman_2__cta1__r2&creative_angle=work&creative_visual=woman_2&creative_cta=Get+my+quote,utm_source=facebook&utm_medium=paid&utm_campaign={{campaign.name}}&utm_content={{ad.name}}&utm_term={{adset.name}}&ad_id={{ad.id}}&adset_id={{adset.id}}&campaign_id={{campaign.id}},Current code: 2026-09-18-trade-v5; historical versions differ,pool__coi__{step|long}__v1 (layout assigned at visit),pool__work__woman_2__cta1__r2,images/933b8a73ab2f8dfa.jpg,1590585072508875,0,0,0,,,,0,0,0,0,,,,Pool,2026-09-13 to 2026-09-18,0.0,0.0,No delivery through Sep18,"O: observed session IDs, not verified people; C: reconciled completed intakes, including returns; V: form versions changed Sep18",AD,CT People r2 | pool__work,CT Themes 20260913 | pool,0,,,False,0.0,0,https://www.cohesiveinsure.com/marketing-review/20260919/deep-scan/images/933b8a73ab2f8dfa.jpg,[],[],{}
120251089438500660,CT Copy r3 20260914 | pool-ground-up,120251080549940660,120251082232080660,PAUSED,PAUSED,2026-09-13T21:26:36-0400,2026-09-13T21:36:25-0400,static image,Pool builder insurance,"Building pools from the ground up? Your insurance quote should start there.

Excavation, gunite, equipment installation, subcontractors: tell us which parts your business handles. Request a liability insurance quote for your pool construction business.",,GET_QUOTE,https://www.cohesiveinsure.com/contractor-test?industry=pool&angle=coi&creative_variant=pool-ground-up__copy_r3_20260914&creative_angle=pool-ground-up&creative_visual=man_or_crew_2&creative_cta=Get+my+quote,utm_source=facebook&utm_medium=paid&utm_campaign={{campaign.name}}&utm_content={{ad.name}}&utm_term={{adset.name}}&ad_id={{ad.id}}&adset_id={{adset.id}}&campaign_id={{campaign.id}},Current code: 2026-09-18-trade-v5; historical versions differ,pool__coi__{step|long}__v1 (layout assigned at visit),pool-ground-up__copy_r3_20260914,images/d9772c8bb4b593e8.jpg,1630843525398983,0,0,0,,,,0,0,0,0,,,,Pool,2026-09-13 to 2026-09-18,0.0,0.0,No delivery through Sep18,"O: observed session IDs, not verified people; C: reconciled completed intakes, including returns; V: form versions changed Sep18",AD,CT People r2 | pool__work,CT Themes 20260913 | pool,0,,,False,0.0,0,https://www.cohesiveinsure.com/marketing-review/20260919/deep-scan/images/d9772c8bb4b593e8.jpg,[],[],{}
120251170116900660,CT Object 20260918 | unstyled_jobsite-percent_saved-pool,120251080549940660,120251082235550660,ACTIVE,ACTIVE,2026-09-18T01:51:56-0400,2026-09-18T01:54:02-0400,static image,Compare before your renewal,"A $2M revenue contractor got covered for $4K - 57% below their prior premium
Get a quote now before your next renewal",,GET_QUOTE,https://www.cohesiveinsure.com/contractor-test?industry=pool&angle=coi&creative_variant=pool__coi__man_or_crew_1__cta1__r2&creative_angle=coi&creative_visual=man_or_crew_1&creative_cta=Get+my+quote,utm_source=facebook&utm_medium=paid&utm_campaign={{campaign.name}}&utm_content={{ad.name}}&utm_term={{adset.name}}&ad_id={{ad.id}}&adset_id={{adset.id}}&campaign_id={{campaign.id}},Current code: 2026-09-18-trade-v5; historical versions differ,pool__coi__{step|long}__v1 (layout assigned at visit),pool__coi__man_or_crew_1__cta1__r2,images/888ec64a4552f66e.jpg,1063060443191282,130.47,3144,32,41.5,1.018,4.08,0,0,2,29,,,65.23,Pool,2026-09-13 to 2026-09-18,6.71,40.16,Delivery without confirmed completion,"O: observed session IDs, not verified people; C: reconciled completed intakes, including returns; V: form versions changed Sep18",AD,CT People r2 | pool__coi,CT Themes 20260913 | pool,1,2026-09-18,2026-09-18,True,50.74,1210,https://www.cohesiveinsure.com/marketing-review/20260919/deep-scan/images/888ec64a4552f66e.jpg,"[{""action_type"": ""link_click"", ""value"": ""32""}, {""action_type"": ""post_reaction"", ""value"": ""3""}, {""action_type"": ""landing_page_view"", ""value"": ""28""}, {""action_type"": ""onsite_web_lead"", ""value"": ""1""}, {""action_type"": ""omni_landing_page_view"", ""value"": ""28""}, {""action_type"": ""onsite_conversion.post_unlike"", ""value"": ""2""}, {""action_type"": ""post_engagement"", ""value"": ""35""}, {""action_type"": ""post_interaction_gross"", ""value"": ""3""}, {""action_type"": ""page_engagement"", ""value"": ""35""}, {""action_type"": ""post_interaction_net"", ""value"": ""5""}, {""action_type"": ""onsite_conversion.post_net_like"", ""value"": ""1""}, {""action_type"": ""lead"", ""value"": ""1""}, {""action_type"": ""offsite_conversion.fb_pixel_lead"", ""value"": ""1""}, {""action_type"": ""offsite_lead_add_20_s_calls"", ""value"": ""1""}]",[],{}
120251082239500660,CT People r2 | pool__coi__man_or_crew_1__cta1__r2,120251080549940660,120251082235550660,ACTIVE,ACTIVE,2026-09-13T01:24:29-0400,2026-09-13T11:26:10-0400,static image,Pool builder insurance,"Pool builders: your customer needs a COI. Start with an insurance quote for the work you do.

Get my quote.",,GET_QUOTE,https://www.cohesiveinsure.com/contractor-test?industry=pool&angle=coi&creative_variant=pool__coi__man_or_crew_1__cta1__r2&creative_angle=coi&creative_visual=man_or_crew_1&creative_cta=Get+my+quote,utm_source=facebook&utm_medium=paid&utm_campaign={{campaign.name}}&utm_content={{ad.name}}&utm_term={{adset.name}}&ad_id={{ad.id}}&adset_id={{adset.id}}&campaign_id={{campaign.id}},Current code: 2026-09-18-trade-v5; historical versions differ,pool__coi__{step|long}__v1 (layout assigned at visit),pool__coi__man_or_crew_1__cta1__r2,images/9441768f922668a5.jpg,2311175979416823,108.39,2907,17,37.29,0.585,6.38,2,2,2,15,54.2,54.2,54.2,Pool,2026-09-13 to 2026-09-18,5.58,33.36,Confirmed completed intake,"O: observed session IDs, not verified people; C: reconciled completed intakes, including returns; V: form versions changed Sep18",AD,CT People r2 | pool__coi,CT Themes 20260913 | pool,6,2026-09-13,2026-09-18,True,0.13,2,https://www.cohesiveinsure.com/marketing-review/20260919/deep-scan/images/9441768f922668a5.jpg,"[{""action_type"": ""link_click"", ""value"": ""17""}, {""action_type"": ""landing_page_view"", ""value"": ""16""}, {""action_type"": ""onsite_web_lead"", ""value"": ""2""}, {""action_type"": ""omni_landing_page_view"", ""value"": ""16""}, {""action_type"": ""post_engagement"", ""value"": ""18""}, {""action_type"": ""post_interaction_gross"", ""value"": ""1""}, {""action_type"": ""page_engagement"", ""value"": ""18""}, {""action_type"": ""post_interaction_net"", ""value"": ""1""}, {""action_type"": ""onsite_conversion.post_save"", ""value"": ""1""}, {""action_type"": ""onsite_conversion.post_net_save"", ""value"": ""1""}, {""action_type"": ""lead"", ""value"": ""2""}, {""action_type"": ""offsite_conversion.fb_pixel_lead"", ""value"": ""2""}, {""action_type"": ""offsite_lead_add_20_s_calls"", ""value"": ""2""}]",[],{}
120251161811550660,CT CPC 20260917 | pool-completed,120251080549940660,120251082235550660,ACTIVE,ACTIVE,2026-09-17T13:22:33-0400,2026-09-17T13:27:18-0400,static image,Pool construction liability,Pool builders: check your liability coverage for property damage after the pool is finished. Tell us about your construction work and get a business insurance quote before renewal.,,GET_QUOTE,https://www.cohesiveinsure.com/contractor-test?industry=pool&angle=coi&creative_variant=pool__coi__man_or_crew_1__cta1__r2&creative_angle=coi&creative_visual=man_or_crew_1&creative_cta=Get+my+quote,utm_source=facebook&utm_medium=paid&utm_campaign={{campaign.name}}&utm_content={{ad.name}}&utm_term={{adset.name}}&ad_id={{ad.id}}&adset_id={{adset.id}}&campaign_id={{campaign.id}},Current code: 2026-09-18-trade-v5; historical versions differ,pool__coi__{step|long}__v1 (layout assigned at visit),pool__coi__man_or_crew_1__cta1__r2,images/9441768f922668a5.jpg,1725620182497393,20.34,339,3,60.0,0.885,6.78,0,0,0,3,,,,Pool,2026-09-13 to 2026-09-18,1.05,6.26,Delivery without confirmed completion,"O: observed session IDs, not verified people; C: reconciled completed intakes, including returns; V: form versions changed Sep18",AD,CT People r2 | pool__coi,CT Themes 20260913 | pool,2,2026-09-17,2026-09-18,True,11.74,250,https://www.cohesiveinsure.com/marketing-review/20260919/deep-scan/images/9441768f922668a5.jpg,"[{""action_type"": ""link_click"", ""value"": ""3""}, {""action_type"": ""landing_page_view"", ""value"": ""3""}, {""action_type"": ""omni_landing_page_view"", ""value"": ""3""}, {""action_type"": ""post_engagement"", ""value"": ""3""}, {""action_type"": ""page_engagement"", ""value"": ""3""}]",[],{}
120251170106500660,CT Object 20260918 | van_decal-coverage_worry-pool,120251080549940660,120251082235550660,ACTIVE,ACTIVE,2026-09-18T01:51:05-0400,2026-09-18T01:53:25-0400,static image,Check coverage for your work,"Pool builders: Excavation work. Property damage.
Check that your liability policy reflects the excavation work you do.
Request an insurance quote.",,GET_QUOTE,https://www.cohesiveinsure.com/contractor-test?industry=pool&angle=coi&creative_variant=pool__coi__man_or_crew_1__cta1__r2&creative_angle=coi&creative_visual=man_or_crew_1&creative_cta=Get+my+quote,utm_source=facebook&utm_medium=paid&utm_campaign={{campaign.name}}&utm_content={{ad.name}}&utm_term={{adset.name}}&ad_id={{ad.id}}&adset_id={{adset.id}}&campaign_id={{campaign.id}},Current code: 2026-09-18-trade-v5; historical versions differ,pool__coi__{step|long}__v1 (layout assigned at visit),pool__coi__man_or_crew_1__cta1__r2,images/2104aa34ce0d6153.jpg,1626573382533641,16.06,491,0,32.71,0.0,,0,0,0,0,,,,Pool,2026-09-13 to 2026-09-18,0.83,4.94,Delivery without confirmed completion,"O: observed session IDs, not verified people; C: reconciled completed intakes, including returns; V: form versions changed Sep18",AD,CT People r2 | pool__coi,CT Themes 20260913 | pool,1,2026-09-18,2026-09-18,True,12.09,287,https://www.cohesiveinsure.com/marketing-review/20260919/deep-scan/images/2104aa34ce0d6153.jpg,[],[],{}
120251170104590660,CT Object 20260918 | two_buttons-obligation-pool,120251080549940660,120251082235550660,ACTIVE,ACTIVE,2026-09-18T01:50:40-0400,2026-09-18T01:53:03-0400,static image,Get ready for the next job,"Pool builders: The job needs proof of insurance.
Send the insurance requirements when you request your quote.
Request an insurance quote.",,GET_QUOTE,https://www.cohesiveinsure.com/contractor-test?industry=pool&angle=coi&creative_variant=pool__coi__man_or_crew_1__cta1__r2&creative_angle=coi&creative_visual=man_or_crew_1&creative_cta=Get+my+quote,utm_source=facebook&utm_medium=paid&utm_campaign={{campaign.name}}&utm_content={{ad.name}}&utm_term={{adset.name}}&ad_id={{ad.id}}&adset_id={{adset.id}}&campaign_id={{campaign.id}},Current code: 2026-09-18-trade-v5; historical versions differ,pool__coi__{step|long}__v1 (layout assigned at visit),pool__coi__man_or_crew_1__cta1__r2,images/4e121962b8b213e2.jpg,2136290203957461,14.54,291,0,49.97,0.0,,0,0,0,0,,,,Pool,2026-09-13 to 2026-09-18,0.75,4.48,Delivery without confirmed completion,"O: observed session IDs, not verified people; C: reconciled completed intakes, including returns; V: form versions changed Sep18",AD,CT People r2 | pool__coi,CT Themes 20260913 | pool,1,2026-09-18,2026-09-18,True,2.27,44,https://www.cohesiveinsure.com/marketing-review/20260919/deep-scan/images/4e121962b8b213e2.jpg,"[{""action_type"": ""post_engagement"", ""value"": ""1""}, {""action_type"": ""post_interaction_gross"", ""value"": ""1""}, {""action_type"": ""page_engagement"", ""value"": ""1""}, {""action_type"": ""post_interaction_net"", ""value"": ""1""}, {""action_type"": ""onsite_conversion.post_save"", ""value"": ""1""}, {""action_type"": ""onsite_conversion.post_net_save"", ""value"": ""1""}]",[],{}
120251167872240660,CT CPC 20260918 | pool-excavation,120251080549940660,120251082235550660,ACTIVE,ACTIVE,2026-09-17T21:43:15-0400,2026-09-17T21:45:39-0400,static image,Pool excavation: check your insurance,Pool builders: does your liability policy reflect the excavation work you do? Tell us whether your crew digs the pool or you hire a subcontractor. Get an insurance quote before renewal.,,GET_QUOTE,https://www.cohesiveinsure.com/contractor-test?industry=pool&angle=coi&creative_variant=pool__coi__man_or_crew_1__cta1__r2&creative_angle=coi&creative_visual=man_or_crew_1&creative_cta=Get+my+quote,utm_source=facebook&utm_medium=paid&utm_campaign={{campaign.name}}&utm_content={{ad.name}}&utm_term={{adset.name}}&ad_id={{ad.id}}&adset_id={{adset.id}}&campaign_id={{campaign.id}},Current code: 2026-09-18-trade-v5; historical versions differ,pool__coi__{step|long}__v1 (layout assigned at visit),pool__coi__man_or_crew_1__cta1__r2,images/9441768f922668a5.jpg,943250581616647,7.8,176,2,44.32,1.136,3.9,0,0,0,2,,,,Pool,2026-09-13 to 2026-09-18,0.4,2.4,Delivery without confirmed completion,"O: observed session IDs, not verified people; C: reconciled completed intakes, including returns; V: form versions changed Sep18",AD,CT People r2 | pool__coi,CT Themes 20260913 | pool,2,2026-09-17,2026-09-18,True,4.92,115,https://www.cohesiveinsure.com/marketing-review/20260919/deep-scan/images/9441768f922668a5.jpg,"[{""action_type"": ""link_click"", ""value"": ""2""}, {""action_type"": ""landing_page_view"", ""value"": ""1""}, {""action_type"": ""omni_landing_page_view"", ""value"": ""1""}, {""action_type"": ""post_engagement"", ""value"": ""2""}, {""action_type"": ""page_engagement"", ""value"": ""2""}]",[],{}
120251182349110660,CT Native Voice 20260918 | pool-coverage_gap,120251080549940660,120251082235550660,ACTIVE,ACTIVE,2026-09-18T17:37:02-0400,2026-09-18T17:40:52-0400,static image,Insurance for pool building,"the pool is handed over. that doesn't mean my liability is over.

i'm checking the completed-operations cover and exclusions. 'we finished the job' isn't an insurance policy.",,GET_QUOTE,https://www.cohesiveinsure.com/contractor-test?industry=pool&angle=coi&creative_variant=pool__coi__man_or_crew_1__cta1__r2&creative_angle=coi&creative_visual=man_or_crew_1&creative_cta=Get+my+quote,utm_source=facebook&utm_medium=paid&utm_campaign={{campaign.name}}&utm_content={{ad.name}}&utm_term={{adset.name}}&ad_id={{ad.id}}&adset_id={{adset.id}}&campaign_id={{campaign.id}},Current code: 2026-09-18-trade-v5; historical versions differ,pool__coi__{step|long}__v1 (layout assigned at visit),pool__coi__man_or_crew_1__cta1__r2,images/bc00fe958f680703.jpg,1226452189688461,5.0,143,1,34.97,0.699,5.0,0,0,0,1,,,,Pool,2026-09-13 to 2026-09-18,0.26,1.54,Delivery without confirmed completion,"O: observed session IDs, not verified people; C: reconciled completed intakes, including returns; V: form versions changed Sep18",AD,CT People r2 | pool__coi,CT Themes 20260913 | pool,1,2026-09-18,2026-09-18,True,90.15,1910,https://www.cohesiveinsure.com/marketing-review/20260919/deep-scan/images/bc00fe958f680703.jpg,"[{""action_type"": ""link_click"", ""value"": ""1""}, {""action_type"": ""landing_page_view"", ""value"": ""1""}, {""action_type"": ""omni_landing_page_view"", ""value"": ""1""}, {""action_type"": ""post_engagement"", ""value"": ""1""}, {""action_type"": ""page_engagement"", ""value"": ""1""}]",[],{}
120251082240150660,CT People r2 | pool__coi__man_or_crew_1__cta2__r2,120251080549940660,120251082235550660,ACTIVE,ACTIVE,2026-09-13T01:24:34-0400,2026-09-13T11:26:14-0400,static image,Pool builder insurance,"Pool builders: your customer needs a COI. Start with an insurance quote for the work you do.

Compare my rate.",,GET_QUOTE,https://www.cohesiveinsure.com/contractor-test?industry=pool&angle=coi&creative_variant=pool__coi__man_or_crew_1__cta2__r2&creative_angle=coi&creative_visual=man_or_crew_1&creative_cta=Compare+my+rate,utm_source=facebook&utm_medium=paid&utm_campaign={{campaign.name}}&utm_content={{ad.name}}&utm_term={{adset.name}}&ad_id={{ad.id}}&adset_id={{adset.id}}&campaign_id={{campaign.id}},Current code: 2026-09-18-trade-v5; historical versions differ,pool__coi__{step|long}__v1 (layout assigned at visit),pool__coi__man_or_crew_1__cta2__r2,images/e0d342a068db4d5d.jpg,1335881318393969,3.47,58,1,59.83,1.724,3.47,0,0,0,1,,,,Pool,2026-09-13 to 2026-09-18,0.18,1.07,Delivery without confirmed completion,"O: observed session IDs, not verified people; C: reconciled completed intakes, including returns; V: form versions changed Sep18",AD,CT People r2 | pool__coi,CT Themes 20260913 | pool,5,2026-09-13,2026-09-17,True,0.24,3,https://www.cohesiveinsure.com/marketing-review/20260919/deep-scan/images/e0d342a068db4d5d.jpg,"[{""action_type"": ""link_click"", ""value"": ""1""}, {""action_type"": ""landing_page_view"", ""value"": ""1""}, {""action_type"": ""omni_landing_page_view"", ""value"": ""1""}, {""action_type"": ""post_engagement"", ""value"": ""1""}, {""action_type"": ""page_engagement"", ""value"": ""1""}]",[],{}
120251182351260660,CT Native Voice 20260918 | pool-rate_creep,120251080549940660,120251082235550660,ACTIVE,ACTIVE,2026-09-18T17:37:25-0400,2026-09-18T17:46:04-0400,static image,Insurance for pool building,"if my pool building insurance renewal comes back higher when i've had no claims, i'm not treating the new price as a done deal.

that's my cue to compare before renewal. not after the payment goes out.",,GET_QUOTE,https://www.cohesiveinsure.com/contractor-test?industry=pool&angle=coi&creative_variant=pool__coi__man_or_crew_1__cta1__r2&creative_angle=coi&creative_visual=man_or_crew_1&creative_cta=Get+my+quote,utm_source=facebook&utm_medium=paid&utm_campaign={{campaign.name}}&utm_content={{ad.name}}&utm_term={{adset.name}}&ad_id={{ad.id}}&adset_id={{adset.id}}&campaign_id={{campaign.id}},Current code: 2026-09-18-trade-v5; historical versions differ,pool__coi__{step|long}__v1 (layout assigned at visit),pool__coi__man_or_crew_1__cta1__r2,images/f46cd1fe0986d085.jpg,2105337523430413,3.41,85,0,40.12,0.0,,0,0,0,0,,,,Pool,2026-09-13 to 2026-09-18,0.18,1.05,Delivery without confirmed completion,"O: observed session IDs, not verified people; C: reconciled completed intakes, including returns; V: form versions changed Sep18",AD,CT People r2 | pool__coi,CT Themes 20260913 | pool,1,2026-09-18,2026-09-18,True,1.0,27,https://www.cohesiveinsure.com/marketing-review/20260919/deep-scan/images/f46cd1fe0986d085.jpg,[],[],{}
120251169535380660,CT Wide 20260918 | pool-plain,120251080549940660,120251082235550660,ACTIVE,ACTIVE,2026-09-18T00:47:06-0400,2026-09-18T00:49:46-0400,static image,Pool excavation: check your insurance,Pool builders: does your liability policy reflect the excavation work you do? Tell us whether your crew digs the pool or you hire a subcontractor. Get an insurance quote before renewal.,,GET_QUOTE,https://www.cohesiveinsure.com/contractor-test?industry=pool&angle=coi&creative_variant=pool__coi__man_or_crew_1__cta1__r2&creative_angle=coi&creative_visual=man_or_crew_1&creative_cta=Get+my+quote,utm_source=facebook&utm_medium=paid&utm_campaign={{campaign.name}}&utm_content={{ad.name}}&utm_term={{adset.name}}&ad_id={{ad.id}}&adset_id={{adset.id}}&campaign_id={{campaign.id}},Current code: 2026-09-18-trade-v5; historical versions differ,pool__coi__{step|long}__v1 (layout assigned at visit),pool__coi__man_or_crew_1__cta1__r2,images/071c1605a819baa0.jpg,3306244276430559,3.22,60,0,53.67,0.0,,0,0,0,0,,,,Pool,2026-09-13 to 2026-09-18,0.17,0.99,Delivery without confirmed completion,"O: observed session IDs, not verified people; C: reconciled completed intakes, including returns; V: form versions changed Sep18",AD,CT People r2 | pool__coi,CT Themes 20260913 | pool,1,2026-09-18,2026-09-18,True,0.81,22,https://www.cohesiveinsure.com/marketing-review/20260919/deep-scan/images/071c1605a819baa0.jpg,[],[],{}
120251169544430660,CT Wide 20260918 | pool-message,120251080549940660,120251082235550660,ACTIVE,ACTIVE,2026-09-18T00:48:47-0400,2026-09-18T00:51:37-0400,static image,Pool excavation: check your insurance,Pool builders: does your liability policy reflect the excavation work you do? Tell us whether your crew digs the pool or you hire a subcontractor. Get an insurance quote before renewal.,,GET_QUOTE,https://www.cohesiveinsure.com/contractor-test?industry=pool&angle=coi&creative_variant=pool__coi__man_or_crew_1__cta1__r2&creative_angle=coi&creative_visual=man_or_crew_1&creative_cta=Get+my+quote,utm_source=facebook&utm_medium=paid&utm_campaign={{campaign.name}}&utm_content={{ad.name}}&utm_term={{adset.name}}&ad_id={{ad.id}}&adset_id={{adset.id}}&campaign_id={{campaign.id}},Current code: 2026-09-18-trade-v5; historical versions differ,pool__coi__{step|long}__v1 (layout assigned at visit),pool__coi__man_or_crew_1__cta1__r2,images/181ef3790b571e6d.jpg,1506913104805148,3.22,65,0,49.54,0.0,,0,0,0,0,,,,Pool,2026-09-13 to 2026-09-18,0.17,0.99,Delivery without confirmed completion,"O: observed session IDs, not verified people; C: reconciled completed intakes, including returns; V: form versions changed Sep18",AD,CT People r2 | pool__coi,CT Themes 20260913 | pool,1,2026-09-18,2026-09-18,True,0.25,9,https://www.cohesiveinsure.com/marketing-review/20260919/deep-scan/images/181ef3790b571e6d.jpg,[],[],{}
120251169606390660,CT Factorial 20260918 | carousel-percent_saved-pool,120251080549940660,120251082235550660,ACTIVE,ACTIVE,2026-09-18T01:01:05-0400,2026-09-18T01:03:53-0400,carousel,Compare before your renewal,"A $2M revenue contractor got covered for $4K - 57% below their prior premium
Get a quote now before your next renewal",,GET_QUOTE,https://www.cohesiveinsure.com/contractor-test?industry=pool&angle=coi&creative_variant=pool__coi__man_or_crew_1__cta1__r2&creative_angle=coi&creative_visual=man_or_crew_1&creative_cta=Get+my+quote,utm_source=facebook&utm_medium=paid&utm_campaign={{campaign.name}}&utm_content={{ad.name}}&utm_term={{adset.name}}&ad_id={{ad.id}}&adset_id={{adset.id}}&campaign_id={{campaign.id}},Current code: 2026-09-18-trade-v5; historical versions differ,pool__coi__{step|long}__v1 (layout assigned at visit),pool__coi__man_or_crew_1__cta1__r2,images/04b082f945a646e4.jpg,1707103791424301,2.77,27,0,102.59,0.0,,0,0,0,0,,,,Pool,2026-09-13 to 2026-09-18,0.14,0.85,Delivery without confirmed completion,"O: observed session IDs, not verified people; C: reconciled completed intakes, including returns; V: form versions changed Sep18",AD,CT People r2 | pool__coi,CT Themes 20260913 | pool,1,2026-09-18,2026-09-18,True,2.23,22,https://www.cohesiveinsure.com/marketing-review/20260919/deep-scan/images/04b082f945a646e4.jpg,[],[],{}
120251169467360660,CT Wide 20260918 | pool-notes,120251080549940660,120251082235550660,ACTIVE,ACTIVE,2026-09-18T00:43:00-0400,2026-09-18T00:46:52-0400,static image,Pool excavation: check your insurance,Pool builders: does your liability policy reflect the excavation work you do? Tell us whether your crew digs the pool or you hire a subcontractor. Get an insurance quote before renewal.,,GET_QUOTE,https://www.cohesiveinsure.com/contractor-test?industry=pool&angle=coi&creative_variant=pool__coi__man_or_crew_1__cta1__r2&creative_angle=coi&creative_visual=man_or_crew_1&creative_cta=Get+my+quote,utm_source=facebook&utm_medium=paid&utm_campaign={{campaign.name}}&utm_content={{ad.name}}&utm_term={{adset.name}}&ad_id={{ad.id}}&adset_id={{adset.id}}&campaign_id={{campaign.id}},Current code: 2026-09-18-trade-v5; historical versions differ,pool__coi__{step|long}__v1 (layout assigned at visit),pool__coi__man_or_crew_1__cta1__r2,images/7e7433b8ee35ad27.jpg,1789635148956288,2.69,58,0,46.38,0.0,,0,0,0,0,,,,Pool,2026-09-13 to 2026-09-18,0.14,0.83,Delivery without confirmed completion,"O: observed session IDs, not verified people; C: reconciled completed intakes, including returns; V: form versions changed Sep18",AD,CT People r2 | pool__coi,CT Themes 20260913 | pool,1,2026-09-18,2026-09-18,True,0.02,1,https://www.cohesiveinsure.com/marketing-review/20260919/deep-scan/images/7e7433b8ee35ad27.jpg,[],[],{}
120251169614440660,CT Factorial 20260918 | flowchart-coverage_worry-pool,120251080549940660,120251082235550660,ACTIVE,ACTIVE,2026-09-18T01:02:30-0400,2026-09-18T01:05:21-0400,static image,Review the work you cover,"Pool Builders: Does your crew dig, or do you hire a subcontractor? Check that your liability policy reflects the excavation work you do.",,GET_QUOTE,https://www.cohesiveinsure.com/contractor-test?industry=pool&angle=coi&creative_variant=pool__coi__man_or_crew_1__cta1__r2&creative_angle=coi&creative_visual=man_or_crew_1&creative_cta=Get+my+quote,utm_source=facebook&utm_medium=paid&utm_campaign={{campaign.name}}&utm_content={{ad.name}}&utm_term={{adset.name}}&ad_id={{ad.id}}&adset_id={{adset.id}}&campaign_id={{campaign.id}},Current code: 2026-09-18-trade-v5; historical versions differ,pool__coi__{step|long}__v1 (layout assigned at visit),pool__coi__man_or_crew_1__cta1__r2,images/00159dcf13e929f0.jpg,27337887775887312,1.11,18,0,61.67,0.0,,0,0,0,0,,,,Pool,2026-09-13 to 2026-09-18,0.06,0.34,Delivery without confirmed completion,"O: observed session IDs, not verified people; C: reconciled completed intakes, including returns; V: form versions changed Sep18",AD,CT People r2 | pool__coi,CT Themes 20260913 | pool,1,2026-09-18,2026-09-18,True,0.02,1,https://www.cohesiveinsure.com/marketing-review/20260919/deep-scan/images/00159dcf13e929f0.jpg,[],[],{}
120251169594500660,CT Factorial 20260918 | document-renewal-pool,120251080549940660,120251082235550660,ACTIVE,ACTIVE,2026-09-18T00:58:25-0400,2026-09-18T01:02:18-0400,static image,Plan your insurance renewal,Pool Builders: Before the renewal becomes the deadline. Bring your renewal date. Give yourself time to compare the coverage your work needs.,,GET_QUOTE,https://www.cohesiveinsure.com/contractor-test?industry=pool&angle=coi&creative_variant=pool__coi__man_or_crew_1__cta1__r2&creative_angle=coi&creative_visual=man_or_crew_1&creative_cta=Get+my+quote,utm_source=facebook&utm_medium=paid&utm_campaign={{campaign.name}}&utm_content={{ad.name}}&utm_term={{adset.name}}&ad_id={{ad.id}}&adset_id={{adset.id}}&campaign_id={{campaign.id}},Current code: 2026-09-18-trade-v5; historical versions differ,pool__coi__{step|long}__v1 (layout assigned at visit),pool__coi__man_or_crew_1__cta1__r2,images/95af54aad0dbfaf8.jpg,1880657402900358,1.01,11,0,91.82,0.0,,0,0,0,0,,,,Pool,2026-09-13 to 2026-09-18,0.05,0.31,Delivery without confirmed completion,"O: observed session IDs, not verified people; C: reconciled completed intakes, including returns; V: form versions changed Sep18",AD,CT People r2 | pool__coi,CT Themes 20260913 | pool,1,2026-09-18,2026-09-18,True,0.28,1,https://www.cohesiveinsure.com/marketing-review/20260919/deep-scan/images/95af54aad0dbfaf8.jpg,[],[],{}
120251169601310660,CT Factorial 20260918 | comparison-breadth-pool,120251080549940660,120251082235550660,ACTIVE,ACTIVE,2026-09-18T00:59:38-0400,2026-09-18T01:02:05-0400,static image,Compare insurance options,Pool Builders: One request. More coverage options. Tell us about your work. We can compare options from multiple insurance carriers.,,GET_QUOTE,https://www.cohesiveinsure.com/contractor-test?industry=pool&angle=coi&creative_variant=pool__coi__man_or_crew_1__cta1__r2&creative_angle=coi&creative_visual=man_or_crew_1&creative_cta=Get+my+quote,utm_source=facebook&utm_medium=paid&utm_campaign={{campaign.name}}&utm_content={{ad.name}}&utm_term={{adset.name}}&ad_id={{ad.id}}&adset_id={{adset.id}}&campaign_id={{campaign.id}},Current code: 2026-09-18-trade-v5; historical versions differ,pool__coi__{step|long}__v1 (layout assigned at visit),pool__coi__man_or_crew_1__cta1__r2,images/4bfb4df2a9399f9e.jpg,1101563512400025,0.37,11,0,33.64,0.0,,0,0,0,0,,,,Pool,2026-09-13 to 2026-09-18,0.02,0.11,Delivery without confirmed completion,"O: observed session IDs, not verified people; C: reconciled completed intakes, including returns; V: form versions changed Sep18",AD,CT People r2 | pool__coi,CT Themes 20260913 | pool,1,2026-09-18,2026-09-18,True,0.02,2,https://www.cohesiveinsure.com/marketing-review/20260919/deep-scan/images/4bfb4df2a9399f9e.jpg,[],[],{}
120251170047610660,CT Object 20260918 | calendar-savings_framing-pool,120251080549940660,120251082235550660,ACTIVE,ACTIVE,2026-09-18T01:45:37-0400,2026-09-18T01:49:55-0400,static image,Compare before renewing,"Pool builders: What could you keep at renewal?
Compare your premium and the coverage behind it.
Request an insurance quote.",,GET_QUOTE,https://www.cohesiveinsure.com/contractor-test?industry=pool&angle=coi&creative_variant=pool__coi__man_or_crew_1__cta1__r2&creative_angle=coi&creative_visual=man_or_crew_1&creative_cta=Get+my+quote,utm_source=facebook&utm_medium=paid&utm_campaign={{campaign.name}}&utm_content={{ad.name}}&utm_term={{adset.name}}&ad_id={{ad.id}}&adset_id={{adset.id}}&campaign_id={{campaign.id}},Current code: 2026-09-18-trade-v5; historical versions differ,pool__coi__{step|long}__v1 (layout assigned at visit),pool__coi__man_or_crew_1__cta1__r2,images/cbbc4737fa2b7877.jpg,2555998381512924,0.33,10,0,33.0,0.0,,0,0,0,0,,,,Pool,2026-09-13 to 2026-09-18,0.02,0.1,Delivery without confirmed completion,"O: observed session IDs, not verified people; C: reconciled completed intakes, including returns; V: form versions changed Sep18",AD,CT People r2 | pool__coi,CT Themes 20260913 | pool,1,2026-09-18,2026-09-18,True,0.02,2,https://www.cohesiveinsure.com/marketing-review/20260919/deep-scan/images/cbbc4737fa2b7877.jpg,[],[],{}
120251082236950660,CT People r2 | pool__coi__woman_1__cta2__r2,120251080549940660,120251082235550660,ACTIVE,ACTIVE,2026-09-13T01:24:08-0400,2026-09-13T11:26:07-0400,static image,Pool builder insurance,"Pool builders: your customer needs a COI. Start with an insurance quote for the work you do.

Compare my rate.",,GET_QUOTE,https://www.cohesiveinsure.com/contractor-test?industry=pool&angle=coi&creative_variant=pool__coi__woman_1__cta2__r2&creative_angle=coi&creative_visual=woman_1&creative_cta=Compare+my+rate,utm_source=facebook&utm_medium=paid&utm_campaign={{campaign.name}}&utm_content={{ad.name}}&utm_term={{adset.name}}&ad_id={{ad.id}}&adset_id={{adset.id}}&campaign_id={{campaign.id}},Current code: 2026-09-18-trade-v5; historical versions differ,pool__coi__{step|long}__v1 (layout assigned at visit),pool__coi__woman_1__cta2__r2,images/5ff8a9c2c84ca667.jpg,1099521572649005,0.22,5,0,44.0,0.0,,0,0,0,0,,,,Pool,2026-09-13 to 2026-09-18,0.01,0.07,Delivery without confirmed completion,"O: observed session IDs, not verified people; C: reconciled completed intakes, including returns; V: form versions changed Sep18",AD,CT People r2 | pool__coi,CT Themes 20260913 | pool,2,2026-09-14,2026-09-16,True,0.0,0,https://www.cohesiveinsure.com/marketing-review/20260919/deep-scan/images/5ff8a9c2c84ca667.jpg,[],[],{}
120251082238600660,CT People r2 | pool__coi__woman_2__cta2__r2,120251080549940660,120251082235550660,ACTIVE,ACTIVE,2026-09-13T01:24:22-0400,2026-09-13T11:26:11-0400,static image,Pool builder insurance,"Pool builders: your customer needs a COI. Start with an insurance quote for the work you do.

Compare my rate.",,GET_QUOTE,https://www.cohesiveinsure.com/contractor-test?industry=pool&angle=coi&creative_variant=pool__coi__woman_2__cta2__r2&creative_angle=coi&creative_visual=woman_2&creative_cta=Compare+my+rate,utm_source=facebook&utm_medium=paid&utm_campaign={{campaign.name}}&utm_content={{ad.name}}&utm_term={{adset.name}}&ad_id={{ad.id}}&adset_id={{adset.id}}&campaign_id={{campaign.id}},Current code: 2026-09-18-trade-v5; historical versions differ,pool__coi__{step|long}__v1 (layout assigned at visit),pool__coi__woman_2__cta2__r2,images/1a5b2b813764fc26.jpg,1410123217890219,0.22,5,0,44.0,0.0,,0,0,0,0,,,,Pool,2026-09-13 to 2026-09-18,0.01,0.07,Delivery without confirmed completion,"O: observed session IDs, not verified people; C: reconciled completed intakes, including returns; V: form versions changed Sep18",AD,CT People r2 | pool__coi,CT Themes 20260913 | pool,2,2026-09-15,2026-09-17,True,0.0,0,https://www.cohesiveinsure.com/marketing-review/20260919/deep-scan/images/1a5b2b813764fc26.jpg,[],[],{}
120251082236480660,CT People r2 | pool__coi__woman_1__cta1__r2,120251080549940660,120251082235550660,ACTIVE,ACTIVE,2026-09-13T01:24:02-0400,2026-09-13T11:26:05-0400,static image,Pool builder insurance,"Pool builders: your customer needs a COI. Start with an insurance quote for the work you do.

Get my quote.",,GET_QUOTE,https://www.cohesiveinsure.com/contractor-test?industry=pool&angle=coi&creative_variant=pool__coi__woman_1__cta1__r2&creative_angle=coi&creative_visual=woman_1&creative_cta=Get+my+quote,utm_source=facebook&utm_medium=paid&utm_campaign={{campaign.name}}&utm_content={{ad.name}}&utm_term={{adset.name}}&ad_id={{ad.id}}&adset_id={{adset.id}}&campaign_id={{campaign.id}},Current code: 2026-09-18-trade-v5; historical versions differ,pool__coi__{step|long}__v1 (layout assigned at visit),pool__coi__woman_1__cta1__r2,images/c013c7ae898c334b.jpg,2177044946211552,0.21,6,0,35.0,0.0,,0,0,0,0,,,,Pool,2026-09-13 to 2026-09-18,0.01,0.06,Delivery without confirmed completion,"O: observed session IDs, not verified people; C: reconciled completed intakes, including returns; V: form versions changed Sep18",AD,CT People r2 | pool__coi,CT Themes 20260913 | pool,3,2026-09-13,2026-09-17,True,0.0,0,https://www.cohesiveinsure.com/marketing-review/20260919/deep-scan/images/c013c7ae898c334b.jpg,[],[],{}
120251082237260660,CT People r2 | pool__coi__woman_2__cta1__r2,120251080549940660,120251082235550660,ACTIVE,ACTIVE,2026-09-13T01:24:14-0400,2026-09-13T11:26:08-0400,static image,Pool builder insurance,"Pool builders: your customer needs a COI. Start with an insurance quote for the work you do.

Get my quote.",,GET_QUOTE,https://www.cohesiveinsure.com/contractor-test?industry=pool&angle=coi&creative_variant=pool__coi__woman_2__cta1__r2&creative_angle=coi&creative_visual=woman_2&creative_cta=Get+my+quote,utm_source=facebook&utm_medium=paid&utm_campaign={{campaign.name}}&utm_content={{ad.name}}&utm_term={{adset.name}}&ad_id={{ad.id}}&adset_id={{adset.id}}&campaign_id={{campaign.id}},Current code: 2026-09-18-trade-v5; historical versions differ,pool__coi__{step|long}__v1 (layout assigned at visit),pool__coi__woman_2__cta1__r2,images/7180b835faf41a9d.jpg,2191937621384647,0.04,4,0,10.0,0.0,,0,0,0,0,,,,Pool,2026-09-13 to 2026-09-18,0.0,0.01,Delivery without confirmed completion,"O: observed session IDs, not verified people; C: reconciled completed intakes, including returns; V: form versions changed Sep18",AD,CT People r2 | pool__coi,CT Themes 20260913 | pool,2,2026-09-13,2026-09-16,True,0.0,0,https://www.cohesiveinsure.com/marketing-review/20260919/deep-scan/images/7180b835faf41a9d.jpg,[],[],{}
120251082242990660,CT People r2 | pool__savings__man_or_crew_1__cta2__r2,120251080549940660,120251082240280660,ACTIVE,ACTIVE,2026-09-13T01:25:00-0400,2026-09-13T11:41:53-0400,static image,Pool builder insurance,"One pool builder saved 58% on insurance with us. Get a quote and see how much you could save.

Compare my rate.",,GET_QUOTE,https://www.cohesiveinsure.com/contractor-test?industry=pool&angle=coi&creative_variant=pool__savings__man_or_crew_1__cta2__r2&creative_angle=savings&creative_visual=man_or_crew_1&creative_cta=Compare+my+rate,utm_source=facebook&utm_medium=paid&utm_campaign={{campaign.name}}&utm_content={{ad.name}}&utm_term={{adset.name}}&ad_id={{ad.id}}&adset_id={{adset.id}}&campaign_id={{campaign.id}},Current code: 2026-09-18-trade-v5; historical versions differ,pool__coi__{step|long}__v1 (layout assigned at visit),pool__savings__man_or_crew_1__cta2__r2,images/efe2f813cf15887f.jpg,1058039523819484,6.78,189,0,35.87,0.0,,0,0,0,0,,,,Pool,2026-09-13 to 2026-09-18,0.35,55.62,Delivery without confirmed completion,"O: observed session IDs, not verified people; C: reconciled completed intakes, including returns; V: form versions changed Sep18",AD,CT People r2 | pool__savings,CT Themes 20260913 | pool,5,2026-09-13,2026-09-17,True,0.0,0,https://www.cohesiveinsure.com/marketing-review/20260919/deep-scan/images/efe2f813cf15887f.jpg,[],[],{}
120251082241810660,CT People r2 | pool__savings__man_or_crew_1__cta1__r2,120251080549940660,120251082240280660,ACTIVE,ACTIVE,2026-09-13T01:24:53-0400,2026-09-13T11:41:53-0400,static image,Pool builder insurance,"One pool builder saved 58% on insurance with us. Get a quote and see how much you could save.

Get my quote.",,GET_QUOTE,https://www.cohesiveinsure.com/contractor-test?industry=pool&angle=coi&creative_variant=pool__savings__man_or_crew_1__cta1__r2&creative_angle=savings&creative_visual=man_or_crew_1&creative_cta=Get+my+quote,utm_source=facebook&utm_medium=paid&utm_campaign={{campaign.name}}&utm_content={{ad.name}}&utm_term={{adset.name}}&ad_id={{ad.id}}&adset_id={{adset.id}}&campaign_id={{campaign.id}},Current code: 2026-09-18-trade-v5; historical versions differ,pool__coi__{step|long}__v1 (layout assigned at visit),pool__savings__man_or_crew_1__cta1__r2,images/006eadac61567303.jpg,1603233251243824,5.12,118,1,43.39,0.847,5.12,0,0,0,1,,,,Pool,2026-09-13 to 2026-09-18,0.26,42.0,Delivery without confirmed completion,"O: observed session IDs, not verified people; C: reconciled completed intakes, including returns; V: form versions changed Sep18",AD,CT People r2 | pool__savings,CT Themes 20260913 | pool,4,2026-09-13,2026-09-17,True,0.05,1,https://www.cohesiveinsure.com/marketing-review/20260919/deep-scan/images/006eadac61567303.jpg,"[{""action_type"": ""link_click"", ""value"": ""1""}, {""action_type"": ""landing_page_view"", ""value"": ""1""}, {""action_type"": ""omni_landing_page_view"", ""value"": ""1""}, {""action_type"": ""post_engagement"", ""value"": ""1""}, {""action_type"": ""page_engagement"", ""value"": ""1""}]",[],{}
120251082241520660,CT People r2 | pool__savings__woman_2__cta2__r2,120251080549940660,120251082240280660,ACTIVE,ACTIVE,2026-09-13T01:24:48-0400,2026-09-13T11:41:51-0400,static image,Pool builder insurance,"One pool builder saved 58% on insurance with us. Get a quote and see how much you could save.

Compare my rate.",,GET_QUOTE,https://www.cohesiveinsure.com/contractor-test?industry=pool&angle=coi&creative_variant=pool__savings__woman_2__cta2__r2&creative_angle=savings&creative_visual=woman_2&creative_cta=Compare+my+rate,utm_source=facebook&utm_medium=paid&utm_campaign={{campaign.name}}&utm_content={{ad.name}}&utm_term={{adset.name}}&ad_id={{ad.id}}&adset_id={{adset.id}}&campaign_id={{campaign.id}},Current code: 2026-09-18-trade-v5; historical versions differ,pool__coi__{step|long}__v1 (layout assigned at visit),pool__savings__woman_2__cta2__r2,images/42dd7dfc22739b53.jpg,1090742066825317,0.14,4,0,35.0,0.0,,0,0,0,0,,,,Pool,2026-09-13 to 2026-09-18,0.01,1.15,Delivery without confirmed completion,"O: observed session IDs, not verified people; C: reconciled completed intakes, including returns; V: form versions changed Sep18",AD,CT People r2 | pool__savings,CT Themes 20260913 | pool,2,2026-09-13,2026-09-15,True,0.0,0,https://www.cohesiveinsure.com/marketing-review/20260919/deep-scan/images/42dd7dfc22739b53.jpg,[],[],{}
120251082241060660,CT People r2 | pool__savings__woman_2__cta1__r2,120251080549940660,120251082240280660,ACTIVE,ACTIVE,2026-09-13T01:24:42-0400,2026-09-13T11:41:49-0400,static image,Pool builder insurance,"One pool builder saved 58% on insurance with us. Get a quote and see how much you could save.

Get my quote.",,GET_QUOTE,https://www.cohesiveinsure.com/contractor-test?industry=pool&angle=coi&creative_variant=pool__savings__woman_2__cta1__r2&creative_angle=savings&creative_visual=woman_2&creative_cta=Get+my+quote,utm_source=facebook&utm_medium=paid&utm_campaign={{campaign.name}}&utm_content={{ad.name}}&utm_term={{adset.name}}&ad_id={{ad.id}}&adset_id={{adset.id}}&campaign_id={{campaign.id}},Current code: 2026-09-18-trade-v5; historical versions differ,pool__coi__{step|long}__v1 (layout assigned at visit),pool__savings__woman_2__cta1__r2,images/52033fc1bfe5c863.jpg,2656603171466043,0.09,4,0,22.5,0.0,,0,0,0,0,,,,Pool,2026-09-13 to 2026-09-18,0.0,0.74,Delivery without confirmed completion,"O: observed session IDs, not verified people; C: reconciled completed intakes, including returns; V: form versions changed Sep18",AD,CT People r2 | pool__savings,CT Themes 20260913 | pool,1,2026-09-13,2026-09-13,True,0.0,0,https://www.cohesiveinsure.com/marketing-review/20260919/deep-scan/images/52033fc1bfe5c863.jpg,[],[],{}
120251082243290660,CT People r2 | pool__savings__man_or_crew_2__cta1__r2,120251080549940660,120251082240280660,ACTIVE,ACTIVE,2026-09-13T01:25:06-0400,2026-09-13T11:41:55-0400,static image,Pool builder insurance,"One pool builder saved 58% on insurance with us. Get a quote and see how much you could save.

Get my quote.",,GET_QUOTE,https://www.cohesiveinsure.com/contractor-test?industry=pool&angle=coi&creative_variant=pool__savings__man_or_crew_2__cta1__r2&creative_angle=savings&creative_visual=man_or_crew_2&creative_cta=Get+my+quote,utm_source=facebook&utm_medium=paid&utm_campaign={{campaign.name}}&utm_content={{ad.name}}&utm_term={{adset.name}}&ad_id={{ad.id}}&adset_id={{adset.id}}&campaign_id={{campaign.id}},Current code: 2026-09-18-trade-v5; historical versions differ,pool__coi__{step|long}__v1 (layout assigned at visit),pool__savings__man_or_crew_2__cta1__r2,images/1e733c7b35ac3629.jpg,2484574302023092,0.03,2,0,15.0,0.0,,0,0,0,0,,,,Pool,2026-09-13 to 2026-09-18,0.0,0.25,Delivery without confirmed completion,"O: observed session IDs, not verified people; C: reconciled completed intakes, including returns; V: form versions changed Sep18",AD,CT People r2 | pool__savings,CT Themes 20260913 | pool,1,2026-09-13,2026-09-13,True,0.0,0,https://www.cohesiveinsure.com/marketing-review/20260919/deep-scan/images/1e733c7b35ac3629.jpg,[],[],{}
120251082243670660,CT People r2 | pool__savings__man_or_crew_2__cta2__r2,120251080549940660,120251082240280660,ACTIVE,ACTIVE,2026-09-13T01:25:13-0400,2026-09-13T11:41:55-0400,static image,Pool builder insurance,"One pool builder saved 58% on insurance with us. Get a quote and see how much you could save.

Compare my rate.",,GET_QUOTE,https://www.cohesiveinsure.com/contractor-test?industry=pool&angle=coi&creative_variant=pool__savings__man_or_crew_2__cta2__r2&creative_angle=savings&creative_visual=man_or_crew_2&creative_cta=Compare+my+rate,utm_source=facebook&utm_medium=paid&utm_campaign={{campaign.name}}&utm_content={{ad.name}}&utm_term={{adset.name}}&ad_id={{ad.id}}&adset_id={{adset.id}}&campaign_id={{campaign.id}},Current code: 2026-09-18-trade-v5; historical versions differ,pool__coi__{step|long}__v1 (layout assigned at visit),pool__savings__man_or_crew_2__cta2__r2,images/f62eb6b4cee53e50.jpg,1760317451756837,0.03,4,0,7.5,0.0,,0,0,0,0,,,,Pool,2026-09-13 to 2026-09-18,0.0,0.25,Delivery without confirmed completion,"O: observed session IDs, not verified people; C: reconciled completed intakes, including returns; V: form versions changed Sep18",AD,CT People r2 | pool__savings,CT Themes 20260913 | pool,2,2026-09-13,2026-09-14,True,0.0,0,https://www.cohesiveinsure.com/marketing-review/20260919/deep-scan/images/f62eb6b4cee53e50.jpg,[],[],{}
120251082244290660,CT People r2 | pool__a10__cta1__navy__image0__v1,120251080549940660,120251082243910660,ACTIVE,ACTIVE,2026-09-13T01:25:19-0400,2026-09-13T12:50:12-0400,static image,Pool builders - insurance quotes,"We just bound insurance for a pool construction business that does gunite for $1,330/year.

Get a quote and see what your pool business qualifies for.",,GET_QUOTE,https://www.cohesiveinsure.com/contractor-test?industry=pool&angle=coi&creative_variant=pool__a10__cta1__navy__image0__v1&creative_angle=gunite&creative_visual=text&creative_cta=Get+my+quote,utm_source=facebook&utm_medium=paid&utm_campaign={{campaign.name}}&utm_content={{ad.name}}&utm_term={{adset.name}}&ad_id={{ad.id}}&adset_id={{adset.id}}&campaign_id={{campaign.id}},Current code: 2026-09-18-trade-v5; historical versions differ,pool__coi__{step|long}__v1 (layout assigned at visit),pool__a10__cta1__navy__image0__v1,images/4fb223ccc8636578.jpg,3276929852517517,837.19,18568,109,45.09,0.587,7.68,8,8,12,108,104.65,104.65,69.77,Pool,2026-09-13 to 2026-09-18,43.08,71.04,Confirmed completed intake,"O: observed session IDs, not verified people; C: reconciled completed intakes, including returns; V: form versions changed Sep18",AD,CT People r2 | pool__gunite,CT Themes 20260913 | pool,6,2026-09-13,2026-09-18,True,0.39,2,https://www.cohesiveinsure.com/marketing-review/20260919/deep-scan/images/4fb223ccc8636578.jpg,"[{""action_type"": ""link_click"", ""value"": ""109""}, {""action_type"": ""post_reaction"", ""value"": ""5""}, {""action_type"": ""landing_page_view"", ""value"": ""104""}, {""action_type"": ""onsite_web_lead"", ""value"": ""9""}, {""action_type"": ""omni_landing_page_view"", ""value"": ""104""}, {""action_type"": ""post_engagement"", ""value"": ""121""}, {""action_type"": ""post_interaction_gross"", ""value"": ""12""}, {""action_type"": ""comment"", ""value"": ""2""}, {""action_type"": ""page_engagement"", ""value"": ""121""}, {""action_type"": ""post_interaction_net"", ""value"": ""12""}, {""action_type"": ""post"", ""value"": ""2""}, {""action_type"": ""onsite_conversion.post_save"", ""value"": ""3""}, {""action_type"": ""onsite_conversion.post_net_comment"", ""value"": ""2""}, {""action_type"": ""onsite_conversion.post_net_save"", ""value"": ""3""}, {""action_type"": ""onsite_conversion.post_net_like"", ""value"": ""5""}, {""action_type"": ""lead"", ""value"": ""9""}, {""action_type"": ""offsite_conversion.fb_pixel_lead"", ""value"": ""9""}, {""action_type"": ""offsite_lead_add_20_s_calls"", ""value"": ""9""}]",[],{}
120251150763640660,CT VALUE 20260917 | gunite | outcome-renewal,120251080549940660,120251082243910660,ACTIVE,ACTIVE,2026-09-16T23:08:25-0400,2026-09-16T23:13:18-0400,static image,Get a quote now before your next renewal,A $2M revenue contractor got covered for $4K - 57% below their prior premium,,GET_QUOTE,https://www.cohesiveinsure.com/contractor-test?industry=pool&angle=coi&creative_variant=pool__a10__cta1__navy__image0__v1&creative_angle=gunite&creative_visual=text&creative_cta=Get+my+quote,utm_source=facebook&utm_medium=paid&utm_campaign={{campaign.name}}&utm_content={{ad.name}}&utm_term={{adset.name}}&ad_id={{ad.id}}&adset_id={{adset.id}}&campaign_id={{campaign.id}},Current code: 2026-09-18-trade-v5; historical versions differ,pool__coi__{step|long}__v1 (layout assigned at visit),pool__a10__cta1__navy__image0__v1,images/049b91f609bb4be1.jpg,1631426201751110,221.12,2749,11,80.44,0.4,20.1,0,0,0,9,,,,Pool,2026-09-13 to 2026-09-18,11.38,18.76,Delivery without confirmed completion,"O: observed session IDs, not verified people; C: reconciled completed intakes, including returns; V: form versions changed Sep18",AD,CT People r2 | pool__gunite,CT Themes 20260913 | pool,3,2026-09-16,2026-09-18,True,3.07,44,https://www.cohesiveinsure.com/marketing-review/20260919/deep-scan/images/049b91f609bb4be1.jpg,"[{""action_type"": ""link_click"", ""value"": ""11""}, {""action_type"": ""post_reaction"", ""value"": ""1""}, {""action_type"": ""landing_page_view"", ""value"": ""8""}, {""action_type"": ""omni_landing_page_view"", ""value"": ""8""}, {""action_type"": ""post_engagement"", ""value"": ""14""}, {""action_type"": ""post_interaction_gross"", ""value"": ""3""}, {""action_type"": ""page_engagement"", ""value"": ""14""}, {""action_type"": ""post_interaction_net"", ""value"": ""3""}, {""action_type"": ""post"", ""value"": ""2""}, {""action_type"": ""onsite_conversion.post_net_like"", ""value"": ""1""}]",[],{}
120251150829870660,CT MECHANISM 20260917 | gunite-clean,120251080549940660,120251082243910660,ACTIVE,ACTIVE,2026-09-16T23:16:58-0400,2026-09-16T23:25:08-0400,static image,Pool builders - insurance quotes,Build gunite pools? Get an insurance quote for your pool-construction business.,,GET_QUOTE,https://www.cohesiveinsure.com/contractor-test?industry=pool&angle=coi&creative_variant=pool__a10__cta1__navy__image0__v1&creative_angle=gunite&creative_visual=text&creative_cta=Get+my+quote,utm_source=facebook&utm_medium=paid&utm_campaign={{campaign.name}}&utm_content={{ad.name}}&utm_term={{adset.name}}&ad_id={{ad.id}}&adset_id={{adset.id}}&campaign_id={{campaign.id}},Current code: 2026-09-18-trade-v5; historical versions differ,pool__coi__{step|long}__v1 (layout assigned at visit),pool__a10__cta1__navy__image0__v1,images/48ecdb7ec4c648f1.jpg,1119779370480635,35.23,716,5,49.2,0.698,7.05,0,0,0,5,,,,Pool,2026-09-13 to 2026-09-18,1.81,2.99,Delivery without confirmed completion,"O: observed session IDs, not verified people; C: reconciled completed intakes, including returns; V: form versions changed Sep18",AD,CT People r2 | pool__gunite,CT Themes 20260913 | pool,3,2026-09-16,2026-09-18,True,1.36,17,https://www.cohesiveinsure.com/marketing-review/20260919/deep-scan/images/48ecdb7ec4c648f1.jpg,"[{""action_type"": ""link_click"", ""value"": ""5""}, {""action_type"": ""landing_page_view"", ""value"": ""3""}, {""action_type"": ""omni_landing_page_view"", ""value"": ""3""}, {""action_type"": ""post_engagement"", ""value"": ""6""}, {""action_type"": ""post_interaction_gross"", ""value"": ""1""}, {""action_type"": ""page_engagement"", ""value"": ""6""}, {""action_type"": ""post_interaction_net"", ""value"": ""1""}, {""action_type"": ""onsite_conversion.post_save"", ""value"": ""1""}, {""action_type"": ""onsite_conversion.post_net_save"", ""value"": ""1""}]",[],{}
120251150831390660,CT MECHANISM 20260917 | gunite-exclusion,120251080549940660,120251082243910660,ACTIVE,ACTIVE,2026-09-16T23:17:06-0400,2026-09-16T23:25:27-0400,static image,Does your policy cover gunite work?,"Does your liability policy cover gunite pool construction? Check before the next build. Tell us about your excavation, gunite work and subcontractors so we can compare insurance for the work you do.",,GET_QUOTE,https://www.cohesiveinsure.com/contractor-test?industry=pool&angle=coi&creative_variant=pool__a10__cta1__navy__image0__v1&creative_angle=gunite&creative_visual=text&creative_cta=Get+my+quote,utm_source=facebook&utm_medium=paid&utm_campaign={{campaign.name}}&utm_content={{ad.name}}&utm_term={{adset.name}}&ad_id={{ad.id}}&adset_id={{adset.id}}&campaign_id={{campaign.id}},Current code: 2026-09-18-trade-v5; historical versions differ,pool__coi__{step|long}__v1 (layout assigned at visit),pool__a10__cta1__navy__image0__v1,images/48ecdb7ec4c648f1.jpg,2186686245585943,35.14,715,4,49.15,0.559,8.79,0,0,1,5,,,35.14,Pool,2026-09-13 to 2026-09-18,1.81,2.98,Delivery without confirmed completion,"O: observed session IDs, not verified people; C: reconciled completed intakes, including returns; V: form versions changed Sep18",AD,CT People r2 | pool__gunite,CT Themes 20260913 | pool,3,2026-09-16,2026-09-18,True,0.16,5,https://www.cohesiveinsure.com/marketing-review/20260919/deep-scan/images/48ecdb7ec4c648f1.jpg,"[{""action_type"": ""link_click"", ""value"": ""4""}, {""action_type"": ""landing_page_view"", ""value"": ""4""}, {""action_type"": ""omni_landing_page_view"", ""value"": ""4""}, {""action_type"": ""post_engagement"", ""value"": ""4""}, {""action_type"": ""page_engagement"", ""value"": ""4""}]",[],{}
120251150831050660,CT MECHANISM 20260917 | gunite-job,120251080549940660,120251082243910660,ACTIVE,ACTIVE,2026-09-16T23:17:02-0400,2026-09-16T23:20:00-0400,static image,GC waiting on your insurance?,Gunite pool builders: is a GC waiting on proof of insurance before work can start? Send the insurance requirements and job start date. Get a quote for your pool-construction business.,,GET_QUOTE,https://www.cohesiveinsure.com/contractor-test?industry=pool&angle=coi&creative_variant=pool__a10__cta1__navy__image0__v1&creative_angle=gunite&creative_visual=text&creative_cta=Get+my+quote,utm_source=facebook&utm_medium=paid&utm_campaign={{campaign.name}}&utm_content={{ad.name}}&utm_term={{adset.name}}&ad_id={{ad.id}}&adset_id={{adset.id}}&campaign_id={{campaign.id}},Current code: 2026-09-18-trade-v5; historical versions differ,pool__coi__{step|long}__v1 (layout assigned at visit),pool__a10__cta1__navy__image0__v1,images/48ecdb7ec4c648f1.jpg,3209031242820554,25.04,597,2,41.94,0.335,12.52,0,0,0,2,,,,Pool,2026-09-13 to 2026-09-18,1.29,2.12,Delivery without confirmed completion,"O: observed session IDs, not verified people; C: reconciled completed intakes, including returns; V: form versions changed Sep18",AD,CT People r2 | pool__gunite,CT Themes 20260913 | pool,3,2026-09-16,2026-09-18,True,0.67,13,https://www.cohesiveinsure.com/marketing-review/20260919/deep-scan/images/48ecdb7ec4c648f1.jpg,"[{""action_type"": ""link_click"", ""value"": ""2""}, {""action_type"": ""landing_page_view"", ""value"": ""3""}, {""action_type"": ""omni_landing_page_view"", ""value"": ""3""}, {""action_type"": ""post_engagement"", ""value"": ""2""}, {""action_type"": ""page_engagement"", ""value"": ""2""}]",[],{}
120251161811800660,CT CPC 20260917 | gunite-subs,120251080549940660,120251082243910660,ACTIVE,ACTIVE,2026-09-17T13:22:37-0400,2026-09-17T13:28:32-0400,static image,Gunite crews: check the insurance requirements,"Gunite contractors: before you send a crew to the next pool, check the job's insurance requirements. If the builder needs to be named as additional insured, tell us when you request your quote.",,GET_QUOTE,https://www.cohesiveinsure.com/contractor-test?industry=pool&angle=coi&creative_variant=pool__a10__cta1__navy__image0__v1&creative_angle=gunite&creative_visual=text&creative_cta=Get+my+quote,utm_source=facebook&utm_medium=paid&utm_campaign={{campaign.name}}&utm_content={{ad.name}}&utm_term={{adset.name}}&ad_id={{ad.id}}&adset_id={{adset.id}}&campaign_id={{campaign.id}},Current code: 2026-09-18-trade-v5; historical versions differ,pool__coi__{step|long}__v1 (layout assigned at visit),pool__a10__cta1__navy__image0__v1,images/48ecdb7ec4c648f1.jpg,1057129340424093,13.16,315,2,41.78,0.635,6.58,0,0,0,2,,,,Pool,2026-09-13 to 2026-09-18,0.68,1.12,Delivery without confirmed completion,"O: observed session IDs, not verified people; C: reconciled completed intakes, including returns; V: form versions changed Sep18",AD,CT People r2 | pool__gunite,CT Themes 20260913 | pool,2,2026-09-17,2026-09-18,True,0.34,8,https://www.cohesiveinsure.com/marketing-review/20260919/deep-scan/images/48ecdb7ec4c648f1.jpg,"[{""action_type"": ""link_click"", ""value"": ""2""}, {""action_type"": ""landing_page_view"", ""value"": ""2""}, {""action_type"": ""omni_landing_page_view"", ""value"": ""2""}, {""action_type"": ""post_engagement"", ""value"": ""2""}, {""action_type"": ""page_engagement"", ""value"": ""2""}]",[],{}
120251167872420660,CT CPC 20260918 | gunite-spray,120251080549940660,120251082243910660,ACTIVE,ACTIVE,2026-09-17T21:43:18-0400,2026-09-17T21:45:18-0400,static image,Gunite crews: check overspray coverage,Gunite contractors: overspray can reach more than the pool shell. Ask us to check liability coverage for damage to surrounding property. Get an insurance quote for your gunite work.,,GET_QUOTE,https://www.cohesiveinsure.com/contractor-test?industry=pool&angle=coi&creative_variant=pool__a10__cta1__navy__image0__v1&creative_angle=gunite&creative_visual=text&creative_cta=Get+my+quote,utm_source=facebook&utm_medium=paid&utm_campaign={{campaign.name}}&utm_content={{ad.name}}&utm_term={{adset.name}}&ad_id={{ad.id}}&adset_id={{adset.id}}&campaign_id={{campaign.id}},Current code: 2026-09-18-trade-v5; historical versions differ,pool__coi__{step|long}__v1 (layout assigned at visit),pool__a10__cta1__navy__image0__v1,images/48ecdb7ec4c648f1.jpg,28765410906416118,5.7,135,0,42.22,0.0,,0,0,0,0,,,,Pool,2026-09-13 to 2026-09-18,0.29,0.48,Delivery without confirmed completion,"O: observed session IDs, not verified people; C: reconciled completed intakes, including returns; V: form versions changed Sep18",AD,CT People r2 | pool__gunite,CT Themes 20260913 | pool,2,2026-09-17,2026-09-18,True,0.01,1,https://www.cohesiveinsure.com/marketing-review/20260919/deep-scan/images/48ecdb7ec4c648f1.jpg,[],[],{}
120251149675390660,CT KPI 20260917 | gunite | primary_copy_v1,120251080549940660,120251082243910660,ACTIVE,ACTIVE,2026-09-16T20:53:01-0400,2026-09-16T20:57:56-0400,static image,Pool builders - insurance quotes,Build gunite pools? Get an insurance quote for your pool-construction business.,,GET_QUOTE,https://www.cohesiveinsure.com/contractor-test?industry=pool&angle=coi&creative_variant=pool__a10__cta1__navy__image0__v1&creative_angle=gunite&creative_visual=text&creative_cta=Get+my+quote,utm_source=facebook&utm_medium=paid&utm_campaign={{campaign.name}}&utm_content={{ad.name}}&utm_term={{adset.name}}&ad_id={{ad.id}}&adset_id={{adset.id}}&campaign_id={{campaign.id}},Current code: 2026-09-18-trade-v5; historical versions differ,pool__coi__{step|long}__v1 (layout assigned at visit),pool__a10__cta1__navy__image0__v1,images/4fb223ccc8636578.jpg,1720962095653722,4.18,85,0,49.18,0.0,,0,0,0,0,,,,Pool,2026-09-13 to 2026-09-18,0.22,0.35,Delivery without confirmed completion,"O: observed session IDs, not verified people; C: reconciled completed intakes, including returns; V: form versions changed Sep18",AD,CT People r2 | pool__gunite,CT Themes 20260913 | pool,3,2026-09-16,2026-09-18,True,0.02,1,https://www.cohesiveinsure.com/marketing-review/20260919/deep-scan/images/4fb223ccc8636578.jpg,[],[],{}
120251082245310660,CT People r2 | pool__a10__cta1__navy__image2__v1,120251080549940660,120251082243910660,ACTIVE,ACTIVE,2026-09-13T01:25:26-0400,2026-09-13T12:50:11-0400,static image,Pool builders - insurance quotes,"We just bound insurance for a pool construction business that does gunite for $1,330/year.

Get a quote and see what your pool business qualifies for.",,GET_QUOTE,https://www.cohesiveinsure.com/contractor-test?industry=pool&angle=coi&creative_variant=pool__a10__cta1__navy__image2__v1&creative_angle=gunite&creative_visual=photo&creative_cta=Get+my+quote,utm_source=facebook&utm_medium=paid&utm_campaign={{campaign.name}}&utm_content={{ad.name}}&utm_term={{adset.name}}&ad_id={{ad.id}}&adset_id={{adset.id}}&campaign_id={{campaign.id}},Current code: 2026-09-18-trade-v5; historical versions differ,pool__coi__{step|long}__v1 (layout assigned at visit),pool__a10__cta1__navy__image2__v1,images/a9c955e50e117a75.jpg,1904525854252855,1.76,58,0,30.34,0.0,,0,0,0,0,,,,Pool,2026-09-13 to 2026-09-18,0.09,0.15,Delivery without confirmed completion,"O: observed session IDs, not verified people; C: reconciled completed intakes, including returns; V: form versions changed Sep18",AD,CT People r2 | pool__gunite,CT Themes 20260913 | pool,4,2026-09-13,2026-09-18,True,0.0,0,https://www.cohesiveinsure.com/marketing-review/20260919/deep-scan/images/a9c955e50e117a75.jpg,[],[],{}
