id,name,campaign_id,adset_id,status,effective_status,created_time,updated_time,format,headline,primary_text,description,CTA,destination,url_tags,form_version,experiment_cell,creative_variant,image,creative_id,spend,impressions,link_clicks,CPM,link_CTR_pct,link_CPC,completed_saved,new_acquisitions,observed_starts,observed_sessions,CPL_saved,CPL_new,cost_per_observed_start,campaign_label,operating_window,campaign_spend_share_pct,set_spend_share_pct,completion_evidence,measurement_flags,level,adset_name,campaign_name,days_live_observed_delivery_through_Sep18,first_observed_delivery_day,last_observed_delivery_day,ever_delivered_asof_Sep19,Sep19_partial_spend,Sep19_partial_impressions,image_url,meta_actions_unreconciled,meta_conversions_unreconciled,review_feedback
120250602300400660,RR - from26to12 - From $26K a year down to $12K,120250602165530660,120250602165650660,ACTIVE,ADSET_PAUSED,2026-08-13T20:26:51-0400,2026-08-13T23:33:22-0400,static image,From $26K a year down to $12K,"That's a real quote we ran last week for a Texas remodeling + roofing contractor. Same $1M/$2M limits. The bigger the GL bill, the more room there is to cut. Want us to check yours?",,GET_QUOTE,https://www.cohesiveinsure.com/,,Legacy/site route; see destination,Not specified in ad URL,,images/d4edc5c2cde7dc81.jpg,1064535279638352,42.42,886,5,47.88,0.564,8.48,0,0,,0,,,,Retained HIGH-VALUE,2026-08-13 to 2026-09-18,0.34,62.7,Delivery without confirmed completion,"S: sessions only since Sep12 01:50 ET; F: starts not historically recorded; C: reconciled completed intakes, including returns",AD,HV Contractors - instant form (45 states ex NY/FL/CA/MI/WA) - $150/day,Contractors HIGH-VALUE - hybrid Foxquilt/Hedge,2,2026-08-13,2026-08-14,True,0.0,0,https://www.cohesiveinsure.com/marketing-review/20260919/deep-scan/images/d4edc5c2cde7dc81.jpg,"[{""action_type"": ""link_click"", ""value"": ""5""}, {""action_type"": ""landing_page_view"", ""value"": ""2""}, {""action_type"": ""omni_landing_page_view"", ""value"": ""2""}, {""action_type"": ""post_engagement"", ""value"": ""6""}, {""action_type"": ""post_interaction_gross"", ""value"": ""1""}, {""action_type"": ""page_engagement"", ""value"": ""6""}, {""action_type"": ""post_interaction_net"", ""value"": ""1""}, {""action_type"": ""onsite_conversion.post_save"", ""value"": ""1""}, {""action_type"": ""onsite_conversion.post_net_save"", ""value"": ""1""}]",[],{}
120250602329570660,RR - sv_fivefigure_roof - Five-figure GL bill?,120250602165530660,120250602165650660,ACTIVE,ADSET_PAUSED,2026-08-13T20:32:15-0400,2026-08-14T02:34:49-0400,static image,Five-figure GL bill?,"The bigger the premium, the more shopping it moves the number. We just cut one contractor's GL from $26,000 to about $12,000 a year, same limits. Want a rate check?",,GET_QUOTE,https://www.cohesiveinsure.com/,,Legacy/site route; see destination,Not specified in ad URL,,images/dff5f97e62a06e89.jpg,1317529646862201,7.76,124,1,62.58,0.806,7.76,0,0,,0,,,,Retained HIGH-VALUE,2026-08-13 to 2026-09-18,0.06,11.47,Delivery without confirmed completion,"S: sessions only since Sep12 01:50 ET; F: starts not historically recorded; C: reconciled completed intakes, including returns",AD,HV Contractors - instant form (45 states ex NY/FL/CA/MI/WA) - $150/day,Contractors HIGH-VALUE - hybrid Foxquilt/Hedge,2,2026-08-13,2026-08-14,True,0.0,0,https://www.cohesiveinsure.com/marketing-review/20260919/deep-scan/images/dff5f97e62a06e89.jpg,"[{""action_type"": ""link_click"", ""value"": ""1""}, {""action_type"": ""post_reaction"", ""value"": ""1""}, {""action_type"": ""post_engagement"", ""value"": ""2""}, {""action_type"": ""like"", ""value"": ""1""}, {""action_type"": ""post_interaction_gross"", ""value"": ""1""}, {""action_type"": ""page_engagement"", ""value"": ""3""}, {""action_type"": ""post_interaction_net"", ""value"": ""1""}, {""action_type"": ""onsite_conversion.post_net_like"", ""value"": ""1""}]",[],{}
120250602270160660,RR - crews - Run crews? We insure that.,120250602165530660,120250602165650660,ACTIVE,DISAPPROVED,2026-08-13T20:21:18-0400,2026-08-14T03:37:28-0400,static image,Run crews? We insure that.,"If you've got employees in the field, your GL is priced off your payroll - and probably worth shopping. We quote construction markets most local agents can't access. Want us to check it?",,GET_QUOTE,https://www.cohesiveinsure.com/,,Legacy/site route; see destination,Not specified in ad URL,,images/12b91a9af84dc1dd.jpg,1521256875968601,6.61,105,0,62.95,0.0,,0,0,,0,,,,Retained HIGH-VALUE,2026-08-13 to 2026-09-18,0.05,9.77,Delivery without confirmed completion,"S: sessions only since Sep12 01:50 ET; F: starts not historically recorded; C: reconciled completed intakes, including returns",AD,HV Contractors - instant form (45 states ex NY/FL/CA/MI/WA) - $150/day,Contractors HIGH-VALUE - hybrid Foxquilt/Hedge,2,2026-08-13,2026-08-14,True,0.0,0,https://www.cohesiveinsure.com/marketing-review/20260919/deep-scan/images/12b91a9af84dc1dd.jpg,[],[],"{""global"": {""Lead Ads"": "" It looks like your ad contains content that is not allowed on Meta’s Advertising platforms. This goes against our Advertising Standards, Community Standards or Terms of Service. Visit Business Support Home to understand why your ad was removed and how to fix it.""}}"
120250602328090660,"RR - sv_saved14k_masonry - We cut one contractor's GL by $14,000 a",120250602165530660,120250602165650660,ACTIVE,DISAPPROVED,2026-08-13T20:31:59-0400,2026-08-14T03:59:40-0400,static image,"We cut one contractor's GL by $14,000 a year","One contractor was paying $26,000 a year. We requoted the same $1M/$2M limits at about $12,000 through a construction market most local agents can't access. Want us to run yours?",,GET_QUOTE,https://www.cohesiveinsure.com/,,Legacy/site route; see destination,Not specified in ad URL,,images/f79edcb2bb0bfae4.jpg,1703858164060483,3.84,118,1,32.54,0.847,3.84,0,0,,0,,,,Retained HIGH-VALUE,2026-08-13 to 2026-09-18,0.03,5.68,Delivery without confirmed completion,"S: sessions only since Sep12 01:50 ET; F: starts not historically recorded; C: reconciled completed intakes, including returns",AD,HV Contractors - instant form (45 states ex NY/FL/CA/MI/WA) - $150/day,Contractors HIGH-VALUE - hybrid Foxquilt/Hedge,2,2026-08-13,2026-08-14,True,0.0,0,https://www.cohesiveinsure.com/marketing-review/20260919/deep-scan/images/f79edcb2bb0bfae4.jpg,"[{""action_type"": ""link_click"", ""value"": ""1""}, {""action_type"": ""post_reaction"", ""value"": ""1""}, {""action_type"": ""post_engagement"", ""value"": ""2""}, {""action_type"": ""post_interaction_gross"", ""value"": ""1""}, {""action_type"": ""page_engagement"", ""value"": ""2""}, {""action_type"": ""post_interaction_net"", ""value"": ""1""}, {""action_type"": ""onsite_conversion.post_net_like"", ""value"": ""1""}]",[],"{""global"": {""Lead Ads"": "" It looks like your ad contains content that is not allowed on Meta’s Advertising platforms. This goes against our Advertising Standards, Community Standards or Terms of Service. Visit Business Support Home to understand why your ad was removed and how to fix it.""}}"
120250602268660660,RR - roofer_callout - General liability for roofing contractor,120250602165530660,120250602165650660,ACTIVE,DISAPPROVED,2026-08-13T20:21:05-0400,2026-08-14T03:38:06-0400,static image,General liability for roofing contractors,Roofing GL is hard to place and renewals keep climbing. We work with construction markets built for roofers and recently quoted a $2M roofing + remodel shop in under 24 hours. Want us to check your rate?,,GET_QUOTE,https://www.cohesiveinsure.com/,,Legacy/site route; see destination,Not specified in ad URL,,images/00e55645e2ffadc6.jpg,2088148168743577,3.37,101,1,33.37,0.99,3.37,0,0,,0,,,,Retained HIGH-VALUE,2026-08-13 to 2026-09-18,0.03,4.98,Delivery without confirmed completion,"S: sessions only since Sep12 01:50 ET; F: starts not historically recorded; C: reconciled completed intakes, including returns",AD,HV Contractors - instant form (45 states ex NY/FL/CA/MI/WA) - $150/day,Contractors HIGH-VALUE - hybrid Foxquilt/Hedge,2,2026-08-13,2026-08-14,True,0.0,0,https://www.cohesiveinsure.com/marketing-review/20260919/deep-scan/images/00e55645e2ffadc6.jpg,"[{""action_type"": ""link_click"", ""value"": ""1""}, {""action_type"": ""post_engagement"", ""value"": ""1""}, {""action_type"": ""page_engagement"", ""value"": ""1""}]",[],"{""global"": {""Lead Ads"": "" It looks like your ad contains content that is not allowed on Meta’s Advertising platforms. This goes against our Advertising Standards, Community Standards or Terms of Service. Visit Business Support Home to understand why your ad was removed and how to fix it.""}}"
120250602300730660,RR - fivefigure - Five-figure GL bill?,120250602165530660,120250602165650660,ACTIVE,DISAPPROVED,2026-08-13T20:26:54-0400,2026-08-14T05:10:15-0400,static image,Five-figure GL bill?,"The bigger the premium, the more shopping it moves the number. We just cut one contractor's GL from $26,000 to about $12,000 a year, same limits. Want a rate check?",,GET_QUOTE,https://www.cohesiveinsure.com/,,Legacy/site route; see destination,Not specified in ad URL,,images/ee7fa2fb40b1d827.jpg,2245357106261085,2.37,25,0,94.8,0.0,,0,0,,0,,,,Retained HIGH-VALUE,2026-08-13 to 2026-09-18,0.02,3.5,Delivery without confirmed completion,"S: sessions only since Sep12 01:50 ET; F: starts not historically recorded; C: reconciled completed intakes, including returns",AD,HV Contractors - instant form (45 states ex NY/FL/CA/MI/WA) - $150/day,Contractors HIGH-VALUE - hybrid Foxquilt/Hedge,2,2026-08-13,2026-08-14,True,0.0,0,https://www.cohesiveinsure.com/marketing-review/20260919/deep-scan/images/ee7fa2fb40b1d827.jpg,[],[],"{""global"": {""Lead Ads"": "" It looks like your ad contains content that is not allowed on Meta’s Advertising platforms. This goes against our Advertising Standards, Community Standards or Terms of Service. Visit Business Support Home to understand why your ad was removed and how to fix it.""}}"
120250602299490660,"RR - premium20k - Paying $20,000+ a year for GL?",120250602165530660,120250602165650660,ACTIVE,DISAPPROVED,2026-08-13T20:26:44-0400,2026-08-14T03:36:48-0400,static image,"Paying $20,000+ a year for GL?","We recently took a $2M contractor from $26,000 a year to about $12,000 - same $1M/$2M limits, through construction markets most local agents can't access. If your GL bill is five figures, want us to check it?",,GET_QUOTE,https://www.cohesiveinsure.com/,,Legacy/site route; see destination,Not specified in ad URL,,images/d34c08f189ddbd24.jpg,1056399433705357,1.29,58,0,22.24,0.0,,0,0,,0,,,,Retained HIGH-VALUE,2026-08-13 to 2026-09-18,0.01,1.91,Delivery without confirmed completion,"S: sessions only since Sep12 01:50 ET; F: starts not historically recorded; C: reconciled completed intakes, including returns",AD,HV Contractors - instant form (45 states ex NY/FL/CA/MI/WA) - $150/day,Contractors HIGH-VALUE - hybrid Foxquilt/Hedge,2,2026-08-13,2026-08-14,True,0.0,0,https://www.cohesiveinsure.com/marketing-review/20260919/deep-scan/images/d34c08f189ddbd24.jpg,[],[],"{""global"": {""Lead Ads"": "" It looks like your ad contains content that is not allowed on Meta’s Advertising platforms. This goes against our Advertising Standards, Community Standards or Terms of Service. Visit Business Support Home to understand why your ad was removed and how to fix it.""}}"
120250603466200660,HVw - landing - pool_callout,120250602165530660,120250602441660660,PAUSED,PAUSED,2026-08-13T22:37:45-0400,2026-08-15T11:48:59-0400,static image,General liability for pool builders,"Pool construction GL, quoted fast. We use AI to automatically shop your coverage and find you a better rate - a licensed agent reviews everything. Want us to run yours?",,GET_QUOTE,https://www.cohesiveinsure.com/contractors,,Legacy/site route; see destination,Not specified in ad URL,,images/6f81afd8161e413e.jpg,2331285680737664,105.53,3092,30,34.13,0.97,3.52,0,0,,0,,,,Retained HIGH-VALUE,2026-08-13 to 2026-09-18,0.84,23.33,Delivery without confirmed completion,"S: sessions only since Sep12 01:50 ET; F: starts not historically recorded; C: reconciled completed intakes, including returns",AD,HV Contractors - LANDING FORM /contractors (45 states) - $100/day,Contractors HIGH-VALUE - hybrid Foxquilt/Hedge,3,2026-08-13,2026-08-15,True,0.0,0,https://www.cohesiveinsure.com/marketing-review/20260919/deep-scan/images/6f81afd8161e413e.jpg,"[{""action_type"": ""link_click"", ""value"": ""30""}, {""action_type"": ""offsite_conversion.fb_pixel_custom"", ""value"": ""6""}, {""action_type"": ""post_reaction"", ""value"": ""3""}, {""action_type"": ""landing_page_view"", ""value"": ""30""}, {""action_type"": ""onsite_web_lead"", ""value"": ""6""}, {""action_type"": ""omni_landing_page_view"", ""value"": ""30""}, {""action_type"": ""post_engagement"", ""value"": ""35""}, {""action_type"": ""post_interaction_gross"", ""value"": ""5""}, {""action_type"": ""comment"", ""value"": ""1""}, {""action_type"": ""page_engagement"", ""value"": ""35""}, {""action_type"": ""post_interaction_net"", ""value"": ""5""}, {""action_type"": ""post"", ""value"": ""1""}, {""action_type"": ""onsite_conversion.post_net_comment"", ""value"": ""1""}, {""action_type"": ""onsite_conversion.post_net_like"", ""value"": ""3""}, {""action_type"": ""lead"", ""value"": ""6""}, {""action_type"": ""custom_event_actions_add_20_s_calls"", ""value"": ""6""}, {""action_type"": ""offsite_conversion.fb_pixel_lead"", ""value"": ""6""}, {""action_type"": ""offsite_lead_add_20_s_calls"", ""value"": ""6""}]","[{""action_type"": ""offsite_conversion.fb_pixel_custom.LargeBusinessLead"", ""value"": ""1""}, {""action_type"": ""offsite_conversion.fb_pixel_custom.LeadUrgentQuoted"", ""value"": ""5""}]",{}
120250603456230660,HVw - landing - paving_callout,120250602165530660,120250602441660660,PAUSED,PAUSED,2026-08-13T22:37:18-0400,2026-08-15T11:49:03-0400,static image,General liability for paving and asphalt,Paving and asphalt GL is hard to place and renewals keep climbing. We use AI to automatically shop it and find you a better rate. Want us to check yours?,,GET_QUOTE,https://www.cohesiveinsure.com/contractors,,Legacy/site route; see destination,Not specified in ad URL,,images/ed01b8a78ada6d6e.jpg,2350758305729809,70.68,2179,23,32.44,1.056,3.07,0,0,,0,,,,Retained HIGH-VALUE,2026-08-13 to 2026-09-18,0.56,15.63,Delivery without confirmed completion,"S: sessions only since Sep12 01:50 ET; F: starts not historically recorded; C: reconciled completed intakes, including returns",AD,HV Contractors - LANDING FORM /contractors (45 states) - $100/day,Contractors HIGH-VALUE - hybrid Foxquilt/Hedge,3,2026-08-13,2026-08-15,True,0.0,0,https://www.cohesiveinsure.com/marketing-review/20260919/deep-scan/images/ed01b8a78ada6d6e.jpg,"[{""action_type"": ""link_click"", ""value"": ""23""}, {""action_type"": ""post_reaction"", ""value"": ""1""}, {""action_type"": ""landing_page_view"", ""value"": ""22""}, {""action_type"": ""onsite_web_lead"", ""value"": ""1""}, {""action_type"": ""omni_landing_page_view"", ""value"": ""22""}, {""action_type"": ""post_engagement"", ""value"": ""25""}, {""action_type"": ""like"", ""value"": ""1""}, {""action_type"": ""post_interaction_gross"", ""value"": ""2""}, {""action_type"": ""page_engagement"", ""value"": ""26""}, {""action_type"": ""post_interaction_net"", ""value"": ""2""}, {""action_type"": ""post"", ""value"": ""1""}, {""action_type"": ""onsite_conversion.post_net_like"", ""value"": ""1""}, {""action_type"": ""lead"", ""value"": ""1""}, {""action_type"": ""offsite_conversion.fb_pixel_lead"", ""value"": ""1""}, {""action_type"": ""offsite_lead_add_20_s_calls"", ""value"": ""1""}]",[],{}
120250603457470660,HVw - landing - tree_callout,120250602165530660,120250602441660660,PAUSED,PAUSED,2026-08-13T22:37:25-0400,2026-08-14T15:00:38-0400,static image,General liability for tree services,"Tree work GL is one of the hardest classes to place - and one of the most overpriced. We use AI to shop it and find you a better rate, reviewed by a licensed agent. Want yours checked?",,GET_QUOTE,https://www.cohesiveinsure.com/contractors,,Legacy/site route; see destination,Not specified in ad URL,,images/7af3e1eafd9d45b4.jpg,2844589409272982,41.87,1460,29,28.68,1.986,1.44,0,0,,0,,,,Retained HIGH-VALUE,2026-08-13 to 2026-09-18,0.33,9.26,Delivery without confirmed completion,"S: sessions only since Sep12 01:50 ET; F: starts not historically recorded; C: reconciled completed intakes, including returns",AD,HV Contractors - LANDING FORM /contractors (45 states) - $100/day,Contractors HIGH-VALUE - hybrid Foxquilt/Hedge,2,2026-08-13,2026-08-14,True,0.0,0,https://www.cohesiveinsure.com/marketing-review/20260919/deep-scan/images/7af3e1eafd9d45b4.jpg,"[{""action_type"": ""web_in_store_purchase"", ""value"": ""1""}, {""action_type"": ""omni_purchase"", ""value"": ""1""}, {""action_type"": ""link_click"", ""value"": ""29""}, {""action_type"": ""offsite_purchase_add_20_s_calls"", ""value"": ""1""}, {""action_type"": ""offsite_conversion.fb_pixel_purchase"", ""value"": ""1""}, {""action_type"": ""offsite_conversion.fb_pixel_custom"", ""value"": ""2""}, {""action_type"": ""post_reaction"", ""value"": ""5""}, {""action_type"": ""landing_page_view"", ""value"": ""27""}, {""action_type"": ""onsite_web_lead"", ""value"": ""2""}, {""action_type"": ""omni_landing_page_view"", ""value"": ""27""}, {""action_type"": ""post_engagement"", ""value"": ""37""}, {""action_type"": ""post_interaction_gross"", ""value"": ""8""}, {""action_type"": ""comment"", ""value"": ""2""}, {""action_type"": ""onsite_web_app_purchase"", ""value"": ""1""}, {""action_type"": ""page_engagement"", ""value"": ""37""}, {""action_type"": ""purchase"", ""value"": ""1""}, {""action_type"": ""post_interaction_net"", ""value"": ""8""}, {""action_type"": ""onsite_conversion.post_save"", ""value"": ""1""}, {""action_type"": ""onsite_conversion.post_net_comment"", ""value"": ""2""}, {""action_type"": ""web_app_in_store_purchase"", ""value"": ""1""}, {""action_type"": ""onsite_conversion.post_net_save"", ""value"": ""1""}, {""action_type"": ""onsite_conversion.post_net_like"", ""value"": ""5""}, {""action_type"": ""lead"", ""value"": ""2""}, {""action_type"": ""onsite_web_purchase"", ""value"": ""1""}, {""action_type"": ""custom_event_actions_add_20_s_calls"", ""value"": ""2""}, {""action_type"": ""offsite_conversion.fb_pixel_lead"", ""value"": ""2""}, {""action_type"": ""offsite_lead_add_20_s_calls"", ""value"": ""2""}]","[{""action_type"": ""offsite_conversion.fb_pixel_custom.LeadUrgentQuoted"", ""value"": ""2""}]",{}
120250602481700660,HVw - landing - masonry_callout,120250602165530660,120250602441660660,PAUSED,PAUSED,2026-08-13T20:51:45-0400,2026-08-15T11:49:02-0400,static image,GL for masonry and concrete contractors,"Masonry, concrete, and structural work rates high - which is exactly why it pays to shop it. We quote construction markets built for the class. Want us to check your rate?",,GET_QUOTE,https://www.cohesiveinsure.com/contractors,,Legacy/site route; see destination,Not specified in ad URL,,images/134f12dba5077cab.jpg,1707227230582834,40.95,1687,16,24.27,0.948,2.56,0,0,,0,,,,Retained HIGH-VALUE,2026-08-13 to 2026-09-18,0.33,9.05,Delivery without confirmed completion,"S: sessions only since Sep12 01:50 ET; F: starts not historically recorded; C: reconciled completed intakes, including returns",AD,HV Contractors - LANDING FORM /contractors (45 states) - $100/day,Contractors HIGH-VALUE - hybrid Foxquilt/Hedge,2,2026-08-14,2026-08-15,True,0.0,0,https://www.cohesiveinsure.com/marketing-review/20260919/deep-scan/images/134f12dba5077cab.jpg,"[{""action_type"": ""link_click"", ""value"": ""16""}, {""action_type"": ""post_reaction"", ""value"": ""2""}, {""action_type"": ""landing_page_view"", ""value"": ""14""}, {""action_type"": ""omni_landing_page_view"", ""value"": ""14""}, {""action_type"": ""post_engagement"", ""value"": ""21""}, {""action_type"": ""post_interaction_gross"", ""value"": ""5""}, {""action_type"": ""comment"", ""value"": ""3""}, {""action_type"": ""page_engagement"", ""value"": ""21""}, {""action_type"": ""post_interaction_net"", ""value"": ""5""}, {""action_type"": ""onsite_conversion.post_net_comment"", ""value"": ""3""}, {""action_type"": ""onsite_conversion.post_net_like"", ""value"": ""2""}]",[],{}
120250603459430660,HVw - landing - restoration_callout,120250602165530660,120250602441660660,ACTIVE,ADSET_PAUSED,2026-08-13T22:37:31-0400,2026-08-13T23:33:11-0400,static image,GL for restoration contractors,Water and fire restoration GL is specialized and expensive. We use AI to automatically shop it across markets built for restoration and find you a better rate. Want us to run yours?,,GET_QUOTE,https://www.cohesiveinsure.com/contractors,,Legacy/site route; see destination,Not specified in ad URL,,images/cc11dc88627815df.jpg,1358520992550328,35.35,783,8,45.15,1.022,4.42,0,0,,0,,,,Retained HIGH-VALUE,2026-08-13 to 2026-09-18,0.28,7.82,Delivery without confirmed completion,"S: sessions only since Sep12 01:50 ET; F: starts not historically recorded; C: reconciled completed intakes, including returns",AD,HV Contractors - LANDING FORM /contractors (45 states) - $100/day,Contractors HIGH-VALUE - hybrid Foxquilt/Hedge,3,2026-08-13,2026-08-15,True,0.0,0,https://www.cohesiveinsure.com/marketing-review/20260919/deep-scan/images/cc11dc88627815df.jpg,"[{""action_type"": ""link_click"", ""value"": ""8""}, {""action_type"": ""post_reaction"", ""value"": ""1""}, {""action_type"": ""landing_page_view"", ""value"": ""7""}, {""action_type"": ""omni_landing_page_view"", ""value"": ""7""}, {""action_type"": ""post_engagement"", ""value"": ""9""}, {""action_type"": ""post_interaction_gross"", ""value"": ""1""}, {""action_type"": ""page_engagement"", ""value"": ""9""}, {""action_type"": ""post_interaction_net"", ""value"": ""1""}, {""action_type"": ""onsite_conversion.post_net_like"", ""value"": ""1""}]",[],{}
120250602480930660,HVw - landing - roofer_callout,120250602165530660,120250602441660660,ACTIVE,ADSET_PAUSED,2026-08-13T20:51:36-0400,2026-08-13T23:33:08-0400,static image,General liability for roofing contractors,Roofing GL is hard to place and renewals keep climbing. We work with construction markets built for roofers and recently quoted a $2M roofing + remodel shop in under 24 hours. Want us to check your rate?,,GET_QUOTE,https://www.cohesiveinsure.com/contractors,,Legacy/site route; see destination,Not specified in ad URL,,images/00e55645e2ffadc6.jpg,1670515460709184,27.43,635,7,43.2,1.102,3.92,0,0,,0,,,,Retained HIGH-VALUE,2026-08-13 to 2026-09-18,0.22,6.07,Delivery without confirmed completion,"S: sessions only since Sep12 01:50 ET; F: starts not historically recorded; C: reconciled completed intakes, including returns",AD,HV Contractors - LANDING FORM /contractors (45 states) - $100/day,Contractors HIGH-VALUE - hybrid Foxquilt/Hedge,3,2026-08-13,2026-08-15,True,0.0,0,https://www.cohesiveinsure.com/marketing-review/20260919/deep-scan/images/00e55645e2ffadc6.jpg,"[{""action_type"": ""link_click"", ""value"": ""7""}, {""action_type"": ""offsite_conversion.fb_pixel_custom"", ""value"": ""1""}, {""action_type"": ""landing_page_view"", ""value"": ""6""}, {""action_type"": ""onsite_web_lead"", ""value"": ""2""}, {""action_type"": ""omni_landing_page_view"", ""value"": ""6""}, {""action_type"": ""post_engagement"", ""value"": ""7""}, {""action_type"": ""page_engagement"", ""value"": ""7""}, {""action_type"": ""lead"", ""value"": ""2""}, {""action_type"": ""custom_event_actions_add_20_s_calls"", ""value"": ""1""}, {""action_type"": ""offsite_conversion.fb_pixel_lead"", ""value"": ""2""}, {""action_type"": ""offsite_lead_add_20_s_calls"", ""value"": ""2""}]","[{""action_type"": ""offsite_conversion.fb_pixel_custom.LeadUrgentQuoted"", ""value"": ""1""}]",{}
120250603451840660,HVw - landing - flooring_callout,120250602165530660,120250602441660660,PAUSED,PAUSED,2026-08-13T22:37:05-0400,2026-08-15T11:49:00-0400,static image,General liability for flooring and tile,"Flooring and tile GL, quoted fast. We use AI to automatically shop your coverage and find you a better rate - a licensed agent reviews everything. Want us to run yours?",,GET_QUOTE,https://www.cohesiveinsure.com/contractors,,Legacy/site route; see destination,Not specified in ad URL,,images/827b981ffb99f2c5.jpg,2077439659533997,19.3,457,6,42.23,1.313,3.22,0,0,,0,,,,Retained HIGH-VALUE,2026-08-13 to 2026-09-18,0.15,4.27,Delivery without confirmed completion,"S: sessions only since Sep12 01:50 ET; F: starts not historically recorded; C: reconciled completed intakes, including returns",AD,HV Contractors - LANDING FORM /contractors (45 states) - $100/day,Contractors HIGH-VALUE - hybrid Foxquilt/Hedge,3,2026-08-13,2026-08-15,True,0.0,0,https://www.cohesiveinsure.com/marketing-review/20260919/deep-scan/images/827b981ffb99f2c5.jpg,"[{""action_type"": ""web_in_store_purchase"", ""value"": ""1""}, {""action_type"": ""omni_purchase"", ""value"": ""1""}, {""action_type"": ""link_click"", ""value"": ""6""}, {""action_type"": ""offsite_purchase_add_20_s_calls"", ""value"": ""1""}, {""action_type"": ""offsite_conversion.fb_pixel_purchase"", ""value"": ""1""}, {""action_type"": ""offsite_conversion.fb_pixel_custom"", ""value"": ""1""}, {""action_type"": ""landing_page_view"", ""value"": ""4""}, {""action_type"": ""onsite_web_lead"", ""value"": ""1""}, {""action_type"": ""omni_landing_page_view"", ""value"": ""4""}, {""action_type"": ""post_engagement"", ""value"": ""6""}, {""action_type"": ""onsite_web_app_purchase"", ""value"": ""1""}, {""action_type"": ""page_engagement"", ""value"": ""6""}, {""action_type"": ""purchase"", ""value"": ""1""}, {""action_type"": ""web_app_in_store_purchase"", ""value"": ""1""}, {""action_type"": ""lead"", ""value"": ""1""}, {""action_type"": ""onsite_web_purchase"", ""value"": ""1""}, {""action_type"": ""custom_event_actions_add_20_s_calls"", ""value"": ""1""}, {""action_type"": ""offsite_conversion.fb_pixel_lead"", ""value"": ""1""}, {""action_type"": ""offsite_lead_add_20_s_calls"", ""value"": ""1""}]","[{""action_type"": ""offsite_conversion.fb_pixel_custom.LeadUrgentQuoted"", ""value"": ""1""}]",{}
120250603447740660,HVw - landing - carpentry_callout,120250602165530660,120250602441660660,PAUSED,PAUSED,2026-08-13T22:36:52-0400,2026-08-15T19:23:27-0400,static image,General liability for carpentry and framing,"Carpentry and framing GL, quoted fast. We use AI to automatically shop your coverage and find you a better rate - a licensed agent reviews everything. Want us to run yours?",,GET_QUOTE,https://www.cohesiveinsure.com/contractors,,Legacy/site route; see destination,Not specified in ad URL,,images/52123afb90206010.jpg,1602089038207633,17.94,263,3,68.21,1.141,5.98,0,0,,0,,,,Retained HIGH-VALUE,2026-08-13 to 2026-09-18,0.14,3.97,Delivery without confirmed completion,"S: sessions only since Sep12 01:50 ET; F: starts not historically recorded; C: reconciled completed intakes, including returns",AD,HV Contractors - LANDING FORM /contractors (45 states) - $100/day,Contractors HIGH-VALUE - hybrid Foxquilt/Hedge,3,2026-08-13,2026-08-15,True,0.0,0,https://www.cohesiveinsure.com/marketing-review/20260919/deep-scan/images/52123afb90206010.jpg,"[{""action_type"": ""link_click"", ""value"": ""3""}, {""action_type"": ""landing_page_view"", ""value"": ""3""}, {""action_type"": ""omni_landing_page_view"", ""value"": ""3""}, {""action_type"": ""post_engagement"", ""value"": ""3""}, {""action_type"": ""page_engagement"", ""value"": ""3""}]",[],{}
120250602473920660,HVw - landing - sv_saved14k_remodel,120250602165530660,120250602441660660,PAUSED,PAUSED,2026-08-13T20:50:38-0400,2026-08-15T19:23:17-0400,static image,"We cut one contractor's GL by $14,000 a year","One contractor was paying $26,000 a year. We requoted the same $1M/$2M limits at about $12,000 through a construction market most local agents can't access. Want us to run yours?",,GET_QUOTE,https://www.cohesiveinsure.com/contractors,,Legacy/site route; see destination,Not specified in ad URL,,images/0c294504a6ed08c9.jpg,845658065182627,16.55,324,3,51.08,0.926,5.52,0,0,,0,,,,Retained HIGH-VALUE,2026-08-13 to 2026-09-18,0.13,3.66,Delivery without confirmed completion,"S: sessions only since Sep12 01:50 ET; F: starts not historically recorded; C: reconciled completed intakes, including returns",AD,HV Contractors - LANDING FORM /contractors (45 states) - $100/day,Contractors HIGH-VALUE - hybrid Foxquilt/Hedge,2,2026-08-14,2026-08-15,True,0.0,0,https://www.cohesiveinsure.com/marketing-review/20260919/deep-scan/images/0c294504a6ed08c9.jpg,"[{""action_type"": ""link_click"", ""value"": ""3""}, {""action_type"": ""offsite_conversion.fb_pixel_custom"", ""value"": ""1""}, {""action_type"": ""landing_page_view"", ""value"": ""5""}, {""action_type"": ""omni_landing_page_view"", ""value"": ""5""}, {""action_type"": ""post_engagement"", ""value"": ""3""}, {""action_type"": ""page_engagement"", ""value"": ""3""}, {""action_type"": ""custom_event_actions_add_20_s_calls"", ""value"": ""1""}]","[{""action_type"": ""offsite_conversion.fb_pixel_custom.LeadUrgentQuoted"", ""value"": ""1""}]",{}
120250603462860660,HVw - landing - waterproofing_callout,120250602165530660,120250602441660660,ACTIVE,ADSET_PAUSED,2026-08-13T22:37:38-0400,2026-08-13T23:33:27-0400,static image,GL for waterproofing and foundation repair,Waterproofing and foundation repair GL rates high - which means shopping it can really move the number. We use AI to shop it and find you a better rate. Want us to check yours?,,GET_QUOTE,https://www.cohesiveinsure.com/contractors,,Legacy/site route; see destination,Not specified in ad URL,,images/a3e999931066fba6.jpg,1356540126113434,15.59,259,8,60.19,3.089,1.95,0,0,,0,,,,Retained HIGH-VALUE,2026-08-13 to 2026-09-18,0.12,3.45,Delivery without confirmed completion,"S: sessions only since Sep12 01:50 ET; F: starts not historically recorded; C: reconciled completed intakes, including returns",AD,HV Contractors - LANDING FORM /contractors (45 states) - $100/day,Contractors HIGH-VALUE - hybrid Foxquilt/Hedge,3,2026-08-13,2026-08-15,True,0.0,0,https://www.cohesiveinsure.com/marketing-review/20260919/deep-scan/images/a3e999931066fba6.jpg,"[{""action_type"": ""link_click"", ""value"": ""8""}, {""action_type"": ""landing_page_view"", ""value"": ""7""}, {""action_type"": ""omni_landing_page_view"", ""value"": ""7""}, {""action_type"": ""post_engagement"", ""value"": ""8""}, {""action_type"": ""page_engagement"", ""value"": ""8""}]",[],{}
120250602483730660,HVw - landing - coi,120250602165530660,120250602441660660,PAUSED,PAUSED,2026-08-13T20:52:01-0400,2026-08-15T19:23:22-0400,static image,"The GC wants your COI. Like, today.","If a GC or client is holding a job until your certificate shows up, we quote contractor GL fast and get the COI out. What's the job waiting on?",,GET_QUOTE,https://www.cohesiveinsure.com/contractors,,Legacy/site route; see destination,Not specified in ad URL,,images/375907f990603f04.jpg,802706369565608,14.01,194,0,72.22,0.0,,0,0,,0,,,,Retained HIGH-VALUE,2026-08-13 to 2026-09-18,0.11,3.1,Delivery without confirmed completion,"S: sessions only since Sep12 01:50 ET; F: starts not historically recorded; C: reconciled completed intakes, including returns",AD,HV Contractors - LANDING FORM /contractors (45 states) - $100/day,Contractors HIGH-VALUE - hybrid Foxquilt/Hedge,3,2026-08-13,2026-08-15,True,0.0,0,https://www.cohesiveinsure.com/marketing-review/20260919/deep-scan/images/375907f990603f04.jpg,[],[],{}
120250602483040660,HVw - landing - crews,120250602165530660,120250602441660660,ACTIVE,ADSET_PAUSED,2026-08-13T20:51:56-0400,2026-08-13T23:33:08-0400,static image,Run crews? We insure that.,"If you've got employees in the field, your GL is priced off your payroll - and probably worth shopping. We quote construction markets most local agents can't access. Want us to check it?",,GET_QUOTE,https://www.cohesiveinsure.com/contractors,,Legacy/site route; see destination,Not specified in ad URL,,images/12b91a9af84dc1dd.jpg,926479683867466,5.79,107,0,54.11,0.0,,0,0,,0,,,,Retained HIGH-VALUE,2026-08-13 to 2026-09-18,0.05,1.28,Delivery without confirmed completion,"S: sessions only since Sep12 01:50 ET; F: starts not historically recorded; C: reconciled completed intakes, including returns",AD,HV Contractors - LANDING FORM /contractors (45 states) - $100/day,Contractors HIGH-VALUE - hybrid Foxquilt/Hedge,3,2026-08-13,2026-08-15,True,0.0,0,https://www.cohesiveinsure.com/marketing-review/20260919/deep-scan/images/12b91a9af84dc1dd.jpg,[],[],{}
120250602479770660,HVw - landing - painter_callout,120250602165530660,120250602441660660,PAUSED,PAUSED,2026-08-13T20:51:27-0400,2026-08-15T19:23:02-0400,static image,General liability for painting contractors,"Painting crews with real payroll get real underwriting from us, not a one-size instant quote. GL with $1M/$2M limits, additional insureds, COIs handled. Want us to run your quote?",,GET_QUOTE,https://www.cohesiveinsure.com/contractors,,Legacy/site route; see destination,Not specified in ad URL,,images/2ff21d816fcfe7f9.jpg,1610946007062556,5.31,118,0,45.0,0.0,,0,0,,0,,,,Retained HIGH-VALUE,2026-08-13 to 2026-09-18,0.04,1.17,Delivery without confirmed completion,"S: sessions only since Sep12 01:50 ET; F: starts not historically recorded; C: reconciled completed intakes, including returns",AD,HV Contractors - LANDING FORM /contractors (45 states) - $100/day,Contractors HIGH-VALUE - hybrid Foxquilt/Hedge,3,2026-08-13,2026-08-15,True,0.0,0,https://www.cohesiveinsure.com/marketing-review/20260919/deep-scan/images/2ff21d816fcfe7f9.jpg,[],[],{}
120250602482110660,HVw - landing - mechanical_callout,120250602165530660,120250602441660660,PAUSED,PAUSED,2026-08-13T20:51:51-0400,2026-08-15T11:49:04-0400,static image,"GL for electrical, plumbing and HVAC","Electrical, plumbing, and HVAC shops with crews: your GL and payroll deserve real underwriting. Quotes usually back within a day. Want us to run yours?",,GET_QUOTE,https://www.cohesiveinsure.com/contractors,,Legacy/site route; see destination,Not specified in ad URL,,images/79219e5f398ed46b.jpg,1378895344339247,5.24,155,1,33.81,0.645,5.24,0,0,,0,,,,Retained HIGH-VALUE,2026-08-13 to 2026-09-18,0.04,1.16,Delivery without confirmed completion,"S: sessions only since Sep12 01:50 ET; F: starts not historically recorded; C: reconciled completed intakes, including returns",AD,HV Contractors - LANDING FORM /contractors (45 states) - $100/day,Contractors HIGH-VALUE - hybrid Foxquilt/Hedge,3,2026-08-13,2026-08-15,True,0.0,0,https://www.cohesiveinsure.com/marketing-review/20260919/deep-scan/images/79219e5f398ed46b.jpg,"[{""action_type"": ""link_click"", ""value"": ""1""}, {""action_type"": ""post_engagement"", ""value"": ""1""}, {""action_type"": ""page_engagement"", ""value"": ""1""}]",[],{}
120250602474910660,HVw - landing - sv_saved14k_masonry,120250602165530660,120250602441660660,PAUSED,PAUSED,2026-08-13T20:50:47-0400,2026-08-15T19:23:27-0400,static image,"We cut one contractor's GL by $14,000 a year","One contractor was paying $26,000 a year. We requoted the same $1M/$2M limits at about $12,000 through a construction market most local agents can't access. Want us to run yours?",,GET_QUOTE,https://www.cohesiveinsure.com/contractors,,Legacy/site route; see destination,Not specified in ad URL,,images/f79edcb2bb0bfae4.jpg,1491319293023883,4.18,69,0,60.58,0.0,,0,0,,0,,,,Retained HIGH-VALUE,2026-08-13 to 2026-09-18,0.03,0.92,Delivery without confirmed completion,"S: sessions only since Sep12 01:50 ET; F: starts not historically recorded; C: reconciled completed intakes, including returns",AD,HV Contractors - LANDING FORM /contractors (45 states) - $100/day,Contractors HIGH-VALUE - hybrid Foxquilt/Hedge,2,2026-08-14,2026-08-15,True,0.0,0,https://www.cohesiveinsure.com/marketing-review/20260919/deep-scan/images/f79edcb2bb0bfae4.jpg,[],[],{}
120250635759410660,HVw - landing - pool_builder_callout,120250602165530660,120250602441660660,ACTIVE,ADSET_PAUSED,2026-08-15T11:49:33-0400,2026-08-15T11:52:00-0400,static image,GL for pool builders,"Build in-ground pools? Carriers price pool construction thousands of dollars apart for the same work, and half of them decline it outright. We use AI to automatically shop the markets that actually want pool builders, with installation and construction declared properly so the policy covers what you build. What are you paying now?",,GET_QUOTE,https://www.cohesiveinsure.com/contractors,,Legacy/site route; see destination,Not specified in ad URL,,images/6f81afd8161e413e.jpg,1065122965934542,3.86,137,0,28.18,0.0,,0,0,,0,,,,Retained HIGH-VALUE,2026-08-13 to 2026-09-18,0.03,0.85,Delivery without confirmed completion,"S: sessions only since Sep12 01:50 ET; F: starts not historically recorded; C: reconciled completed intakes, including returns",AD,HV Contractors - LANDING FORM /contractors (45 states) - $100/day,Contractors HIGH-VALUE - hybrid Foxquilt/Hedge,1,2026-08-15,2026-08-15,True,0.0,0,https://www.cohesiveinsure.com/marketing-review/20260919/deep-scan/images/6f81afd8161e413e.jpg,[],[],{}
120250602471440660,HVw - landing - sv_premium20k_roof,120250602165530660,120250602441660660,ACTIVE,ADSET_PAUSED,2026-08-13T20:50:13-0400,2026-08-13T23:33:11-0400,static image,"Paying $20,000+ a year for GL?","We recently took a $2M contractor from $26,000 a year to about $12,000 - same $1M/$2M limits, through construction markets most local agents can't access. If your GL bill is five figures, want us to check it?",,GET_QUOTE,https://www.cohesiveinsure.com/contractors,,Legacy/site route; see destination,Not specified in ad URL,,images/ca2044130f434728.jpg,1707571943834332,3.48,63,0,55.24,0.0,,0,0,,0,,,,Retained HIGH-VALUE,2026-08-13 to 2026-09-18,0.03,0.77,Delivery without confirmed completion,"S: sessions only since Sep12 01:50 ET; F: starts not historically recorded; C: reconciled completed intakes, including returns",AD,HV Contractors - LANDING FORM /contractors (45 states) - $100/day,Contractors HIGH-VALUE - hybrid Foxquilt/Hedge,3,2026-08-13,2026-08-15,True,0.0,0,https://www.cohesiveinsure.com/marketing-review/20260919/deep-scan/images/ca2044130f434728.jpg,[],[],{}
120250602485050660,HVw - landing - commercial,120250602165530660,120250602441660660,ACTIVE,ADSET_PAUSED,2026-08-13T20:52:09-0400,2026-08-13T23:32:55-0400,static image,Doing commercial jobs?,"Commercial work means bigger contracts, tougher COI requirements, and higher limits. We quote contractor GL built for it, usually within a day. Want us to run yours?",,GET_QUOTE,https://www.cohesiveinsure.com/contractors,,Legacy/site route; see destination,Not specified in ad URL,,images/23fb2938f63ff52a.jpg,27497383699944025,3.33,57,0,58.42,0.0,,0,0,,0,,,,Retained HIGH-VALUE,2026-08-13 to 2026-09-18,0.03,0.74,Delivery without confirmed completion,"S: sessions only since Sep12 01:50 ET; F: starts not historically recorded; C: reconciled completed intakes, including returns",AD,HV Contractors - LANDING FORM /contractors (45 states) - $100/day,Contractors HIGH-VALUE - hybrid Foxquilt/Hedge,3,2026-08-13,2026-08-15,True,0.0,0,https://www.cohesiveinsure.com/marketing-review/20260919/deep-scan/images/23fb2938f63ff52a.jpg,[],[],{}
120250602477630660,HVw - landing - sv_26to12_masonry,120250602165530660,120250602441660660,PAUSED,PAUSED,2026-08-13T20:51:04-0400,2026-08-15T19:23:11-0400,static image,From $26K a year down to $12K,"That's a real quote we ran last week for a Texas remodeling + roofing contractor. Same $1M/$2M limits. The bigger the GL bill, the more room there is to cut. Want us to check yours?",,GET_QUOTE,https://www.cohesiveinsure.com/contractors,,Legacy/site route; see destination,Not specified in ad URL,,images/bfc888d9402ac742.jpg,1368594114825530,2.93,89,0,32.92,0.0,,0,0,,0,,,,Retained HIGH-VALUE,2026-08-13 to 2026-09-18,0.02,0.65,Delivery without confirmed completion,"S: sessions only since Sep12 01:50 ET; F: starts not historically recorded; C: reconciled completed intakes, including returns",AD,HV Contractors - LANDING FORM /contractors (45 states) - $100/day,Contractors HIGH-VALUE - hybrid Foxquilt/Hedge,3,2026-08-13,2026-08-15,True,0.0,0,https://www.cohesiveinsure.com/marketing-review/20260919/deep-scan/images/bfc888d9402ac742.jpg,[],[],{}
120250602472590660,HVw - landing - sv_premium20k_paint,120250602165530660,120250602441660660,PAUSED,PAUSED,2026-08-13T20:50:25-0400,2026-08-15T19:23:14-0400,static image,"Paying $20,000+ a year for GL?","We recently took a $2M contractor from $26,000 a year to about $12,000 - same $1M/$2M limits, through construction markets most local agents can't access. If your GL bill is five figures, want us to check it?",,GET_QUOTE,https://www.cohesiveinsure.com/contractors,,Legacy/site route; see destination,Not specified in ad URL,,images/f673cb2de35ee5b7.jpg,1272681938231292,2.31,16,0,144.38,0.0,,0,0,,0,,,,Retained HIGH-VALUE,2026-08-13 to 2026-09-18,0.02,0.51,Delivery without confirmed completion,"S: sessions only since Sep12 01:50 ET; F: starts not historically recorded; C: reconciled completed intakes, including returns",AD,HV Contractors - LANDING FORM /contractors (45 states) - $100/day,Contractors HIGH-VALUE - hybrid Foxquilt/Hedge,2,2026-08-14,2026-08-15,True,0.0,0,https://www.cohesiveinsure.com/marketing-review/20260919/deep-scan/images/f673cb2de35ee5b7.jpg,[],[],{}
120250602473020660,HVw - landing - sv_premium20k_masonry,120250602165530660,120250602441660660,PAUSED,PAUSED,2026-08-13T20:50:29-0400,2026-08-15T19:23:15-0400,static image,"Paying $20,000+ a year for GL?","We recently took a $2M contractor from $26,000 a year to about $12,000 - same $1M/$2M limits, through construction markets most local agents can't access. If your GL bill is five figures, want us to check it?",,GET_QUOTE,https://www.cohesiveinsure.com/contractors,,Legacy/site route; see destination,Not specified in ad URL,,images/234f1473adcde0c9.jpg,1580471730318072,1.88,32,0,58.75,0.0,,0,0,,0,,,,Retained HIGH-VALUE,2026-08-13 to 2026-09-18,0.01,0.42,Delivery without confirmed completion,"S: sessions only since Sep12 01:50 ET; F: starts not historically recorded; C: reconciled completed intakes, including returns",AD,HV Contractors - LANDING FORM /contractors (45 states) - $100/day,Contractors HIGH-VALUE - hybrid Foxquilt/Hedge,2,2026-08-14,2026-08-15,True,0.0,0,https://www.cohesiveinsure.com/marketing-review/20260919/deep-scan/images/234f1473adcde0c9.jpg,[],[],{}
120250603449250660,HVw - landing - siding_callout,120250602165530660,120250602441660660,PAUSED,PAUSED,2026-08-13T22:36:59-0400,2026-08-15T19:23:03-0400,static image,General liability for siding contractors,Siding and exterior work rates high - which is exactly why shopping it pays. We use AI to automatically shop your GL and find you a better rate. Want us to check yours?,,GET_QUOTE,https://www.cohesiveinsure.com/contractors,,Legacy/site route; see destination,Not specified in ad URL,,images/2ceed32b0ac9235f.jpg,1599854078407129,1.59,26,0,61.15,0.0,,0,0,,0,,,,Retained HIGH-VALUE,2026-08-13 to 2026-09-18,0.01,0.35,Delivery without confirmed completion,"S: sessions only since Sep12 01:50 ET; F: starts not historically recorded; C: reconciled completed intakes, including returns",AD,HV Contractors - LANDING FORM /contractors (45 states) - $100/day,Contractors HIGH-VALUE - hybrid Foxquilt/Hedge,3,2026-08-13,2026-08-15,True,0.0,0,https://www.cohesiveinsure.com/marketing-review/20260919/deep-scan/images/2ceed32b0ac9235f.jpg,[],[],{}
120250602473640660,HVw - landing - sv_saved14k_roof,120250602165530660,120250602441660660,ACTIVE,ADSET_PAUSED,2026-08-13T20:50:34-0400,2026-08-13T23:32:58-0400,static image,"We cut one contractor's GL by $14,000 a year","One contractor was paying $26,000 a year. We requoted the same $1M/$2M limits at about $12,000 through a construction market most local agents can't access. Want us to run yours?",,GET_QUOTE,https://www.cohesiveinsure.com/contractors,,Legacy/site route; see destination,Not specified in ad URL,,images/9d166ff874ea1f7f.jpg,1728584375089115,1.47,33,0,44.55,0.0,,0,0,,0,,,,Retained HIGH-VALUE,2026-08-13 to 2026-09-18,0.01,0.33,Delivery without confirmed completion,"S: sessions only since Sep12 01:50 ET; F: starts not historically recorded; C: reconciled completed intakes, including returns",AD,HV Contractors - LANDING FORM /contractors (45 states) - $100/day,Contractors HIGH-VALUE - hybrid Foxquilt/Hedge,2,2026-08-14,2026-08-15,True,0.0,0,https://www.cohesiveinsure.com/marketing-review/20260919/deep-scan/images/9d166ff874ea1f7f.jpg,[],[],{}
120250635759260660,HVw - landing - roofing_crews,120250602165530660,120250602441660660,ACTIVE,ADSET_PAUSED,2026-08-15T11:49:30-0400,2026-08-15T11:52:04-0400,static image,GL for roofing crews,"If you run roofing crews, GL is one of your biggest bills - and most brokers only check one or two carriers. We use AI to automatically shop every roofing market at the same time and come back with real numbers, usually within a day. One roofing shop went from $26K to $12K. Worth a quick rate check?",,GET_QUOTE,https://www.cohesiveinsure.com/contractors,,Legacy/site route; see destination,Not specified in ad URL,,images/00e55645e2ffadc6.jpg,28160665320252837,1.26,10,0,126.0,0.0,,0,0,,0,,,,Retained HIGH-VALUE,2026-08-13 to 2026-09-18,0.01,0.28,Delivery without confirmed completion,"S: sessions only since Sep12 01:50 ET; F: starts not historically recorded; C: reconciled completed intakes, including returns",AD,HV Contractors - LANDING FORM /contractors (45 states) - $100/day,Contractors HIGH-VALUE - hybrid Foxquilt/Hedge,1,2026-08-15,2026-08-15,True,0.0,0,https://www.cohesiveinsure.com/marketing-review/20260919/deep-scan/images/00e55645e2ffadc6.jpg,[],[],{}
120250603453860660,HVw - landing - excavation_callout,120250602165530660,120250602441660660,ACTIVE,ADSET_PAUSED,2026-08-13T22:37:11-0400,2026-08-13T23:32:49-0400,static image,GL for excavation and demolition,Excavation and demo GL is hard to place and expensive. We use AI to shop it across markets built for the class - a licensed agent gets you the best rate. Want us to check yours?,,GET_QUOTE,https://www.cohesiveinsure.com/contractors,,Legacy/site route; see destination,Not specified in ad URL,,images/353baf2958923ff8.jpg,1335465191705135,1.01,35,0,28.86,0.0,,0,0,,0,,,,Retained HIGH-VALUE,2026-08-13 to 2026-09-18,0.01,0.22,Delivery without confirmed completion,"S: sessions only since Sep12 01:50 ET; F: starts not historically recorded; C: reconciled completed intakes, including returns",AD,HV Contractors - LANDING FORM /contractors (45 states) - $100/day,Contractors HIGH-VALUE - hybrid Foxquilt/Hedge,3,2026-08-13,2026-08-15,True,0.0,0,https://www.cohesiveinsure.com/marketing-review/20260919/deep-scan/images/353baf2958923ff8.jpg,[],[],{}
120250602479660660,HVw - landing - sv_fivefigure_masonry,120250602165530660,120250602441660660,PAUSED,PAUSED,2026-08-13T20:51:23-0400,2026-08-15T19:23:19-0400,static image,Five-figure GL bill?,"The bigger the premium, the more shopping it moves the number. We just cut one contractor's GL from $26,000 to about $12,000 a year, same limits. Want a rate check?",,GET_QUOTE,https://www.cohesiveinsure.com/contractors,,Legacy/site route; see destination,Not specified in ad URL,,images/2969c4ddd29f1c76.jpg,1503873765088160,0.79,25,0,31.6,0.0,,0,0,,0,,,,Retained HIGH-VALUE,2026-08-13 to 2026-09-18,0.01,0.17,Delivery without confirmed completion,"S: sessions only since Sep12 01:50 ET; F: starts not historically recorded; C: reconciled completed intakes, including returns",AD,HV Contractors - LANDING FORM /contractors (45 states) - $100/day,Contractors HIGH-VALUE - hybrid Foxquilt/Hedge,2,2026-08-14,2026-08-15,True,0.0,0,https://www.cohesiveinsure.com/marketing-review/20260919/deep-scan/images/2969c4ddd29f1c76.jpg,[],[],{}
120250602475830660,HVw - landing - sv_26to12_remodel,120250602165530660,120250602441660660,PAUSED,PAUSED,2026-08-13T20:50:56-0400,2026-08-15T19:23:19-0400,static image,From $26K a year down to $12K,"That's a real quote we ran last week for a Texas remodeling + roofing contractor. Same $1M/$2M limits. The bigger the GL bill, the more room there is to cut. Want us to check yours?",,GET_QUOTE,https://www.cohesiveinsure.com/contractors,,Legacy/site route; see destination,Not specified in ad URL,,images/d4edc5c2cde7dc81.jpg,4822473558024035,0.59,20,0,29.5,0.0,,0,0,,0,,,,Retained HIGH-VALUE,2026-08-13 to 2026-09-18,0.0,0.13,Delivery without confirmed completion,"S: sessions only since Sep12 01:50 ET; F: starts not historically recorded; C: reconciled completed intakes, including returns",AD,HV Contractors - LANDING FORM /contractors (45 states) - $100/day,Contractors HIGH-VALUE - hybrid Foxquilt/Hedge,2,2026-08-13,2026-08-14,True,0.0,0,https://www.cohesiveinsure.com/marketing-review/20260919/deep-scan/images/d4edc5c2cde7dc81.jpg,[],[],{}
120250602480240660,HVw - landing - remodeler_callout,120250602165530660,120250602441660660,ACTIVE,ADSET_PAUSED,2026-08-13T20:51:31-0400,2026-08-13T23:33:12-0400,static image,General liability for remodelers,"Remodeling and renovation GL, quoted fast. Most quotes come back within a day, many same-day. Want us to run yours?",,GET_QUOTE,https://www.cohesiveinsure.com/contractors,,Legacy/site route; see destination,Not specified in ad URL,,images/e6408f89d02704fb.jpg,4691187601167576,0.56,21,0,26.67,0.0,,0,0,,0,,,,Retained HIGH-VALUE,2026-08-13 to 2026-09-18,0.0,0.12,Delivery without confirmed completion,"S: sessions only since Sep12 01:50 ET; F: starts not historically recorded; C: reconciled completed intakes, including returns",AD,HV Contractors - LANDING FORM /contractors (45 states) - $100/day,Contractors HIGH-VALUE - hybrid Foxquilt/Hedge,3,2026-08-13,2026-08-15,True,0.0,0,https://www.cohesiveinsure.com/marketing-review/20260919/deep-scan/images/e6408f89d02704fb.jpg,[],[],{}
120250602475440660,HVw - landing - sv_26to12_roof,120250602165530660,120250602441660660,ACTIVE,ADSET_PAUSED,2026-08-13T20:50:51-0400,2026-08-13T23:33:02-0400,static image,From $26K a year down to $12K,"That's a real quote we ran last week for a Texas remodeling + roofing contractor. Same $1M/$2M limits. The bigger the GL bill, the more room there is to cut. Want us to check yours?",,GET_QUOTE,https://www.cohesiveinsure.com/contractors,,Legacy/site route; see destination,Not specified in ad URL,,images/47e9d6a7b6f8aa8d.jpg,4278237485759781,0.48,11,0,43.64,0.0,,0,0,,0,,,,Retained HIGH-VALUE,2026-08-13 to 2026-09-18,0.0,0.11,Delivery without confirmed completion,"S: sessions only since Sep12 01:50 ET; F: starts not historically recorded; C: reconciled completed intakes, including returns",AD,HV Contractors - LANDING FORM /contractors (45 states) - $100/day,Contractors HIGH-VALUE - hybrid Foxquilt/Hedge,2,2026-08-14,2026-08-15,True,0.0,0,https://www.cohesiveinsure.com/marketing-review/20260919/deep-scan/images/47e9d6a7b6f8aa8d.jpg,[],[],{}
120250602481380660,HVw - landing - gc_callout,120250602165530660,120250602441660660,ACTIVE,ADSET_PAUSED,2026-08-13T20:51:41-0400,2026-08-13T23:33:24-0400,static image,General liability for general contractors,GCs with subs and bigger jobs need more than an instant quote. We place GC liability with construction markets most local agents can't access. Want us to run your quote?,,GET_QUOTE,https://www.cohesiveinsure.com/contractors,,Legacy/site route; see destination,Not specified in ad URL,,images/7432150ef3923cdd.jpg,894961716630137,0.37,6,0,61.67,0.0,,0,0,,0,,,,Retained HIGH-VALUE,2026-08-13 to 2026-09-18,0.0,0.08,Delivery without confirmed completion,"S: sessions only since Sep12 01:50 ET; F: starts not historically recorded; C: reconciled completed intakes, including returns",AD,HV Contractors - LANDING FORM /contractors (45 states) - $100/day,Contractors HIGH-VALUE - hybrid Foxquilt/Hedge,2,2026-08-14,2026-08-15,True,0.0,0,https://www.cohesiveinsure.com/marketing-review/20260919/deep-scan/images/7432150ef3923cdd.jpg,[],[],{}
120250602484400660,HVw - landing - renewal,120250602165530660,120250602441660660,PAUSED,PAUSED,2026-08-13T20:52:05-0400,2026-08-15T19:23:08-0400,static image,GL renewal coming up?,Renewal is the moment to check your rate. We shop contractor GL across construction markets most local agents can't access. When does yours renew?,,GET_QUOTE,https://www.cohesiveinsure.com/contractors,,Legacy/site route; see destination,Not specified in ad URL,,images/abcecef312291ab3.jpg,4448377858711491,0.18,15,0,12.0,0.0,,0,0,,0,,,,Retained HIGH-VALUE,2026-08-13 to 2026-09-18,0.0,0.04,Delivery without confirmed completion,"S: sessions only since Sep12 01:50 ET; F: starts not historically recorded; C: reconciled completed intakes, including returns",AD,HV Contractors - LANDING FORM /contractors (45 states) - $100/day,Contractors HIGH-VALUE - hybrid Foxquilt/Hedge,3,2026-08-13,2026-08-15,True,0.0,0,https://www.cohesiveinsure.com/marketing-review/20260919/deep-scan/images/abcecef312291ab3.jpg,[],[],{}
120250602476500660,HVw - landing - sv_26to12_paint,120250602165530660,120250602441660660,PAUSED,PAUSED,2026-08-13T20:51:00-0400,2026-08-15T19:23:05-0400,static image,From $26K a year down to $12K,"That's a real quote we ran last week for a Texas remodeling + roofing contractor. Same $1M/$2M limits. The bigger the GL bill, the more room there is to cut. Want us to check yours?",,GET_QUOTE,https://www.cohesiveinsure.com/contractors,,Legacy/site route; see destination,Not specified in ad URL,,images/0b5bf901505c1d57.jpg,1384216903663531,0.13,6,0,21.67,0.0,,0,0,,0,,,,Retained HIGH-VALUE,2026-08-13 to 2026-09-18,0.0,0.03,Delivery without confirmed completion,"S: sessions only since Sep12 01:50 ET; F: starts not historically recorded; C: reconciled completed intakes, including returns",AD,HV Contractors - LANDING FORM /contractors (45 states) - $100/day,Contractors HIGH-VALUE - hybrid Foxquilt/Hedge,2,2026-08-13,2026-08-14,True,0.0,0,https://www.cohesiveinsure.com/marketing-review/20260919/deep-scan/images/0b5bf901505c1d57.jpg,[],[],{}
120250602471790660,HVw - landing - sv_premium20k_remodel,120250602165530660,120250602441660660,PAUSED,PAUSED,2026-08-13T20:50:19-0400,2026-08-15T19:23:23-0400,static image,"Paying $20,000+ a year for GL?","We recently took a $2M contractor from $26,000 a year to about $12,000 - same $1M/$2M limits, through construction markets most local agents can't access. If your GL bill is five figures, want us to check it?",,GET_QUOTE,https://www.cohesiveinsure.com/contractors,,Legacy/site route; see destination,Not specified in ad URL,,images/a176cb609aef84cc.jpg,2133027480761230,0.1,7,0,14.29,0.0,,0,0,,0,,,,Retained HIGH-VALUE,2026-08-13 to 2026-09-18,0.0,0.02,Delivery without confirmed completion,"S: sessions only since Sep12 01:50 ET; F: starts not historically recorded; C: reconciled completed intakes, including returns",AD,HV Contractors - LANDING FORM /contractors (45 states) - $100/day,Contractors HIGH-VALUE - hybrid Foxquilt/Hedge,2,2026-08-13,2026-08-14,True,0.0,0,https://www.cohesiveinsure.com/marketing-review/20260919/deep-scan/images/a176cb609aef84cc.jpg,[],[],{}
120250602478540660,HVw - landing - sv_fivefigure_remodel,120250602165530660,120250602441660660,PAUSED,PAUSED,2026-08-13T20:51:12-0400,2026-08-15T19:23:25-0400,static image,Five-figure GL bill?,"The bigger the premium, the more shopping it moves the number. We just cut one contractor's GL from $26,000 to about $12,000 a year, same limits. Want a rate check?",,GET_QUOTE,https://www.cohesiveinsure.com/contractors,,Legacy/site route; see destination,Not specified in ad URL,,images/56977f16b025c561.jpg,1006064918932299,0.08,7,0,11.43,0.0,,0,0,,0,,,,Retained HIGH-VALUE,2026-08-13 to 2026-09-18,0.0,0.02,Delivery without confirmed completion,"S: sessions only since Sep12 01:50 ET; F: starts not historically recorded; C: reconciled completed intakes, including returns",AD,HV Contractors - LANDING FORM /contractors (45 states) - $100/day,Contractors HIGH-VALUE - hybrid Foxquilt/Hedge,2,2026-08-13,2026-08-14,True,0.0,0,https://www.cohesiveinsure.com/marketing-review/20260919/deep-scan/images/56977f16b025c561.jpg,[],[],{}
120250602479280660,HVw - landing - sv_fivefigure_paint,120250602165530660,120250602441660660,PAUSED,PAUSED,2026-08-13T20:51:17-0400,2026-08-15T19:23:10-0400,static image,Five-figure GL bill?,"The bigger the premium, the more shopping it moves the number. We just cut one contractor's GL from $26,000 to about $12,000 a year, same limits. Want a rate check?",,GET_QUOTE,https://www.cohesiveinsure.com/contractors,,Legacy/site route; see destination,Not specified in ad URL,,images/daaac0001e8b4cd5.jpg,1060088973182949,0.08,4,0,20.0,0.0,,0,0,,0,,,,Retained HIGH-VALUE,2026-08-13 to 2026-09-18,0.0,0.02,Delivery without confirmed completion,"S: sessions only since Sep12 01:50 ET; F: starts not historically recorded; C: reconciled completed intakes, including returns",AD,HV Contractors - LANDING FORM /contractors (45 states) - $100/day,Contractors HIGH-VALUE - hybrid Foxquilt/Hedge,1,2026-08-13,2026-08-13,True,0.0,0,https://www.cohesiveinsure.com/marketing-review/20260919/deep-scan/images/daaac0001e8b4cd5.jpg,[],[],{}
120250602474540660,HVw - landing - sv_saved14k_paint,120250602165530660,120250602441660660,PAUSED,PAUSED,2026-08-13T20:50:43-0400,2026-08-15T19:23:06-0400,static image,"We cut one contractor's GL by $14,000 a year","One contractor was paying $26,000 a year. We requoted the same $1M/$2M limits at about $12,000 through a construction market most local agents can't access. Want us to run yours?",,GET_QUOTE,https://www.cohesiveinsure.com/contractors,,Legacy/site route; see destination,Not specified in ad URL,,images/0906a7a910270a50.jpg,28405391105711388,0.03,3,0,10.0,0.0,,0,0,,0,,,,Retained HIGH-VALUE,2026-08-13 to 2026-09-18,0.0,0.01,Delivery without confirmed completion,"S: sessions only since Sep12 01:50 ET; F: starts not historically recorded; C: reconciled completed intakes, including returns",AD,HV Contractors - LANDING FORM /contractors (45 states) - $100/day,Contractors HIGH-VALUE - hybrid Foxquilt/Hedge,1,2026-08-14,2026-08-14,True,0.0,0,https://www.cohesiveinsure.com/marketing-review/20260919/deep-scan/images/0906a7a910270a50.jpg,[],[],{}
120250602478200660,HVw - landing - sv_fivefigure_roof,120250602165530660,120250602441660660,ACTIVE,ADSET_PAUSED,2026-08-13T20:51:08-0400,2026-08-13T23:33:20-0400,static image,Five-figure GL bill?,"The bigger the premium, the more shopping it moves the number. We just cut one contractor's GL from $26,000 to about $12,000 a year, same limits. Want a rate check?",,GET_QUOTE,https://www.cohesiveinsure.com/contractors,,Legacy/site route; see destination,Not specified in ad URL,,images/dff5f97e62a06e89.jpg,1244021714471563,0.03,4,0,7.5,0.0,,0,0,,0,,,,Retained HIGH-VALUE,2026-08-13 to 2026-09-18,0.0,0.01,Delivery without confirmed completion,"S: sessions only since Sep12 01:50 ET; F: starts not historically recorded; C: reconciled completed intakes, including returns",AD,HV Contractors - LANDING FORM /contractors (45 states) - $100/day,Contractors HIGH-VALUE - hybrid Foxquilt/Hedge,2,2026-08-14,2026-08-15,True,0.0,0,https://www.cohesiveinsure.com/marketing-review/20260919/deep-scan/images/dff5f97e62a06e89.jpg,[],[],{}
120250635759150660,HVw - landing - roof_argc_story,120250602165530660,120250602441660660,ACTIVE,ADSET_PAUSED,2026-08-15T11:49:28-0400,2026-08-15T11:52:12-0400,static image,Roofer paying five figures for GL?,"We just moved a $2M roofing and remodel contractor from $26,150 a year down to $12,346 - same $1M/$2M limits, bound in days. We use AI to automatically shop your GL across every roofing market at once, and a licensed agent reviews everything. When does your policy renew?",,GET_QUOTE,https://www.cohesiveinsure.com/contractors,,Legacy/site route; see destination,Not specified in ad URL,,images/00e55645e2ffadc6.jpg,1641677860710125,0,0,0,,,,0,0,,0,,,,Retained HIGH-VALUE,2026-08-13 to 2026-09-18,0.0,0.0,No delivery through Sep18,"S: sessions only since Sep12 01:50 ET; F: starts not historically recorded; C: reconciled completed intakes, including returns",AD,HV Contractors - LANDING FORM /contractors (45 states) - $100/day,Contractors HIGH-VALUE - hybrid Foxquilt/Hedge,0,,,False,0.0,0,https://www.cohesiveinsure.com/marketing-review/20260919/deep-scan/images/00e55645e2ffadc6.jpg,[],[],{}
120250603471960660,HVw - upload - tree_callout,120250602165530660,120250602442330660,PAUSED,PAUSED,2026-08-13T22:38:07-0400,2026-08-14T15:00:38-0400,static image,General liability for tree services,"Tree work GL is one of the hardest classes to place - and one of the most overpriced. We use AI to shop it and find you a better rate, reviewed by a licensed agent. Want yours checked?",,GET_QUOTE,https://www.cohesiveinsure.com/rate-check,,Legacy/site route; see destination,Not specified in ad URL,,images/7af3e1eafd9d45b4.jpg,1614389793391975,32.13,976,11,32.92,1.127,2.92,0,0,,0,,,,Retained HIGH-VALUE,2026-08-13 to 2026-09-18,0.26,38.25,Delivery without confirmed completion,"S: sessions only since Sep12 01:50 ET; F: starts not historically recorded; C: reconciled completed intakes, including returns",AD,HV Contractors - POLICY UPLOAD /rate-check (45 states) - $100/day,Contractors HIGH-VALUE - hybrid Foxquilt/Hedge,2,2026-08-13,2026-08-14,True,0.0,0,https://www.cohesiveinsure.com/marketing-review/20260919/deep-scan/images/7af3e1eafd9d45b4.jpg,"[{""action_type"": ""link_click"", ""value"": ""11""}, {""action_type"": ""landing_page_view"", ""value"": ""12""}, {""action_type"": ""omni_landing_page_view"", ""value"": ""12""}, {""action_type"": ""post_engagement"", ""value"": ""12""}, {""action_type"": ""post_interaction_gross"", ""value"": ""1""}, {""action_type"": ""comment"", ""value"": ""1""}, {""action_type"": ""page_engagement"", ""value"": ""12""}, {""action_type"": ""post_interaction_net"", ""value"": ""1""}, {""action_type"": ""onsite_conversion.post_net_comment"", ""value"": ""1""}]",[],{}
120250603470950660,HVw - upload - paving_callout,120250602165530660,120250602442330660,ACTIVE,ADSET_PAUSED,2026-08-13T22:38:03-0400,2026-08-13T23:33:11-0400,static image,General liability for paving and asphalt,Paving and asphalt GL is hard to place and renewals keep climbing. We use AI to automatically shop it and find you a better rate. Want us to check yours?,,GET_QUOTE,https://www.cohesiveinsure.com/rate-check,,Legacy/site route; see destination,Not specified in ad URL,,images/ed01b8a78ada6d6e.jpg,1051445673960814,9.5,345,2,27.54,0.58,4.75,0,0,,0,,,,Retained HIGH-VALUE,2026-08-13 to 2026-09-18,0.08,11.31,Delivery without confirmed completion,"S: sessions only since Sep12 01:50 ET; F: starts not historically recorded; C: reconciled completed intakes, including returns",AD,HV Contractors - POLICY UPLOAD /rate-check (45 states) - $100/day,Contractors HIGH-VALUE - hybrid Foxquilt/Hedge,2,2026-08-13,2026-08-14,True,0.0,0,https://www.cohesiveinsure.com/marketing-review/20260919/deep-scan/images/ed01b8a78ada6d6e.jpg,"[{""action_type"": ""link_click"", ""value"": ""2""}, {""action_type"": ""post_reaction"", ""value"": ""1""}, {""action_type"": ""landing_page_view"", ""value"": ""2""}, {""action_type"": ""omni_landing_page_view"", ""value"": ""2""}, {""action_type"": ""post_engagement"", ""value"": ""3""}, {""action_type"": ""post_interaction_gross"", ""value"": ""1""}, {""action_type"": ""page_engagement"", ""value"": ""3""}, {""action_type"": ""post_interaction_net"", ""value"": ""1""}, {""action_type"": ""onsite_conversion.post_net_like"", ""value"": ""1""}]",[],{}
120250602498130660,HVw - upload - coi,120250602165530660,120250602442330660,ACTIVE,ADSET_PAUSED,2026-08-13T20:53:44-0400,2026-08-13T23:33:12-0400,static image,"The GC wants your COI. Like, today.","If a GC or client is holding a job until your certificate shows up, we quote contractor GL fast and get the COI out. What's the job waiting on?",,GET_QUOTE,https://www.cohesiveinsure.com/rate-check,,Legacy/site route; see destination,Not specified in ad URL,,images/375907f990603f04.jpg,1038304935473371,9.32,102,2,91.37,1.961,4.66,0,0,,0,,,,Retained HIGH-VALUE,2026-08-13 to 2026-09-18,0.07,11.1,Delivery without confirmed completion,"S: sessions only since Sep12 01:50 ET; F: starts not historically recorded; C: reconciled completed intakes, including returns",AD,HV Contractors - POLICY UPLOAD /rate-check (45 states) - $100/day,Contractors HIGH-VALUE - hybrid Foxquilt/Hedge,2,2026-08-13,2026-08-14,True,0.0,0,https://www.cohesiveinsure.com/marketing-review/20260919/deep-scan/images/375907f990603f04.jpg,"[{""action_type"": ""link_click"", ""value"": ""2""}, {""action_type"": ""landing_page_view"", ""value"": ""1""}, {""action_type"": ""omni_landing_page_view"", ""value"": ""1""}, {""action_type"": ""post_engagement"", ""value"": ""2""}, {""action_type"": ""page_engagement"", ""value"": ""2""}]",[],{}
120250603474050660,HVw - upload - pool_callout,120250602165530660,120250602442330660,ACTIVE,ADSET_PAUSED,2026-08-13T22:38:15-0400,2026-08-13T23:33:22-0400,static image,General liability for pool builders,"Pool construction GL, quoted fast. We use AI to automatically shop your coverage and find you a better rate - a licensed agent reviews everything. Want us to run yours?",,GET_QUOTE,https://www.cohesiveinsure.com/rate-check,,Legacy/site route; see destination,Not specified in ad URL,,images/6f81afd8161e413e.jpg,1044802875013235,5.61,221,0,25.38,0.0,,0,0,,0,,,,Retained HIGH-VALUE,2026-08-13 to 2026-09-18,0.04,6.68,Delivery without confirmed completion,"S: sessions only since Sep12 01:50 ET; F: starts not historically recorded; C: reconciled completed intakes, including returns",AD,HV Contractors - POLICY UPLOAD /rate-check (45 states) - $100/day,Contractors HIGH-VALUE - hybrid Foxquilt/Hedge,2,2026-08-13,2026-08-14,True,0.0,0,https://www.cohesiveinsure.com/marketing-review/20260919/deep-scan/images/6f81afd8161e413e.jpg,"[{""action_type"": ""post_reaction"", ""value"": ""1""}, {""action_type"": ""post_engagement"", ""value"": ""2""}, {""action_type"": ""post_interaction_gross"", ""value"": ""2""}, {""action_type"": ""page_engagement"", ""value"": ""2""}, {""action_type"": ""post_interaction_net"", ""value"": ""2""}, {""action_type"": ""onsite_conversion.post_save"", ""value"": ""1""}, {""action_type"": ""onsite_conversion.post_net_save"", ""value"": ""1""}, {""action_type"": ""onsite_conversion.post_net_like"", ""value"": ""1""}]",[],{}
120250602487050660,HVw - upload - sv_premium20k_masonry,120250602165530660,120250602442330660,ACTIVE,ADSET_PAUSED,2026-08-13T20:52:26-0400,2026-08-13T23:33:11-0400,static image,"Paying $20,000+ a year for GL?","We recently took a $2M contractor from $26,000 a year to about $12,000 - same $1M/$2M limits, through construction markets most local agents can't access. If your GL bill is five figures, want us to check it?",,GET_QUOTE,https://www.cohesiveinsure.com/rate-check,,Legacy/site route; see destination,Not specified in ad URL,,images/234f1473adcde0c9.jpg,1742884480290642,5.22,80,1,65.25,1.25,5.22,0,0,,0,,,,Retained HIGH-VALUE,2026-08-13 to 2026-09-18,0.04,6.21,Delivery without confirmed completion,"S: sessions only since Sep12 01:50 ET; F: starts not historically recorded; C: reconciled completed intakes, including returns",AD,HV Contractors - POLICY UPLOAD /rate-check (45 states) - $100/day,Contractors HIGH-VALUE - hybrid Foxquilt/Hedge,2,2026-08-13,2026-08-14,True,0.0,0,https://www.cohesiveinsure.com/marketing-review/20260919/deep-scan/images/234f1473adcde0c9.jpg,"[{""action_type"": ""link_click"", ""value"": ""1""}, {""action_type"": ""landing_page_view"", ""value"": ""1""}, {""action_type"": ""omni_landing_page_view"", ""value"": ""1""}, {""action_type"": ""post_engagement"", ""value"": ""1""}, {""action_type"": ""page_engagement"", ""value"": ""1""}]",[],{}
120250602496650660,HVw - upload - masonry_callout,120250602165530660,120250602442330660,ACTIVE,ADSET_PAUSED,2026-08-13T20:53:32-0400,2026-08-13T23:33:08-0400,static image,GL for masonry and concrete contractors,"Masonry, concrete, and structural work rates high - which is exactly why it pays to shop it. We quote construction markets built for the class. Want us to check your rate?",,GET_QUOTE,https://www.cohesiveinsure.com/rate-check,,Legacy/site route; see destination,Not specified in ad URL,,images/134f12dba5077cab.jpg,1792903041730506,4.76,205,2,23.22,0.976,2.38,0,0,,0,,,,Retained HIGH-VALUE,2026-08-13 to 2026-09-18,0.04,5.67,Delivery without confirmed completion,"S: sessions only since Sep12 01:50 ET; F: starts not historically recorded; C: reconciled completed intakes, including returns",AD,HV Contractors - POLICY UPLOAD /rate-check (45 states) - $100/day,Contractors HIGH-VALUE - hybrid Foxquilt/Hedge,1,2026-08-14,2026-08-14,True,0.0,0,https://www.cohesiveinsure.com/marketing-review/20260919/deep-scan/images/134f12dba5077cab.jpg,"[{""action_type"": ""link_click"", ""value"": ""2""}, {""action_type"": ""landing_page_view"", ""value"": ""2""}, {""action_type"": ""omni_landing_page_view"", ""value"": ""2""}, {""action_type"": ""post_engagement"", ""value"": ""2""}, {""action_type"": ""page_engagement"", ""value"": ""2""}]",[],{}
120250603469860660,HVw - upload - flooring_callout,120250602165530660,120250602442330660,ACTIVE,ADSET_PAUSED,2026-08-13T22:37:56-0400,2026-08-13T23:33:17-0400,static image,General liability for flooring and tile,"Flooring and tile GL, quoted fast. We use AI to automatically shop your coverage and find you a better rate - a licensed agent reviews everything. Want us to run yours?",,GET_QUOTE,https://www.cohesiveinsure.com/rate-check,,Legacy/site route; see destination,Not specified in ad URL,,images/827b981ffb99f2c5.jpg,1824840788885863,2.56,78,1,32.82,1.282,2.56,0,0,,0,,,,Retained HIGH-VALUE,2026-08-13 to 2026-09-18,0.02,3.05,Delivery without confirmed completion,"S: sessions only since Sep12 01:50 ET; F: starts not historically recorded; C: reconciled completed intakes, including returns",AD,HV Contractors - POLICY UPLOAD /rate-check (45 states) - $100/day,Contractors HIGH-VALUE - hybrid Foxquilt/Hedge,2,2026-08-13,2026-08-14,True,0.0,0,https://www.cohesiveinsure.com/marketing-review/20260919/deep-scan/images/827b981ffb99f2c5.jpg,"[{""action_type"": ""link_click"", ""value"": ""1""}, {""action_type"": ""landing_page_view"", ""value"": ""1""}, {""action_type"": ""omni_landing_page_view"", ""value"": ""1""}, {""action_type"": ""post_engagement"", ""value"": ""2""}, {""action_type"": ""post_interaction_gross"", ""value"": ""1""}, {""action_type"": ""page_engagement"", ""value"": ""2""}, {""action_type"": ""post_interaction_net"", ""value"": ""1""}, {""action_type"": ""post"", ""value"": ""1""}]",[],{}
120250603468730660,HVw - upload - siding_callout,120250602165530660,120250602442330660,ACTIVE,ADSET_PAUSED,2026-08-13T22:37:53-0400,2026-08-13T23:33:26-0400,static image,General liability for siding contractors,Siding and exterior work rates high - which is exactly why shopping it pays. We use AI to automatically shop your GL and find you a better rate. Want us to check yours?,,GET_QUOTE,https://www.cohesiveinsure.com/rate-check,,Legacy/site route; see destination,Not specified in ad URL,,images/2ceed32b0ac9235f.jpg,1510839187726530,1.27,4,0,317.5,0.0,,0,0,,0,,,,Retained HIGH-VALUE,2026-08-13 to 2026-09-18,0.01,1.51,Delivery without confirmed completion,"S: sessions only since Sep12 01:50 ET; F: starts not historically recorded; C: reconciled completed intakes, including returns",AD,HV Contractors - POLICY UPLOAD /rate-check (45 states) - $100/day,Contractors HIGH-VALUE - hybrid Foxquilt/Hedge,1,2026-08-14,2026-08-14,True,0.0,0,https://www.cohesiveinsure.com/marketing-review/20260919/deep-scan/images/2ceed32b0ac9235f.jpg,[],[],{}
120250602485680660,HVw - upload - sv_premium20k_roof,120250602165530660,120250602442330660,ACTIVE,ADSET_PAUSED,2026-08-13T20:52:15-0400,2026-08-13T23:33:14-0400,static image,"Paying $20,000+ a year for GL?","We recently took a $2M contractor from $26,000 a year to about $12,000 - same $1M/$2M limits, through construction markets most local agents can't access. If your GL bill is five figures, want us to check it?",,GET_QUOTE,https://www.cohesiveinsure.com/rate-check,,Legacy/site route; see destination,Not specified in ad URL,,images/ca2044130f434728.jpg,1762469561422794,1.25,26,0,48.08,0.0,,0,0,,0,,,,Retained HIGH-VALUE,2026-08-13 to 2026-09-18,0.01,1.49,Delivery without confirmed completion,"S: sessions only since Sep12 01:50 ET; F: starts not historically recorded; C: reconciled completed intakes, including returns",AD,HV Contractors - POLICY UPLOAD /rate-check (45 states) - $100/day,Contractors HIGH-VALUE - hybrid Foxquilt/Hedge,2,2026-08-13,2026-08-14,True,0.0,0,https://www.cohesiveinsure.com/marketing-review/20260919/deep-scan/images/ca2044130f434728.jpg,[],[],{}
120250602498840660,HVw - upload - renewal,120250602165530660,120250602442330660,ACTIVE,ADSET_PAUSED,2026-08-13T20:53:48-0400,2026-08-13T23:57:15-0400,static image,GL renewal coming up?,Renewal is the moment to check your rate. We shop contractor GL across construction markets most local agents can't access. When does yours renew?,,GET_QUOTE,https://www.cohesiveinsure.com/rate-check,,Legacy/site route; see destination,Not specified in ad URL,,images/abcecef312291ab3.jpg,27797806313215589,1.17,20,1,58.5,5.0,1.17,0,0,,0,,,,Retained HIGH-VALUE,2026-08-13 to 2026-09-18,0.01,1.39,Delivery without confirmed completion,"S: sessions only since Sep12 01:50 ET; F: starts not historically recorded; C: reconciled completed intakes, including returns",AD,HV Contractors - POLICY UPLOAD /rate-check (45 states) - $100/day,Contractors HIGH-VALUE - hybrid Foxquilt/Hedge,2,2026-08-13,2026-08-14,True,0.0,0,https://www.cohesiveinsure.com/marketing-review/20260919/deep-scan/images/abcecef312291ab3.jpg,"[{""action_type"": ""link_click"", ""value"": ""1""}, {""action_type"": ""post_engagement"", ""value"": ""1""}, {""action_type"": ""page_engagement"", ""value"": ""1""}]",[],{}
120250603467770660,HVw - upload - carpentry_callout,120250602165530660,120250602442330660,ACTIVE,ADSET_PAUSED,2026-08-13T22:37:49-0400,2026-08-13T23:32:48-0400,static image,General liability for carpentry and framing,"Carpentry and framing GL, quoted fast. We use AI to automatically shop your coverage and find you a better rate - a licensed agent reviews everything. Want us to run yours?",,GET_QUOTE,https://www.cohesiveinsure.com/rate-check,,Legacy/site route; see destination,Not specified in ad URL,,images/52123afb90206010.jpg,1553132472485582,1.06,40,0,26.5,0.0,,0,0,,0,,,,Retained HIGH-VALUE,2026-08-13 to 2026-09-18,0.01,1.26,Delivery without confirmed completion,"S: sessions only since Sep12 01:50 ET; F: starts not historically recorded; C: reconciled completed intakes, including returns",AD,HV Contractors - POLICY UPLOAD /rate-check (45 states) - $100/day,Contractors HIGH-VALUE - hybrid Foxquilt/Hedge,2,2026-08-13,2026-08-14,True,0.0,0,https://www.cohesiveinsure.com/marketing-review/20260919/deep-scan/images/52123afb90206010.jpg,[],[],{}
120250602497810660,HVw - upload - crews,120250602165530660,120250602442330660,ACTIVE,ADSET_PAUSED,2026-08-13T20:53:40-0400,2026-08-13T23:32:59-0400,static image,Run crews? We insure that.,"If you've got employees in the field, your GL is priced off your payroll - and probably worth shopping. We quote construction markets most local agents can't access. Want us to check it?",,GET_QUOTE,https://www.cohesiveinsure.com/rate-check,,Legacy/site route; see destination,Not specified in ad URL,,images/12b91a9af84dc1dd.jpg,27792777833684787,0.89,14,0,63.57,0.0,,0,0,,0,,,,Retained HIGH-VALUE,2026-08-13 to 2026-09-18,0.01,1.06,Delivery without confirmed completion,"S: sessions only since Sep12 01:50 ET; F: starts not historically recorded; C: reconciled completed intakes, including returns",AD,HV Contractors - POLICY UPLOAD /rate-check (45 states) - $100/day,Contractors HIGH-VALUE - hybrid Foxquilt/Hedge,1,2026-08-14,2026-08-14,True,0.0,0,https://www.cohesiveinsure.com/marketing-review/20260919/deep-scan/images/12b91a9af84dc1dd.jpg,[],[],{}
120250602486560660,HVw - upload - sv_premium20k_paint,120250602165530660,120250602442330660,ACTIVE,ADSET_PAUSED,2026-08-13T20:52:22-0400,2026-08-13T23:32:55-0400,static image,"Paying $20,000+ a year for GL?","We recently took a $2M contractor from $26,000 a year to about $12,000 - same $1M/$2M limits, through construction markets most local agents can't access. If your GL bill is five figures, want us to check it?",,GET_QUOTE,https://www.cohesiveinsure.com/rate-check,,Legacy/site route; see destination,Not specified in ad URL,,images/f673cb2de35ee5b7.jpg,1044602208479577,0.88,22,1,40.0,4.545,0.88,0,0,,0,,,,Retained HIGH-VALUE,2026-08-13 to 2026-09-18,0.01,1.05,Delivery without confirmed completion,"S: sessions only since Sep12 01:50 ET; F: starts not historically recorded; C: reconciled completed intakes, including returns",AD,HV Contractors - POLICY UPLOAD /rate-check (45 states) - $100/day,Contractors HIGH-VALUE - hybrid Foxquilt/Hedge,2,2026-08-13,2026-08-14,True,0.0,0,https://www.cohesiveinsure.com/marketing-review/20260919/deep-scan/images/f673cb2de35ee5b7.jpg,"[{""action_type"": ""link_click"", ""value"": ""1""}, {""action_type"": ""post_engagement"", ""value"": ""1""}, {""action_type"": ""page_engagement"", ""value"": ""1""}]",[],{}
120250602488210660,HVw - upload - sv_saved14k_remodel,120250602165530660,120250602442330660,ACTIVE,ADSET_PAUSED,2026-08-13T20:52:34-0400,2026-08-13T23:33:18-0400,static image,"We cut one contractor's GL by $14,000 a year","One contractor was paying $26,000 a year. We requoted the same $1M/$2M limits at about $12,000 through a construction market most local agents can't access. Want us to run yours?",,GET_QUOTE,https://www.cohesiveinsure.com/rate-check,,Legacy/site route; see destination,Not specified in ad URL,,images/0c294504a6ed08c9.jpg,1679263157198801,0.81,29,1,27.93,3.448,0.81,0,0,,0,,,,Retained HIGH-VALUE,2026-08-13 to 2026-09-18,0.01,0.96,Delivery without confirmed completion,"S: sessions only since Sep12 01:50 ET; F: starts not historically recorded; C: reconciled completed intakes, including returns",AD,HV Contractors - POLICY UPLOAD /rate-check (45 states) - $100/day,Contractors HIGH-VALUE - hybrid Foxquilt/Hedge,2,2026-08-13,2026-08-14,True,0.0,0,https://www.cohesiveinsure.com/marketing-review/20260919/deep-scan/images/0c294504a6ed08c9.jpg,"[{""action_type"": ""link_click"", ""value"": ""1""}, {""action_type"": ""landing_page_view"", ""value"": ""1""}, {""action_type"": ""omni_landing_page_view"", ""value"": ""1""}, {""action_type"": ""post_engagement"", ""value"": ""1""}, {""action_type"": ""page_engagement"", ""value"": ""1""}]",[],{}
120250602491610660,HVw - upload - sv_26to12_masonry,120250602165530660,120250602442330660,ACTIVE,ADSET_PAUSED,2026-08-13T20:52:57-0400,2026-08-13T23:32:50-0400,static image,From $26K a year down to $12K,"That's a real quote we ran last week for a Texas remodeling + roofing contractor. Same $1M/$2M limits. The bigger the GL bill, the more room there is to cut. Want us to check yours?",,GET_QUOTE,https://www.cohesiveinsure.com/rate-check,,Legacy/site route; see destination,Not specified in ad URL,,images/bfc888d9402ac742.jpg,1371357931100605,0.81,32,0,25.31,0.0,,0,0,,0,,,,Retained HIGH-VALUE,2026-08-13 to 2026-09-18,0.01,0.96,Delivery without confirmed completion,"S: sessions only since Sep12 01:50 ET; F: starts not historically recorded; C: reconciled completed intakes, including returns",AD,HV Contractors - POLICY UPLOAD /rate-check (45 states) - $100/day,Contractors HIGH-VALUE - hybrid Foxquilt/Hedge,1,2026-08-14,2026-08-14,True,0.0,0,https://www.cohesiveinsure.com/marketing-review/20260919/deep-scan/images/bfc888d9402ac742.jpg,[],[],{}
120250602499390660,HVw - upload - commercial,120250602165530660,120250602442330660,ACTIVE,ADSET_PAUSED,2026-08-13T20:53:52-0400,2026-08-13T23:33:02-0400,static image,Doing commercial jobs?,"Commercial work means bigger contracts, tougher COI requirements, and higher limits. We quote contractor GL built for it, usually within a day. Want us to run yours?",,GET_QUOTE,https://www.cohesiveinsure.com/rate-check,,Legacy/site route; see destination,Not specified in ad URL,,images/23fb2938f63ff52a.jpg,1393536359368242,0.81,28,0,28.93,0.0,,0,0,,0,,,,Retained HIGH-VALUE,2026-08-13 to 2026-09-18,0.01,0.96,Delivery without confirmed completion,"S: sessions only since Sep12 01:50 ET; F: starts not historically recorded; C: reconciled completed intakes, including returns",AD,HV Contractors - POLICY UPLOAD /rate-check (45 states) - $100/day,Contractors HIGH-VALUE - hybrid Foxquilt/Hedge,2,2026-08-13,2026-08-14,True,0.0,0,https://www.cohesiveinsure.com/marketing-review/20260919/deep-scan/images/23fb2938f63ff52a.jpg,[],[],{}
120250602495900660,HVw - upload - roofer_callout,120250602165530660,120250602442330660,ACTIVE,ADSET_PAUSED,2026-08-13T20:53:23-0400,2026-08-13T23:32:54-0400,static image,General liability for roofing contractors,Roofing GL is hard to place and renewals keep climbing. We work with construction markets built for roofers and recently quoted a $2M roofing + remodel shop in under 24 hours. Want us to check your rate?,,GET_QUOTE,https://www.cohesiveinsure.com/rate-check,,Legacy/site route; see destination,Not specified in ad URL,,images/00e55645e2ffadc6.jpg,1734322344453744,0.75,35,0,21.43,0.0,,0,0,,0,,,,Retained HIGH-VALUE,2026-08-13 to 2026-09-18,0.01,0.89,Delivery without confirmed completion,"S: sessions only since Sep12 01:50 ET; F: starts not historically recorded; C: reconciled completed intakes, including returns",AD,HV Contractors - POLICY UPLOAD /rate-check (45 states) - $100/day,Contractors HIGH-VALUE - hybrid Foxquilt/Hedge,2,2026-08-13,2026-08-14,True,0.0,0,https://www.cohesiveinsure.com/marketing-review/20260919/deep-scan/images/00e55645e2ffadc6.jpg,[],[],{}
120250603473330660,HVw - upload - waterproofing_callout,120250602165530660,120250602442330660,ACTIVE,ADSET_PAUSED,2026-08-13T22:38:12-0400,2026-08-13T23:32:55-0400,static image,GL for waterproofing and foundation repair,Waterproofing and foundation repair GL rates high - which means shopping it can really move the number. We use AI to shop it and find you a better rate. Want us to check yours?,,GET_QUOTE,https://www.cohesiveinsure.com/rate-check,,Legacy/site route; see destination,Not specified in ad URL,,images/a3e999931066fba6.jpg,1825914508196459,0.69,23,0,30.0,0.0,,0,0,,0,,,,Retained HIGH-VALUE,2026-08-13 to 2026-09-18,0.01,0.82,Delivery without confirmed completion,"S: sessions only since Sep12 01:50 ET; F: starts not historically recorded; C: reconciled completed intakes, including returns",AD,HV Contractors - POLICY UPLOAD /rate-check (45 states) - $100/day,Contractors HIGH-VALUE - hybrid Foxquilt/Hedge,2,2026-08-13,2026-08-14,True,0.0,0,https://www.cohesiveinsure.com/marketing-review/20260919/deep-scan/images/a3e999931066fba6.jpg,[],[],{}
120250602489690660,HVw - upload - sv_saved14k_masonry,120250602165530660,120250602442330660,ACTIVE,ADSET_PAUSED,2026-08-13T20:52:41-0400,2026-08-13T23:33:01-0400,static image,"We cut one contractor's GL by $14,000 a year","One contractor was paying $26,000 a year. We requoted the same $1M/$2M limits at about $12,000 through a construction market most local agents can't access. Want us to run yours?",,GET_QUOTE,https://www.cohesiveinsure.com/rate-check,,Legacy/site route; see destination,Not specified in ad URL,,images/f79edcb2bb0bfae4.jpg,2084203708858881,0.67,29,0,23.1,0.0,,0,0,,0,,,,Retained HIGH-VALUE,2026-08-13 to 2026-09-18,0.01,0.8,Delivery without confirmed completion,"S: sessions only since Sep12 01:50 ET; F: starts not historically recorded; C: reconciled completed intakes, including returns",AD,HV Contractors - POLICY UPLOAD /rate-check (45 states) - $100/day,Contractors HIGH-VALUE - hybrid Foxquilt/Hedge,2,2026-08-13,2026-08-14,True,0.0,0,https://www.cohesiveinsure.com/marketing-review/20260919/deep-scan/images/f79edcb2bb0bfae4.jpg,[],[],{}
120250602497040660,HVw - upload - mechanical_callout,120250602165530660,120250602442330660,ACTIVE,ADSET_PAUSED,2026-08-13T20:53:36-0400,2026-08-13T23:33:09-0400,static image,"GL for electrical, plumbing and HVAC","Electrical, plumbing, and HVAC shops with crews: your GL and payroll deserve real underwriting. Quotes usually back within a day. Want us to run yours?",,GET_QUOTE,https://www.cohesiveinsure.com/rate-check,,Legacy/site route; see destination,Not specified in ad URL,,images/79219e5f398ed46b.jpg,2583581532077017,0.61,15,0,40.67,0.0,,0,0,,0,,,,Retained HIGH-VALUE,2026-08-13 to 2026-09-18,0.0,0.73,Delivery without confirmed completion,"S: sessions only since Sep12 01:50 ET; F: starts not historically recorded; C: reconciled completed intakes, including returns",AD,HV Contractors - POLICY UPLOAD /rate-check (45 states) - $100/day,Contractors HIGH-VALUE - hybrid Foxquilt/Hedge,1,2026-08-14,2026-08-14,True,0.0,0,https://www.cohesiveinsure.com/marketing-review/20260919/deep-scan/images/79219e5f398ed46b.jpg,[],[],{}
120250602494540660,HVw - upload - painter_callout,120250602165530660,120250602442330660,ACTIVE,ADSET_PAUSED,2026-08-13T20:53:16-0400,2026-08-13T23:33:18-0400,static image,General liability for painting contractors,"Painting crews with real payroll get real underwriting from us, not a one-size instant quote. GL with $1M/$2M limits, additional insureds, COIs handled. Want us to run your quote?",,GET_QUOTE,https://www.cohesiveinsure.com/rate-check,,Legacy/site route; see destination,Not specified in ad URL,,images/2ff21d816fcfe7f9.jpg,1079631994595812,0.57,11,0,51.82,0.0,,0,0,,0,,,,Retained HIGH-VALUE,2026-08-13 to 2026-09-18,0.0,0.68,Delivery without confirmed completion,"S: sessions only since Sep12 01:50 ET; F: starts not historically recorded; C: reconciled completed intakes, including returns",AD,HV Contractors - POLICY UPLOAD /rate-check (45 states) - $100/day,Contractors HIGH-VALUE - hybrid Foxquilt/Hedge,1,2026-08-14,2026-08-14,True,0.0,0,https://www.cohesiveinsure.com/marketing-review/20260919/deep-scan/images/2ff21d816fcfe7f9.jpg,[],[],{}
120250603470350660,HVw - upload - excavation_callout,120250602165530660,120250602442330660,ACTIVE,ADSET_PAUSED,2026-08-13T22:38:00-0400,2026-08-13T23:33:10-0400,static image,GL for excavation and demolition,Excavation and demo GL is hard to place and expensive. We use AI to shop it across markets built for the class - a licensed agent gets you the best rate. Want us to check yours?,,GET_QUOTE,https://www.cohesiveinsure.com/rate-check,,Legacy/site route; see destination,Not specified in ad URL,,images/353baf2958923ff8.jpg,1620525943002766,0.57,27,0,21.11,0.0,,0,0,,0,,,,Retained HIGH-VALUE,2026-08-13 to 2026-09-18,0.0,0.68,Delivery without confirmed completion,"S: sessions only since Sep12 01:50 ET; F: starts not historically recorded; C: reconciled completed intakes, including returns",AD,HV Contractors - POLICY UPLOAD /rate-check (45 states) - $100/day,Contractors HIGH-VALUE - hybrid Foxquilt/Hedge,2,2026-08-13,2026-08-14,True,0.0,0,https://www.cohesiveinsure.com/marketing-review/20260919/deep-scan/images/353baf2958923ff8.jpg,[],[],{}
120250603472950660,HVw - upload - restoration_callout,120250602165530660,120250602442330660,ACTIVE,ADSET_PAUSED,2026-08-13T22:38:10-0400,2026-08-13T23:32:46-0400,static image,GL for restoration contractors,Water and fire restoration GL is specialized and expensive. We use AI to automatically shop it across markets built for restoration and find you a better rate. Want us to run yours?,,GET_QUOTE,https://www.cohesiveinsure.com/rate-check,,Legacy/site route; see destination,Not specified in ad URL,,images/cc11dc88627815df.jpg,1081754087519687,0.43,12,0,35.83,0.0,,0,0,,0,,,,Retained HIGH-VALUE,2026-08-13 to 2026-09-18,0.0,0.51,Delivery without confirmed completion,"S: sessions only since Sep12 01:50 ET; F: starts not historically recorded; C: reconciled completed intakes, including returns",AD,HV Contractors - POLICY UPLOAD /rate-check (45 states) - $100/day,Contractors HIGH-VALUE - hybrid Foxquilt/Hedge,2,2026-08-13,2026-08-14,True,0.0,0,https://www.cohesiveinsure.com/marketing-review/20260919/deep-scan/images/cc11dc88627815df.jpg,[],[],{}
120250602489180660,HVw - upload - sv_saved14k_paint,120250602165530660,120250602442330660,ACTIVE,ADSET_PAUSED,2026-08-13T20:52:38-0400,2026-08-13T23:33:01-0400,static image,"We cut one contractor's GL by $14,000 a year","One contractor was paying $26,000 a year. We requoted the same $1M/$2M limits at about $12,000 through a construction market most local agents can't access. Want us to run yours?",,GET_QUOTE,https://www.cohesiveinsure.com/rate-check,,Legacy/site route; see destination,Not specified in ad URL,,images/0906a7a910270a50.jpg,1035520802593673,0.4,3,0,133.33,0.0,,0,0,,0,,,,Retained HIGH-VALUE,2026-08-13 to 2026-09-18,0.0,0.48,Delivery without confirmed completion,"S: sessions only since Sep12 01:50 ET; F: starts not historically recorded; C: reconciled completed intakes, including returns",AD,HV Contractors - POLICY UPLOAD /rate-check (45 states) - $100/day,Contractors HIGH-VALUE - hybrid Foxquilt/Hedge,2,2026-08-13,2026-08-14,True,0.0,0,https://www.cohesiveinsure.com/marketing-review/20260919/deep-scan/images/0906a7a910270a50.jpg,[],[],{}
120250602495390660,HVw - upload - remodeler_callout,120250602165530660,120250602442330660,ACTIVE,ADSET_PAUSED,2026-08-13T20:53:19-0400,2026-08-13T23:33:01-0400,static image,General liability for remodelers,"Remodeling and renovation GL, quoted fast. Most quotes come back within a day, many same-day. Want us to run yours?",,GET_QUOTE,https://www.cohesiveinsure.com/rate-check,,Legacy/site route; see destination,Not specified in ad URL,,images/e6408f89d02704fb.jpg,1759309011862279,0.4,20,0,20.0,0.0,,0,0,,0,,,,Retained HIGH-VALUE,2026-08-13 to 2026-09-18,0.0,0.48,Delivery without confirmed completion,"S: sessions only since Sep12 01:50 ET; F: starts not historically recorded; C: reconciled completed intakes, including returns",AD,HV Contractors - POLICY UPLOAD /rate-check (45 states) - $100/day,Contractors HIGH-VALUE - hybrid Foxquilt/Hedge,2,2026-08-13,2026-08-14,True,0.0,0,https://www.cohesiveinsure.com/marketing-review/20260919/deep-scan/images/e6408f89d02704fb.jpg,[],[],{}
120250602487430660,HVw - upload - sv_saved14k_roof,120250602165530660,120250602442330660,ACTIVE,ADSET_PAUSED,2026-08-13T20:52:29-0400,2026-08-13T23:33:22-0400,static image,"We cut one contractor's GL by $14,000 a year","One contractor was paying $26,000 a year. We requoted the same $1M/$2M limits at about $12,000 through a construction market most local agents can't access. Want us to run yours?",,GET_QUOTE,https://www.cohesiveinsure.com/rate-check,,Legacy/site route; see destination,Not specified in ad URL,,images/9d166ff874ea1f7f.jpg,1066344806029125,0.29,7,0,41.43,0.0,,0,0,,0,,,,Retained HIGH-VALUE,2026-08-13 to 2026-09-18,0.0,0.35,Delivery without confirmed completion,"S: sessions only since Sep12 01:50 ET; F: starts not historically recorded; C: reconciled completed intakes, including returns",AD,HV Contractors - POLICY UPLOAD /rate-check (45 states) - $100/day,Contractors HIGH-VALUE - hybrid Foxquilt/Hedge,2,2026-08-13,2026-08-14,True,0.0,0,https://www.cohesiveinsure.com/marketing-review/20260919/deep-scan/images/9d166ff874ea1f7f.jpg,[],[],{}
120250602490090660,HVw - upload - sv_26to12_roof,120250602165530660,120250602442330660,ACTIVE,ADSET_PAUSED,2026-08-13T20:52:45-0400,2026-08-13T23:33:17-0400,static image,From $26K a year down to $12K,"That's a real quote we ran last week for a Texas remodeling + roofing contractor. Same $1M/$2M limits. The bigger the GL bill, the more room there is to cut. Want us to check yours?",,GET_QUOTE,https://www.cohesiveinsure.com/rate-check,,Legacy/site route; see destination,Not specified in ad URL,,images/47e9d6a7b6f8aa8d.jpg,1060548613135037,0.21,3,0,70.0,0.0,,0,0,,0,,,,Retained HIGH-VALUE,2026-08-13 to 2026-09-18,0.0,0.25,Delivery without confirmed completion,"S: sessions only since Sep12 01:50 ET; F: starts not historically recorded; C: reconciled completed intakes, including returns",AD,HV Contractors - POLICY UPLOAD /rate-check (45 states) - $100/day,Contractors HIGH-VALUE - hybrid Foxquilt/Hedge,1,2026-08-14,2026-08-14,True,0.0,0,https://www.cohesiveinsure.com/marketing-review/20260919/deep-scan/images/47e9d6a7b6f8aa8d.jpg,[],[],{}
120250602496210660,HVw - upload - gc_callout,120250602165530660,120250602442330660,ACTIVE,ADSET_PAUSED,2026-08-13T20:53:28-0400,2026-08-13T23:33:15-0400,static image,General liability for general contractors,GCs with subs and bigger jobs need more than an instant quote. We place GC liability with construction markets most local agents can't access. Want us to run your quote?,,GET_QUOTE,https://www.cohesiveinsure.com/rate-check,,Legacy/site route; see destination,Not specified in ad URL,,images/7432150ef3923cdd.jpg,4727012827585365,0.14,8,0,17.5,0.0,,0,0,,0,,,,Retained HIGH-VALUE,2026-08-13 to 2026-09-18,0.0,0.17,Delivery without confirmed completion,"S: sessions only since Sep12 01:50 ET; F: starts not historically recorded; C: reconciled completed intakes, including returns",AD,HV Contractors - POLICY UPLOAD /rate-check (45 states) - $100/day,Contractors HIGH-VALUE - hybrid Foxquilt/Hedge,2,2026-08-13,2026-08-14,True,0.0,0,https://www.cohesiveinsure.com/marketing-review/20260919/deep-scan/images/7432150ef3923cdd.jpg,[],[],{}
120250602491190660,HVw - upload - sv_26to12_paint,120250602165530660,120250602442330660,ACTIVE,ADSET_PAUSED,2026-08-13T20:52:54-0400,2026-08-13T23:33:14-0400,static image,From $26K a year down to $12K,"That's a real quote we ran last week for a Texas remodeling + roofing contractor. Same $1M/$2M limits. The bigger the GL bill, the more room there is to cut. Want us to check yours?",,GET_QUOTE,https://www.cohesiveinsure.com/rate-check,,Legacy/site route; see destination,Not specified in ad URL,,images/0b5bf901505c1d57.jpg,1413401060685165,0.11,4,0,27.5,0.0,,0,0,,0,,,,Retained HIGH-VALUE,2026-08-13 to 2026-09-18,0.0,0.13,Delivery without confirmed completion,"S: sessions only since Sep12 01:50 ET; F: starts not historically recorded; C: reconciled completed intakes, including returns",AD,HV Contractors - POLICY UPLOAD /rate-check (45 states) - $100/day,Contractors HIGH-VALUE - hybrid Foxquilt/Hedge,1,2026-08-13,2026-08-13,True,0.0,0,https://www.cohesiveinsure.com/marketing-review/20260919/deep-scan/images/0b5bf901505c1d57.jpg,[],[],{}
120250602493030660,HVw - upload - sv_fivefigure_remodel,120250602165530660,120250602442330660,ACTIVE,ADSET_PAUSED,2026-08-13T20:53:04-0400,2026-08-13T23:32:56-0400,static image,Five-figure GL bill?,"The bigger the premium, the more shopping it moves the number. We just cut one contractor's GL from $26,000 to about $12,000 a year, same limits. Want a rate check?",,GET_QUOTE,https://www.cohesiveinsure.com/rate-check,,Legacy/site route; see destination,Not specified in ad URL,,images/56977f16b025c561.jpg,974938488897779,0.04,2,0,20.0,0.0,,0,0,,0,,,,Retained HIGH-VALUE,2026-08-13 to 2026-09-18,0.0,0.05,Delivery without confirmed completion,"S: sessions only since Sep12 01:50 ET; F: starts not historically recorded; C: reconciled completed intakes, including returns",AD,HV Contractors - POLICY UPLOAD /rate-check (45 states) - $100/day,Contractors HIGH-VALUE - hybrid Foxquilt/Hedge,1,2026-08-14,2026-08-14,True,0.0,0,https://www.cohesiveinsure.com/marketing-review/20260919/deep-scan/images/56977f16b025c561.jpg,[],[],{}
120250602494030660,HVw - upload - sv_fivefigure_masonry,120250602165530660,120250602442330660,ACTIVE,ADSET_PAUSED,2026-08-13T20:53:12-0400,2026-08-13T23:32:52-0400,static image,Five-figure GL bill?,"The bigger the premium, the more shopping it moves the number. We just cut one contractor's GL from $26,000 to about $12,000 a year, same limits. Want a rate check?",,GET_QUOTE,https://www.cohesiveinsure.com/rate-check,,Legacy/site route; see destination,Not specified in ad URL,,images/2969c4ddd29f1c76.jpg,1581591166706952,0.04,3,0,13.33,0.0,,0,0,,0,,,,Retained HIGH-VALUE,2026-08-13 to 2026-09-18,0.0,0.05,Delivery without confirmed completion,"S: sessions only since Sep12 01:50 ET; F: starts not historically recorded; C: reconciled completed intakes, including returns",AD,HV Contractors - POLICY UPLOAD /rate-check (45 states) - $100/day,Contractors HIGH-VALUE - hybrid Foxquilt/Hedge,1,2026-08-14,2026-08-14,True,0.0,0,https://www.cohesiveinsure.com/marketing-review/20260919/deep-scan/images/2969c4ddd29f1c76.jpg,[],[],{}
120250602486140660,HVw - upload - sv_premium20k_remodel,120250602165530660,120250602442330660,ACTIVE,ADSET_PAUSED,2026-08-13T20:52:18-0400,2026-08-13T23:33:02-0400,static image,"Paying $20,000+ a year for GL?","We recently took a $2M contractor from $26,000 a year to about $12,000 - same $1M/$2M limits, through construction markets most local agents can't access. If your GL bill is five figures, want us to check it?",,GET_QUOTE,https://www.cohesiveinsure.com/rate-check,,Legacy/site route; see destination,Not specified in ad URL,,images/a176cb609aef84cc.jpg,2096091684316914,0.02,2,0,10.0,0.0,,0,0,,0,,,,Retained HIGH-VALUE,2026-08-13 to 2026-09-18,0.0,0.02,Delivery without confirmed completion,"S: sessions only since Sep12 01:50 ET; F: starts not historically recorded; C: reconciled completed intakes, including returns",AD,HV Contractors - POLICY UPLOAD /rate-check (45 states) - $100/day,Contractors HIGH-VALUE - hybrid Foxquilt/Hedge,2,2026-08-13,2026-08-14,True,0.0,0,https://www.cohesiveinsure.com/marketing-review/20260919/deep-scan/images/a176cb609aef84cc.jpg,[],[],{}
120250602493770660,HVw - upload - sv_fivefigure_paint,120250602165530660,120250602442330660,ACTIVE,ADSET_PAUSED,2026-08-13T20:53:08-0400,2026-08-13T23:33:21-0400,static image,Five-figure GL bill?,"The bigger the premium, the more shopping it moves the number. We just cut one contractor's GL from $26,000 to about $12,000 a year, same limits. Want a rate check?",,GET_QUOTE,https://www.cohesiveinsure.com/rate-check,,Legacy/site route; see destination,Not specified in ad URL,,images/daaac0001e8b4cd5.jpg,1625882752439114,0.01,1,0,10.0,0.0,,0,0,,0,,,,Retained HIGH-VALUE,2026-08-13 to 2026-09-18,0.0,0.01,Delivery without confirmed completion,"S: sessions only since Sep12 01:50 ET; F: starts not historically recorded; C: reconciled completed intakes, including returns",AD,HV Contractors - POLICY UPLOAD /rate-check (45 states) - $100/day,Contractors HIGH-VALUE - hybrid Foxquilt/Hedge,1,2026-08-14,2026-08-14,True,0.0,0,https://www.cohesiveinsure.com/marketing-review/20260919/deep-scan/images/daaac0001e8b4cd5.jpg,[],[],{}
120250602490430660,HVw - upload - sv_26to12_remodel,120250602165530660,120250602442330660,ACTIVE,ADSET_PAUSED,2026-08-13T20:52:50-0400,2026-08-13T23:33:18-0400,static image,From $26K a year down to $12K,"That's a real quote we ran last week for a Texas remodeling + roofing contractor. Same $1M/$2M limits. The bigger the GL bill, the more room there is to cut. Want us to check yours?",,GET_QUOTE,https://www.cohesiveinsure.com/rate-check,,Legacy/site route; see destination,Not specified in ad URL,,images/d4edc5c2cde7dc81.jpg,1377230667089690,0,0,0,,,,0,0,,0,,,,Retained HIGH-VALUE,2026-08-13 to 2026-09-18,0.0,0.0,No delivery through Sep18,"S: sessions only since Sep12 01:50 ET; F: starts not historically recorded; C: reconciled completed intakes, including returns",AD,HV Contractors - POLICY UPLOAD /rate-check (45 states) - $100/day,Contractors HIGH-VALUE - hybrid Foxquilt/Hedge,0,,,False,0.0,0,https://www.cohesiveinsure.com/marketing-review/20260919/deep-scan/images/d4edc5c2cde7dc81.jpg,[],[],{}
120250602492470660,HVw - upload - sv_fivefigure_roof,120250602165530660,120250602442330660,ACTIVE,ADSET_PAUSED,2026-08-13T20:53:00-0400,2026-08-13T23:33:18-0400,static image,Five-figure GL bill?,"The bigger the premium, the more shopping it moves the number. We just cut one contractor's GL from $26,000 to about $12,000 a year, same limits. Want a rate check?",,GET_QUOTE,https://www.cohesiveinsure.com/rate-check,,Legacy/site route; see destination,Not specified in ad URL,,images/dff5f97e62a06e89.jpg,2074476069919343,0,0,0,,,,0,0,,0,,,,Retained HIGH-VALUE,2026-08-13 to 2026-09-18,0.0,0.0,No delivery through Sep18,"S: sessions only since Sep12 01:50 ET; F: starts not historically recorded; C: reconciled completed intakes, including returns",AD,HV Contractors - POLICY UPLOAD /rate-check (45 states) - $100/day,Contractors HIGH-VALUE - hybrid Foxquilt/Hedge,0,,,False,0.0,0,https://www.cohesiveinsure.com/marketing-review/20260919/deep-scan/images/dff5f97e62a06e89.jpg,[],[],{}
120250636364390660,HVq - qualified - pool_builder_callout,120250602165530660,120250636360410660,ACTIVE,ADSET_PAUSED,2026-08-15T12:44:24-0400,2026-08-15T12:46:29-0400,static image,GL for pool builders,"Build in-ground pools? Carriers price pool construction thousands of dollars apart for the same work, and half of them decline it outright. We use AI to automatically shop the markets that actually want pool builders, with installation and construction declared properly so the policy covers what you build. What are you paying now?",,GET_QUOTE,https://www.cohesiveinsure.com/contractors,,Legacy/site route; see destination,Not specified in ad URL,,images/6f81afd8161e413e.jpg,1065122965934542,19.43,807,14,24.08,1.735,1.39,0,0,,0,,,,Retained HIGH-VALUE,2026-08-13 to 2026-09-18,0.15,65.6,Delivery without confirmed completion,"S: sessions only since Sep12 01:50 ET; F: starts not historically recorded; C: reconciled completed intakes, including returns",AD,HV Contractors - QUALIFIED (self-reported GL $5K+) - /contractors - $90/day,Contractors HIGH-VALUE - hybrid Foxquilt/Hedge,1,2026-08-15,2026-08-15,True,0.0,0,https://www.cohesiveinsure.com/marketing-review/20260919/deep-scan/images/6f81afd8161e413e.jpg,"[{""action_type"": ""link_click"", ""value"": ""14""}, {""action_type"": ""post_reaction"", ""value"": ""2""}, {""action_type"": ""landing_page_view"", ""value"": ""12""}, {""action_type"": ""omni_landing_page_view"", ""value"": ""12""}, {""action_type"": ""onsite_conversion.post_unlike"", ""value"": ""1""}, {""action_type"": ""post_engagement"", ""value"": ""17""}, {""action_type"": ""post_interaction_gross"", ""value"": ""3""}, {""action_type"": ""page_engagement"", ""value"": ""17""}, {""action_type"": ""post_interaction_net"", ""value"": ""4""}, {""action_type"": ""onsite_conversion.post_save"", ""value"": ""1""}, {""action_type"": ""onsite_conversion.post_net_save"", ""value"": ""1""}, {""action_type"": ""onsite_conversion.post_net_like"", ""value"": ""1""}]",[],{}
120250636366180660,HVq - qualified - gc_callout,120250602165530660,120250636360410660,ACTIVE,ADSET_PAUSED,2026-08-15T12:44:32-0400,2026-08-15T12:46:27-0400,static image,General liability for general contractors,GCs with subs and bigger jobs need more than an instant quote. We place GC liability with construction markets most local agents can't access. Want us to run your quote?,,GET_QUOTE,https://www.cohesiveinsure.com/contractors,,Legacy/site route; see destination,Not specified in ad URL,,images/7432150ef3923cdd.jpg,894961716630137,3.31,185,3,17.89,1.622,1.1,0,0,,0,,,,Retained HIGH-VALUE,2026-08-13 to 2026-09-18,0.03,11.17,Delivery without confirmed completion,"S: sessions only since Sep12 01:50 ET; F: starts not historically recorded; C: reconciled completed intakes, including returns",AD,HV Contractors - QUALIFIED (self-reported GL $5K+) - /contractors - $90/day,Contractors HIGH-VALUE - hybrid Foxquilt/Hedge,1,2026-08-15,2026-08-15,True,0.0,0,https://www.cohesiveinsure.com/marketing-review/20260919/deep-scan/images/7432150ef3923cdd.jpg,"[{""action_type"": ""link_click"", ""value"": ""3""}, {""action_type"": ""landing_page_view"", ""value"": ""3""}, {""action_type"": ""omni_landing_page_view"", ""value"": ""3""}, {""action_type"": ""post_engagement"", ""value"": ""3""}, {""action_type"": ""page_engagement"", ""value"": ""3""}]",[],{}
120250636365540660,HVq - qualified - waterproofing_callout,120250602165530660,120250636360410660,ACTIVE,ADSET_PAUSED,2026-08-15T12:44:29-0400,2026-08-15T12:46:34-0400,static image,GL for waterproofing and foundation repair,Waterproofing and foundation repair GL rates high - which means shopping it can really move the number. We use AI to shop it and find you a better rate. Want us to check yours?,,GET_QUOTE,https://www.cohesiveinsure.com/contractors,,Legacy/site route; see destination,Not specified in ad URL,,images/a3e999931066fba6.jpg,1356540126113434,2.08,96,1,21.67,1.042,2.08,0,0,,0,,,,Retained HIGH-VALUE,2026-08-13 to 2026-09-18,0.02,7.02,Delivery without confirmed completion,"S: sessions only since Sep12 01:50 ET; F: starts not historically recorded; C: reconciled completed intakes, including returns",AD,HV Contractors - QUALIFIED (self-reported GL $5K+) - /contractors - $90/day,Contractors HIGH-VALUE - hybrid Foxquilt/Hedge,1,2026-08-15,2026-08-15,True,0.0,0,https://www.cohesiveinsure.com/marketing-review/20260919/deep-scan/images/a3e999931066fba6.jpg,"[{""action_type"": ""link_click"", ""value"": ""1""}, {""action_type"": ""landing_page_view"", ""value"": ""1""}, {""action_type"": ""omni_landing_page_view"", ""value"": ""1""}, {""action_type"": ""post_engagement"", ""value"": ""1""}, {""action_type"": ""page_engagement"", ""value"": ""1""}]",[],{}
120250636367150660,HVq - qualified - sv_fivefigure_roof,120250602165530660,120250636360410660,ACTIVE,ADSET_PAUSED,2026-08-15T12:44:37-0400,2026-08-15T12:46:34-0400,static image,Five-figure GL bill?,"The bigger the premium, the more shopping it moves the number. We just cut one contractor's GL from $26,000 to about $12,000 a year, same limits. Want a rate check?",,GET_QUOTE,https://www.cohesiveinsure.com/contractors,,Legacy/site route; see destination,Not specified in ad URL,,images/dff5f97e62a06e89.jpg,1244021714471563,1.28,6,0,213.33,0.0,,0,0,,0,,,,Retained HIGH-VALUE,2026-08-13 to 2026-09-18,0.01,4.32,Delivery without confirmed completion,"S: sessions only since Sep12 01:50 ET; F: starts not historically recorded; C: reconciled completed intakes, including returns",AD,HV Contractors - QUALIFIED (self-reported GL $5K+) - /contractors - $90/day,Contractors HIGH-VALUE - hybrid Foxquilt/Hedge,1,2026-08-15,2026-08-15,True,0.0,0,https://www.cohesiveinsure.com/marketing-review/20260919/deep-scan/images/dff5f97e62a06e89.jpg,[],[],{}
120250636364970660,HVq - qualified - painter_callout,120250602165530660,120250636360410660,ACTIVE,ADSET_PAUSED,2026-08-15T12:44:26-0400,2026-08-15T12:46:32-0400,static image,General liability for painting contractors,"Painting crews with real payroll get real underwriting from us, not a one-size instant quote. GL with $1M/$2M limits, additional insureds, COIs handled. Want us to run your quote?",,GET_QUOTE,https://www.cohesiveinsure.com/contractors,,Legacy/site route; see destination,Not specified in ad URL,,images/2ff21d816fcfe7f9.jpg,1610946007062556,0.69,73,0,9.45,0.0,,0,0,,0,,,,Retained HIGH-VALUE,2026-08-13 to 2026-09-18,0.01,2.33,Delivery without confirmed completion,"S: sessions only since Sep12 01:50 ET; F: starts not historically recorded; C: reconciled completed intakes, including returns",AD,HV Contractors - QUALIFIED (self-reported GL $5K+) - /contractors - $90/day,Contractors HIGH-VALUE - hybrid Foxquilt/Hedge,1,2026-08-15,2026-08-15,True,0.0,0,https://www.cohesiveinsure.com/marketing-review/20260919/deep-scan/images/2ff21d816fcfe7f9.jpg,[],[],{}
120250636382330660,HVq - qualified - carpentry_callout,120250602165530660,120250636360410660,ACTIVE,ADSET_PAUSED,2026-08-15T12:45:44-0400,2026-08-15T12:47:48-0400,static image,General liability for carpentry and framing,"Carpentry and framing GL, quoted fast. We use AI to automatically shop your coverage and find you a better rate - a licensed agent reviews everything. Want us to run yours?",,GET_QUOTE,https://www.cohesiveinsure.com/contractors,,Legacy/site route; see destination,Not specified in ad URL,,images/52123afb90206010.jpg,1602089038207633,0.53,8,0,66.25,0.0,,0,0,,0,,,,Retained HIGH-VALUE,2026-08-13 to 2026-09-18,0.0,1.79,Delivery without confirmed completion,"S: sessions only since Sep12 01:50 ET; F: starts not historically recorded; C: reconciled completed intakes, including returns",AD,HV Contractors - QUALIFIED (self-reported GL $5K+) - /contractors - $90/day,Contractors HIGH-VALUE - hybrid Foxquilt/Hedge,1,2026-08-15,2026-08-15,True,0.0,0,https://www.cohesiveinsure.com/marketing-review/20260919/deep-scan/images/52123afb90206010.jpg,[],[],{}
120250636366510660,HVq - qualified - siding_callout,120250602165530660,120250636360410660,ACTIVE,ADSET_PAUSED,2026-08-15T12:44:34-0400,2026-08-15T12:46:27-0400,static image,General liability for siding contractors,Siding and exterior work rates high - which is exactly why shopping it pays. We use AI to automatically shop your GL and find you a better rate. Want us to check yours?,,GET_QUOTE,https://www.cohesiveinsure.com/contractors,,Legacy/site route; see destination,Not specified in ad URL,,images/2ceed32b0ac9235f.jpg,1599854078407129,0.24,20,0,12.0,0.0,,0,0,,0,,,,Retained HIGH-VALUE,2026-08-13 to 2026-09-18,0.0,0.81,Delivery without confirmed completion,"S: sessions only since Sep12 01:50 ET; F: starts not historically recorded; C: reconciled completed intakes, including returns",AD,HV Contractors - QUALIFIED (self-reported GL $5K+) - /contractors - $90/day,Contractors HIGH-VALUE - hybrid Foxquilt/Hedge,1,2026-08-15,2026-08-15,True,0.0,0,https://www.cohesiveinsure.com/marketing-review/20260919/deep-scan/images/2ceed32b0ac9235f.jpg,[],[],{}
120250636368170660,HVq - qualified - sv_saved14k_paint,120250602165530660,120250636360410660,ACTIVE,ADSET_PAUSED,2026-08-15T12:44:43-0400,2026-08-15T12:46:47-0400,static image,"We cut one contractor's GL by $14,000 a year","One contractor was paying $26,000 a year. We requoted the same $1M/$2M limits at about $12,000 through a construction market most local agents can't access. Want us to run yours?",,GET_QUOTE,https://www.cohesiveinsure.com/contractors,,Legacy/site route; see destination,Not specified in ad URL,,images/0906a7a910270a50.jpg,28405391105711388,0.22,8,0,27.5,0.0,,0,0,,0,,,,Retained HIGH-VALUE,2026-08-13 to 2026-09-18,0.0,0.74,Delivery without confirmed completion,"S: sessions only since Sep12 01:50 ET; F: starts not historically recorded; C: reconciled completed intakes, including returns",AD,HV Contractors - QUALIFIED (self-reported GL $5K+) - /contractors - $90/day,Contractors HIGH-VALUE - hybrid Foxquilt/Hedge,1,2026-08-15,2026-08-15,True,0.0,0,https://www.cohesiveinsure.com/marketing-review/20260919/deep-scan/images/0906a7a910270a50.jpg,[],[],{}
120250636369920660,HVq - qualified - sv_26to12_masonry,120250602165530660,120250636360410660,ACTIVE,ADSET_PAUSED,2026-08-15T12:44:51-0400,2026-08-15T12:46:56-0400,static image,From $26K a year down to $12K,"That's a real quote we ran last week for a Texas remodeling + roofing contractor. Same $1M/$2M limits. The bigger the GL bill, the more room there is to cut. Want us to check yours?",,GET_QUOTE,https://www.cohesiveinsure.com/contractors,,Legacy/site route; see destination,Not specified in ad URL,,images/bfc888d9402ac742.jpg,1368594114825530,0.22,11,0,20.0,0.0,,0,0,,0,,,,Retained HIGH-VALUE,2026-08-13 to 2026-09-18,0.0,0.74,Delivery without confirmed completion,"S: sessions only since Sep12 01:50 ET; F: starts not historically recorded; C: reconciled completed intakes, including returns",AD,HV Contractors - QUALIFIED (self-reported GL $5K+) - /contractors - $90/day,Contractors HIGH-VALUE - hybrid Foxquilt/Hedge,1,2026-08-15,2026-08-15,True,0.0,0,https://www.cohesiveinsure.com/marketing-review/20260919/deep-scan/images/bfc888d9402ac742.jpg,[],[],{}
120250636370440660,HVq - qualified - sv_premium20k_masonry,120250602165530660,120250636360410660,ACTIVE,ADSET_PAUSED,2026-08-15T12:44:55-0400,2026-08-15T13:09:38-0400,static image,"Paying $20,000+ a year for GL?","We recently took a $2M contractor from $26,000 a year to about $12,000 - same $1M/$2M limits, through construction markets most local agents can't access. If your GL bill is five figures, want us to check it?",,GET_QUOTE,https://www.cohesiveinsure.com/contractors,,Legacy/site route; see destination,Not specified in ad URL,,images/234f1473adcde0c9.jpg,1580471730318072,0.22,15,2,14.67,13.333,0.11,0,0,,0,,,,Retained HIGH-VALUE,2026-08-13 to 2026-09-18,0.0,0.74,Delivery without confirmed completion,"S: sessions only since Sep12 01:50 ET; F: starts not historically recorded; C: reconciled completed intakes, including returns",AD,HV Contractors - QUALIFIED (self-reported GL $5K+) - /contractors - $90/day,Contractors HIGH-VALUE - hybrid Foxquilt/Hedge,1,2026-08-15,2026-08-15,True,0.0,0,https://www.cohesiveinsure.com/marketing-review/20260919/deep-scan/images/234f1473adcde0c9.jpg,"[{""action_type"": ""link_click"", ""value"": ""2""}, {""action_type"": ""landing_page_view"", ""value"": ""1""}, {""action_type"": ""omni_landing_page_view"", ""value"": ""1""}, {""action_type"": ""post_engagement"", ""value"": ""2""}, {""action_type"": ""page_engagement"", ""value"": ""2""}]",[],{}
120250636379470660,HVq - qualified - sv_26to12_roof,120250602165530660,120250636360410660,ACTIVE,ADSET_PAUSED,2026-08-15T12:45:28-0400,2026-08-15T12:47:30-0400,static image,From $26K a year down to $12K,"That's a real quote we ran last week for a Texas remodeling + roofing contractor. Same $1M/$2M limits. The bigger the GL bill, the more room there is to cut. Want us to check yours?",,GET_QUOTE,https://www.cohesiveinsure.com/contractors,,Legacy/site route; see destination,Not specified in ad URL,,images/47e9d6a7b6f8aa8d.jpg,4278237485759781,0.18,1,0,180.0,0.0,,0,0,,0,,,,Retained HIGH-VALUE,2026-08-13 to 2026-09-18,0.0,0.61,Delivery without confirmed completion,"S: sessions only since Sep12 01:50 ET; F: starts not historically recorded; C: reconciled completed intakes, including returns",AD,HV Contractors - QUALIFIED (self-reported GL $5K+) - /contractors - $90/day,Contractors HIGH-VALUE - hybrid Foxquilt/Hedge,1,2026-08-15,2026-08-15,True,0.0,0,https://www.cohesiveinsure.com/marketing-review/20260919/deep-scan/images/47e9d6a7b6f8aa8d.jpg,[],[],{}
120250636364190660,HVq - qualified - roofing_crews,120250602165530660,120250636360410660,ACTIVE,ADSET_PAUSED,2026-08-15T12:44:21-0400,2026-08-15T12:46:25-0400,static image,GL for roofing crews,"If you run roofing crews, GL is one of your biggest bills - and most brokers only check one or two carriers. We use AI to automatically shop every roofing market at the same time and come back with real numbers, usually within a day. One roofing shop went from $26K to $12K. Worth a quick rate check?",,GET_QUOTE,https://www.cohesiveinsure.com/contractors,,Legacy/site route; see destination,Not specified in ad URL,,images/00e55645e2ffadc6.jpg,28160665320252837,0.17,12,0,14.17,0.0,,0,0,,0,,,,Retained HIGH-VALUE,2026-08-13 to 2026-09-18,0.0,0.57,Delivery without confirmed completion,"S: sessions only since Sep12 01:50 ET; F: starts not historically recorded; C: reconciled completed intakes, including returns",AD,HV Contractors - QUALIFIED (self-reported GL $5K+) - /contractors - $90/day,Contractors HIGH-VALUE - hybrid Foxquilt/Hedge,1,2026-08-15,2026-08-15,True,0.0,0,https://www.cohesiveinsure.com/marketing-review/20260919/deep-scan/images/00e55645e2ffadc6.jpg,[],[],{}
120250636367800660,HVq - qualified - sv_26to12_paint,120250602165530660,120250636360410660,ACTIVE,ADSET_PAUSED,2026-08-15T12:44:40-0400,2026-08-15T12:46:44-0400,static image,From $26K a year down to $12K,"That's a real quote we ran last week for a Texas remodeling + roofing contractor. Same $1M/$2M limits. The bigger the GL bill, the more room there is to cut. Want us to check yours?",,GET_QUOTE,https://www.cohesiveinsure.com/contractors,,Legacy/site route; see destination,Not specified in ad URL,,images/0b5bf901505c1d57.jpg,1384216903663531,0.16,3,0,53.33,0.0,,0,0,,0,,,,Retained HIGH-VALUE,2026-08-13 to 2026-09-18,0.0,0.54,Delivery without confirmed completion,"S: sessions only since Sep12 01:50 ET; F: starts not historically recorded; C: reconciled completed intakes, including returns",AD,HV Contractors - QUALIFIED (self-reported GL $5K+) - /contractors - $90/day,Contractors HIGH-VALUE - hybrid Foxquilt/Hedge,1,2026-08-15,2026-08-15,True,0.0,0,https://www.cohesiveinsure.com/marketing-review/20260919/deep-scan/images/0b5bf901505c1d57.jpg,[],[],{}
120250636382050660,HVq - qualified - excavation_callout,120250602165530660,120250636360410660,ACTIVE,ADSET_PAUSED,2026-08-15T12:45:41-0400,2026-08-15T12:47:37-0400,static image,GL for excavation and demolition,Excavation and demo GL is hard to place and expensive. We use AI to shop it across markets built for the class - a licensed agent gets you the best rate. Want us to check yours?,,GET_QUOTE,https://www.cohesiveinsure.com/contractors,,Legacy/site route; see destination,Not specified in ad URL,,images/353baf2958923ff8.jpg,1335465191705135,0.16,10,0,16.0,0.0,,0,0,,0,,,,Retained HIGH-VALUE,2026-08-13 to 2026-09-18,0.0,0.54,Delivery without confirmed completion,"S: sessions only since Sep12 01:50 ET; F: starts not historically recorded; C: reconciled completed intakes, including returns",AD,HV Contractors - QUALIFIED (self-reported GL $5K+) - /contractors - $90/day,Contractors HIGH-VALUE - hybrid Foxquilt/Hedge,1,2026-08-15,2026-08-15,True,0.0,0,https://www.cohesiveinsure.com/marketing-review/20260919/deep-scan/images/353baf2958923ff8.jpg,[],[],{}
120250636375810660,HVq - qualified - roofer_callout,120250602165530660,120250636360410660,ACTIVE,ADSET_PAUSED,2026-08-15T12:45:15-0400,2026-08-15T12:47:16-0400,static image,General liability for roofing contractors,Roofing GL is hard to place and renewals keep climbing. We work with construction markets built for roofers and recently quoted a $2M roofing + remodel shop in under 24 hours. Want us to check your rate?,,GET_QUOTE,https://www.cohesiveinsure.com/contractors,,Legacy/site route; see destination,Not specified in ad URL,,images/00e55645e2ffadc6.jpg,1670515460709184,0.14,7,0,20.0,0.0,,0,0,,0,,,,Retained HIGH-VALUE,2026-08-13 to 2026-09-18,0.0,0.47,Delivery without confirmed completion,"S: sessions only since Sep12 01:50 ET; F: starts not historically recorded; C: reconciled completed intakes, including returns",AD,HV Contractors - QUALIFIED (self-reported GL $5K+) - /contractors - $90/day,Contractors HIGH-VALUE - hybrid Foxquilt/Hedge,1,2026-08-15,2026-08-15,True,0.0,0,https://www.cohesiveinsure.com/marketing-review/20260919/deep-scan/images/00e55645e2ffadc6.jpg,[],[],{}
120250636377890660,HVq - qualified - coi,120250602165530660,120250636360410660,ACTIVE,ADSET_PAUSED,2026-08-15T12:45:23-0400,2026-08-15T12:47:48-0400,static image,"The GC wants your COI. Like, today.","If a GC or client is holding a job until your certificate shows up, we quote contractor GL fast and get the COI out. What's the job waiting on?",,GET_QUOTE,https://www.cohesiveinsure.com/contractors,,Legacy/site route; see destination,Not specified in ad URL,,images/375907f990603f04.jpg,802706369565608,0.14,3,0,46.67,0.0,,0,0,,0,,,,Retained HIGH-VALUE,2026-08-13 to 2026-09-18,0.0,0.47,Delivery without confirmed completion,"S: sessions only since Sep12 01:50 ET; F: starts not historically recorded; C: reconciled completed intakes, including returns",AD,HV Contractors - QUALIFIED (self-reported GL $5K+) - /contractors - $90/day,Contractors HIGH-VALUE - hybrid Foxquilt/Hedge,1,2026-08-15,2026-08-15,True,0.0,0,https://www.cohesiveinsure.com/marketing-review/20260919/deep-scan/images/375907f990603f04.jpg,[],[],{}
120250636376300660,HVq - qualified - sv_fivefigure_masonry,120250602165530660,120250636360410660,ACTIVE,ADSET_PAUSED,2026-08-15T12:45:17-0400,2026-08-15T12:47:22-0400,static image,Five-figure GL bill?,"The bigger the premium, the more shopping it moves the number. We just cut one contractor's GL from $26,000 to about $12,000 a year, same limits. Want a rate check?",,GET_QUOTE,https://www.cohesiveinsure.com/contractors,,Legacy/site route; see destination,Not specified in ad URL,,images/2969c4ddd29f1c76.jpg,1503873765088160,0.13,5,0,26.0,0.0,,0,0,,0,,,,Retained HIGH-VALUE,2026-08-13 to 2026-09-18,0.0,0.44,Delivery without confirmed completion,"S: sessions only since Sep12 01:50 ET; F: starts not historically recorded; C: reconciled completed intakes, including returns",AD,HV Contractors - QUALIFIED (self-reported GL $5K+) - /contractors - $90/day,Contractors HIGH-VALUE - hybrid Foxquilt/Hedge,1,2026-08-15,2026-08-15,True,0.0,0,https://www.cohesiveinsure.com/marketing-review/20260919/deep-scan/images/2969c4ddd29f1c76.jpg,[],[],{}
120250636372640660,HVq - qualified - restoration_callout,120250602165530660,120250636360410660,ACTIVE,ADSET_PAUSED,2026-08-15T12:45:04-0400,2026-08-15T12:46:57-0400,static image,GL for restoration contractors,Water and fire restoration GL is specialized and expensive. We use AI to automatically shop it across markets built for restoration and find you a better rate. Want us to run yours?,,GET_QUOTE,https://www.cohesiveinsure.com/contractors,,Legacy/site route; see destination,Not specified in ad URL,,images/cc11dc88627815df.jpg,1358520992550328,0.11,5,1,22.0,20.0,0.11,0,0,,0,,,,Retained HIGH-VALUE,2026-08-13 to 2026-09-18,0.0,0.37,Delivery without confirmed completion,"S: sessions only since Sep12 01:50 ET; F: starts not historically recorded; C: reconciled completed intakes, including returns",AD,HV Contractors - QUALIFIED (self-reported GL $5K+) - /contractors - $90/day,Contractors HIGH-VALUE - hybrid Foxquilt/Hedge,1,2026-08-15,2026-08-15,True,0.0,0,https://www.cohesiveinsure.com/marketing-review/20260919/deep-scan/images/cc11dc88627815df.jpg,"[{""action_type"": ""link_click"", ""value"": ""1""}, {""action_type"": ""landing_page_view"", ""value"": ""1""}, {""action_type"": ""omni_landing_page_view"", ""value"": ""1""}, {""action_type"": ""post_engagement"", ""value"": ""1""}, {""action_type"": ""page_engagement"", ""value"": ""1""}]",[],{}
120250636377190660,HVq - qualified - sv_26to12_remodel,120250602165530660,120250636360410660,ACTIVE,ADSET_PAUSED,2026-08-15T12:45:20-0400,2026-08-15T12:47:23-0400,static image,From $26K a year down to $12K,"That's a real quote we ran last week for a Texas remodeling + roofing contractor. Same $1M/$2M limits. The bigger the GL bill, the more room there is to cut. Want us to check yours?",,GET_QUOTE,https://www.cohesiveinsure.com/contractors,,Legacy/site route; see destination,Not specified in ad URL,,images/d4edc5c2cde7dc81.jpg,4822473558024035,0.06,2,0,30.0,0.0,,0,0,,0,,,,Retained HIGH-VALUE,2026-08-13 to 2026-09-18,0.0,0.2,Delivery without confirmed completion,"S: sessions only since Sep12 01:50 ET; F: starts not historically recorded; C: reconciled completed intakes, including returns",AD,HV Contractors - QUALIFIED (self-reported GL $5K+) - /contractors - $90/day,Contractors HIGH-VALUE - hybrid Foxquilt/Hedge,1,2026-08-15,2026-08-15,True,0.0,0,https://www.cohesiveinsure.com/marketing-review/20260919/deep-scan/images/d4edc5c2cde7dc81.jpg,[],[],{}
120250639565080660,HVq - qualified - sv_saved14k_masonry - We cut one contractor's,120250602165530660,120250636360410660,ACTIVE,ADSET_PAUSED,2026-08-15T19:22:15-0400,2026-08-15T19:24:12-0400,static image,"We cut one contractor's GL by $14,000 a year","One contractor was paying $26,000 a year. We requoted the same $1M/$2M limits at about $12,000 through a construction market most local agents can't access. Want us to run yours?",,GET_QUOTE,https://www.cohesiveinsure.com/contractors,,Legacy/site route; see destination,Not specified in ad URL,,images/f79edcb2bb0bfae4.jpg,1707246757226166,0.05,2,0,25.0,0.0,,0,0,,0,,,,Retained HIGH-VALUE,2026-08-13 to 2026-09-18,0.0,0.17,Delivery without confirmed completion,"S: sessions only since Sep12 01:50 ET; F: starts not historically recorded; C: reconciled completed intakes, including returns",AD,HV Contractors - QUALIFIED (self-reported GL $5K+) - /contractors - $90/day,Contractors HIGH-VALUE - hybrid Foxquilt/Hedge,1,2026-08-15,2026-08-15,True,0.0,0,https://www.cohesiveinsure.com/marketing-review/20260919/deep-scan/images/f79edcb2bb0bfae4.jpg,[],[],{}
120250636363800660,HVq - qualified - roof_argc_story,120250602165530660,120250636360410660,ACTIVE,ADSET_PAUSED,2026-08-15T12:44:18-0400,2026-08-15T12:46:02-0400,static image,Roofer paying five figures for GL?,"We just moved a $2M roofing and remodel contractor from $26,150 a year down to $12,346 - same $1M/$2M limits, bound in days. We use AI to automatically shop your GL across every roofing market at once, and a licensed agent reviews everything. When does your policy renew?",,GET_QUOTE,https://www.cohesiveinsure.com/contractors,,Legacy/site route; see destination,Not specified in ad URL,,images/00e55645e2ffadc6.jpg,1641677860710125,0.03,1,0,30.0,0.0,,0,0,,0,,,,Retained HIGH-VALUE,2026-08-13 to 2026-09-18,0.0,0.1,Delivery without confirmed completion,"S: sessions only since Sep12 01:50 ET; F: starts not historically recorded; C: reconciled completed intakes, including returns",AD,HV Contractors - QUALIFIED (self-reported GL $5K+) - /contractors - $90/day,Contractors HIGH-VALUE - hybrid Foxquilt/Hedge,1,2026-08-15,2026-08-15,True,0.0,0,https://www.cohesiveinsure.com/marketing-review/20260919/deep-scan/images/00e55645e2ffadc6.jpg,[],[],{}
120250636369010660,HVq - qualified - sv_fivefigure_paint,120250602165530660,120250636360410660,ACTIVE,ADSET_PAUSED,2026-08-15T12:44:49-0400,2026-08-15T12:46:57-0400,static image,Five-figure GL bill?,"The bigger the premium, the more shopping it moves the number. We just cut one contractor's GL from $26,000 to about $12,000 a year, same limits. Want a rate check?",,GET_QUOTE,https://www.cohesiveinsure.com/contractors,,Legacy/site route; see destination,Not specified in ad URL,,images/daaac0001e8b4cd5.jpg,1060088973182949,0.03,1,0,30.0,0.0,,0,0,,0,,,,Retained HIGH-VALUE,2026-08-13 to 2026-09-18,0.0,0.1,Delivery without confirmed completion,"S: sessions only since Sep12 01:50 ET; F: starts not historically recorded; C: reconciled completed intakes, including returns",AD,HV Contractors - QUALIFIED (self-reported GL $5K+) - /contractors - $90/day,Contractors HIGH-VALUE - hybrid Foxquilt/Hedge,1,2026-08-15,2026-08-15,True,0.0,0,https://www.cohesiveinsure.com/marketing-review/20260919/deep-scan/images/daaac0001e8b4cd5.jpg,[],[],{}
120250636373050660,HVq - qualified - sv_saved14k_remodel,120250602165530660,120250636360410660,ACTIVE,ADSET_PAUSED,2026-08-15T12:45:07-0400,2026-08-15T12:46:53-0400,static image,"We cut one contractor's GL by $14,000 a year","One contractor was paying $26,000 a year. We requoted the same $1M/$2M limits at about $12,000 through a construction market most local agents can't access. Want us to run yours?",,GET_QUOTE,https://www.cohesiveinsure.com/contractors,,Legacy/site route; see destination,Not specified in ad URL,,images/0c294504a6ed08c9.jpg,845658065182627,0.01,1,0,10.0,0.0,,0,0,,0,,,,Retained HIGH-VALUE,2026-08-13 to 2026-09-18,0.0,0.03,Delivery without confirmed completion,"S: sessions only since Sep12 01:50 ET; F: starts not historically recorded; C: reconciled completed intakes, including returns",AD,HV Contractors - QUALIFIED (self-reported GL $5K+) - /contractors - $90/day,Contractors HIGH-VALUE - hybrid Foxquilt/Hedge,1,2026-08-15,2026-08-15,True,0.0,0,https://www.cohesiveinsure.com/marketing-review/20260919/deep-scan/images/0c294504a6ed08c9.jpg,[],[],{}
120250636373510660,HVq - qualified - sv_premium20k_roof,120250602165530660,120250636360410660,ACTIVE,ADSET_PAUSED,2026-08-15T12:45:09-0400,2026-08-15T12:47:12-0400,static image,"Paying $20,000+ a year for GL?","We recently took a $2M contractor from $26,000 a year to about $12,000 - same $1M/$2M limits, through construction markets most local agents can't access. If your GL bill is five figures, want us to check it?",,GET_QUOTE,https://www.cohesiveinsure.com/contractors,,Legacy/site route; see destination,Not specified in ad URL,,images/ca2044130f434728.jpg,1707571943834332,0.01,2,0,5.0,0.0,,0,0,,0,,,,Retained HIGH-VALUE,2026-08-13 to 2026-09-18,0.0,0.03,Delivery without confirmed completion,"S: sessions only since Sep12 01:50 ET; F: starts not historically recorded; C: reconciled completed intakes, including returns",AD,HV Contractors - QUALIFIED (self-reported GL $5K+) - /contractors - $90/day,Contractors HIGH-VALUE - hybrid Foxquilt/Hedge,1,2026-08-15,2026-08-15,True,0.0,0,https://www.cohesiveinsure.com/marketing-review/20260919/deep-scan/images/ca2044130f434728.jpg,[],[],{}
120250636380680660,HVq - qualified - sv_saved14k_roof,120250602165530660,120250636360410660,ACTIVE,ADSET_PAUSED,2026-08-15T12:45:33-0400,2026-08-15T12:47:21-0400,static image,"We cut one contractor's GL by $14,000 a year","One contractor was paying $26,000 a year. We requoted the same $1M/$2M limits at about $12,000 through a construction market most local agents can't access. Want us to run yours?",,GET_QUOTE,https://www.cohesiveinsure.com/contractors,,Legacy/site route; see destination,Not specified in ad URL,,images/9d166ff874ea1f7f.jpg,1728584375089115,0.01,2,0,5.0,0.0,,0,0,,0,,,,Retained HIGH-VALUE,2026-08-13 to 2026-09-18,0.0,0.03,Delivery without confirmed completion,"S: sessions only since Sep12 01:50 ET; F: starts not historically recorded; C: reconciled completed intakes, including returns",AD,HV Contractors - QUALIFIED (self-reported GL $5K+) - /contractors - $90/day,Contractors HIGH-VALUE - hybrid Foxquilt/Hedge,1,2026-08-15,2026-08-15,True,0.0,0,https://www.cohesiveinsure.com/marketing-review/20260919/deep-scan/images/9d166ff874ea1f7f.jpg,[],[],{}
120250636381170660,HVq - qualified - commercial,120250602165530660,120250636360410660,ACTIVE,ADSET_PAUSED,2026-08-15T12:45:36-0400,2026-08-15T12:47:44-0400,static image,Doing commercial jobs?,"Commercial work means bigger contracts, tougher COI requirements, and higher limits. We quote contractor GL built for it, usually within a day. Want us to run yours?",,GET_QUOTE,https://www.cohesiveinsure.com/contractors,,Legacy/site route; see destination,Not specified in ad URL,,images/23fb2938f63ff52a.jpg,27497383699944025,0.01,2,0,5.0,0.0,,0,0,,0,,,,Retained HIGH-VALUE,2026-08-13 to 2026-09-18,0.0,0.03,Delivery without confirmed completion,"S: sessions only since Sep12 01:50 ET; F: starts not historically recorded; C: reconciled completed intakes, including returns",AD,HV Contractors - QUALIFIED (self-reported GL $5K+) - /contractors - $90/day,Contractors HIGH-VALUE - hybrid Foxquilt/Hedge,1,2026-08-15,2026-08-15,True,0.0,0,https://www.cohesiveinsure.com/marketing-review/20260919/deep-scan/images/23fb2938f63ff52a.jpg,[],[],{}
120250636368750660,HVq - qualified - renewal,120250602165530660,120250636360410660,ACTIVE,ADSET_PAUSED,2026-08-15T12:44:46-0400,2026-08-15T12:47:00-0400,static image,GL renewal coming up?,Renewal is the moment to check your rate. We shop contractor GL across construction markets most local agents can't access. When does yours renew?,,GET_QUOTE,https://www.cohesiveinsure.com/contractors,,Legacy/site route; see destination,Not specified in ad URL,,images/abcecef312291ab3.jpg,4448377858711491,0,0,0,,,,0,0,,0,,,,Retained HIGH-VALUE,2026-08-13 to 2026-09-18,0.0,0.0,No delivery through Sep18,"S: sessions only since Sep12 01:50 ET; F: starts not historically recorded; C: reconciled completed intakes, including returns",AD,HV Contractors - QUALIFIED (self-reported GL $5K+) - /contractors - $90/day,Contractors HIGH-VALUE - hybrid Foxquilt/Hedge,0,,,False,0.0,0,https://www.cohesiveinsure.com/marketing-review/20260919/deep-scan/images/abcecef312291ab3.jpg,[],[],{}
120250636371110660,HVq - qualified - remodeler_callout,120250602165530660,120250636360410660,ACTIVE,ADSET_PAUSED,2026-08-15T12:44:59-0400,2026-08-15T12:46:59-0400,static image,General liability for remodelers,"Remodeling and renovation GL, quoted fast. Most quotes come back within a day, many same-day. Want us to run yours?",,GET_QUOTE,https://www.cohesiveinsure.com/contractors,,Legacy/site route; see destination,Not specified in ad URL,,images/e6408f89d02704fb.jpg,4691187601167576,0,0,0,,,,0,0,,0,,,,Retained HIGH-VALUE,2026-08-13 to 2026-09-18,0.0,0.0,No delivery through Sep18,"S: sessions only since Sep12 01:50 ET; F: starts not historically recorded; C: reconciled completed intakes, including returns",AD,HV Contractors - QUALIFIED (self-reported GL $5K+) - /contractors - $90/day,Contractors HIGH-VALUE - hybrid Foxquilt/Hedge,0,,,False,0.0,0,https://www.cohesiveinsure.com/marketing-review/20260919/deep-scan/images/e6408f89d02704fb.jpg,[],[],{}
120250636371800660,HVq - qualified - sv_premium20k_paint,120250602165530660,120250636360410660,ACTIVE,ADSET_PAUSED,2026-08-15T12:45:01-0400,2026-08-15T12:47:05-0400,static image,"Paying $20,000+ a year for GL?","We recently took a $2M contractor from $26,000 a year to about $12,000 - same $1M/$2M limits, through construction markets most local agents can't access. If your GL bill is five figures, want us to check it?",,GET_QUOTE,https://www.cohesiveinsure.com/contractors,,Legacy/site route; see destination,Not specified in ad URL,,images/f673cb2de35ee5b7.jpg,1272681938231292,0,0,0,,,,0,0,,0,,,,Retained HIGH-VALUE,2026-08-13 to 2026-09-18,0.0,0.0,No delivery through Sep18,"S: sessions only since Sep12 01:50 ET; F: starts not historically recorded; C: reconciled completed intakes, including returns",AD,HV Contractors - QUALIFIED (self-reported GL $5K+) - /contractors - $90/day,Contractors HIGH-VALUE - hybrid Foxquilt/Hedge,0,,,False,0.0,0,https://www.cohesiveinsure.com/marketing-review/20260919/deep-scan/images/f673cb2de35ee5b7.jpg,[],[],{}
120250636374760660,HVq - qualified - crews,120250602165530660,120250636360410660,ACTIVE,ADSET_PAUSED,2026-08-15T12:45:12-0400,2026-08-15T12:47:07-0400,static image,Run crews? We insure that.,"If you've got employees in the field, your GL is priced off your payroll - and probably worth shopping. We quote construction markets most local agents can't access. Want us to check it?",,GET_QUOTE,https://www.cohesiveinsure.com/contractors,,Legacy/site route; see destination,Not specified in ad URL,,images/12b91a9af84dc1dd.jpg,926479683867466,0,0,0,,,,0,0,,0,,,,Retained HIGH-VALUE,2026-08-13 to 2026-09-18,0.0,0.0,No delivery through Sep18,"S: sessions only since Sep12 01:50 ET; F: starts not historically recorded; C: reconciled completed intakes, including returns",AD,HV Contractors - QUALIFIED (self-reported GL $5K+) - /contractors - $90/day,Contractors HIGH-VALUE - hybrid Foxquilt/Hedge,0,,,False,0.0,0,https://www.cohesiveinsure.com/marketing-review/20260919/deep-scan/images/12b91a9af84dc1dd.jpg,[],[],{}
120250636378500660,HVq - qualified - sv_premium20k_remodel,120250602165530660,120250636360410660,ACTIVE,ADSET_PAUSED,2026-08-15T12:45:26-0400,2026-08-15T12:47:42-0400,static image,"Paying $20,000+ a year for GL?","We recently took a $2M contractor from $26,000 a year to about $12,000 - same $1M/$2M limits, through construction markets most local agents can't access. If your GL bill is five figures, want us to check it?",,GET_QUOTE,https://www.cohesiveinsure.com/contractors,,Legacy/site route; see destination,Not specified in ad URL,,images/a176cb609aef84cc.jpg,2133027480761230,0,0,0,,,,0,0,,0,,,,Retained HIGH-VALUE,2026-08-13 to 2026-09-18,0.0,0.0,No delivery through Sep18,"S: sessions only since Sep12 01:50 ET; F: starts not historically recorded; C: reconciled completed intakes, including returns",AD,HV Contractors - QUALIFIED (self-reported GL $5K+) - /contractors - $90/day,Contractors HIGH-VALUE - hybrid Foxquilt/Hedge,0,,,False,0.0,0,https://www.cohesiveinsure.com/marketing-review/20260919/deep-scan/images/a176cb609aef84cc.jpg,[],[],{}
120250636380250660,HVq - qualified - sv_fivefigure_remodel,120250602165530660,120250636360410660,ACTIVE,ADSET_PAUSED,2026-08-15T12:45:31-0400,2026-08-15T12:47:23-0400,static image,Five-figure GL bill?,"The bigger the premium, the more shopping it moves the number. We just cut one contractor's GL from $26,000 to about $12,000 a year, same limits. Want a rate check?",,GET_QUOTE,https://www.cohesiveinsure.com/contractors,,Legacy/site route; see destination,Not specified in ad URL,,images/56977f16b025c561.jpg,1006064918932299,0.0,1,0,0.0,0.0,,0,0,,0,,,,Retained HIGH-VALUE,2026-08-13 to 2026-09-18,0.0,0.0,No delivery through Sep18,"S: sessions only since Sep12 01:50 ET; F: starts not historically recorded; C: reconciled completed intakes, including returns",AD,HV Contractors - QUALIFIED (self-reported GL $5K+) - /contractors - $90/day,Contractors HIGH-VALUE - hybrid Foxquilt/Hedge,1,2026-08-15,2026-08-15,True,0.0,0,https://www.cohesiveinsure.com/marketing-review/20260919/deep-scan/images/56977f16b025c561.jpg,[],[],{}
120250636381720660,HVq - qualified - sv_saved14k_masonry,120250602165530660,120250636360410660,ACTIVE,ADSET_PAUSED,2026-08-15T12:45:39-0400,2026-08-15T12:47:47-0400,static image,"We cut one contractor's GL by $14,000 a year","One contractor was paying $26,000 a year. We requoted the same $1M/$2M limits at about $12,000 through a construction market most local agents can't access. Want us to run yours?",,GET_QUOTE,https://www.cohesiveinsure.com/contractors,,Legacy/site route; see destination,Not specified in ad URL,,images/f79edcb2bb0bfae4.jpg,1491319293023883,0,0,0,,,,0,0,,0,,,,Retained HIGH-VALUE,2026-08-13 to 2026-09-18,0.0,0.0,No delivery through Sep18,"S: sessions only since Sep12 01:50 ET; F: starts not historically recorded; C: reconciled completed intakes, including returns",AD,HV Contractors - QUALIFIED (self-reported GL $5K+) - /contractors - $90/day,Contractors HIGH-VALUE - hybrid Foxquilt/Hedge,0,,,False,0.0,0,https://www.cohesiveinsure.com/marketing-review/20260919/deep-scan/images/f79edcb2bb0bfae4.jpg,[],[],{}
120250639564430660,HVq - qualified - fivefigure - Five-figure GL bill?,120250602165530660,120250636360410660,ACTIVE,ADSET_PAUSED,2026-08-15T19:22:10-0400,2026-08-15T19:24:38-0400,static image,Five-figure GL bill?,"The bigger the premium, the more shopping it moves the number. We just cut one contractor's GL from $26,000 to about $12,000 a year, same limits. Want a rate check?",,GET_QUOTE,https://www.cohesiveinsure.com/contractors,,Legacy/site route; see destination,Not specified in ad URL,,images/ee7fa2fb40b1d827.jpg,1585617766521088,0,0,0,,,,0,0,,0,,,,Retained HIGH-VALUE,2026-08-13 to 2026-09-18,0.0,0.0,No delivery through Sep18,"S: sessions only since Sep12 01:50 ET; F: starts not historically recorded; C: reconciled completed intakes, including returns",AD,HV Contractors - QUALIFIED (self-reported GL $5K+) - /contractors - $90/day,Contractors HIGH-VALUE - hybrid Foxquilt/Hedge,0,,,False,0.0,0,https://www.cohesiveinsure.com/marketing-review/20260919/deep-scan/images/ee7fa2fb40b1d827.jpg,[],[],{}
120250639566340660,HVq - qualified - roofer_callout - General liability for roofin,120250602165530660,120250636360410660,ACTIVE,ADSET_PAUSED,2026-08-15T19:22:18-0400,2026-08-15T19:24:34-0400,static image,General liability for roofing contractors,Roofing GL is hard to place and renewals keep climbing. We work with construction markets built for roofers and recently quoted a $2M roofing + remodel shop in under 24 hours. Want us to check your rate?,,GET_QUOTE,https://www.cohesiveinsure.com/contractors,,Legacy/site route; see destination,Not specified in ad URL,,images/00e55645e2ffadc6.jpg,1994949517851092,0,0,0,,,,0,0,,0,,,,Retained HIGH-VALUE,2026-08-13 to 2026-09-18,0.0,0.0,No delivery through Sep18,"S: sessions only since Sep12 01:50 ET; F: starts not historically recorded; C: reconciled completed intakes, including returns",AD,HV Contractors - QUALIFIED (self-reported GL $5K+) - /contractors - $90/day,Contractors HIGH-VALUE - hybrid Foxquilt/Hedge,0,,,False,0.0,0,https://www.cohesiveinsure.com/marketing-review/20260919/deep-scan/images/00e55645e2ffadc6.jpg,[],[],{}
120250639568410660,HVq - qualified - crews - Run crews? We insure that.,120250602165530660,120250636360410660,ACTIVE,ADSET_PAUSED,2026-08-15T19:22:23-0400,2026-08-15T19:24:39-0400,static image,Run crews? We insure that.,"If you've got employees in the field, your GL is priced off your payroll - and probably worth shopping. We quote construction markets most local agents can't access. Want us to check it?",,GET_QUOTE,https://www.cohesiveinsure.com/contractors,,Legacy/site route; see destination,Not specified in ad URL,,images/12b91a9af84dc1dd.jpg,1059731259979658,0,0,0,,,,0,0,,0,,,,Retained HIGH-VALUE,2026-08-13 to 2026-09-18,0.0,0.0,No delivery through Sep18,"S: sessions only since Sep12 01:50 ET; F: starts not historically recorded; C: reconciled completed intakes, including returns",AD,HV Contractors - QUALIFIED (self-reported GL $5K+) - /contractors - $90/day,Contractors HIGH-VALUE - hybrid Foxquilt/Hedge,0,,,False,0.0,0,https://www.cohesiveinsure.com/marketing-review/20260919/deep-scan/images/12b91a9af84dc1dd.jpg,[],[],{}
120250639570170660,"HVq - qualified - premium20k - Paying $20,000+ a year for GL?",120250602165530660,120250636360410660,ACTIVE,ADSET_PAUSED,2026-08-15T19:22:26-0400,2026-08-15T19:24:32-0400,static image,"Paying $20,000+ a year for GL?","We recently took a $2M contractor from $26,000 a year to about $12,000 - same $1M/$2M limits, through construction markets most local agents can't access. If your GL bill is five figures, want us to check it?",,GET_QUOTE,https://www.cohesiveinsure.com/contractors,,Legacy/site route; see destination,Not specified in ad URL,,images/d34c08f189ddbd24.jpg,2151621645787638,0,0,0,,,,0,0,,0,,,,Retained HIGH-VALUE,2026-08-13 to 2026-09-18,0.0,0.0,No delivery through Sep18,"S: sessions only since Sep12 01:50 ET; F: starts not historically recorded; C: reconciled completed intakes, including returns",AD,HV Contractors - QUALIFIED (self-reported GL $5K+) - /contractors - $90/day,Contractors HIGH-VALUE - hybrid Foxquilt/Hedge,0,,,False,0.0,0,https://www.cohesiveinsure.com/marketing-review/20260919/deep-scan/images/d34c08f189ddbd24.jpg,[],[],{}
120250639700480660,HVr - roofing - roofer_callout,120250602165530660,120250639696360660,ACTIVE,ADSET_PAUSED,2026-08-15T19:46:40-0400,2026-08-18T15:04:05-0400,static image,General liability for roofing contractors,Roofing GL is hard to place and renewals keep climbing. We work with construction markets built for roofers and recently quoted a $2M roofing + remodel shop in under 24 hours. Want us to check your rate?,,GET_QUOTE,https://www.cohesiveinsure.com/contractors,utm_source=facebook&utm_medium=paid&utm_campaign={{campaign.name}}&utm_content={{ad.name}}&utm_term={{adset.name}}&ad_id={{ad.id}}&adset_id={{adset.id}},Legacy/site route; see destination,Not specified in ad URL,,images/00e55645e2ffadc6.jpg,2047193269269700,699.17,18104,126,38.62,0.696,5.55,14,14,,0,49.94,49.94,,Retained HIGH-VALUE,2026-08-13 to 2026-09-18,5.56,68.69,Confirmed completed intake,"S: sessions only since Sep12 01:50 ET; F: starts not historically recorded; C: reconciled completed intakes, including returns",AD,HV Contractors - ROOFING (LeadUrgentQuoted) - $120/day,Contractors HIGH-VALUE - hybrid Foxquilt/Hedge,26,2026-08-15,2026-09-09,True,0.0,0,https://www.cohesiveinsure.com/marketing-review/20260919/deep-scan/images/00e55645e2ffadc6.jpg,"[{""action_type"": ""link_click"", ""value"": ""126""}, {""action_type"": ""offsite_conversion.fb_pixel_custom"", ""value"": ""17""}, {""action_type"": ""post_reaction"", ""value"": ""11""}, {""action_type"": ""landing_page_view"", ""value"": ""112""}, {""action_type"": ""onsite_web_lead"", ""value"": ""15""}, {""action_type"": ""omni_landing_page_view"", ""value"": ""112""}, {""action_type"": ""onsite_conversion.total_messaging_connection"", ""value"": ""1""}, {""action_type"": ""post_engagement"", ""value"": ""145""}, {""action_type"": ""like"", ""value"": ""1""}, {""action_type"": ""post_interaction_gross"", ""value"": ""19""}, {""action_type"": ""comment"", ""value"": ""1""}, {""action_type"": ""page_engagement"", ""value"": ""146""}, {""action_type"": ""post_interaction_net"", ""value"": ""19""}, {""action_type"": ""onsite_conversion.messaging_first_reply"", ""value"": ""1""}, {""action_type"": ""post"", ""value"": ""2""}, {""action_type"": ""onsite_conversion.post_save"", ""value"": ""5""}, {""action_type"": ""onsite_conversion.post_net_comment"", ""value"": ""1""}, {""action_type"": ""onsite_conversion.post_net_save"", ""value"": ""5""}, {""action_type"": ""onsite_conversion.post_net_like"", ""value"": ""11""}, {""action_type"": ""lead"", ""value"": ""15""}, {""action_type"": ""onsite_conversion.messaging_conversation_started_7d"", ""value"": ""1""}, {""action_type"": ""custom_event_actions_add_20_s_calls"", ""value"": ""17""}, {""action_type"": ""offsite_conversion.fb_pixel_lead"", ""value"": ""15""}, {""action_type"": ""offsite_lead_add_20_s_calls"", ""value"": ""15""}]","[{""action_type"": ""offsite_conversion.fb_pixel_custom.LeadUrgentQuoted"", ""value"": ""9""}, {""action_type"": ""offsite_conversion.fb_pixel_custom.QualifiedLead"", ""value"": ""4""}, {""action_type"": ""offsite_conversion.fb_pixel_custom.LargeBusinessLead"", ""value"": ""4""}]",{}
120250639702920660,HVr - roofing - sv_saved14k_roof,120250602165530660,120250639696360660,PAUSED,PAUSED,2026-08-15T19:47:01-0400,2026-09-02T23:22:21-0400,static image,"We cut one contractor's GL by $14,000 a year","One contractor was paying $26,000 a year. We requoted the same $1M/$2M limits at about $12,000 through a construction market most local agents can't access. Want us to run yours?",,GET_QUOTE,https://www.cohesiveinsure.com/contractors,utm_source=facebook&utm_medium=paid&utm_campaign={{campaign.name}}&utm_content={{ad.name}}&utm_term={{adset.name}}&ad_id={{ad.id}}&adset_id={{adset.id}},Legacy/site route; see destination,Not specified in ad URL,,images/9d166ff874ea1f7f.jpg,1410743594280565,145.71,2337,15,62.35,0.642,9.71,0,0,,0,,,,Retained HIGH-VALUE,2026-08-13 to 2026-09-18,1.16,14.32,Delivery without confirmed completion,"S: sessions only since Sep12 01:50 ET; F: starts not historically recorded; C: reconciled completed intakes, including returns",AD,HV Contractors - ROOFING (LeadUrgentQuoted) - $120/day,Contractors HIGH-VALUE - hybrid Foxquilt/Hedge,14,2026-08-15,2026-09-02,True,0.0,0,https://www.cohesiveinsure.com/marketing-review/20260919/deep-scan/images/9d166ff874ea1f7f.jpg,"[{""action_type"": ""link_click"", ""value"": ""15""}, {""action_type"": ""landing_page_view"", ""value"": ""14""}, {""action_type"": ""omni_landing_page_view"", ""value"": ""14""}, {""action_type"": ""post_engagement"", ""value"": ""16""}, {""action_type"": ""like"", ""value"": ""1""}, {""action_type"": ""post_interaction_gross"", ""value"": ""1""}, {""action_type"": ""page_engagement"", ""value"": ""17""}, {""action_type"": ""post_interaction_net"", ""value"": ""1""}, {""action_type"": ""onsite_conversion.post_save"", ""value"": ""1""}, {""action_type"": ""onsite_conversion.post_net_save"", ""value"": ""1""}]",[],{}
120250639702130660,HVr - roofing - sv_premium20k_roof,120250602165530660,120250639696360660,PAUSED,PAUSED,2026-08-15T19:46:55-0400,2026-09-02T23:22:19-0400,static image,"Paying $20,000+ a year for GL?","We recently took a $2M contractor from $26,000 a year to about $12,000 - same $1M/$2M limits, through construction markets most local agents can't access. If your GL bill is five figures, want us to check it?",,GET_QUOTE,https://www.cohesiveinsure.com/contractors,utm_source=facebook&utm_medium=paid&utm_campaign={{campaign.name}}&utm_content={{ad.name}}&utm_term={{adset.name}}&ad_id={{ad.id}}&adset_id={{adset.id}},Legacy/site route; see destination,Not specified in ad URL,,images/ca2044130f434728.jpg,1034830969555135,71.53,1187,5,60.26,0.421,14.31,0,0,,0,,,,Retained HIGH-VALUE,2026-08-13 to 2026-09-18,0.57,7.03,Delivery without confirmed completion,"S: sessions only since Sep12 01:50 ET; F: starts not historically recorded; C: reconciled completed intakes, including returns",AD,HV Contractors - ROOFING (LeadUrgentQuoted) - $120/day,Contractors HIGH-VALUE - hybrid Foxquilt/Hedge,15,2026-08-15,2026-09-01,True,0.0,0,https://www.cohesiveinsure.com/marketing-review/20260919/deep-scan/images/ca2044130f434728.jpg,"[{""action_type"": ""link_click"", ""value"": ""5""}, {""action_type"": ""post_reaction"", ""value"": ""1""}, {""action_type"": ""landing_page_view"", ""value"": ""4""}, {""action_type"": ""omni_landing_page_view"", ""value"": ""4""}, {""action_type"": ""post_engagement"", ""value"": ""7""}, {""action_type"": ""post_interaction_gross"", ""value"": ""2""}, {""action_type"": ""page_engagement"", ""value"": ""7""}, {""action_type"": ""post_interaction_net"", ""value"": ""2""}, {""action_type"": ""onsite_conversion.post_save"", ""value"": ""1""}, {""action_type"": ""onsite_conversion.post_net_save"", ""value"": ""1""}, {""action_type"": ""onsite_conversion.post_net_like"", ""value"": ""1""}]",[],{}
120250639701550660,HVr - roofing - roofing_crews,120250602165530660,120250639696360660,ACTIVE,ADSET_PAUSED,2026-08-15T19:46:48-0400,2026-08-18T15:03:43-0400,static image,GL for roofing crews,"If you run roofing crews, GL is one of your biggest bills - and most brokers only check one or two carriers. We use AI to automatically shop every roofing market at the same time and come back with real numbers, usually within a day. One roofing shop went from $26K to $12K. Worth a quick rate check?",,GET_QUOTE,https://www.cohesiveinsure.com/contractors,utm_source=facebook&utm_medium=paid&utm_campaign={{campaign.name}}&utm_content={{ad.name}}&utm_term={{adset.name}}&ad_id={{ad.id}}&adset_id={{adset.id}},Legacy/site route; see destination,Not specified in ad URL,,images/00e55645e2ffadc6.jpg,4651279005118572,67.99,1237,10,54.96,0.808,6.8,0,0,,0,,,,Retained HIGH-VALUE,2026-08-13 to 2026-09-18,0.54,6.68,Delivery without confirmed completion,"S: sessions only since Sep12 01:50 ET; F: starts not historically recorded; C: reconciled completed intakes, including returns",AD,HV Contractors - ROOFING (LeadUrgentQuoted) - $120/day,Contractors HIGH-VALUE - hybrid Foxquilt/Hedge,24,2026-08-15,2026-09-09,True,0.0,0,https://www.cohesiveinsure.com/marketing-review/20260919/deep-scan/images/00e55645e2ffadc6.jpg,"[{""action_type"": ""link_click"", ""value"": ""10""}, {""action_type"": ""post_reaction"", ""value"": ""1""}, {""action_type"": ""landing_page_view"", ""value"": ""8""}, {""action_type"": ""omni_landing_page_view"", ""value"": ""8""}, {""action_type"": ""post_engagement"", ""value"": ""11""}, {""action_type"": ""post_interaction_gross"", ""value"": ""1""}, {""action_type"": ""page_engagement"", ""value"": ""11""}, {""action_type"": ""post_interaction_net"", ""value"": ""1""}, {""action_type"": ""onsite_conversion.post_net_like"", ""value"": ""1""}]",[],{}
120250639701990660,HVr - roofing - sv_26to12_roof,120250602165530660,120250639696360660,PAUSED,PAUSED,2026-08-15T19:46:50-0400,2026-09-02T23:22:19-0400,static image,From $26K a year down to $12K,"That's a real quote we ran last week for a Texas remodeling + roofing contractor. Same $1M/$2M limits. The bigger the GL bill, the more room there is to cut. Want us to check yours?",,GET_QUOTE,https://www.cohesiveinsure.com/contractors,utm_source=facebook&utm_medium=paid&utm_campaign={{campaign.name}}&utm_content={{ad.name}}&utm_term={{adset.name}}&ad_id={{ad.id}}&adset_id={{adset.id}},Legacy/site route; see destination,Not specified in ad URL,,images/47e9d6a7b6f8aa8d.jpg,4661664477395587,20.28,399,2,50.83,0.501,10.14,0,0,,0,,,,Retained HIGH-VALUE,2026-08-13 to 2026-09-18,0.16,1.99,Delivery without confirmed completion,"S: sessions only since Sep12 01:50 ET; F: starts not historically recorded; C: reconciled completed intakes, including returns",AD,HV Contractors - ROOFING (LeadUrgentQuoted) - $120/day,Contractors HIGH-VALUE - hybrid Foxquilt/Hedge,9,2026-08-15,2026-09-01,True,0.0,0,https://www.cohesiveinsure.com/marketing-review/20260919/deep-scan/images/47e9d6a7b6f8aa8d.jpg,"[{""action_type"": ""link_click"", ""value"": ""2""}, {""action_type"": ""post_engagement"", ""value"": ""2""}, {""action_type"": ""page_engagement"", ""value"": ""2""}]",[],{}
120250639701130660,HVr - roofing - roof_argc_story,120250602165530660,120250639696360660,PAUSED,PAUSED,2026-08-15T19:46:43-0400,2026-09-02T23:22:17-0400,static image,Roofer paying five figures for GL?,"We just moved a $2M roofing and remodel contractor from $26,150 a year down to $12,346 - same $1M/$2M limits, bound in days. We use AI to automatically shop your GL across every roofing market at once, and a licensed agent reviews everything. When does your policy renew?",,GET_QUOTE,https://www.cohesiveinsure.com/contractors,utm_source=facebook&utm_medium=paid&utm_campaign={{campaign.name}}&utm_content={{ad.name}}&utm_term={{adset.name}}&ad_id={{ad.id}}&adset_id={{adset.id}},Legacy/site route; see destination,Not specified in ad URL,,images/00e55645e2ffadc6.jpg,1101769528952494,7.51,165,3,45.52,1.818,2.5,0,0,,0,,,,Retained HIGH-VALUE,2026-08-13 to 2026-09-18,0.06,0.74,Delivery without confirmed completion,"S: sessions only since Sep12 01:50 ET; F: starts not historically recorded; C: reconciled completed intakes, including returns",AD,HV Contractors - ROOFING (LeadUrgentQuoted) - $120/day,Contractors HIGH-VALUE - hybrid Foxquilt/Hedge,13,2026-08-15,2026-09-02,True,0.0,0,https://www.cohesiveinsure.com/marketing-review/20260919/deep-scan/images/00e55645e2ffadc6.jpg,"[{""action_type"": ""link_click"", ""value"": ""3""}, {""action_type"": ""landing_page_view"", ""value"": ""3""}, {""action_type"": ""omni_landing_page_view"", ""value"": ""3""}, {""action_type"": ""post_engagement"", ""value"": ""3""}, {""action_type"": ""page_engagement"", ""value"": ""3""}]",[],{}
120250639702460660,HVr - roofing - sv_fivefigure_roof,120250602165530660,120250639696360660,PAUSED,PAUSED,2026-08-15T19:46:58-0400,2026-09-02T23:22:15-0400,static image,Five-figure GL bill?,"The bigger the premium, the more shopping it moves the number. We just cut one contractor's GL from $26,000 to about $12,000 a year, same limits. Want a rate check?",,GET_QUOTE,https://www.cohesiveinsure.com/contractors,utm_source=facebook&utm_medium=paid&utm_campaign={{campaign.name}}&utm_content={{ad.name}}&utm_term={{adset.name}}&ad_id={{ad.id}}&adset_id={{adset.id}},Legacy/site route; see destination,Not specified in ad URL,,images/dff5f97e62a06e89.jpg,1388935769874451,4.58,103,0,44.47,0.0,,0,0,,0,,,,Retained HIGH-VALUE,2026-08-13 to 2026-09-18,0.04,0.45,Delivery without confirmed completion,"S: sessions only since Sep12 01:50 ET; F: starts not historically recorded; C: reconciled completed intakes, including returns",AD,HV Contractors - ROOFING (LeadUrgentQuoted) - $120/day,Contractors HIGH-VALUE - hybrid Foxquilt/Hedge,13,2026-08-15,2026-09-02,True,0.0,0,https://www.cohesiveinsure.com/marketing-review/20260919/deep-scan/images/dff5f97e62a06e89.jpg,[],[],{}
120250893046380660,2026-09-02 - contractor:roofing,120250602165530660,120250639696360660,ACTIVE,ADSET_PAUSED,2026-09-02T23:19:39-0400,2026-09-02T23:23:06-0400,static image,Is your roofing liability over $20K?,"We moved a roofing and remodeling contractor with $2M in revenue from $26,150 a year to $12,346, with the same $1M/$2M limits.

If your roofing liability renewal is five figures, compare your rate before you renew.",,GET_QUOTE,https://www.cohesiveinsure.com/contractors,utm_source=facebook&utm_medium=paid&utm_campaign={{campaign.name}}&utm_content={{ad.name}}&utm_term={{adset.name}}&ad_id={{ad.id}}&adset_id={{adset.id}},Legacy/site route; see destination,Not specified in ad URL,,images/e4abbde2fb9ae413.jpg,28738120855786136,1.08,56,0,19.29,0.0,,0,0,,0,,,,Retained HIGH-VALUE,2026-08-13 to 2026-09-18,0.01,0.11,Delivery without confirmed completion,"S: sessions only since Sep12 01:50 ET; F: starts not historically recorded; C: reconciled completed intakes, including returns",AD,HV Contractors - ROOFING (LeadUrgentQuoted) - $120/day,Contractors HIGH-VALUE - hybrid Foxquilt/Hedge,5,2026-09-03,2026-09-08,True,0.0,0,https://www.cohesiveinsure.com/marketing-review/20260919/deep-scan/images/e4abbde2fb9ae413.jpg,[],[],{}
120250639704480660,HVh - hazard - gc_callout,120250602165530660,120250639696880660,ACTIVE,ADSET_PAUSED,2026-08-15T19:47:17-0400,2026-08-18T15:02:42-0400,static image,General liability for general contractors,GCs with subs and bigger jobs need more than an instant quote. We place GC liability with construction markets most local agents can't access. Want us to run your quote?,,GET_QUOTE,https://www.cohesiveinsure.com/contractors,utm_source=facebook&utm_medium=paid&utm_campaign={{campaign.name}}&utm_content={{ad.name}}&utm_term={{adset.name}}&ad_id={{ad.id}}&adset_id={{adset.id}},Legacy/site route; see destination,Not specified in ad URL,,images/7432150ef3923cdd.jpg,1594031932376389,832.03,13449,89,61.87,0.662,9.35,8,8,,0,104.0,104.0,,Retained HIGH-VALUE,2026-08-13 to 2026-09-18,6.62,57.62,Confirmed completed intake,"S: sessions only since Sep12 01:50 ET; F: starts not historically recorded; C: reconciled completed intakes, including returns",AD,HV Contractors - HIGH-HAZARD construction (LeadUrgentQuoted) - $120/day,Contractors HIGH-VALUE - hybrid Foxquilt/Hedge,29,2026-08-15,2026-09-12,True,0.0,0,https://www.cohesiveinsure.com/marketing-review/20260919/deep-scan/images/7432150ef3923cdd.jpg,"[{""action_type"": ""link_click"", ""value"": ""89""}, {""action_type"": ""offsite_conversion.fb_pixel_custom"", ""value"": ""8""}, {""action_type"": ""post_reaction"", ""value"": ""8""}, {""action_type"": ""landing_page_view"", ""value"": ""80""}, {""action_type"": ""onsite_web_lead"", ""value"": ""8""}, {""action_type"": ""omni_landing_page_view"", ""value"": ""80""}, {""action_type"": ""post_engagement"", ""value"": ""103""}, {""action_type"": ""like"", ""value"": ""1""}, {""action_type"": ""post_interaction_gross"", ""value"": ""14""}, {""action_type"": ""page_engagement"", ""value"": ""104""}, {""action_type"": ""post_interaction_net"", ""value"": ""14""}, {""action_type"": ""post"", ""value"": ""2""}, {""action_type"": ""onsite_conversion.post_save"", ""value"": ""4""}, {""action_type"": ""onsite_conversion.post_net_save"", ""value"": ""4""}, {""action_type"": ""onsite_conversion.post_net_like"", ""value"": ""8""}, {""action_type"": ""lead"", ""value"": ""8""}, {""action_type"": ""custom_event_actions_add_20_s_calls"", ""value"": ""6""}, {""action_type"": ""offsite_conversion.fb_pixel_lead"", ""value"": ""8""}, {""action_type"": ""offsite_lead_add_20_s_calls"", ""value"": ""8""}]","[{""action_type"": ""submit_application_total"", ""value"": ""2""}, {""action_type"": ""submit_application_website"", ""value"": ""2""}, {""action_type"": ""offsite_conversion.fb_pixel_custom.LeadUrgentQuoted"", ""value"": ""4""}, {""action_type"": ""offsite_conversion.fb_pixel_custom.QualifiedLead"", ""value"": ""1""}, {""action_type"": ""offsite_conversion.fb_pixel_custom.LargeBusinessLead"", ""value"": ""1""}]",{}
120250639705000660,HVh - hazard - pool_builder_callout,120250602165530660,120250639696880660,ACTIVE,ADSET_PAUSED,2026-08-15T19:47:21-0400,2026-08-18T14:57:35-0400,static image,GL for pool builders,"Build in-ground pools? Carriers price pool construction thousands of dollars apart for the same work, and half of them decline it outright. We use AI to automatically shop the markets that actually want pool builders, with installation and construction declared properly so the policy covers what you build. What are you paying now?",,GET_QUOTE,https://www.cohesiveinsure.com/contractors,utm_source=facebook&utm_medium=paid&utm_campaign={{campaign.name}}&utm_content={{ad.name}}&utm_term={{adset.name}}&ad_id={{ad.id}}&adset_id={{adset.id}},Legacy/site route; see destination,Not specified in ad URL,,images/6f81afd8161e413e.jpg,2813317009055248,304.28,7600,75,40.04,0.987,4.06,0,0,,0,,,,Retained HIGH-VALUE,2026-08-13 to 2026-09-18,2.42,21.07,Delivery without confirmed completion,"S: sessions only since Sep12 01:50 ET; F: starts not historically recorded; C: reconciled completed intakes, including returns",AD,HV Contractors - HIGH-HAZARD construction (LeadUrgentQuoted) - $120/day,Contractors HIGH-VALUE - hybrid Foxquilt/Hedge,21,2026-08-15,2026-09-11,True,0.0,0,https://www.cohesiveinsure.com/marketing-review/20260919/deep-scan/images/6f81afd8161e413e.jpg,"[{""action_type"": ""link_click"", ""value"": ""75""}, {""action_type"": ""offsite_conversion.fb_pixel_custom"", ""value"": ""4""}, {""action_type"": ""post_reaction"", ""value"": ""3""}, {""action_type"": ""landing_page_view"", ""value"": ""72""}, {""action_type"": ""onsite_web_lead"", ""value"": ""3""}, {""action_type"": ""omni_landing_page_view"", ""value"": ""72""}, {""action_type"": ""post_engagement"", ""value"": ""81""}, {""action_type"": ""like"", ""value"": ""1""}, {""action_type"": ""post_interaction_gross"", ""value"": ""6""}, {""action_type"": ""page_engagement"", ""value"": ""82""}, {""action_type"": ""post_interaction_net"", ""value"": ""6""}, {""action_type"": ""post"", ""value"": ""2""}, {""action_type"": ""onsite_conversion.post_save"", ""value"": ""1""}, {""action_type"": ""onsite_conversion.post_net_save"", ""value"": ""1""}, {""action_type"": ""onsite_conversion.post_net_like"", ""value"": ""3""}, {""action_type"": ""lead"", ""value"": ""3""}, {""action_type"": ""custom_event_actions_add_20_s_calls"", ""value"": ""4""}, {""action_type"": ""offsite_conversion.fb_pixel_lead"", ""value"": ""3""}, {""action_type"": ""offsite_lead_add_20_s_calls"", ""value"": ""3""}]","[{""action_type"": ""offsite_conversion.fb_pixel_custom.LeadUrgentQuoted"", ""value"": ""1""}, {""action_type"": ""offsite_conversion.fb_pixel_custom.LargeBusinessLead"", ""value"": ""2""}, {""action_type"": ""offsite_conversion.fb_pixel_custom.QualifiedLead"", ""value"": ""1""}]",{}
120250639703850660,HVh - hazard - waterproofing_callout,120250602165530660,120250639696880660,ACTIVE,ADSET_PAUSED,2026-08-15T19:47:13-0400,2026-08-18T15:02:45-0400,static image,GL for waterproofing and foundation repair,Waterproofing and foundation repair GL rates high - which means shopping it can really move the number. We use AI to shop it and find you a better rate. Want us to check yours?,,GET_QUOTE,https://www.cohesiveinsure.com/contractors,utm_source=facebook&utm_medium=paid&utm_campaign={{campaign.name}}&utm_content={{ad.name}}&utm_term={{adset.name}}&ad_id={{ad.id}}&adset_id={{adset.id}},Legacy/site route; see destination,Not specified in ad URL,,images/a3e999931066fba6.jpg,997407433315970,136.02,3325,35,40.91,1.053,3.89,1,1,,0,136.02,136.02,,Retained HIGH-VALUE,2026-08-13 to 2026-09-18,1.08,9.42,Confirmed completed intake,"S: sessions only since Sep12 01:50 ET; F: starts not historically recorded; C: reconciled completed intakes, including returns",AD,HV Contractors - HIGH-HAZARD construction (LeadUrgentQuoted) - $120/day,Contractors HIGH-VALUE - hybrid Foxquilt/Hedge,24,2026-08-15,2026-09-09,True,0.0,0,https://www.cohesiveinsure.com/marketing-review/20260919/deep-scan/images/a3e999931066fba6.jpg,"[{""action_type"": ""link_click"", ""value"": ""35""}, {""action_type"": ""offsite_conversion.fb_pixel_custom"", ""value"": ""2""}, {""action_type"": ""post_reaction"", ""value"": ""2""}, {""action_type"": ""landing_page_view"", ""value"": ""32""}, {""action_type"": ""onsite_web_lead"", ""value"": ""1""}, {""action_type"": ""omni_landing_page_view"", ""value"": ""32""}, {""action_type"": ""onsite_conversion.total_messaging_connection"", ""value"": ""1""}, {""action_type"": ""post_engagement"", ""value"": ""40""}, {""action_type"": ""like"", ""value"": ""1""}, {""action_type"": ""post_interaction_gross"", ""value"": ""5""}, {""action_type"": ""comment"", ""value"": ""1""}, {""action_type"": ""page_engagement"", ""value"": ""41""}, {""action_type"": ""post_interaction_net"", ""value"": ""5""}, {""action_type"": ""onsite_conversion.messaging_first_reply"", ""value"": ""1""}, {""action_type"": ""onsite_conversion.post_save"", ""value"": ""2""}, {""action_type"": ""onsite_conversion.post_net_comment"", ""value"": ""1""}, {""action_type"": ""onsite_conversion.post_net_save"", ""value"": ""2""}, {""action_type"": ""onsite_conversion.post_net_like"", ""value"": ""2""}, {""action_type"": ""lead"", ""value"": ""1""}, {""action_type"": ""onsite_conversion.messaging_conversation_started_7d"", ""value"": ""1""}, {""action_type"": ""custom_event_actions_add_20_s_calls"", ""value"": ""2""}, {""action_type"": ""offsite_conversion.fb_pixel_lead"", ""value"": ""1""}, {""action_type"": ""offsite_lead_add_20_s_calls"", ""value"": ""1""}]","[{""action_type"": ""offsite_conversion.fb_pixel_custom.QualifiedLead"", ""value"": ""1""}, {""action_type"": ""offsite_conversion.fb_pixel_custom.LargeBusinessLead"", ""value"": ""1""}]",{}
120250639703500660,HVh - hazard - restoration_callout,120250602165530660,120250639696880660,ACTIVE,ADSET_PAUSED,2026-08-15T19:47:10-0400,2026-08-18T14:57:59-0400,static image,GL for restoration contractors,Water and fire restoration GL is specialized and expensive. We use AI to automatically shop it across markets built for restoration and find you a better rate. Want us to run yours?,,GET_QUOTE,https://www.cohesiveinsure.com/contractors,utm_source=facebook&utm_medium=paid&utm_campaign={{campaign.name}}&utm_content={{ad.name}}&utm_term={{adset.name}}&ad_id={{ad.id}}&adset_id={{adset.id}},Legacy/site route; see destination,Not specified in ad URL,,images/cc11dc88627815df.jpg,1531565588771245,74.88,1387,7,53.99,0.505,10.7,0,0,,0,,,,Retained HIGH-VALUE,2026-08-13 to 2026-09-18,0.6,5.19,Delivery without confirmed completion,"S: sessions only since Sep12 01:50 ET; F: starts not historically recorded; C: reconciled completed intakes, including returns",AD,HV Contractors - HIGH-HAZARD construction (LeadUrgentQuoted) - $120/day,Contractors HIGH-VALUE - hybrid Foxquilt/Hedge,19,2026-08-15,2026-09-10,True,0.0,0,https://www.cohesiveinsure.com/marketing-review/20260919/deep-scan/images/cc11dc88627815df.jpg,"[{""action_type"": ""link_click"", ""value"": ""7""}, {""action_type"": ""offsite_conversion.fb_pixel_custom"", ""value"": ""1""}, {""action_type"": ""post_reaction"", ""value"": ""1""}, {""action_type"": ""landing_page_view"", ""value"": ""6""}, {""action_type"": ""onsite_web_lead"", ""value"": ""1""}, {""action_type"": ""omni_landing_page_view"", ""value"": ""6""}, {""action_type"": ""post_engagement"", ""value"": ""8""}, {""action_type"": ""post_interaction_gross"", ""value"": ""1""}, {""action_type"": ""page_engagement"", ""value"": ""8""}, {""action_type"": ""post_interaction_net"", ""value"": ""1""}, {""action_type"": ""onsite_conversion.post_net_like"", ""value"": ""1""}, {""action_type"": ""lead"", ""value"": ""1""}, {""action_type"": ""custom_event_actions_add_20_s_calls"", ""value"": ""1""}, {""action_type"": ""offsite_conversion.fb_pixel_lead"", ""value"": ""1""}, {""action_type"": ""offsite_lead_add_20_s_calls"", ""value"": ""1""}]","[{""action_type"": ""offsite_conversion.fb_pixel_custom.LeadUrgentQuoted"", ""value"": ""1""}]",{}
120250639705200660,HVh - hazard - roof_argc_story,120250602165530660,120250639696880660,ACTIVE,ADSET_PAUSED,2026-08-15T19:47:24-0400,2026-08-18T14:58:15-0400,static image,Roofer paying five figures for GL?,"We just moved a $2M roofing and remodel contractor from $26,150 a year down to $12,346 - same $1M/$2M limits, bound in days. We use AI to automatically shop your GL across every roofing market at once, and a licensed agent reviews everything. When does your policy renew?",,GET_QUOTE,https://www.cohesiveinsure.com/contractors,utm_source=facebook&utm_medium=paid&utm_campaign={{campaign.name}}&utm_content={{ad.name}}&utm_term={{adset.name}}&ad_id={{ad.id}}&adset_id={{adset.id}},Legacy/site route; see destination,Not specified in ad URL,,images/00e55645e2ffadc6.jpg,1777373777021280,71.98,1454,8,49.5,0.55,9.0,2,2,,1,35.99,35.99,,Retained HIGH-VALUE,2026-08-13 to 2026-09-18,0.57,4.98,Confirmed completed intake,"S: sessions only since Sep12 01:50 ET; F: starts not historically recorded; C: reconciled completed intakes, including returns",AD,HV Contractors - HIGH-HAZARD construction (LeadUrgentQuoted) - $120/day,Contractors HIGH-VALUE - hybrid Foxquilt/Hedge,24,2026-08-15,2026-09-11,True,0.0,0,https://www.cohesiveinsure.com/marketing-review/20260919/deep-scan/images/00e55645e2ffadc6.jpg,"[{""action_type"": ""link_click"", ""value"": ""8""}, {""action_type"": ""offsite_conversion.fb_pixel_custom"", ""value"": ""2""}, {""action_type"": ""landing_page_view"", ""value"": ""8""}, {""action_type"": ""onsite_web_lead"", ""value"": ""2""}, {""action_type"": ""omni_landing_page_view"", ""value"": ""8""}, {""action_type"": ""post_engagement"", ""value"": ""12""}, {""action_type"": ""post_interaction_gross"", ""value"": ""4""}, {""action_type"": ""page_engagement"", ""value"": ""12""}, {""action_type"": ""post_interaction_net"", ""value"": ""4""}, {""action_type"": ""post"", ""value"": ""4""}, {""action_type"": ""lead"", ""value"": ""2""}, {""action_type"": ""custom_event_actions_add_20_s_calls"", ""value"": ""2""}, {""action_type"": ""offsite_conversion.fb_pixel_lead"", ""value"": ""2""}, {""action_type"": ""offsite_lead_add_20_s_calls"", ""value"": ""2""}]","[{""action_type"": ""offsite_conversion.fb_pixel_custom.LeadUrgentQuoted"", ""value"": ""2""}]",{}
120250639703050660,HVh - hazard - remodeler_callout,120250602165530660,120250639696880660,ACTIVE,ADSET_PAUSED,2026-08-15T19:47:04-0400,2026-08-18T14:57:45-0400,static image,General liability for remodelers,"Remodeling and renovation GL, quoted fast. Most quotes come back within a day, many same-day. Want us to run yours?",,GET_QUOTE,https://www.cohesiveinsure.com/contractors,utm_source=facebook&utm_medium=paid&utm_campaign={{campaign.name}}&utm_content={{ad.name}}&utm_term={{adset.name}}&ad_id={{ad.id}}&adset_id={{adset.id}},Legacy/site route; see destination,Not specified in ad URL,,images/e6408f89d02704fb.jpg,1704669084091522,13.73,328,2,41.86,0.61,6.87,0,0,,0,,,,Retained HIGH-VALUE,2026-08-13 to 2026-09-18,0.11,0.95,Delivery without confirmed completion,"S: sessions only since Sep12 01:50 ET; F: starts not historically recorded; C: reconciled completed intakes, including returns",AD,HV Contractors - HIGH-HAZARD construction (LeadUrgentQuoted) - $120/day,Contractors HIGH-VALUE - hybrid Foxquilt/Hedge,17,2026-08-15,2026-09-08,True,0.0,0,https://www.cohesiveinsure.com/marketing-review/20260919/deep-scan/images/e6408f89d02704fb.jpg,"[{""action_type"": ""link_click"", ""value"": ""2""}, {""action_type"": ""landing_page_view"", ""value"": ""2""}, {""action_type"": ""omni_landing_page_view"", ""value"": ""2""}, {""action_type"": ""post_engagement"", ""value"": ""2""}, {""action_type"": ""page_engagement"", ""value"": ""2""}]",[],{}
120250639703160660,HVh - hazard - excavation_callout,120250602165530660,120250639696880660,ACTIVE,ADSET_PAUSED,2026-08-15T19:47:08-0400,2026-08-18T14:58:53-0400,static image,GL for excavation and demolition,Excavation and demo GL is hard to place and expensive. We use AI to shop it across markets built for the class - a licensed agent gets you the best rate. Want us to check yours?,,GET_QUOTE,https://www.cohesiveinsure.com/contractors,utm_source=facebook&utm_medium=paid&utm_campaign={{campaign.name}}&utm_content={{ad.name}}&utm_term={{adset.name}}&ad_id={{ad.id}}&adset_id={{adset.id}},Legacy/site route; see destination,Not specified in ad URL,,images/353baf2958923ff8.jpg,1604819021031892,8.16,145,1,56.28,0.69,8.16,0,0,,0,,,,Retained HIGH-VALUE,2026-08-13 to 2026-09-18,0.06,0.57,Delivery without confirmed completion,"S: sessions only since Sep12 01:50 ET; F: starts not historically recorded; C: reconciled completed intakes, including returns",AD,HV Contractors - HIGH-HAZARD construction (LeadUrgentQuoted) - $120/day,Contractors HIGH-VALUE - hybrid Foxquilt/Hedge,19,2026-08-15,2026-09-11,True,0.0,0,https://www.cohesiveinsure.com/marketing-review/20260919/deep-scan/images/353baf2958923ff8.jpg,"[{""action_type"": ""link_click"", ""value"": ""1""}, {""action_type"": ""landing_page_view"", ""value"": ""1""}, {""action_type"": ""omni_landing_page_view"", ""value"": ""1""}, {""action_type"": ""post_engagement"", ""value"": ""1""}, {""action_type"": ""page_engagement"", ""value"": ""1""}]",[],{}
120250639705610660,"HVh - hazard - premium20k - Paying $20,000+ a year for GL?",120250602165530660,120250639696880660,ACTIVE,ADSET_PAUSED,2026-08-15T19:47:29-0400,2026-08-18T15:01:23-0400,static image,"Paying $20,000+ a year for GL?","We recently took a $2M contractor from $26,000 a year to about $12,000 - same $1M/$2M limits, through construction markets most local agents can't access. If your GL bill is five figures, want us to check it?",,GET_QUOTE,https://www.cohesiveinsure.com/contractors,utm_source=facebook&utm_medium=paid&utm_campaign={{campaign.name}}&utm_content={{ad.name}}&utm_term={{adset.name}}&ad_id={{ad.id}}&adset_id={{adset.id}},Legacy/site route; see destination,Not specified in ad URL,,images/d34c08f189ddbd24.jpg,987825557646817,1.54,43,0,35.81,0.0,,0,0,,0,,,,Retained HIGH-VALUE,2026-08-13 to 2026-09-18,0.01,0.11,Delivery without confirmed completion,"S: sessions only since Sep12 01:50 ET; F: starts not historically recorded; C: reconciled completed intakes, including returns",AD,HV Contractors - HIGH-HAZARD construction (LeadUrgentQuoted) - $120/day,Contractors HIGH-VALUE - hybrid Foxquilt/Hedge,16,2026-08-15,2026-09-11,True,0.0,0,https://www.cohesiveinsure.com/marketing-review/20260919/deep-scan/images/d34c08f189ddbd24.jpg,[],[],{}
120250639705350660,HVh - hazard - fivefigure - Five-figure GL bill?,120250602165530660,120250639696880660,ACTIVE,ADSET_PAUSED,2026-08-15T19:47:26-0400,2026-08-18T15:03:28-0400,static image,Five-figure GL bill?,"The bigger the premium, the more shopping it moves the number. We just cut one contractor's GL from $26,000 to about $12,000 a year, same limits. Want a rate check?",,GET_QUOTE,https://www.cohesiveinsure.com/contractors,utm_source=facebook&utm_medium=paid&utm_campaign={{campaign.name}}&utm_content={{ad.name}}&utm_term={{adset.name}}&ad_id={{ad.id}}&adset_id={{adset.id}},Legacy/site route; see destination,Not specified in ad URL,,images/ee7fa2fb40b1d827.jpg,1266705015552326,1.42,41,0,34.63,0.0,,0,0,,0,,,,Retained HIGH-VALUE,2026-08-13 to 2026-09-18,0.01,0.1,Delivery without confirmed completion,"S: sessions only since Sep12 01:50 ET; F: starts not historically recorded; C: reconciled completed intakes, including returns",AD,HV Contractors - HIGH-HAZARD construction (LeadUrgentQuoted) - $120/day,Contractors HIGH-VALUE - hybrid Foxquilt/Hedge,15,2026-08-15,2026-09-11,True,0.0,0,https://www.cohesiveinsure.com/marketing-review/20260919/deep-scan/images/ee7fa2fb40b1d827.jpg,[],[],{}
120250639707720660,HVg - generic - coi this week,120250602165530660,120250639697240660,ACTIVE,ADSET_PAUSED,2026-08-15T19:47:51-0400,2026-08-15T19:50:31-0400,static image,Need a certificate of insurance this week?,GC or landlord asking for a COI before you can start? We can quote general liability today and usually get proof of insurance the same day once you approve. We use AI to shop every carrier for your trade at once. What is the deadline?,,GET_QUOTE,https://www.cohesiveinsure.com/contractors,,Legacy/site route; see destination,Not specified in ad URL,,images/12b91a9af84dc1dd.jpg,2541405192937980,37.3,789,9,47.28,1.141,4.14,0,0,,0,,,,Retained HIGH-VALUE,2026-08-13 to 2026-09-18,0.3,36.2,Delivery without confirmed completion,"S: sessions only since Sep12 01:50 ET; F: starts not historically recorded; C: reconciled completed intakes, including returns",AD,HV Contractors - GENERIC BROAD urgency (LeadUrgentQuoted) - $80/day,Contractors HIGH-VALUE - hybrid Foxquilt/Hedge,2,2026-08-15,2026-08-16,True,0.0,0,https://www.cohesiveinsure.com/marketing-review/20260919/deep-scan/images/12b91a9af84dc1dd.jpg,"[{""action_type"": ""link_click"", ""value"": ""9""}, {""action_type"": ""landing_page_view"", ""value"": ""7""}, {""action_type"": ""omni_landing_page_view"", ""value"": ""7""}, {""action_type"": ""post_engagement"", ""value"": ""9""}, {""action_type"": ""page_engagement"", ""value"": ""9""}]",[],{}
120250639708700660,HVg - generic - starting out,120250602165530660,120250639697240660,ACTIVE,ADSET_PAUSED,2026-08-15T19:47:59-0400,2026-08-15T19:50:24-0400,static image,Starting out and need GL to take jobs?,"New business, first policy, and clients will not sign without proof of insurance? We use AI to shop general liability across every carrier that writes your trade at once and come back with a real number, usually within a day. What trade are you in?",,GET_QUOTE,https://www.cohesiveinsure.com/contractors,,Legacy/site route; see destination,Not specified in ad URL,,images/12b91a9af84dc1dd.jpg,1364664832399056,30.67,384,2,79.87,0.521,15.34,0,0,,0,,,,Retained HIGH-VALUE,2026-08-13 to 2026-09-18,0.24,29.77,Delivery without confirmed completion,"S: sessions only since Sep12 01:50 ET; F: starts not historically recorded; C: reconciled completed intakes, including returns",AD,HV Contractors - GENERIC BROAD urgency (LeadUrgentQuoted) - $80/day,Contractors HIGH-VALUE - hybrid Foxquilt/Hedge,2,2026-08-15,2026-08-16,True,0.0,0,https://www.cohesiveinsure.com/marketing-review/20260919/deep-scan/images/12b91a9af84dc1dd.jpg,"[{""action_type"": ""link_click"", ""value"": ""2""}, {""action_type"": ""landing_page_view"", ""value"": ""1""}, {""action_type"": ""omni_landing_page_view"", ""value"": ""1""}, {""action_type"": ""post_engagement"", ""value"": ""2""}, {""action_type"": ""page_engagement"", ""value"": ""2""}]",[],{}
120250639708940660,HVg - generic - roofing_crews,120250602165530660,120250639697240660,ACTIVE,ADSET_PAUSED,2026-08-15T19:48:02-0400,2026-08-15T19:50:06-0400,static image,GL for roofing crews,"If you run roofing crews, GL is one of your biggest bills - and most brokers only check one or two carriers. We use AI to automatically shop every roofing market at the same time and come back with real numbers, usually within a day. One roofing shop went from $26K to $12K. Worth a quick rate check?",,GET_QUOTE,https://www.cohesiveinsure.com/contractors,,Legacy/site route; see destination,Not specified in ad URL,,images/00e55645e2ffadc6.jpg,28160665320252837,17.3,288,1,60.07,0.347,17.3,0,0,,0,,,,Retained HIGH-VALUE,2026-08-13 to 2026-09-18,0.14,16.79,Delivery without confirmed completion,"S: sessions only since Sep12 01:50 ET; F: starts not historically recorded; C: reconciled completed intakes, including returns",AD,HV Contractors - GENERIC BROAD urgency (LeadUrgentQuoted) - $80/day,Contractors HIGH-VALUE - hybrid Foxquilt/Hedge,2,2026-08-15,2026-08-16,True,0.0,0,https://www.cohesiveinsure.com/marketing-review/20260919/deep-scan/images/00e55645e2ffadc6.jpg,"[{""action_type"": ""link_click"", ""value"": ""1""}, {""action_type"": ""landing_page_view"", ""value"": ""3""}, {""action_type"": ""omni_landing_page_view"", ""value"": ""3""}, {""action_type"": ""post_engagement"", ""value"": ""1""}, {""action_type"": ""page_engagement"", ""value"": ""1""}]",[],{}
120250639708190660,HVg - generic - coverage lapsed,120250602165530660,120250639697240660,ACTIVE,ADSET_PAUSED,2026-08-15T19:47:55-0400,2026-08-15T19:50:18-0400,static image,Coverage lapsed or about to?,"If your GL lapsed or is about to, getting covered again fast matters more than anything else, and a gap over 180 days makes the next policy cost more. We use AI to shop every carrier for your trade at once and can usually place it same day. How long have you been without?",,GET_QUOTE,https://www.cohesiveinsure.com/contractors,,Legacy/site route; see destination,Not specified in ad URL,,images/23fb2938f63ff52a.jpg,2630453334039009,15.34,437,2,35.1,0.458,7.67,0,0,,0,,,,Retained HIGH-VALUE,2026-08-13 to 2026-09-18,0.12,14.89,Delivery without confirmed completion,"S: sessions only since Sep12 01:50 ET; F: starts not historically recorded; C: reconciled completed intakes, including returns",AD,HV Contractors - GENERIC BROAD urgency (LeadUrgentQuoted) - $80/day,Contractors HIGH-VALUE - hybrid Foxquilt/Hedge,2,2026-08-15,2026-08-16,True,0.0,0,https://www.cohesiveinsure.com/marketing-review/20260919/deep-scan/images/23fb2938f63ff52a.jpg,"[{""action_type"": ""link_click"", ""value"": ""2""}, {""action_type"": ""landing_page_view"", ""value"": ""2""}, {""action_type"": ""omni_landing_page_view"", ""value"": ""2""}, {""action_type"": ""post_engagement"", ""value"": ""2""}, {""action_type"": ""page_engagement"", ""value"": ""2""}]",[],{}
120250639707370660,HVg - generic - renewing this month,120250602165530660,120250639697240660,ACTIVE,ADSET_PAUSED,2026-08-15T19:47:48-0400,2026-08-15T19:50:15-0400,static image,Renewing your GL this month?,"If your general liability renews in the next few weeks, this is the window to compare. We use AI to shop it across every carrier that writes your trade at once and come back with real numbers, usually within a day. One contractor we work with went from $26,150 to $12,346. When does yours renew?",,GET_QUOTE,https://www.cohesiveinsure.com/contractors,,Legacy/site route; see destination,Not specified in ad URL,,images/00e55645e2ffadc6.jpg,1560827919109558,2.43,63,1,38.57,1.587,2.43,0,0,,0,,,,Retained HIGH-VALUE,2026-08-13 to 2026-09-18,0.02,2.36,Delivery without confirmed completion,"S: sessions only since Sep12 01:50 ET; F: starts not historically recorded; C: reconciled completed intakes, including returns",AD,HV Contractors - GENERIC BROAD urgency (LeadUrgentQuoted) - $80/day,Contractors HIGH-VALUE - hybrid Foxquilt/Hedge,2,2026-08-15,2026-08-16,True,0.0,0,https://www.cohesiveinsure.com/marketing-review/20260919/deep-scan/images/00e55645e2ffadc6.jpg,"[{""action_type"": ""link_click"", ""value"": ""1""}, {""action_type"": ""landing_page_view"", ""value"": ""1""}, {""action_type"": ""omni_landing_page_view"", ""value"": ""1""}, {""action_type"": ""post_engagement"", ""value"": ""1""}, {""action_type"": ""page_engagement"", ""value"": ""1""}]",[],{}
120250639706610660,HVt - test - tree_callout,120250602165530660,120250639697820660,PAUSED,PAUSED,2026-08-15T19:47:40-0400,2026-08-17T16:39:22-0400,static image,General liability for tree services,"Tree work GL is one of the hardest classes to place - and one of the most overpriced. We use AI to shop it and find you a better rate, reviewed by a licensed agent. Want yours checked?",,GET_QUOTE,https://www.cohesiveinsure.com/contractors,,Legacy/site route; see destination,Not specified in ad URL,,images/7af3e1eafd9d45b4.jpg,2844589409272982,153.99,3944,45,39.04,1.141,3.42,0,0,,0,,,,Retained HIGH-VALUE,2026-08-13 to 2026-09-18,1.23,83.36,Delivery without confirmed completion,"S: sessions only since Sep12 01:50 ET; F: starts not historically recorded; C: reconciled completed intakes, including returns",AD,HV Contractors - TEST CELL low-premium trades (LeadUrgentQuoted) - kill: $50 no lead / $150 or 6 leads no urgent - $80/day,Contractors HIGH-VALUE - hybrid Foxquilt/Hedge,3,2026-08-15,2026-08-17,True,0.0,0,https://www.cohesiveinsure.com/marketing-review/20260919/deep-scan/images/7af3e1eafd9d45b4.jpg,"[{""action_type"": ""link_click"", ""value"": ""45""}, {""action_type"": ""offsite_conversion.fb_pixel_custom"", ""value"": ""5""}, {""action_type"": ""post_reaction"", ""value"": ""1""}, {""action_type"": ""landing_page_view"", ""value"": ""41""}, {""action_type"": ""onsite_web_lead"", ""value"": ""9""}, {""action_type"": ""omni_landing_page_view"", ""value"": ""41""}, {""action_type"": ""post_engagement"", ""value"": ""54""}, {""action_type"": ""post_interaction_gross"", ""value"": ""9""}, {""action_type"": ""comment"", ""value"": ""1""}, {""action_type"": ""page_engagement"", ""value"": ""54""}, {""action_type"": ""post_interaction_net"", ""value"": ""9""}, {""action_type"": ""post"", ""value"": ""5""}, {""action_type"": ""onsite_conversion.post_save"", ""value"": ""2""}, {""action_type"": ""onsite_conversion.post_net_comment"", ""value"": ""1""}, {""action_type"": ""onsite_conversion.post_net_save"", ""value"": ""2""}, {""action_type"": ""onsite_conversion.post_net_like"", ""value"": ""1""}, {""action_type"": ""lead"", ""value"": ""9""}, {""action_type"": ""custom_event_actions_add_20_s_calls"", ""value"": ""5""}, {""action_type"": ""offsite_conversion.fb_pixel_lead"", ""value"": ""9""}, {""action_type"": ""offsite_lead_add_20_s_calls"", ""value"": ""9""}]","[{""action_type"": ""offsite_conversion.fb_pixel_custom.LeadUrgentQuoted"", ""value"": ""5""}]",{}
120250639705780660,HVt - test - painter_callout,120250602165530660,120250639697820660,ACTIVE,ADSET_PAUSED,2026-08-15T19:47:32-0400,2026-08-17T13:48:04-0400,static image,General liability for painting contractors,"Painting crews with real payroll get real underwriting from us, not a one-size instant quote. GL with $1M/$2M limits, additional insureds, COIs handled. Want us to run your quote?",,GET_QUOTE,https://www.cohesiveinsure.com/contractors,,Legacy/site route; see destination,Not specified in ad URL,,images/2ff21d816fcfe7f9.jpg,1610946007062556,21.33,401,3,53.19,0.748,7.11,0,0,,0,,,,Retained HIGH-VALUE,2026-08-13 to 2026-09-18,0.17,11.55,Delivery without confirmed completion,"S: sessions only since Sep12 01:50 ET; F: starts not historically recorded; C: reconciled completed intakes, including returns",AD,HV Contractors - TEST CELL low-premium trades (LeadUrgentQuoted) - kill: $50 no lead / $150 or 6 leads no urgent - $80/day,Contractors HIGH-VALUE - hybrid Foxquilt/Hedge,4,2026-08-15,2026-08-18,True,0.0,0,https://www.cohesiveinsure.com/marketing-review/20260919/deep-scan/images/2ff21d816fcfe7f9.jpg,"[{""action_type"": ""link_click"", ""value"": ""3""}, {""action_type"": ""landing_page_view"", ""value"": ""4""}, {""action_type"": ""omni_landing_page_view"", ""value"": ""4""}, {""action_type"": ""post_engagement"", ""value"": ""3""}, {""action_type"": ""page_engagement"", ""value"": ""3""}]",[],{}
120250639706850660,HVt - test - carpentry_callout,120250602165530660,120250639697820660,ACTIVE,ADSET_PAUSED,2026-08-15T19:47:42-0400,2026-08-17T13:47:56-0400,static image,General liability for carpentry and framing,"Carpentry and framing GL, quoted fast. We use AI to automatically shop your coverage and find you a better rate - a licensed agent reviews everything. Want us to run yours?",,GET_QUOTE,https://www.cohesiveinsure.com/contractors,,Legacy/site route; see destination,Not specified in ad URL,,images/52123afb90206010.jpg,1602089038207633,4.98,153,0,32.55,0.0,,0,0,,0,,,,Retained HIGH-VALUE,2026-08-13 to 2026-09-18,0.04,2.7,Delivery without confirmed completion,"S: sessions only since Sep12 01:50 ET; F: starts not historically recorded; C: reconciled completed intakes, including returns",AD,HV Contractors - TEST CELL low-premium trades (LeadUrgentQuoted) - kill: $50 no lead / $150 or 6 leads no urgent - $80/day,Contractors HIGH-VALUE - hybrid Foxquilt/Hedge,4,2026-08-15,2026-08-18,True,0.0,0,https://www.cohesiveinsure.com/marketing-review/20260919/deep-scan/images/52123afb90206010.jpg,"[{""action_type"": ""post_reaction"", ""value"": ""1""}, {""action_type"": ""post_engagement"", ""value"": ""1""}, {""action_type"": ""post_interaction_gross"", ""value"": ""1""}, {""action_type"": ""page_engagement"", ""value"": ""1""}, {""action_type"": ""post_interaction_net"", ""value"": ""1""}, {""action_type"": ""onsite_conversion.post_net_like"", ""value"": ""1""}]",[],{}
120250639706340660,HVt - test - mechanical_callout,120250602165530660,120250639697820660,ACTIVE,ADSET_PAUSED,2026-08-15T19:47:36-0400,2026-08-17T13:48:04-0400,static image,"GL for electrical, plumbing and HVAC","Electrical, plumbing, and HVAC shops with crews: your GL and payroll deserve real underwriting. Quotes usually back within a day. Want us to run yours?",,GET_QUOTE,https://www.cohesiveinsure.com/contractors,,Legacy/site route; see destination,Not specified in ad URL,,images/79219e5f398ed46b.jpg,1378895344339247,4.43,107,1,41.4,0.935,4.43,0,0,,0,,,,Retained HIGH-VALUE,2026-08-13 to 2026-09-18,0.04,2.4,Delivery without confirmed completion,"S: sessions only since Sep12 01:50 ET; F: starts not historically recorded; C: reconciled completed intakes, including returns",AD,HV Contractors - TEST CELL low-premium trades (LeadUrgentQuoted) - kill: $50 no lead / $150 or 6 leads no urgent - $80/day,Contractors HIGH-VALUE - hybrid Foxquilt/Hedge,4,2026-08-15,2026-08-18,True,0.0,0,https://www.cohesiveinsure.com/marketing-review/20260919/deep-scan/images/79219e5f398ed46b.jpg,"[{""action_type"": ""link_click"", ""value"": ""1""}, {""action_type"": ""landing_page_view"", ""value"": ""1""}, {""action_type"": ""omni_landing_page_view"", ""value"": ""1""}, {""action_type"": ""post_engagement"", ""value"": ""1""}, {""action_type"": ""page_engagement"", ""value"": ""1""}]",[],{}
120250674389360660,LBL - pool_builder_callout,120250602165530660,120250674343900660,ACTIVE,ACTIVE,2026-08-17T11:54:46-0400,2026-08-17T14:51:34-0400,static image,GL for pool builders,"Build in-ground pools? Carriers price pool construction thousands of dollars apart for the same work, and half of them decline it outright. We use AI to automatically shop the markets that actually want pool builders, with installation and construction declared properly so the policy covers what you build. What are you paying now?",,GET_QUOTE,https://www.cohesiveinsure.com/contractors,utm_source=facebook&utm_medium=paid&utm_campaign={{campaign.name}}&utm_content={{ad.name}}&utm_term={{adset.name}}&ad_id={{ad.id}}&adset_id={{adset.id}},Legacy/site route; see destination,Not specified in ad URL,,images/6f81afd8161e413e.jpg,2382367342288587,1908.12,46053,339,41.43,0.736,5.63,20,20,,53,95.41,95.41,,Retained HIGH-VALUE,2026-08-13 to 2026-09-18,15.19,76.81,Confirmed completed intake,"S: sessions only since Sep12 01:50 ET; F: starts not historically recorded; C: reconciled completed intakes, including returns",AD,"HV Contractors - LARGE BUSINESS (revenue $1M+, LargeBusinessLead) - all trades",Contractors HIGH-VALUE - hybrid Foxquilt/Hedge,33,2026-08-17,2026-09-18,True,2.65,44,https://www.cohesiveinsure.com/marketing-review/20260919/deep-scan/images/6f81afd8161e413e.jpg,"[{""action_type"": ""link_click"", ""value"": ""339""}, {""action_type"": ""offsite_conversion.fb_pixel_custom"", ""value"": ""27""}, {""action_type"": ""post_reaction"", ""value"": ""19""}, {""action_type"": ""landing_page_view"", ""value"": ""319""}, {""action_type"": ""onsite_web_lead"", ""value"": ""25""}, {""action_type"": ""omni_landing_page_view"", ""value"": ""319""}, {""action_type"": ""post_engagement"", ""value"": ""370""}, {""action_type"": ""like"", ""value"": ""4""}, {""action_type"": ""post_interaction_gross"", ""value"": ""31""}, {""action_type"": ""comment"", ""value"": ""3""}, {""action_type"": ""page_engagement"", ""value"": ""374""}, {""action_type"": ""post_interaction_net"", ""value"": ""31""}, {""action_type"": ""post"", ""value"": ""5""}, {""action_type"": ""onsite_conversion.post_save"", ""value"": ""4""}, {""action_type"": ""onsite_conversion.post_net_comment"", ""value"": ""3""}, {""action_type"": ""onsite_conversion.post_net_save"", ""value"": ""4""}, {""action_type"": ""onsite_conversion.post_net_like"", ""value"": ""19""}, {""action_type"": ""lead"", ""value"": ""25""}, {""action_type"": ""custom_event_actions_add_20_s_calls"", ""value"": ""27""}, {""action_type"": ""offsite_conversion.fb_pixel_lead"", ""value"": ""25""}, {""action_type"": ""offsite_lead_add_20_s_calls"", ""value"": ""25""}]","[{""action_type"": ""offsite_conversion.fb_pixel_custom.LeadUrgentQuoted"", ""value"": ""14""}, {""action_type"": ""offsite_conversion.fb_pixel_custom.QualifiedLead"", ""value"": ""5""}, {""action_type"": ""offsite_conversion.fb_pixel_custom.LargeBusinessLead"", ""value"": ""8""}]",{}
120250674417620660,LBL - sv_premium20k_masonry,120250602165530660,120250674343900660,PAUSED,PAUSED,2026-08-17T11:55:49-0400,2026-08-26T18:36:47-0400,static image,"Paying $20,000+ a year for GL?","We recently took a $2M contractor from $26,000 a year to about $12,000 - same $1M/$2M limits, by using AI to shop carriers most local agents can't access. If your GL bill is five figures, want us to check it?",,GET_QUOTE,https://www.cohesiveinsure.com/contractors,utm_source=facebook&utm_medium=paid&utm_campaign={{campaign.name}}&utm_content={{ad.name}}&utm_term={{adset.name}}&ad_id={{ad.id}}&adset_id={{adset.id}},Legacy/site route; see destination,Not specified in ad URL,,images/234f1473adcde0c9.jpg,1393494329403531,199.12,3237,16,61.51,0.494,12.45,3,3,,0,66.37,66.37,,Retained HIGH-VALUE,2026-08-13 to 2026-09-18,1.58,8.02,Confirmed completed intake,"S: sessions only since Sep12 01:50 ET; F: starts not historically recorded; C: reconciled completed intakes, including returns",AD,"HV Contractors - LARGE BUSINESS (revenue $1M+, LargeBusinessLead) - all trades",Contractors HIGH-VALUE - hybrid Foxquilt/Hedge,10,2026-08-17,2026-08-26,True,0.0,0,https://www.cohesiveinsure.com/marketing-review/20260919/deep-scan/images/234f1473adcde0c9.jpg,"[{""action_type"": ""link_click"", ""value"": ""16""}, {""action_type"": ""offsite_conversion.fb_pixel_custom"", ""value"": ""8""}, {""action_type"": ""post_reaction"", ""value"": ""1""}, {""action_type"": ""landing_page_view"", ""value"": ""12""}, {""action_type"": ""onsite_web_lead"", ""value"": ""3""}, {""action_type"": ""omni_landing_page_view"", ""value"": ""12""}, {""action_type"": ""post_engagement"", ""value"": ""18""}, {""action_type"": ""post_interaction_gross"", ""value"": ""2""}, {""action_type"": ""comment"", ""value"": ""1""}, {""action_type"": ""page_engagement"", ""value"": ""18""}, {""action_type"": ""post_interaction_net"", ""value"": ""2""}, {""action_type"": ""onsite_conversion.post_net_comment"", ""value"": ""1""}, {""action_type"": ""onsite_conversion.post_net_like"", ""value"": ""1""}, {""action_type"": ""lead"", ""value"": ""3""}, {""action_type"": ""custom_event_actions_add_20_s_calls"", ""value"": ""8""}, {""action_type"": ""offsite_conversion.fb_pixel_lead"", ""value"": ""3""}, {""action_type"": ""offsite_lead_add_20_s_calls"", ""value"": ""3""}]","[{""action_type"": ""offsite_conversion.fb_pixel_custom.QualifiedLead"", ""value"": ""3""}, {""action_type"": ""offsite_conversion.fb_pixel_custom.LeadUrgentQuoted"", ""value"": ""2""}, {""action_type"": ""offsite_conversion.fb_pixel_custom.LargeBusinessLead"", ""value"": ""3""}]",{}
120250674392330660,LBL - restoration_callout,120250602165530660,120250674343900660,PAUSED,PAUSED,2026-08-17T11:54:49-0400,2026-08-26T18:36:31-0400,static image,GL for restoration contractors,Water and fire restoration GL is specialized and expensive. We use AI to automatically shop it across markets built for restoration and find you a better rate. Want us to run yours?,,GET_QUOTE,https://www.cohesiveinsure.com/contractors,utm_source=facebook&utm_medium=paid&utm_campaign={{campaign.name}}&utm_content={{ad.name}}&utm_term={{adset.name}}&ad_id={{ad.id}}&adset_id={{adset.id}},Legacy/site route; see destination,Not specified in ad URL,,images/cc11dc88627815df.jpg,1011099155312585,139.56,3135,30,44.52,0.957,4.65,0,0,,0,,,,Retained HIGH-VALUE,2026-08-13 to 2026-09-18,1.11,5.62,Delivery without confirmed completion,"S: sessions only since Sep12 01:50 ET; F: starts not historically recorded; C: reconciled completed intakes, including returns",AD,"HV Contractors - LARGE BUSINESS (revenue $1M+, LargeBusinessLead) - all trades",Contractors HIGH-VALUE - hybrid Foxquilt/Hedge,10,2026-08-17,2026-08-26,True,0.0,0,https://www.cohesiveinsure.com/marketing-review/20260919/deep-scan/images/cc11dc88627815df.jpg,"[{""action_type"": ""link_click"", ""value"": ""30""}, {""action_type"": ""post_reaction"", ""value"": ""1""}, {""action_type"": ""landing_page_view"", ""value"": ""33""}, {""action_type"": ""onsite_web_lead"", ""value"": ""1""}, {""action_type"": ""omni_landing_page_view"", ""value"": ""33""}, {""action_type"": ""onsite_conversion.total_messaging_connection"", ""value"": ""1""}, {""action_type"": ""post_engagement"", ""value"": ""33""}, {""action_type"": ""like"", ""value"": ""1""}, {""action_type"": ""post_interaction_gross"", ""value"": ""3""}, {""action_type"": ""page_engagement"", ""value"": ""34""}, {""action_type"": ""post_interaction_net"", ""value"": ""3""}, {""action_type"": ""onsite_conversion.messaging_first_reply"", ""value"": ""1""}, {""action_type"": ""post"", ""value"": ""1""}, {""action_type"": ""onsite_conversion.post_save"", ""value"": ""1""}, {""action_type"": ""onsite_conversion.post_net_save"", ""value"": ""1""}, {""action_type"": ""onsite_conversion.post_net_like"", ""value"": ""1""}, {""action_type"": ""lead"", ""value"": ""1""}, {""action_type"": ""onsite_conversion.messaging_conversation_started_7d"", ""value"": ""1""}, {""action_type"": ""offsite_conversion.fb_pixel_lead"", ""value"": ""1""}, {""action_type"": ""offsite_lead_add_20_s_calls"", ""value"": ""1""}]",[],{}
120250674424640660,LBL - run_crews,120250602165530660,120250674343900660,PAUSED,PAUSED,2026-08-17T11:56:08-0400,2026-08-26T18:37:01-0400,static image,Run crews? We insure that.,"If you've got employees in the field, your GL is priced off your payroll - and probably worth shopping. We use AI to shop carriers most local agents can't access. Want us to check it?",,GET_QUOTE,https://www.cohesiveinsure.com/contractors,utm_source=facebook&utm_medium=paid&utm_campaign={{campaign.name}}&utm_content={{ad.name}}&utm_term={{adset.name}}&ad_id={{ad.id}}&adset_id={{adset.id}},Legacy/site route; see destination,Not specified in ad URL,,images/12b91a9af84dc1dd.jpg,2155840374979066,52.87,796,6,66.42,0.754,8.81,0,0,,0,,,,Retained HIGH-VALUE,2026-08-13 to 2026-09-18,0.42,2.13,Delivery without confirmed completion,"S: sessions only since Sep12 01:50 ET; F: starts not historically recorded; C: reconciled completed intakes, including returns",AD,"HV Contractors - LARGE BUSINESS (revenue $1M+, LargeBusinessLead) - all trades",Contractors HIGH-VALUE - hybrid Foxquilt/Hedge,10,2026-08-17,2026-08-26,True,0.0,0,https://www.cohesiveinsure.com/marketing-review/20260919/deep-scan/images/12b91a9af84dc1dd.jpg,"[{""action_type"": ""link_click"", ""value"": ""6""}, {""action_type"": ""post_reaction"", ""value"": ""1""}, {""action_type"": ""landing_page_view"", ""value"": ""4""}, {""action_type"": ""omni_landing_page_view"", ""value"": ""4""}, {""action_type"": ""post_engagement"", ""value"": ""7""}, {""action_type"": ""post_interaction_gross"", ""value"": ""1""}, {""action_type"": ""page_engagement"", ""value"": ""7""}, {""action_type"": ""post_interaction_net"", ""value"": ""1""}, {""action_type"": ""onsite_conversion.post_net_like"", ""value"": ""1""}]",[],{}
120250674354340660,LBL - waterproofing_callout,120250602165530660,120250674343900660,PAUSED,PAUSED,2026-08-17T11:53:55-0400,2026-08-26T18:36:28-0400,static image,GL for waterproofing and foundation repair,Waterproofing and foundation repair GL rates high - which means shopping it can really move the number. We use AI to shop it and find you a better rate. Want us to check yours?,,GET_QUOTE,https://www.cohesiveinsure.com/contractors,utm_source=facebook&utm_medium=paid&utm_campaign={{campaign.name}}&utm_content={{ad.name}}&utm_term={{adset.name}}&ad_id={{ad.id}}&adset_id={{adset.id}},Legacy/site route; see destination,Not specified in ad URL,,images/a3e999931066fba6.jpg,1339739164560312,49.41,1041,13,47.46,1.249,3.8,0,0,,0,,,,Retained HIGH-VALUE,2026-08-13 to 2026-09-18,0.39,1.99,Delivery without confirmed completion,"S: sessions only since Sep12 01:50 ET; F: starts not historically recorded; C: reconciled completed intakes, including returns",AD,"HV Contractors - LARGE BUSINESS (revenue $1M+, LargeBusinessLead) - all trades",Contractors HIGH-VALUE - hybrid Foxquilt/Hedge,9,2026-08-17,2026-08-25,True,0.0,0,https://www.cohesiveinsure.com/marketing-review/20260919/deep-scan/images/a3e999931066fba6.jpg,"[{""action_type"": ""link_click"", ""value"": ""13""}, {""action_type"": ""post_reaction"", ""value"": ""1""}, {""action_type"": ""landing_page_view"", ""value"": ""12""}, {""action_type"": ""omni_landing_page_view"", ""value"": ""12""}, {""action_type"": ""post_engagement"", ""value"": ""17""}, {""action_type"": ""post_interaction_gross"", ""value"": ""4""}, {""action_type"": ""page_engagement"", ""value"": ""17""}, {""action_type"": ""post_interaction_net"", ""value"": ""4""}, {""action_type"": ""post"", ""value"": ""1""}, {""action_type"": ""onsite_conversion.post_save"", ""value"": ""2""}, {""action_type"": ""onsite_conversion.post_net_save"", ""value"": ""2""}, {""action_type"": ""onsite_conversion.post_net_like"", ""value"": ""1""}]",[],{}
120250674394090660,LBL - excavation_callout,120250602165530660,120250674343900660,PAUSED,PAUSED,2026-08-17T11:54:52-0400,2026-08-26T18:36:45-0400,static image,GL for excavation and demolition,Excavation and demo GL is hard to place and expensive. We use AI to shop it across markets built for the class - a licensed agent gets you the best rate. Want us to check yours?,,GET_QUOTE,https://www.cohesiveinsure.com/contractors,utm_source=facebook&utm_medium=paid&utm_campaign={{campaign.name}}&utm_content={{ad.name}}&utm_term={{adset.name}}&ad_id={{ad.id}}&adset_id={{adset.id}},Legacy/site route; see destination,Not specified in ad URL,,images/353baf2958923ff8.jpg,28012433841757605,18.89,422,0,44.76,0.0,,0,0,,0,,,,Retained HIGH-VALUE,2026-08-13 to 2026-09-18,0.15,0.76,Delivery without confirmed completion,"S: sessions only since Sep12 01:50 ET; F: starts not historically recorded; C: reconciled completed intakes, including returns",AD,"HV Contractors - LARGE BUSINESS (revenue $1M+, LargeBusinessLead) - all trades",Contractors HIGH-VALUE - hybrid Foxquilt/Hedge,9,2026-08-17,2026-08-25,True,0.0,0,https://www.cohesiveinsure.com/marketing-review/20260919/deep-scan/images/353baf2958923ff8.jpg,[],[],{}
120250674422240660,LBL - sv_saved14k_paint,120250602165530660,120250674343900660,PAUSED,PAUSED,2026-08-17T11:56:01-0400,2026-08-26T18:37:07-0400,static image,"We cut one contractor's GL by $14,000 a year","One contractor was paying $26,000 a year. We requoted the same $1M/$2M limits at about $12,000 by using AI to shop carriers most local agents can't access. Want us to run yours?",,GET_QUOTE,https://www.cohesiveinsure.com/contractors,utm_source=facebook&utm_medium=paid&utm_campaign={{campaign.name}}&utm_content={{ad.name}}&utm_term={{adset.name}}&ad_id={{ad.id}}&adset_id={{adset.id}},Legacy/site route; see destination,Not specified in ad URL,,images/0906a7a910270a50.jpg,2387048851829989,15.68,1253,6,12.51,0.479,2.61,0,0,,0,,,,Retained HIGH-VALUE,2026-08-13 to 2026-09-18,0.12,0.63,Delivery without confirmed completion,"S: sessions only since Sep12 01:50 ET; F: starts not historically recorded; C: reconciled completed intakes, including returns",AD,"HV Contractors - LARGE BUSINESS (revenue $1M+, LargeBusinessLead) - all trades",Contractors HIGH-VALUE - hybrid Foxquilt/Hedge,8,2026-08-17,2026-08-26,True,0.0,0,https://www.cohesiveinsure.com/marketing-review/20260919/deep-scan/images/0906a7a910270a50.jpg,"[{""action_type"": ""link_click"", ""value"": ""6""}, {""action_type"": ""landing_page_view"", ""value"": ""1""}, {""action_type"": ""omni_landing_page_view"", ""value"": ""1""}, {""action_type"": ""post_engagement"", ""value"": ""6""}, {""action_type"": ""page_engagement"", ""value"": ""6""}]",[],{}
120250674398280660,LBL - sv_fivefigure_remodel,120250602165530660,120250674343900660,PAUSED,PAUSED,2026-08-17T11:55:05-0400,2026-08-26T18:36:38-0400,static image,Five-figure GL bill?,"The bigger the premium, the more shopping it moves the number. We just cut one contractor's GL from $26,000 to about $12,000 a year, same limits. Want a rate check?",,GET_QUOTE,https://www.cohesiveinsure.com/contractors,utm_source=facebook&utm_medium=paid&utm_campaign={{campaign.name}}&utm_content={{ad.name}}&utm_term={{adset.name}}&ad_id={{ad.id}}&adset_id={{adset.id}},Legacy/site route; see destination,Not specified in ad URL,,images/56977f16b025c561.jpg,908294871872855,14.19,1443,3,9.83,0.208,4.73,0,0,,0,,,,Retained HIGH-VALUE,2026-08-13 to 2026-09-18,0.11,0.57,Delivery without confirmed completion,"S: sessions only since Sep12 01:50 ET; F: starts not historically recorded; C: reconciled completed intakes, including returns",AD,"HV Contractors - LARGE BUSINESS (revenue $1M+, LargeBusinessLead) - all trades",Contractors HIGH-VALUE - hybrid Foxquilt/Hedge,7,2026-08-17,2026-08-25,True,0.0,0,https://www.cohesiveinsure.com/marketing-review/20260919/deep-scan/images/56977f16b025c561.jpg,"[{""action_type"": ""link_click"", ""value"": ""3""}, {""action_type"": ""landing_page_view"", ""value"": ""3""}, {""action_type"": ""omni_landing_page_view"", ""value"": ""3""}, {""action_type"": ""post_engagement"", ""value"": ""3""}, {""action_type"": ""page_engagement"", ""value"": ""3""}]",[],{}
120250674397270660,LBL - sv_saved14k_masonry,120250602165530660,120250674343900660,PAUSED,PAUSED,2026-08-17T11:55:02-0400,2026-08-26T18:36:48-0400,static image,"We cut one contractor's GL by $14,000 a year","One contractor was paying $26,000 a year. We requoted the same $1M/$2M limits at about $12,000 by using AI to shop carriers most local agents can't access. Want us to run yours?",,GET_QUOTE,https://www.cohesiveinsure.com/contractors,utm_source=facebook&utm_medium=paid&utm_campaign={{campaign.name}}&utm_content={{ad.name}}&utm_term={{adset.name}}&ad_id={{ad.id}}&adset_id={{adset.id}},Legacy/site route; see destination,Not specified in ad URL,,images/f79edcb2bb0bfae4.jpg,28393867150246696,12.26,231,1,53.07,0.433,12.26,0,0,,0,,,,Retained HIGH-VALUE,2026-08-13 to 2026-09-18,0.1,0.49,Delivery without confirmed completion,"S: sessions only since Sep12 01:50 ET; F: starts not historically recorded; C: reconciled completed intakes, including returns",AD,"HV Contractors - LARGE BUSINESS (revenue $1M+, LargeBusinessLead) - all trades",Contractors HIGH-VALUE - hybrid Foxquilt/Hedge,9,2026-08-17,2026-08-25,True,0.0,0,https://www.cohesiveinsure.com/marketing-review/20260919/deep-scan/images/f79edcb2bb0bfae4.jpg,"[{""action_type"": ""link_click"", ""value"": ""1""}, {""action_type"": ""landing_page_view"", ""value"": ""2""}, {""action_type"": ""omni_landing_page_view"", ""value"": ""2""}, {""action_type"": ""post_engagement"", ""value"": ""1""}, {""action_type"": ""page_engagement"", ""value"": ""1""}]",[],{}
120250674358490660,LBL - remodeler_callout,120250602165530660,120250674343900660,PAUSED,PAUSED,2026-08-17T11:54:02-0400,2026-08-26T18:36:25-0400,static image,General liability for remodelers,"Remodeling and renovation GL, quoted fast. Most quotes come back within a day, many same-day. Want us to run yours?",,GET_QUOTE,https://www.cohesiveinsure.com/contractors,utm_source=facebook&utm_medium=paid&utm_campaign={{campaign.name}}&utm_content={{ad.name}}&utm_term={{adset.name}}&ad_id={{ad.id}}&adset_id={{adset.id}},Legacy/site route; see destination,Not specified in ad URL,,images/e6408f89d02704fb.jpg,2033533460855837,12.1,204,1,59.31,0.49,12.1,0,0,,0,,,,Retained HIGH-VALUE,2026-08-13 to 2026-09-18,0.1,0.49,Delivery without confirmed completion,"S: sessions only since Sep12 01:50 ET; F: starts not historically recorded; C: reconciled completed intakes, including returns",AD,"HV Contractors - LARGE BUSINESS (revenue $1M+, LargeBusinessLead) - all trades",Contractors HIGH-VALUE - hybrid Foxquilt/Hedge,6,2026-08-17,2026-08-23,True,0.0,0,https://www.cohesiveinsure.com/marketing-review/20260919/deep-scan/images/e6408f89d02704fb.jpg,"[{""action_type"": ""link_click"", ""value"": ""1""}, {""action_type"": ""landing_page_view"", ""value"": ""1""}, {""action_type"": ""omni_landing_page_view"", ""value"": ""1""}, {""action_type"": ""post_engagement"", ""value"": ""1""}, {""action_type"": ""page_engagement"", ""value"": ""1""}]",[],{}
120251182369630660,CT Native Voice 20260918 | gc-rate_creep,120250602165530660,120250674343900660,ACTIVE,ACTIVE,2026-09-18T17:38:59-0400,2026-09-18T17:45:40-0400,static image,Insurance for general contracting,"if my general contracting insurance renewal comes back higher when i've had no claims, i'm not treating the new price as a done deal.

that's my cue to compare before renewal. not after the payment goes out.",,GET_QUOTE,https://www.cohesiveinsure.com/contractors,utm_source=facebook&utm_medium=paid&utm_campaign={{campaign.name}}&utm_content={{ad.name}}&utm_term={{adset.name}}&ad_id={{ad.id}}&adset_id={{adset.id}},Legacy/site route; see destination,Not specified in ad URL,,images/2a5dba82927c7340.jpg,1510371874146428,9.05,144,0,62.85,0.0,,0,0,,0,,,,Retained HIGH-VALUE,2026-08-13 to 2026-09-18,0.07,0.36,Delivery without confirmed completion,"S: sessions only since Sep12 01:50 ET; F: starts not historically recorded; C: reconciled completed intakes, including returns",AD,"HV Contractors - LARGE BUSINESS (revenue $1M+, LargeBusinessLead) - all trades",Contractors HIGH-VALUE - hybrid Foxquilt/Hedge,1,2026-09-18,2026-09-18,True,12.61,135,https://www.cohesiveinsure.com/marketing-review/20260919/deep-scan/images/2a5dba82927c7340.jpg,[],[],{}
120250674355820660,LBL - gc_callout,120250602165530660,120250674343900660,PAUSED,PAUSED,2026-08-17T11:53:59-0400,2026-08-26T18:36:33-0400,static image,General liability for general contractors,GCs with subs and bigger jobs need more than an instant quote. We use AI to shop GC liability across carriers most local agents can't access. Want us to run your quote?,,GET_QUOTE,https://www.cohesiveinsure.com/contractors,utm_source=facebook&utm_medium=paid&utm_campaign={{campaign.name}}&utm_content={{ad.name}}&utm_term={{adset.name}}&ad_id={{ad.id}}&adset_id={{adset.id}},Legacy/site route; see destination,Not specified in ad URL,,images/7432150ef3923cdd.jpg,1566810728276271,7.26,95,1,76.42,1.053,7.26,1,1,,0,7.26,7.26,,Retained HIGH-VALUE,2026-08-13 to 2026-09-18,0.06,0.29,Confirmed completed intake,"S: sessions only since Sep12 01:50 ET; F: starts not historically recorded; C: reconciled completed intakes, including returns",AD,"HV Contractors - LARGE BUSINESS (revenue $1M+, LargeBusinessLead) - all trades",Contractors HIGH-VALUE - hybrid Foxquilt/Hedge,8,2026-08-17,2026-08-25,True,0.0,0,https://www.cohesiveinsure.com/marketing-review/20260919/deep-scan/images/7432150ef3923cdd.jpg,"[{""action_type"": ""link_click"", ""value"": ""1""}, {""action_type"": ""offsite_conversion.fb_pixel_custom"", ""value"": ""1""}, {""action_type"": ""landing_page_view"", ""value"": ""2""}, {""action_type"": ""onsite_web_lead"", ""value"": ""1""}, {""action_type"": ""omni_landing_page_view"", ""value"": ""2""}, {""action_type"": ""post_engagement"", ""value"": ""1""}, {""action_type"": ""page_engagement"", ""value"": ""1""}, {""action_type"": ""lead"", ""value"": ""1""}, {""action_type"": ""custom_event_actions_add_20_s_calls"", ""value"": ""1""}, {""action_type"": ""offsite_conversion.fb_pixel_lead"", ""value"": ""1""}, {""action_type"": ""offsite_lead_add_20_s_calls"", ""value"": ""1""}]","[{""action_type"": ""offsite_conversion.fb_pixel_custom.LeadUrgentQuoted"", ""value"": ""1""}]",{}
120250674412700660,LBL - sv_premium20k_remodel,120250602165530660,120250674343900660,PAUSED,PAUSED,2026-08-17T11:55:35-0400,2026-08-26T18:37:09-0400,static image,"Paying $20,000+ a year for GL?","We recently took a $2M contractor from $26,000 a year to about $12,000 - same $1M/$2M limits, by using AI to shop carriers most local agents can't access. If your GL bill is five figures, want us to check it?",,GET_QUOTE,https://www.cohesiveinsure.com/contractors,utm_source=facebook&utm_medium=paid&utm_campaign={{campaign.name}}&utm_content={{ad.name}}&utm_term={{adset.name}}&ad_id={{ad.id}}&adset_id={{adset.id}},Legacy/site route; see destination,Not specified in ad URL,,images/a176cb609aef84cc.jpg,1078725787997055,6.98,101,3,69.11,2.97,2.33,0,0,,0,,,,Retained HIGH-VALUE,2026-08-13 to 2026-09-18,0.06,0.28,Delivery without confirmed completion,"S: sessions only since Sep12 01:50 ET; F: starts not historically recorded; C: reconciled completed intakes, including returns",AD,"HV Contractors - LARGE BUSINESS (revenue $1M+, LargeBusinessLead) - all trades",Contractors HIGH-VALUE - hybrid Foxquilt/Hedge,7,2026-08-17,2026-08-26,True,0.0,0,https://www.cohesiveinsure.com/marketing-review/20260919/deep-scan/images/a176cb609aef84cc.jpg,"[{""action_type"": ""link_click"", ""value"": ""3""}, {""action_type"": ""landing_page_view"", ""value"": ""3""}, {""action_type"": ""omni_landing_page_view"", ""value"": ""3""}, {""action_type"": ""post_engagement"", ""value"": ""3""}, {""action_type"": ""page_engagement"", ""value"": ""3""}]",[],{}
120250674414120660,LBL - sv_fivefigure_masonry,120250602165530660,120250674343900660,PAUSED,PAUSED,2026-08-17T11:55:38-0400,2026-08-26T18:36:42-0400,static image,Five-figure GL bill?,"The bigger the premium, the more shopping it moves the number. We just cut one contractor's GL from $26,000 to about $12,000 a year, same limits. Want a rate check?",,GET_QUOTE,https://www.cohesiveinsure.com/contractors,utm_source=facebook&utm_medium=paid&utm_campaign={{campaign.name}}&utm_content={{ad.name}}&utm_term={{adset.name}}&ad_id={{ad.id}}&adset_id={{adset.id}},Legacy/site route; see destination,Not specified in ad URL,,images/2969c4ddd29f1c76.jpg,1418124410220000,6.37,50,0,127.4,0.0,,0,0,,0,,,,Retained HIGH-VALUE,2026-08-13 to 2026-09-18,0.05,0.26,Delivery without confirmed completion,"S: sessions only since Sep12 01:50 ET; F: starts not historically recorded; C: reconciled completed intakes, including returns",AD,"HV Contractors - LARGE BUSINESS (revenue $1M+, LargeBusinessLead) - all trades",Contractors HIGH-VALUE - hybrid Foxquilt/Hedge,6,2026-08-17,2026-08-25,True,0.0,0,https://www.cohesiveinsure.com/marketing-review/20260919/deep-scan/images/2969c4ddd29f1c76.jpg,[],[],{}
120250674418840660,LBL - sv_premium20k_paint,120250602165530660,120250674343900660,PAUSED,PAUSED,2026-08-17T11:55:52-0400,2026-08-26T18:36:59-0400,static image,"Paying $20,000+ a year for GL?","We recently took a $2M contractor from $26,000 a year to about $12,000 - same $1M/$2M limits, by using AI to shop carriers most local agents can't access. If your GL bill is five figures, want us to check it?",,GET_QUOTE,https://www.cohesiveinsure.com/contractors,utm_source=facebook&utm_medium=paid&utm_campaign={{campaign.name}}&utm_content={{ad.name}}&utm_term={{adset.name}}&ad_id={{ad.id}}&adset_id={{adset.id}},Legacy/site route; see destination,Not specified in ad URL,,images/f673cb2de35ee5b7.jpg,1370654698527498,5.02,58,0,86.55,0.0,,0,0,,0,,,,Retained HIGH-VALUE,2026-08-13 to 2026-09-18,0.04,0.2,Delivery without confirmed completion,"S: sessions only since Sep12 01:50 ET; F: starts not historically recorded; C: reconciled completed intakes, including returns",AD,"HV Contractors - LARGE BUSINESS (revenue $1M+, LargeBusinessLead) - all trades",Contractors HIGH-VALUE - hybrid Foxquilt/Hedge,6,2026-08-17,2026-08-25,True,0.0,0,https://www.cohesiveinsure.com/marketing-review/20260919/deep-scan/images/f673cb2de35ee5b7.jpg,[],[],{}
120250674395500660,LBL - roofer_callout,120250602165530660,120250674343900660,PAUSED,PAUSED,2026-08-17T11:54:56-0400,2026-08-26T18:36:34-0400,static image,General liability for roofing contractors,Roofing GL is hard to place and renewals keep climbing. We use AI to shop carriers built for roofers and recently quoted a $2M roofing + remodel shop in under 24 hours. Want us to check your rate?,,GET_QUOTE,https://www.cohesiveinsure.com/contractors,utm_source=facebook&utm_medium=paid&utm_campaign={{campaign.name}}&utm_content={{ad.name}}&utm_term={{adset.name}}&ad_id={{ad.id}}&adset_id={{adset.id}},Legacy/site route; see destination,Not specified in ad URL,,images/00e55645e2ffadc6.jpg,2237563193857178,4.48,131,0,34.2,0.0,,0,0,,0,,,,Retained HIGH-VALUE,2026-08-13 to 2026-09-18,0.04,0.18,Delivery without confirmed completion,"S: sessions only since Sep12 01:50 ET; F: starts not historically recorded; C: reconciled completed intakes, including returns",AD,"HV Contractors - LARGE BUSINESS (revenue $1M+, LargeBusinessLead) - all trades",Contractors HIGH-VALUE - hybrid Foxquilt/Hedge,5,2026-08-17,2026-08-25,True,0.0,0,https://www.cohesiveinsure.com/marketing-review/20260919/deep-scan/images/00e55645e2ffadc6.jpg,[],[],{}
120250674416470660,LBL - sv_saved14k_remodel,120250602165530660,120250674343900660,PAUSED,PAUSED,2026-08-17T11:55:45-0400,2026-08-26T18:36:59-0400,static image,"We cut one contractor's GL by $14,000 a year","One contractor was paying $26,000 a year. We requoted the same $1M/$2M limits at about $12,000 by using AI to shop carriers most local agents can't access. Want us to run yours?",,GET_QUOTE,https://www.cohesiveinsure.com/contractors,utm_source=facebook&utm_medium=paid&utm_campaign={{campaign.name}}&utm_content={{ad.name}}&utm_term={{adset.name}}&ad_id={{ad.id}}&adset_id={{adset.id}},Legacy/site route; see destination,Not specified in ad URL,,images/0c294504a6ed08c9.jpg,27619437851089376,3.3,76,1,43.42,1.316,3.3,0,0,,0,,,,Retained HIGH-VALUE,2026-08-13 to 2026-09-18,0.03,0.13,Delivery without confirmed completion,"S: sessions only since Sep12 01:50 ET; F: starts not historically recorded; C: reconciled completed intakes, including returns",AD,"HV Contractors - LARGE BUSINESS (revenue $1M+, LargeBusinessLead) - all trades",Contractors HIGH-VALUE - hybrid Foxquilt/Hedge,6,2026-08-17,2026-08-25,True,0.0,0,https://www.cohesiveinsure.com/marketing-review/20260919/deep-scan/images/0c294504a6ed08c9.jpg,"[{""action_type"": ""link_click"", ""value"": ""1""}, {""action_type"": ""landing_page_view"", ""value"": ""3""}, {""action_type"": ""omni_landing_page_view"", ""value"": ""3""}, {""action_type"": ""post_engagement"", ""value"": ""1""}, {""action_type"": ""page_engagement"", ""value"": ""1""}]",[],{}
120250674396310660,LBL - sv_26to12_roof,120250602165530660,120250674343900660,PAUSED,PAUSED,2026-08-17T11:54:59-0400,2026-08-26T18:36:40-0400,static image,From $26K a year down to $12K,"That's a real quote we ran last week for a Texas remodeling + roofing contractor. Same $1M/$2M limits. The bigger the GL bill, the more room there is to cut. Want us to check yours?",,GET_QUOTE,https://www.cohesiveinsure.com/contractors,utm_source=facebook&utm_medium=paid&utm_campaign={{campaign.name}}&utm_content={{ad.name}}&utm_term={{adset.name}}&ad_id={{ad.id}}&adset_id={{adset.id}},Legacy/site route; see destination,Not specified in ad URL,,images/47e9d6a7b6f8aa8d.jpg,1333256765246022,2.91,51,0,57.06,0.0,,0,0,,0,,,,Retained HIGH-VALUE,2026-08-13 to 2026-09-18,0.02,0.12,Delivery without confirmed completion,"S: sessions only since Sep12 01:50 ET; F: starts not historically recorded; C: reconciled completed intakes, including returns",AD,"HV Contractors - LARGE BUSINESS (revenue $1M+, LargeBusinessLead) - all trades",Contractors HIGH-VALUE - hybrid Foxquilt/Hedge,6,2026-08-17,2026-08-25,True,0.0,0,https://www.cohesiveinsure.com/marketing-review/20260919/deep-scan/images/47e9d6a7b6f8aa8d.jpg,[],[],{}
120250674420930660,LBL - sv_fivefigure_paint,120250602165530660,120250674343900660,PAUSED,PAUSED,2026-08-17T11:55:57-0400,2026-08-26T18:37:04-0400,static image,Five-figure GL bill?,"The bigger the premium, the more shopping it moves the number. We just cut one contractor's GL from $26,000 to about $12,000 a year, same limits. Want a rate check?",,GET_QUOTE,https://www.cohesiveinsure.com/contractors,utm_source=facebook&utm_medium=paid&utm_campaign={{campaign.name}}&utm_content={{ad.name}}&utm_term={{adset.name}}&ad_id={{ad.id}}&adset_id={{adset.id}},Legacy/site route; see destination,Not specified in ad URL,,images/daaac0001e8b4cd5.jpg,37817928804488050,2.74,91,1,30.11,1.099,2.74,0,0,,0,,,,Retained HIGH-VALUE,2026-08-13 to 2026-09-18,0.02,0.11,Delivery without confirmed completion,"S: sessions only since Sep12 01:50 ET; F: starts not historically recorded; C: reconciled completed intakes, including returns",AD,"HV Contractors - LARGE BUSINESS (revenue $1M+, LargeBusinessLead) - all trades",Contractors HIGH-VALUE - hybrid Foxquilt/Hedge,4,2026-08-17,2026-08-26,True,0.0,0,https://www.cohesiveinsure.com/marketing-review/20260919/deep-scan/images/daaac0001e8b4cd5.jpg,"[{""action_type"": ""link_click"", ""value"": ""1""}, {""action_type"": ""post_engagement"", ""value"": ""1""}, {""action_type"": ""page_engagement"", ""value"": ""1""}]",[],{}
120250674363950660,LBL - sv_fivefigure_roof,120250602165530660,120250674343900660,PAUSED,PAUSED,2026-08-17T11:54:09-0400,2026-08-26T18:36:49-0400,static image,Five-figure GL bill?,"The bigger the premium, the more shopping it moves the number. We just cut one contractor's GL from $26,000 to about $12,000 a year, same limits. Want a rate check?",,GET_QUOTE,https://www.cohesiveinsure.com/contractors,utm_source=facebook&utm_medium=paid&utm_campaign={{campaign.name}}&utm_content={{ad.name}}&utm_term={{adset.name}}&ad_id={{ad.id}}&adset_id={{adset.id}},Legacy/site route; see destination,Not specified in ad URL,,images/dff5f97e62a06e89.jpg,1375477324674450,2.58,186,1,13.87,0.538,2.58,0,0,,0,,,,Retained HIGH-VALUE,2026-08-13 to 2026-09-18,0.02,0.1,Delivery without confirmed completion,"S: sessions only since Sep12 01:50 ET; F: starts not historically recorded; C: reconciled completed intakes, including returns",AD,"HV Contractors - LARGE BUSINESS (revenue $1M+, LargeBusinessLead) - all trades",Contractors HIGH-VALUE - hybrid Foxquilt/Hedge,6,2026-08-17,2026-08-26,True,0.0,0,https://www.cohesiveinsure.com/marketing-review/20260919/deep-scan/images/dff5f97e62a06e89.jpg,"[{""action_type"": ""link_click"", ""value"": ""1""}, {""action_type"": ""landing_page_view"", ""value"": ""1""}, {""action_type"": ""omni_landing_page_view"", ""value"": ""1""}, {""action_type"": ""post_engagement"", ""value"": ""1""}, {""action_type"": ""page_engagement"", ""value"": ""1""}]",[],{}
120250674433750660,LBL - sv_saved14k_roof,120250602165530660,120250674343900660,PAUSED,PAUSED,2026-08-17T11:56:24-0400,2026-08-26T18:37:07-0400,static image,"We cut one contractor's GL by $14,000 a year","One contractor was paying $26,000 a year. We requoted the same $1M/$2M limits at about $12,000 by using AI to shop carriers most local agents can't access. Want us to run yours?",,GET_QUOTE,https://www.cohesiveinsure.com/contractors,utm_source=facebook&utm_medium=paid&utm_campaign={{campaign.name}}&utm_content={{ad.name}}&utm_term={{adset.name}}&ad_id={{ad.id}}&adset_id={{adset.id}},Legacy/site route; see destination,Not specified in ad URL,,images/9d166ff874ea1f7f.jpg,1564224815081397,2.26,55,1,41.09,1.818,2.26,0,0,,0,,,,Retained HIGH-VALUE,2026-08-13 to 2026-09-18,0.02,0.09,Delivery without confirmed completion,"S: sessions only since Sep12 01:50 ET; F: starts not historically recorded; C: reconciled completed intakes, including returns",AD,"HV Contractors - LARGE BUSINESS (revenue $1M+, LargeBusinessLead) - all trades",Contractors HIGH-VALUE - hybrid Foxquilt/Hedge,5,2026-08-17,2026-08-25,True,0.0,0,https://www.cohesiveinsure.com/marketing-review/20260919/deep-scan/images/9d166ff874ea1f7f.jpg,"[{""action_type"": ""link_click"", ""value"": ""1""}, {""action_type"": ""landing_page_view"", ""value"": ""1""}, {""action_type"": ""omni_landing_page_view"", ""value"": ""1""}, {""action_type"": ""post_engagement"", ""value"": ""1""}, {""action_type"": ""page_engagement"", ""value"": ""1""}]",[],{}
120250674419980660,LBL - sv_26to12_masonry,120250602165530660,120250674343900660,PAUSED,PAUSED,2026-08-17T11:55:54-0400,2026-08-26T18:36:44-0400,static image,From $26K a year down to $12K,"That's a real quote we ran last week for a Texas remodeling + roofing contractor. Same $1M/$2M limits. The bigger the GL bill, the more room there is to cut. Want us to check yours?",,GET_QUOTE,https://www.cohesiveinsure.com/contractors,utm_source=facebook&utm_medium=paid&utm_campaign={{campaign.name}}&utm_content={{ad.name}}&utm_term={{adset.name}}&ad_id={{ad.id}}&adset_id={{adset.id}},Legacy/site route; see destination,Not specified in ad URL,,images/bfc888d9402ac742.jpg,855055997557680,2.06,67,0,30.75,0.0,,0,0,,0,,,,Retained HIGH-VALUE,2026-08-13 to 2026-09-18,0.02,0.08,Delivery without confirmed completion,"S: sessions only since Sep12 01:50 ET; F: starts not historically recorded; C: reconciled completed intakes, including returns",AD,"HV Contractors - LARGE BUSINESS (revenue $1M+, LargeBusinessLead) - all trades",Contractors HIGH-VALUE - hybrid Foxquilt/Hedge,6,2026-08-17,2026-08-26,True,0.0,0,https://www.cohesiveinsure.com/marketing-review/20260919/deep-scan/images/bfc888d9402ac742.jpg,[],[],{}
120251182364940660,CT Native Voice 20260918 | gc-coverage_gap,120250602165530660,120250674343900660,ACTIVE,ACTIVE,2026-09-18T17:38:36-0400,2026-09-18T17:44:29-0400,static image,Insurance for general contracting,"note to self as a gc: a sub's insurance certificate in my inbox isn't proof their cover is still current.

i'm checking the policy dates and confirming it's in force before the crew starts.",,GET_QUOTE,https://www.cohesiveinsure.com/contractors,utm_source=facebook&utm_medium=paid&utm_campaign={{campaign.name}}&utm_content={{ad.name}}&utm_term={{adset.name}}&ad_id={{ad.id}}&adset_id={{adset.id}},Legacy/site route; see destination,Not specified in ad URL,,images/d9db9b2145fa652a.jpg,1389573196664873,2.03,45,0,45.11,0.0,,0,0,,0,,,,Retained HIGH-VALUE,2026-08-13 to 2026-09-18,0.02,0.08,Delivery without confirmed completion,"S: sessions only since Sep12 01:50 ET; F: starts not historically recorded; C: reconciled completed intakes, including returns",AD,"HV Contractors - LARGE BUSINESS (revenue $1M+, LargeBusinessLead) - all trades",Contractors HIGH-VALUE - hybrid Foxquilt/Hedge,1,2026-09-18,2026-09-18,True,8.81,151,https://www.cohesiveinsure.com/marketing-review/20260919/deep-scan/images/d9db9b2145fa652a.jpg,[],[],{}
120250674414990660,LBL - sv_26to12_remodel,120250602165530660,120250674343900660,PAUSED,PAUSED,2026-08-17T11:55:41-0400,2026-08-26T18:36:53-0400,static image,From $26K a year down to $12K,"That's a real quote we ran last week for a Texas remodeling + roofing contractor. Same $1M/$2M limits. The bigger the GL bill, the more room there is to cut. Want us to check yours?",,GET_QUOTE,https://www.cohesiveinsure.com/contractors,utm_source=facebook&utm_medium=paid&utm_campaign={{campaign.name}}&utm_content={{ad.name}}&utm_term={{adset.name}}&ad_id={{ad.id}}&adset_id={{adset.id}},Legacy/site route; see destination,Not specified in ad URL,,images/d4edc5c2cde7dc81.jpg,1079250188116134,2.02,56,0,36.07,0.0,,0,0,,0,,,,Retained HIGH-VALUE,2026-08-13 to 2026-09-18,0.02,0.08,Delivery without confirmed completion,"S: sessions only since Sep12 01:50 ET; F: starts not historically recorded; C: reconciled completed intakes, including returns",AD,"HV Contractors - LARGE BUSINESS (revenue $1M+, LargeBusinessLead) - all trades",Contractors HIGH-VALUE - hybrid Foxquilt/Hedge,5,2026-08-17,2026-08-26,True,0.0,0,https://www.cohesiveinsure.com/marketing-review/20260919/deep-scan/images/d4edc5c2cde7dc81.jpg,[],[],{}
120250674360880660,LBL - sv_premium20k_roof,120250602165530660,120250674343900660,PAUSED,PAUSED,2026-08-17T11:54:06-0400,2026-08-26T18:36:54-0400,static image,"Paying $20,000+ a year for GL?","We recently took a $2M contractor from $26,000 a year to about $12,000 - same $1M/$2M limits, by using AI to shop carriers most local agents can't access. If your GL bill is five figures, want us to check it?",,GET_QUOTE,https://www.cohesiveinsure.com/contractors,utm_source=facebook&utm_medium=paid&utm_campaign={{campaign.name}}&utm_content={{ad.name}}&utm_term={{adset.name}}&ad_id={{ad.id}}&adset_id={{adset.id}},Legacy/site route; see destination,Not specified in ad URL,,images/ca2044130f434728.jpg,1793533152411619,0.89,31,0,28.71,0.0,,0,0,,0,,,,Retained HIGH-VALUE,2026-08-13 to 2026-09-18,0.01,0.04,Delivery without confirmed completion,"S: sessions only since Sep12 01:50 ET; F: starts not historically recorded; C: reconciled completed intakes, including returns",AD,"HV Contractors - LARGE BUSINESS (revenue $1M+, LargeBusinessLead) - all trades",Contractors HIGH-VALUE - hybrid Foxquilt/Hedge,6,2026-08-17,2026-08-26,True,0.0,0,https://www.cohesiveinsure.com/marketing-review/20260919/deep-scan/images/ca2044130f434728.jpg,[],[],{}
120250674366650660,LBL - roof_argc_story,120250602165530660,120250674343900660,PAUSED,PAUSED,2026-08-17T11:54:12-0400,2026-08-26T18:36:23-0400,static image,Roofer paying five figures for GL?,"We just moved a $2M roofing and remodel contractor from $26,150 a year down to $12,346 - same $1M/$2M limits, bound in days. We use AI to automatically shop your GL across every roofing market at once, and a licensed agent reviews everything. When does your policy renew?",,GET_QUOTE,https://www.cohesiveinsure.com/contractors,utm_source=facebook&utm_medium=paid&utm_campaign={{campaign.name}}&utm_content={{ad.name}}&utm_term={{adset.name}}&ad_id={{ad.id}}&adset_id={{adset.id}},Legacy/site route; see destination,Not specified in ad URL,,images/00e55645e2ffadc6.jpg,924573287363352,0.77,23,0,33.48,0.0,,0,0,,0,,,,Retained HIGH-VALUE,2026-08-13 to 2026-09-18,0.01,0.03,Delivery without confirmed completion,"S: sessions only since Sep12 01:50 ET; F: starts not historically recorded; C: reconciled completed intakes, including returns",AD,"HV Contractors - LARGE BUSINESS (revenue $1M+, LargeBusinessLead) - all trades",Contractors HIGH-VALUE - hybrid Foxquilt/Hedge,3,2026-08-17,2026-08-19,True,0.0,0,https://www.cohesiveinsure.com/marketing-review/20260919/deep-scan/images/00e55645e2ffadc6.jpg,[],[],{}
120250674423310660,LBL - sv_26to12_paint,120250602165530660,120250674343900660,PAUSED,PAUSED,2026-08-17T11:56:04-0400,2026-08-26T18:36:55-0400,static image,From $26K a year down to $12K,"That's a real quote we ran last week for a Texas remodeling + roofing contractor. Same $1M/$2M limits. The bigger the GL bill, the more room there is to cut. Want us to check yours?",,GET_QUOTE,https://www.cohesiveinsure.com/contractors,utm_source=facebook&utm_medium=paid&utm_campaign={{campaign.name}}&utm_content={{ad.name}}&utm_term={{adset.name}}&ad_id={{ad.id}}&adset_id={{adset.id}},Legacy/site route; see destination,Not specified in ad URL,,images/0b5bf901505c1d57.jpg,1944859602861783,0.74,7,0,105.71,0.0,,0,0,,0,,,,Retained HIGH-VALUE,2026-08-13 to 2026-09-18,0.01,0.03,Delivery without confirmed completion,"S: sessions only since Sep12 01:50 ET; F: starts not historically recorded; C: reconciled completed intakes, including returns",AD,"HV Contractors - LARGE BUSINESS (revenue $1M+, LargeBusinessLead) - all trades",Contractors HIGH-VALUE - hybrid Foxquilt/Hedge,3,2026-08-17,2026-08-21,True,0.0,0,https://www.cohesiveinsure.com/marketing-review/20260919/deep-scan/images/0b5bf901505c1d57.jpg,[],[],{}
120250674351650660,LBL - roofing_crews,120250602165530660,120250674343900660,PAUSED,PAUSED,2026-08-17T11:53:51-0400,2026-08-26T18:36:31-0400,static image,GL for roofing crews,"If you run roofing crews, GL is one of your biggest bills - and most brokers only check one or two carriers. We use AI to automatically shop every roofing market at the same time and come back with real numbers, usually within a day. One roofing shop went from $26K to $12K. Worth a quick rate check?",,GET_QUOTE,https://www.cohesiveinsure.com/contractors,utm_source=facebook&utm_medium=paid&utm_campaign={{campaign.name}}&utm_content={{ad.name}}&utm_term={{adset.name}}&ad_id={{ad.id}}&adset_id={{adset.id}},Legacy/site route; see destination,Not specified in ad URL,,images/00e55645e2ffadc6.jpg,1747531439711665,0.48,21,0,22.86,0.0,,0,0,,0,,,,Retained HIGH-VALUE,2026-08-13 to 2026-09-18,0.0,0.02,Delivery without confirmed completion,"S: sessions only since Sep12 01:50 ET; F: starts not historically recorded; C: reconciled completed intakes, including returns",AD,"HV Contractors - LARGE BUSINESS (revenue $1M+, LargeBusinessLead) - all trades",Contractors HIGH-VALUE - hybrid Foxquilt/Hedge,5,2026-08-17,2026-08-26,True,0.0,0,https://www.cohesiveinsure.com/marketing-review/20260919/deep-scan/images/00e55645e2ffadc6.jpg,[],[],{}
120250729050320660,TREE - tree_callout (restart 8/20),120250602165530660,120250729044840660,ACTIVE,ADSET_PAUSED,2026-08-20T19:21:08-0400,2026-08-20T19:23:43-0400,static image,General liability for tree services,"Tree work GL is one of the hardest classes to place - and one of the most overpriced. We use AI to shop it and find you a better rate, reviewed by a licensed agent. Want yours checked?",,GET_QUOTE,https://www.cohesiveinsure.com/contractors,,Legacy/site route; see destination,Not specified in ad URL,,images/7af3e1eafd9d45b4.jpg,2844589409272982,1264.99,53529,567,23.63,1.059,2.23,41,41,,0,30.85,30.85,,Retained HIGH-VALUE,2026-08-13 to 2026-09-18,10.07,100.0,Confirmed completed intake,"S: sessions only since Sep12 01:50 ET; F: starts not historically recorded; C: reconciled completed intakes, including returns",AD,HV Contractors - TREE SERVICE (LeadUrgentQuoted) - $100/day,Contractors HIGH-VALUE - hybrid Foxquilt/Hedge,14,2026-08-20,2026-09-02,True,0.0,0,https://www.cohesiveinsure.com/marketing-review/20260919/deep-scan/images/7af3e1eafd9d45b4.jpg,"[{""action_type"": ""link_click"", ""value"": ""567""}, {""action_type"": ""offsite_conversion.fb_pixel_custom"", ""value"": ""24""}, {""action_type"": ""post_reaction"", ""value"": ""30""}, {""action_type"": ""landing_page_view"", ""value"": ""500""}, {""action_type"": ""onsite_web_lead"", ""value"": ""43""}, {""action_type"": ""omni_landing_page_view"", ""value"": ""500""}, {""action_type"": ""onsite_conversion.total_messaging_connection"", ""value"": ""1""}, {""action_type"": ""onsite_conversion.post_unlike"", ""value"": ""1""}, {""action_type"": ""post_engagement"", ""value"": ""655""}, {""action_type"": ""post_interaction_gross"", ""value"": ""88""}, {""action_type"": ""comment"", ""value"": ""27""}, {""action_type"": ""page_engagement"", ""value"": ""655""}, {""action_type"": ""post_interaction_net"", ""value"": ""90""}, {""action_type"": ""post_uncomment"", ""value"": ""1""}, {""action_type"": ""onsite_conversion.messaging_first_reply"", ""value"": ""1""}, {""action_type"": ""post"", ""value"": ""17""}, {""action_type"": ""onsite_conversion.post_save"", ""value"": ""14""}, {""action_type"": ""onsite_conversion.post_net_comment"", ""value"": ""28""}, {""action_type"": ""onsite_conversion.post_net_save"", ""value"": ""14""}, {""action_type"": ""onsite_conversion.post_net_like"", ""value"": ""29""}, {""action_type"": ""lead"", ""value"": ""43""}, {""action_type"": ""onsite_conversion.messaging_conversation_started_7d"", ""value"": ""1""}, {""action_type"": ""custom_event_actions_add_20_s_calls"", ""value"": ""24""}, {""action_type"": ""offsite_conversion.fb_pixel_lead"", ""value"": ""43""}, {""action_type"": ""offsite_lead_add_20_s_calls"", ""value"": ""43""}]","[{""action_type"": ""offsite_conversion.fb_pixel_custom.LeadUrgentQuoted"", ""value"": ""22""}, {""action_type"": ""offsite_conversion.fb_pixel_custom.LargeBusinessLead"", ""value"": ""1""}, {""action_type"": ""offsite_conversion.fb_pixel_custom.QualifiedLead"", ""value"": ""1""}]",{}
120250893048720660,2026-09-02 - contractor:pool,120250602165530660,120250893032620660,ACTIVE,ADSET_PAUSED,2026-09-02T23:19:45-0400,2026-09-02T23:22:59-0400,static image,See what pool-builder liability could cost,"One pool builder we quoted went from $19,000 a year to $8,000.

Pool construction is priced very differently across carriers. Compare your current rate with markets that want the work.",,GET_QUOTE,https://www.cohesiveinsure.com/contractors,utm_source=facebook&utm_medium=paid&utm_campaign={{campaign.name}}&utm_content={{ad.name}}&utm_term={{adset.name}}&ad_id={{ad.id}}&adset_id={{adset.id}},Legacy/site route; see destination,Not specified in ad URL,,images/2065c926331eee6e.jpg,2479896326163139,257.67,6144,32,41.94,0.521,8.05,1,1,,0,257.67,257.67,,Retained HIGH-VALUE,2026-08-13 to 2026-09-18,2.05,100.0,Confirmed completed intake,"S: sessions only since Sep12 01:50 ET; F: starts not historically recorded; C: reconciled completed intakes, including returns",AD,HV Contractors - POOL BUILDER proof - LeadUrgentQuoted,Contractors HIGH-VALUE - hybrid Foxquilt/Hedge,7,2026-09-03,2026-09-09,True,0.0,0,https://www.cohesiveinsure.com/marketing-review/20260919/deep-scan/images/2065c926331eee6e.jpg,"[{""action_type"": ""link_click"", ""value"": ""32""}, {""action_type"": ""offsite_conversion.fb_pixel_custom"", ""value"": ""2""}, {""action_type"": ""post_reaction"", ""value"": ""2""}, {""action_type"": ""landing_page_view"", ""value"": ""28""}, {""action_type"": ""onsite_web_lead"", ""value"": ""2""}, {""action_type"": ""omni_landing_page_view"", ""value"": ""28""}, {""action_type"": ""post_engagement"", ""value"": ""34""}, {""action_type"": ""post_interaction_gross"", ""value"": ""2""}, {""action_type"": ""page_engagement"", ""value"": ""34""}, {""action_type"": ""post_interaction_net"", ""value"": ""2""}, {""action_type"": ""onsite_conversion.post_net_like"", ""value"": ""2""}, {""action_type"": ""lead"", ""value"": ""2""}, {""action_type"": ""custom_event_actions_add_20_s_calls"", ""value"": ""2""}, {""action_type"": ""offsite_conversion.fb_pixel_lead"", ""value"": ""2""}, {""action_type"": ""offsite_lead_add_20_s_calls"", ""value"": ""2""}]","[{""action_type"": ""offsite_conversion.fb_pixel_custom.QualifiedLead"", ""value"": ""1""}, {""action_type"": ""offsite_conversion.fb_pixel_custom.LargeBusinessLead"", ""value"": ""1""}]",{}
120250893044620660,2026-09-02 - contractor:gc,120250602165530660,120250893032970660,ACTIVE,ADSET_PAUSED,2026-09-02T23:19:33-0400,2026-09-02T23:22:23-0400,static image,See what your GC liability could cost,"One general contractor we quoted went from $35,000 a year to $22,000.

If you run crews and subcontractors, see what a quote built around your operation could cost.",,GET_QUOTE,https://www.cohesiveinsure.com/contractors,utm_source=facebook&utm_medium=paid&utm_campaign={{campaign.name}}&utm_content={{ad.name}}&utm_term={{adset.name}}&ad_id={{ad.id}}&adset_id={{adset.id}},Legacy/site route; see destination,Not specified in ad URL,,images/b44d12bec61ce3f9.jpg,1046491611481348,186.31,1718,7,108.45,0.407,26.62,1,1,,0,186.31,186.31,,Retained HIGH-VALUE,2026-08-13 to 2026-09-18,1.48,100.0,Confirmed completed intake,"S: sessions only since Sep12 01:50 ET; F: starts not historically recorded; C: reconciled completed intakes, including returns",AD,HV Contractors - GENERAL CONTRACTOR proof - LeadUrgentQuoted,Contractors HIGH-VALUE - hybrid Foxquilt/Hedge,6,2026-09-03,2026-09-08,True,0.0,0,https://www.cohesiveinsure.com/marketing-review/20260919/deep-scan/images/b44d12bec61ce3f9.jpg,"[{""action_type"": ""link_click"", ""value"": ""7""}, {""action_type"": ""post_reaction"", ""value"": ""3""}, {""action_type"": ""landing_page_view"", ""value"": ""5""}, {""action_type"": ""onsite_web_lead"", ""value"": ""1""}, {""action_type"": ""omni_landing_page_view"", ""value"": ""5""}, {""action_type"": ""post_engagement"", ""value"": ""11""}, {""action_type"": ""post_interaction_gross"", ""value"": ""4""}, {""action_type"": ""page_engagement"", ""value"": ""11""}, {""action_type"": ""post_interaction_net"", ""value"": ""4""}, {""action_type"": ""onsite_conversion.post_save"", ""value"": ""1""}, {""action_type"": ""onsite_conversion.post_net_save"", ""value"": ""1""}, {""action_type"": ""onsite_conversion.post_net_like"", ""value"": ""3""}, {""action_type"": ""lead"", ""value"": ""1""}, {""action_type"": ""offsite_conversion.fb_pixel_lead"", ""value"": ""1""}, {""action_type"": ""offsite_lead_add_20_s_calls"", ""value"": ""1""}]",[],{}
120250893042460660,2026-09-02 - contractor:remodeler,120250602165530660,120250893034090660,ACTIVE,ADSET_PAUSED,2026-09-02T23:19:26-0400,2026-09-02T23:22:57-0400,static image,See what your general liability could cost,"One roofing and remodeling contractor was paying $26,150 a year for general liability. We moved the same $1M/$2M limits to $12,346.

If your liability bill is five figures, see whether we can improve your current rate.",,GET_QUOTE,https://www.cohesiveinsure.com/contractors,utm_source=facebook&utm_medium=paid&utm_campaign={{campaign.name}}&utm_content={{ad.name}}&utm_term={{adset.name}}&ad_id={{ad.id}}&adset_id={{adset.id}},Legacy/site route; see destination,Not specified in ad URL,,images/344dceb78bcbbcb0.jpg,1081636857936238,213.3,1956,13,109.05,0.665,16.41,2,2,,0,106.65,106.65,,Retained HIGH-VALUE,2026-08-13 to 2026-09-18,1.7,100.0,Confirmed completed intake,"S: sessions only since Sep12 01:50 ET; F: starts not historically recorded; C: reconciled completed intakes, including returns",AD,HV Contractors - REMODELER proof - LeadUrgentQuoted,Contractors HIGH-VALUE - hybrid Foxquilt/Hedge,7,2026-09-03,2026-09-09,True,0.0,0,https://www.cohesiveinsure.com/marketing-review/20260919/deep-scan/images/344dceb78bcbbcb0.jpg,"[{""action_type"": ""link_click"", ""value"": ""13""}, {""action_type"": ""offsite_conversion.fb_pixel_custom"", ""value"": ""2""}, {""action_type"": ""post_reaction"", ""value"": ""1""}, {""action_type"": ""landing_page_view"", ""value"": ""11""}, {""action_type"": ""onsite_web_lead"", ""value"": ""2""}, {""action_type"": ""omni_landing_page_view"", ""value"": ""11""}, {""action_type"": ""post_engagement"", ""value"": ""15""}, {""action_type"": ""post_interaction_gross"", ""value"": ""2""}, {""action_type"": ""comment"", ""value"": ""1""}, {""action_type"": ""page_engagement"", ""value"": ""15""}, {""action_type"": ""post_interaction_net"", ""value"": ""2""}, {""action_type"": ""onsite_conversion.post_net_comment"", ""value"": ""1""}, {""action_type"": ""onsite_conversion.post_net_like"", ""value"": ""1""}, {""action_type"": ""lead"", ""value"": ""2""}, {""action_type"": ""offsite_conversion.fb_pixel_lead"", ""value"": ""2""}, {""action_type"": ""offsite_lead_add_20_s_calls"", ""value"": ""2""}]","[{""action_type"": ""submit_application_total"", ""value"": ""2""}, {""action_type"": ""submit_application_website"", ""value"": ""2""}]",{}
120250893051390660,2026-09-02 - contractor:concrete,120250602165530660,120250893035640660,ACTIVE,ADSET_PAUSED,2026-09-02T23:19:50-0400,2026-09-02T23:24:48-0400,static image,General liability for concrete contractors,"Concrete contractors: flatwork, foundations and structural work are not priced the same. We shop general liability around the work you actually perform, along with payroll and subcontractor costs.

Get a rate check built around the work you actually perform.",,GET_QUOTE,https://www.cohesiveinsure.com/contractors,utm_source=facebook&utm_medium=paid&utm_campaign={{campaign.name}}&utm_content={{ad.name}}&utm_term={{adset.name}}&ad_id={{ad.id}}&adset_id={{adset.id}},Legacy/site route; see destination,Not specified in ad URL,,images/89f8bcc8e2b28fcc.jpg,1849052222742633,122.97,2807,9,43.81,0.321,13.66,0,0,,0,,,,Retained HIGH-VALUE,2026-08-13 to 2026-09-18,0.98,100.0,Delivery without confirmed completion,"S: sessions only since Sep12 01:50 ET; F: starts not historically recorded; C: reconciled completed intakes, including returns",AD,HV Contractors - CONCRETE test - LeadUrgentQuoted,Contractors HIGH-VALUE - hybrid Foxquilt/Hedge,7,2026-09-03,2026-09-09,True,0.0,0,https://www.cohesiveinsure.com/marketing-review/20260919/deep-scan/images/89f8bcc8e2b28fcc.jpg,"[{""action_type"": ""link_click"", ""value"": ""9""}, {""action_type"": ""landing_page_view"", ""value"": ""7""}, {""action_type"": ""omni_landing_page_view"", ""value"": ""7""}, {""action_type"": ""post_engagement"", ""value"": ""10""}, {""action_type"": ""post_interaction_gross"", ""value"": ""1""}, {""action_type"": ""page_engagement"", ""value"": ""10""}, {""action_type"": ""post_interaction_net"", ""value"": ""1""}, {""action_type"": ""post"", ""value"": ""1""}]",[],{}
120250893053810660,2026-09-02 - contractor:painting,120250602165530660,120250893036610660,ACTIVE,ADSET_PAUSED,2026-09-02T23:19:56-0400,2026-09-02T23:24:50-0400,static image,General liability for painting crews,"Commercial painting crew? Heights, interior versus exterior work, payroll and subcontractors can change your general liability options.

Compare general liability options around your actual operation.",,GET_QUOTE,https://www.cohesiveinsure.com/contractors,utm_source=facebook&utm_medium=paid&utm_campaign={{campaign.name}}&utm_content={{ad.name}}&utm_term={{adset.name}}&ad_id={{ad.id}}&adset_id={{adset.id}},Legacy/site route; see destination,Not specified in ad URL,,images/7a20d0fbe589944e.jpg,2595714837552228,119.83,3042,17,39.39,0.559,7.05,0,0,,0,,,,Retained HIGH-VALUE,2026-08-13 to 2026-09-18,0.95,100.0,Delivery without confirmed completion,"S: sessions only since Sep12 01:50 ET; F: starts not historically recorded; C: reconciled completed intakes, including returns",AD,HV Contractors - PAINTING test - LeadUrgentQuoted,Contractors HIGH-VALUE - hybrid Foxquilt/Hedge,7,2026-09-03,2026-09-09,True,0.0,0,https://www.cohesiveinsure.com/marketing-review/20260919/deep-scan/images/7a20d0fbe589944e.jpg,"[{""action_type"": ""link_click"", ""value"": ""17""}, {""action_type"": ""landing_page_view"", ""value"": ""15""}, {""action_type"": ""omni_landing_page_view"", ""value"": ""15""}, {""action_type"": ""post_engagement"", ""value"": ""18""}, {""action_type"": ""post_interaction_gross"", ""value"": ""1""}, {""action_type"": ""comment"", ""value"": ""1""}, {""action_type"": ""page_engagement"", ""value"": ""18""}, {""action_type"": ""post_interaction_net"", ""value"": ""1""}, {""action_type"": ""onsite_conversion.post_net_comment"", ""value"": ""1""}]",[],{}
120250893055820660,2026-09-02 - contractor:welding,120250602165530660,120250893037930660,ACTIVE,ADSET_PAUSED,2026-09-02T23:20:02-0400,2026-09-02T23:27:03-0400,static image,General liability for welding and fabrication,"Shop work and field installation are priced differently. Tell us what you fabricate and where you install it, and we'll compare general liability options built for your operation.",,GET_QUOTE,https://www.cohesiveinsure.com/contractors,utm_source=facebook&utm_medium=paid&utm_campaign={{campaign.name}}&utm_content={{ad.name}}&utm_term={{adset.name}}&ad_id={{ad.id}}&adset_id={{adset.id}},Legacy/site route; see destination,Not specified in ad URL,,images/7f8efc9071e08cb0.jpg,1940530040245848,193.94,4207,26,46.1,0.618,7.46,2,2,,0,96.97,96.97,,Retained HIGH-VALUE,2026-08-13 to 2026-09-18,1.54,100.0,Confirmed completed intake,"S: sessions only since Sep12 01:50 ET; F: starts not historically recorded; C: reconciled completed intakes, including returns",AD,HV Contractors - WELDING test - LeadUrgentQuoted,Contractors HIGH-VALUE - hybrid Foxquilt/Hedge,10,2026-09-03,2026-09-12,True,0.0,0,https://www.cohesiveinsure.com/marketing-review/20260919/deep-scan/images/7f8efc9071e08cb0.jpg,"[{""action_type"": ""link_click"", ""value"": ""26""}, {""action_type"": ""offsite_conversion.fb_pixel_custom"", ""value"": ""2""}, {""action_type"": ""post_reaction"", ""value"": ""2""}, {""action_type"": ""landing_page_view"", ""value"": ""23""}, {""action_type"": ""onsite_web_lead"", ""value"": ""3""}, {""action_type"": ""omni_landing_page_view"", ""value"": ""23""}, {""action_type"": ""post_engagement"", ""value"": ""31""}, {""action_type"": ""post_interaction_gross"", ""value"": ""5""}, {""action_type"": ""page_engagement"", ""value"": ""31""}, {""action_type"": ""post_interaction_net"", ""value"": ""5""}, {""action_type"": ""post"", ""value"": ""2""}, {""action_type"": ""onsite_conversion.post_save"", ""value"": ""1""}, {""action_type"": ""onsite_conversion.post_net_save"", ""value"": ""1""}, {""action_type"": ""onsite_conversion.post_net_like"", ""value"": ""2""}, {""action_type"": ""lead"", ""value"": ""3""}, {""action_type"": ""custom_event_actions_add_20_s_calls"", ""value"": ""2""}, {""action_type"": ""offsite_conversion.fb_pixel_lead"", ""value"": ""3""}, {""action_type"": ""offsite_lead_add_20_s_calls"", ""value"": ""3""}]","[{""action_type"": ""offsite_conversion.fb_pixel_custom.LeadUrgentQuoted"", ""value"": ""2""}]",{}
120250893057510660,2026-09-02 - contractor:waterproofing,120250602165530660,120250893038470660,ACTIVE,ADSET_PAUSED,2026-09-02T23:20:09-0400,2026-09-02T23:24:58-0400,static image,General liability for waterproofing contractors,"Waterproofing general liability can be hard to place when the work involves roofs, foundations or below-grade applications.

See what options are available for the work you actually do.",,GET_QUOTE,https://www.cohesiveinsure.com/contractors,utm_source=facebook&utm_medium=paid&utm_campaign={{campaign.name}}&utm_content={{ad.name}}&utm_term={{adset.name}}&ad_id={{ad.id}}&adset_id={{adset.id}},Legacy/site route; see destination,Not specified in ad URL,,images/8adfb00e33b8c6b0.jpg,1045460811621452,112.42,2611,10,43.06,0.383,11.24,0,0,,0,,,,Retained HIGH-VALUE,2026-08-13 to 2026-09-18,0.89,100.0,Delivery without confirmed completion,"S: sessions only since Sep12 01:50 ET; F: starts not historically recorded; C: reconciled completed intakes, including returns",AD,HV Contractors - WATERPROOFING test - LeadUrgentQuoted,Contractors HIGH-VALUE - hybrid Foxquilt/Hedge,7,2026-09-03,2026-09-09,True,0.0,0,https://www.cohesiveinsure.com/marketing-review/20260919/deep-scan/images/8adfb00e33b8c6b0.jpg,"[{""action_type"": ""link_click"", ""value"": ""10""}, {""action_type"": ""landing_page_view"", ""value"": ""10""}, {""action_type"": ""omni_landing_page_view"", ""value"": ""10""}, {""action_type"": ""post_engagement"", ""value"": ""11""}, {""action_type"": ""post_interaction_gross"", ""value"": ""1""}, {""action_type"": ""page_engagement"", ""value"": ""11""}, {""action_type"": ""post_interaction_net"", ""value"": ""1""}, {""action_type"": ""post"", ""value"": ""1""}]",[],{}
120250893059540660,2026-09-02 - contractor:siding,120250602165530660,120250893040020660,ACTIVE,ADSET_PAUSED,2026-09-02T23:20:15-0400,2026-09-02T23:28:49-0400,static image,General liability for siding and gutter contractors,"Siding and gutter crews: height, roofing exposure, payroll and subcontractor costs can move your general liability rate.

Compare your current rate before your next renewal.",,GET_QUOTE,https://www.cohesiveinsure.com/contractors,utm_source=facebook&utm_medium=paid&utm_campaign={{campaign.name}}&utm_content={{ad.name}}&utm_term={{adset.name}}&ad_id={{ad.id}}&adset_id={{adset.id}},Legacy/site route; see destination,Not specified in ad URL,,images/45838d8418260e33.jpg,1468961148444264,120.55,4122,23,29.25,0.558,5.24,1,1,,0,120.55,120.55,,Retained HIGH-VALUE,2026-08-13 to 2026-09-18,0.96,100.0,Confirmed completed intake,"S: sessions only since Sep12 01:50 ET; F: starts not historically recorded; C: reconciled completed intakes, including returns",AD,HV Contractors - SIDING GUTTERS test - LeadUrgentQuoted,Contractors HIGH-VALUE - hybrid Foxquilt/Hedge,7,2026-09-03,2026-09-09,True,0.0,0,https://www.cohesiveinsure.com/marketing-review/20260919/deep-scan/images/45838d8418260e33.jpg,"[{""action_type"": ""link_click"", ""value"": ""23""}, {""action_type"": ""post_reaction"", ""value"": ""1""}, {""action_type"": ""landing_page_view"", ""value"": ""17""}, {""action_type"": ""onsite_web_lead"", ""value"": ""1""}, {""action_type"": ""omni_landing_page_view"", ""value"": ""17""}, {""action_type"": ""post_engagement"", ""value"": ""24""}, {""action_type"": ""post_interaction_gross"", ""value"": ""1""}, {""action_type"": ""page_engagement"", ""value"": ""24""}, {""action_type"": ""post_interaction_net"", ""value"": ""1""}, {""action_type"": ""onsite_conversion.post_net_like"", ""value"": ""1""}, {""action_type"": ""lead"", ""value"": ""1""}, {""action_type"": ""offsite_conversion.fb_pixel_lead"", ""value"": ""1""}, {""action_type"": ""offsite_lead_add_20_s_calls"", ""value"": ""1""}]",[],{}
120251054457880660,2026-09-10 - POOL - generic-text - residential v1,120250602165530660,120251012009570660,ACTIVE,ADSET_PAUSED,2026-09-10T20:11:12-0400,2026-09-10T20:14:38-0400,static image,Get a pool-builder insurance quote,"Build in-ground pools? You might be overpaying on insurance.

We shop general liability with markets that write pool construction. Tell us what you build, your payroll and what you spend on subs.

Get a quote and compare your current rate.",,GET_QUOTE,https://www.cohesiveinsure.com/contractors,utm_source=facebook&utm_medium=paid&utm_campaign={{campaign.name}}&utm_content={{ad.name}}&utm_term={{adset.name}}&ad_id={{ad.id}}&adset_id={{adset.id}},Legacy/site route; see destination,Not specified in ad URL,,images/c6c50f60337f9e13.jpg,1378867771034706,723.53,16170,78,44.75,0.482,9.28,1,1,,61,723.53,723.53,,Retained HIGH-VALUE,2026-08-13 to 2026-09-18,5.76,35.34,Confirmed completed intake,"S: sessions only since Sep12 01:50 ET; F: starts not historically recorded; C: reconciled completed intakes, including returns",AD,2026-09-09 - POOL - submitted LEAD test,Contractors HIGH-VALUE - hybrid Foxquilt/Hedge,9,2026-09-10,2026-09-18,True,0.0,0,https://www.cohesiveinsure.com/marketing-review/20260919/deep-scan/images/c6c50f60337f9e13.jpg,"[{""action_type"": ""link_click"", ""value"": ""78""}, {""action_type"": ""post_reaction"", ""value"": ""5""}, {""action_type"": ""landing_page_view"", ""value"": ""70""}, {""action_type"": ""onsite_web_lead"", ""value"": ""2""}, {""action_type"": ""omni_landing_page_view"", ""value"": ""70""}, {""action_type"": ""post_engagement"", ""value"": ""85""}, {""action_type"": ""post_interaction_gross"", ""value"": ""7""}, {""action_type"": ""page_engagement"", ""value"": ""85""}, {""action_type"": ""post_interaction_net"", ""value"": ""7""}, {""action_type"": ""post"", ""value"": ""1""}, {""action_type"": ""onsite_conversion.post_save"", ""value"": ""1""}, {""action_type"": ""onsite_conversion.post_net_save"", ""value"": ""1""}, {""action_type"": ""onsite_conversion.post_net_like"", ""value"": ""5""}, {""action_type"": ""lead"", ""value"": ""2""}, {""action_type"": ""offsite_conversion.fb_pixel_lead"", ""value"": ""2""}, {""action_type"": ""offsite_lead_add_20_s_calls"", ""value"": ""2""}]",[],{}
120251054458340660,2026-09-10 - POOL - savings-photo - residential v1,120250602165530660,120251012009570660,ACTIVE,ADSET_PAUSED,2026-09-10T20:11:17-0400,2026-09-10T20:15:31-0400,static image,Get a pool-builder insurance quote,"We helped a pool builder go from $19,000 to $8,000 a year on insurance.

If you build pools, send us your current policy. We can shop your rate too. Get a quote and see how much you could save.",,GET_QUOTE,https://www.cohesiveinsure.com/contractors,utm_source=facebook&utm_medium=paid&utm_campaign={{campaign.name}}&utm_content={{ad.name}}&utm_term={{adset.name}}&ad_id={{ad.id}}&adset_id={{adset.id}},Legacy/site route; see destination,Not specified in ad URL,,images/59422820407384f0.jpg,1304986288255292,524.94,13239,69,39.65,0.521,7.61,1,1,,28,524.94,524.94,,Retained HIGH-VALUE,2026-08-13 to 2026-09-18,4.18,25.64,Confirmed completed intake,"S: sessions only since Sep12 01:50 ET; F: starts not historically recorded; C: reconciled completed intakes, including returns",AD,2026-09-09 - POOL - submitted LEAD test,Contractors HIGH-VALUE - hybrid Foxquilt/Hedge,9,2026-09-10,2026-09-18,True,0.0,0,https://www.cohesiveinsure.com/marketing-review/20260919/deep-scan/images/59422820407384f0.jpg,"[{""action_type"": ""link_click"", ""value"": ""69""}, {""action_type"": ""offsite_conversion.fb_pixel_custom"", ""value"": ""2""}, {""action_type"": ""post_reaction"", ""value"": ""1""}, {""action_type"": ""landing_page_view"", ""value"": ""68""}, {""action_type"": ""onsite_web_lead"", ""value"": ""1""}, {""action_type"": ""omni_landing_page_view"", ""value"": ""68""}, {""action_type"": ""post_engagement"", ""value"": ""74""}, {""action_type"": ""post_interaction_gross"", ""value"": ""5""}, {""action_type"": ""page_engagement"", ""value"": ""74""}, {""action_type"": ""post_interaction_net"", ""value"": ""5""}, {""action_type"": ""post"", ""value"": ""2""}, {""action_type"": ""onsite_conversion.post_save"", ""value"": ""2""}, {""action_type"": ""onsite_conversion.post_net_save"", ""value"": ""2""}, {""action_type"": ""onsite_conversion.post_net_like"", ""value"": ""1""}, {""action_type"": ""lead"", ""value"": ""1""}, {""action_type"": ""custom_event_actions_add_20_s_calls"", ""value"": ""2""}, {""action_type"": ""offsite_conversion.fb_pixel_lead"", ""value"": ""1""}, {""action_type"": ""offsite_lead_add_20_s_calls"", ""value"": ""1""}]","[{""action_type"": ""offsite_conversion.fb_pixel_custom.QualifiedLead"", ""value"": ""1""}, {""action_type"": ""offsite_conversion.fb_pixel_custom.LargeBusinessLead"", ""value"": ""1""}]",{}
120251012014630660,2026-09-09 - pool-text - submitted Lead,120250602165530660,120251012009570660,ACTIVE,ADSET_PAUSED,2026-09-09T00:36:05-0400,2026-09-09T00:54:30-0400,static image,Get a pool-builder insurance quote,"We helped a pool builder go from $19,000 to $8,000 a year on insurance.

If you build pools, send us your current policy. We can shop your rate too. Get a quote and see how much you could save.",,GET_QUOTE,https://www.cohesiveinsure.com/contractors,utm_source=facebook&utm_medium=paid&utm_campaign={{campaign.name}}&utm_content={{ad.name}}&utm_term={{adset.name}}&ad_id={{ad.id}}&adset_id={{adset.id}},Legacy/site route; see destination,Not specified in ad URL,,images/a4a1901866791e21.jpg,1345600767645707,381.43,9220,68,41.37,0.738,5.61,1,0,,2,381.43,,,Retained HIGH-VALUE,2026-08-13 to 2026-09-18,3.04,18.63,Confirmed completed intake,"S: sessions only since Sep12 01:50 ET; F: starts not historically recorded; C: reconciled completed intakes, including returns",AD,2026-09-09 - POOL - submitted LEAD test,Contractors HIGH-VALUE - hybrid Foxquilt/Hedge,10,2026-09-09,2026-09-18,True,0.0,0,https://www.cohesiveinsure.com/marketing-review/20260919/deep-scan/images/a4a1901866791e21.jpg,"[{""action_type"": ""link_click"", ""value"": ""68""}, {""action_type"": ""post_reaction"", ""value"": ""3""}, {""action_type"": ""landing_page_view"", ""value"": ""62""}, {""action_type"": ""onsite_web_lead"", ""value"": ""1""}, {""action_type"": ""omni_landing_page_view"", ""value"": ""62""}, {""action_type"": ""post_engagement"", ""value"": ""72""}, {""action_type"": ""like"", ""value"": ""1""}, {""action_type"": ""post_interaction_gross"", ""value"": ""4""}, {""action_type"": ""comment"", ""value"": ""1""}, {""action_type"": ""page_engagement"", ""value"": ""73""}, {""action_type"": ""post_interaction_net"", ""value"": ""4""}, {""action_type"": ""onsite_conversion.post_net_comment"", ""value"": ""1""}, {""action_type"": ""onsite_conversion.post_net_like"", ""value"": ""3""}, {""action_type"": ""lead"", ""value"": ""1""}, {""action_type"": ""offsite_conversion.fb_pixel_lead"", ""value"": ""1""}, {""action_type"": ""offsite_lead_add_20_s_calls"", ""value"": ""1""}]",[],{}
120251150763880660,CT VALUE 20260917 | generic_pool | outcome-renewal,120250602165530660,120251012009570660,ACTIVE,ADSET_PAUSED,2026-09-16T23:08:30-0400,2026-09-16T23:12:34-0400,static image,Get a quote now before your next renewal,A $2M revenue contractor got covered for $4K - 57% below their prior premium,,GET_QUOTE,https://www.cohesiveinsure.com/contractors,utm_source=facebook&utm_medium=paid&utm_campaign={{campaign.name}}&utm_content={{ad.name}}&utm_term={{adset.name}}&ad_id={{ad.id}}&adset_id={{adset.id}},Legacy/site route; see destination,Not specified in ad URL,,images/049b91f609bb4be1.jpg,1976655093046234,346.15,3365,25,102.87,0.743,13.85,0,0,,23,,,,Retained HIGH-VALUE,2026-08-13 to 2026-09-18,2.75,16.91,Delivery without confirmed completion,"S: sessions only since Sep12 01:50 ET; F: starts not historically recorded; C: reconciled completed intakes, including returns",AD,2026-09-09 - POOL - submitted LEAD test,Contractors HIGH-VALUE - hybrid Foxquilt/Hedge,3,2026-09-16,2026-09-18,True,0.0,0,https://www.cohesiveinsure.com/marketing-review/20260919/deep-scan/images/049b91f609bb4be1.jpg,"[{""action_type"": ""link_click"", ""value"": ""25""}, {""action_type"": ""post_reaction"", ""value"": ""2""}, {""action_type"": ""landing_page_view"", ""value"": ""24""}, {""action_type"": ""omni_landing_page_view"", ""value"": ""24""}, {""action_type"": ""onsite_conversion.post_unlike"", ""value"": ""1""}, {""action_type"": ""post_engagement"", ""value"": ""29""}, {""action_type"": ""post_interaction_gross"", ""value"": ""4""}, {""action_type"": ""page_engagement"", ""value"": ""29""}, {""action_type"": ""post_interaction_net"", ""value"": ""5""}, {""action_type"": ""onsite_conversion.post_save"", ""value"": ""2""}, {""action_type"": ""onsite_conversion.post_net_save"", ""value"": ""2""}, {""action_type"": ""onsite_conversion.post_net_like"", ""value"": ""1""}]",[],{}
120251149675830660,CT KPI 20260917 | generic_pool | primary_copy_v1,120250602165530660,120251012009570660,ACTIVE,ADSET_PAUSED,2026-09-16T20:53:05-0400,2026-09-16T20:57:55-0400,static image,Get a pool-builder insurance quote,Build in-ground pools? Compare insurance rates for your pool-construction business.,,GET_QUOTE,https://www.cohesiveinsure.com/contractors,utm_source=facebook&utm_medium=paid&utm_campaign={{campaign.name}}&utm_content={{ad.name}}&utm_term={{adset.name}}&ad_id={{ad.id}}&adset_id={{adset.id}},Legacy/site route; see destination,Not specified in ad URL,,images/c6c50f60337f9e13.jpg,3603360346478725,41.63,888,0,46.88,0.0,,0,0,,0,,,,Retained HIGH-VALUE,2026-08-13 to 2026-09-18,0.33,2.03,Delivery without confirmed completion,"S: sessions only since Sep12 01:50 ET; F: starts not historically recorded; C: reconciled completed intakes, including returns",AD,2026-09-09 - POOL - submitted LEAD test,Contractors HIGH-VALUE - hybrid Foxquilt/Hedge,3,2026-09-16,2026-09-18,True,0.0,0,https://www.cohesiveinsure.com/marketing-review/20260919/deep-scan/images/c6c50f60337f9e13.jpg,[],[],{}
120251054456910660,2026-09-10 - POOL - specialist - residential v1,120250602165530660,120251012009570660,ACTIVE,ADSET_PAUSED,2026-09-10T20:11:06-0400,2026-09-10T20:14:47-0400,static image,Get a pool-builder insurance quote,"Build in-ground pools? You might be overpaying on insurance.

We shop general liability with markets that write pool construction. Tell us what you build, your payroll and what you spend on subs.

Get a quote and compare your current rate.",,GET_QUOTE,https://www.cohesiveinsure.com/contractors,utm_source=facebook&utm_medium=paid&utm_campaign={{campaign.name}}&utm_content={{ad.name}}&utm_term={{adset.name}}&ad_id={{ad.id}}&adset_id={{adset.id}},Legacy/site route; see destination,Not specified in ad URL,,images/68c7ee91dcfd9f09.jpg,2354315932001737,14.03,347,1,40.43,0.288,14.03,0,0,,0,,,,Retained HIGH-VALUE,2026-08-13 to 2026-09-18,0.11,0.69,Delivery without confirmed completion,"S: sessions only since Sep12 01:50 ET; F: starts not historically recorded; C: reconciled completed intakes, including returns",AD,2026-09-09 - POOL - submitted LEAD test,Contractors HIGH-VALUE - hybrid Foxquilt/Hedge,8,2026-09-10,2026-09-18,True,0.0,0,https://www.cohesiveinsure.com/marketing-review/20260919/deep-scan/images/68c7ee91dcfd9f09.jpg,"[{""action_type"": ""link_click"", ""value"": ""1""}, {""action_type"": ""landing_page_view"", ""value"": ""1""}, {""action_type"": ""omni_landing_page_view"", ""value"": ""1""}, {""action_type"": ""post_engagement"", ""value"": ""1""}, {""action_type"": ""page_engagement"", ""value"": ""1""}]",[],{}
120251150835020660,CT MECHANISM 20260917 | generic-pool-exclusion,120250602165530660,120251012009570660,ACTIVE,ADSET_PAUSED,2026-09-16T23:17:34-0400,2026-09-16T23:26:01-0400,static image,Check your pool-construction coverage,"Building in-ground pools? Check that your insurance is written for construction, not just pool cleaning. Tell us about your pool-building work and get a quote before your next renewal.",,GET_QUOTE,https://www.cohesiveinsure.com/contractors,utm_source=facebook&utm_medium=paid&utm_campaign={{campaign.name}}&utm_content={{ad.name}}&utm_term={{adset.name}}&ad_id={{ad.id}}&adset_id={{adset.id}},Legacy/site route; see destination,Not specified in ad URL,,images/c6c50f60337f9e13.jpg,1080515837919150,10.92,185,1,59.03,0.541,10.92,0,0,,5,,,,Retained HIGH-VALUE,2026-08-13 to 2026-09-18,0.09,0.53,Delivery without confirmed completion,"S: sessions only since Sep12 01:50 ET; F: starts not historically recorded; C: reconciled completed intakes, including returns",AD,2026-09-09 - POOL - submitted LEAD test,Contractors HIGH-VALUE - hybrid Foxquilt/Hedge,3,2026-09-16,2026-09-18,True,0.0,0,https://www.cohesiveinsure.com/marketing-review/20260919/deep-scan/images/c6c50f60337f9e13.jpg,"[{""action_type"": ""link_click"", ""value"": ""1""}, {""action_type"": ""landing_page_view"", ""value"": ""1""}, {""action_type"": ""omni_landing_page_view"", ""value"": ""1""}, {""action_type"": ""post_engagement"", ""value"": ""1""}, {""action_type"": ""page_engagement"", ""value"": ""1""}]",[],{}
120251161811980660,CT CPC 20260917 | generic-pool-renewal,120250602165530660,120251012009570660,ACTIVE,ADSET_PAUSED,2026-09-17T13:22:42-0400,2026-09-17T13:27:21-0400,static image,Pool builders: review before renewal,"Own a pool-construction business? Before your general liability renews, check that the policy reflects the pools you build and the work you subcontract. Get an insurance quote for your business.",,GET_QUOTE,https://www.cohesiveinsure.com/contractors,utm_source=facebook&utm_medium=paid&utm_campaign={{campaign.name}}&utm_content={{ad.name}}&utm_term={{adset.name}}&ad_id={{ad.id}}&adset_id={{adset.id}},Legacy/site route; see destination,Not specified in ad URL,,images/c6c50f60337f9e13.jpg,1636744841504735,4.91,90,0,54.56,0.0,,0,0,,4,,,,Retained HIGH-VALUE,2026-08-13 to 2026-09-18,0.04,0.24,Delivery without confirmed completion,"S: sessions only since Sep12 01:50 ET; F: starts not historically recorded; C: reconciled completed intakes, including returns",AD,2026-09-09 - POOL - submitted LEAD test,Contractors HIGH-VALUE - hybrid Foxquilt/Hedge,2,2026-09-17,2026-09-18,True,0.0,0,https://www.cohesiveinsure.com/marketing-review/20260919/deep-scan/images/c6c50f60337f9e13.jpg,[],[],{}
120251012015050660,2026-09-09 - remodeler-text - submitted Lead,120250602165530660,120251012009850660,ACTIVE,ACTIVE,2026-09-09T00:36:10-0400,2026-09-09T00:54:31-0400,static image,Get a remodeler insurance quote,"Remodelers do more than one trade.

Tell us your mix of carpentry, drywall, flooring and subcontracted work. We will shop general liability around the business you actually run. Get a quote and see how much you could save.",,GET_QUOTE,https://www.cohesiveinsure.com/contractors,utm_source=facebook&utm_medium=paid&utm_campaign={{campaign.name}}&utm_content={{ad.name}}&utm_term={{adset.name}}&ad_id={{ad.id}}&adset_id={{adset.id}},Legacy/site route; see destination,Not specified in ad URL,,images/102b9ab852e10ed7.jpg,28668901789407940,915.25,15695,84,58.31,0.535,10.9,7,7,,52,130.75,130.75,,Retained HIGH-VALUE,2026-08-13 to 2026-09-18,7.28,98.92,Confirmed completed intake,"S: sessions only since Sep12 01:50 ET; F: starts not historically recorded; C: reconciled completed intakes, including returns",AD,2026-09-09 - REMODELER - submitted LEAD test,Contractors HIGH-VALUE - hybrid Foxquilt/Hedge,10,2026-09-09,2026-09-18,True,53.31,778,https://www.cohesiveinsure.com/marketing-review/20260919/deep-scan/images/102b9ab852e10ed7.jpg,"[{""action_type"": ""link_click"", ""value"": ""84""}, {""action_type"": ""offsite_conversion.fb_pixel_custom"", ""value"": ""2""}, {""action_type"": ""post_reaction"", ""value"": ""8""}, {""action_type"": ""onsite_conversion.messaging_conversation_replied_7d"", ""value"": ""1""}, {""action_type"": ""landing_page_view"", ""value"": ""83""}, {""action_type"": ""onsite_web_lead"", ""value"": ""9""}, {""action_type"": ""omni_landing_page_view"", ""value"": ""83""}, {""action_type"": ""onsite_conversion.total_messaging_connection"", ""value"": ""1""}, {""action_type"": ""post_engagement"", ""value"": ""93""}, {""action_type"": ""post_interaction_gross"", ""value"": ""9""}, {""action_type"": ""page_engagement"", ""value"": ""93""}, {""action_type"": ""post_interaction_net"", ""value"": ""9""}, {""action_type"": ""onsite_conversion.messaging_first_reply"", ""value"": ""1""}, {""action_type"": ""onsite_conversion.post_save"", ""value"": ""1""}, {""action_type"": ""onsite_conversion.post_net_save"", ""value"": ""1""}, {""action_type"": ""onsite_conversion.post_net_like"", ""value"": ""8""}, {""action_type"": ""lead"", ""value"": ""9""}, {""action_type"": ""onsite_conversion.messaging_conversation_started_7d"", ""value"": ""1""}, {""action_type"": ""custom_event_actions_add_20_s_calls"", ""value"": ""2""}, {""action_type"": ""offsite_conversion.fb_pixel_lead"", ""value"": ""9""}, {""action_type"": ""offsite_lead_add_20_s_calls"", ""value"": ""9""}]","[{""action_type"": ""offsite_conversion.fb_pixel_custom.LeadUrgentQuoted"", ""value"": ""2""}]",{}
120251054842280660,2026-09-10 - remodeling-photo - rate comparison v1,120250602165530660,120251012009850660,ACTIVE,ACTIVE,2026-09-10T21:07:56-0400,2026-09-10T21:16:30-0400,static image,Get a remodeler insurance quote,"Remodelers do more than one trade.

Tell us your mix of carpentry, drywall, flooring and subcontracted work. We will shop general liability around the business you actually run. Get a quote and see how much you could save.",,GET_QUOTE,https://www.cohesiveinsure.com/contractors,utm_source=facebook&utm_medium=paid&utm_campaign={{campaign.name}}&utm_content={{ad.name}}&utm_term={{adset.name}}&ad_id={{ad.id}}&adset_id={{adset.id}},Legacy/site route; see destination,Not specified in ad URL,,images/e88543c561c71870.jpg,1544064973709203,9.95,67,0,148.51,0.0,,0,0,,0,,,,Retained HIGH-VALUE,2026-08-13 to 2026-09-18,0.08,1.08,Delivery without confirmed completion,"S: sessions only since Sep12 01:50 ET; F: starts not historically recorded; C: reconciled completed intakes, including returns",AD,2026-09-09 - REMODELER - submitted LEAD test,Contractors HIGH-VALUE - hybrid Foxquilt/Hedge,7,2026-09-10,2026-09-18,True,0.0,0,https://www.cohesiveinsure.com/marketing-review/20260919/deep-scan/images/e88543c561c71870.jpg,[],[],{}
120251012014290660,2026-09-09 - roof-text - submitted Lead,120250602165530660,120251012010260660,ACTIVE,ACTIVE,2026-09-09T00:36:00-0400,2026-09-09T00:54:29-0400,static image,Get a roofing insurance quote,"Residential roofs, commercial jobs or both?

Tell us about your roofing work, payroll and subcontractors. We will shop your general liability across carriers. Get a quote and compare it with your current rate.",,GET_QUOTE,https://www.cohesiveinsure.com/contractors,utm_source=facebook&utm_medium=paid&utm_campaign={{campaign.name}}&utm_content={{ad.name}}&utm_term={{adset.name}}&ad_id={{ad.id}}&adset_id={{adset.id}},Legacy/site route; see destination,Not specified in ad URL,,images/7c0bc115fa4ce0bb.jpg,852087097894371,566.29,12953,74,43.72,0.571,7.65,7,7,,32,80.9,80.9,,Retained HIGH-VALUE,2026-08-13 to 2026-09-18,4.51,96.94,Confirmed completed intake,"S: sessions only since Sep12 01:50 ET; F: starts not historically recorded; C: reconciled completed intakes, including returns",AD,2026-09-09 - ROOF - submitted LEAD test,Contractors HIGH-VALUE - hybrid Foxquilt/Hedge,10,2026-09-09,2026-09-18,True,21.59,475,https://www.cohesiveinsure.com/marketing-review/20260919/deep-scan/images/7c0bc115fa4ce0bb.jpg,"[{""action_type"": ""link_click"", ""value"": ""74""}, {""action_type"": ""offsite_conversion.fb_pixel_custom"", ""value"": ""8""}, {""action_type"": ""post_reaction"", ""value"": ""4""}, {""action_type"": ""landing_page_view"", ""value"": ""68""}, {""action_type"": ""onsite_web_lead"", ""value"": ""13""}, {""action_type"": ""omni_landing_page_view"", ""value"": ""68""}, {""action_type"": ""post_engagement"", ""value"": ""80""}, {""action_type"": ""like"", ""value"": ""1""}, {""action_type"": ""post_interaction_gross"", ""value"": ""6""}, {""action_type"": ""comment"", ""value"": ""1""}, {""action_type"": ""page_engagement"", ""value"": ""81""}, {""action_type"": ""post_interaction_net"", ""value"": ""6""}, {""action_type"": ""post"", ""value"": ""1""}, {""action_type"": ""onsite_conversion.post_net_comment"", ""value"": ""1""}, {""action_type"": ""onsite_conversion.post_net_like"", ""value"": ""4""}, {""action_type"": ""lead"", ""value"": ""13""}, {""action_type"": ""custom_event_actions_add_20_s_calls"", ""value"": ""8""}, {""action_type"": ""offsite_conversion.fb_pixel_lead"", ""value"": ""13""}, {""action_type"": ""offsite_lead_add_20_s_calls"", ""value"": ""13""}]","[{""action_type"": ""offsite_conversion.fb_pixel_custom.LeadUrgentQuoted"", ""value"": ""5""}, {""action_type"": ""offsite_conversion.fb_pixel_custom.LargeBusinessLead"", ""value"": ""2""}, {""action_type"": ""offsite_conversion.fb_pixel_custom.QualifiedLead"", ""value"": ""1""}]",{}
120251012013200660,2026-09-09 - roof-photo - submitted Lead,120250602165530660,120251012010260660,ACTIVE,ACTIVE,2026-09-09T00:35:55-0400,2026-09-09T00:54:26-0400,static image,Get a roofing insurance quote,"Residential roofs, commercial jobs or both?

Tell us about your roofing work, payroll and subcontractors. We will shop your general liability across carriers. Get a quote and compare it with your current rate.",,GET_QUOTE,https://www.cohesiveinsure.com/contractors,utm_source=facebook&utm_medium=paid&utm_campaign={{campaign.name}}&utm_content={{ad.name}}&utm_term={{adset.name}}&ad_id={{ad.id}}&adset_id={{adset.id}},Legacy/site route; see destination,Not specified in ad URL,,images/2e82cfed3329a9c7.jpg,2545972699227932,17.9,228,1,78.51,0.439,17.9,0,0,,0,,,,Retained HIGH-VALUE,2026-08-13 to 2026-09-18,0.14,3.06,Delivery without confirmed completion,"S: sessions only since Sep12 01:50 ET; F: starts not historically recorded; C: reconciled completed intakes, including returns",AD,2026-09-09 - ROOF - submitted LEAD test,Contractors HIGH-VALUE - hybrid Foxquilt/Hedge,4,2026-09-09,2026-09-14,True,0.0,0,https://www.cohesiveinsure.com/marketing-review/20260919/deep-scan/images/2e82cfed3329a9c7.jpg,"[{""action_type"": ""link_click"", ""value"": ""1""}, {""action_type"": ""landing_page_view"", ""value"": ""2""}, {""action_type"": ""omni_landing_page_view"", ""value"": ""2""}, {""action_type"": ""post_engagement"", ""value"": ""1""}, {""action_type"": ""page_engagement"", ""value"": ""1""}]",[],{}
120251012011470660,2026-09-09 - tree-photo - submitted Lead,120250602165530660,120251012010590660,ACTIVE,ADSET_PAUSED,2026-09-09T00:35:44-0400,2026-09-09T00:54:22-0400,static image,Compare tree-service insurance rates,"Tree removal, trimming or stump grinding?

We shop general liability around the work you do, your payroll and your subcontractors. Get a quote and see how much you could save.",,GET_QUOTE,https://www.cohesiveinsure.com/contractors,utm_source=facebook&utm_medium=paid&utm_campaign={{campaign.name}}&utm_content={{ad.name}}&utm_term={{adset.name}}&ad_id={{ad.id}}&adset_id={{adset.id}},Legacy/site route; see destination,Not specified in ad URL,,images/66464cba6b4a1a78.jpg,1748666099552907,66.87,1976,15,33.84,0.759,4.46,1,1,,0,66.87,66.87,,Retained HIGH-VALUE,2026-08-13 to 2026-09-18,0.53,79.14,Confirmed completed intake,"S: sessions only since Sep12 01:50 ET; F: starts not historically recorded; C: reconciled completed intakes, including returns",AD,2026-09-09 - TREE - submitted LEAD test,Contractors HIGH-VALUE - hybrid Foxquilt/Hedge,2,2026-09-09,2026-09-10,True,0.0,0,https://www.cohesiveinsure.com/marketing-review/20260919/deep-scan/images/66464cba6b4a1a78.jpg,"[{""action_type"": ""link_click"", ""value"": ""15""}, {""action_type"": ""offsite_conversion.fb_pixel_custom"", ""value"": ""1""}, {""action_type"": ""post_reaction"", ""value"": ""3""}, {""action_type"": ""landing_page_view"", ""value"": ""17""}, {""action_type"": ""omni_landing_page_view"", ""value"": ""17""}, {""action_type"": ""post_engagement"", ""value"": ""20""}, {""action_type"": ""post_interaction_gross"", ""value"": ""5""}, {""action_type"": ""page_engagement"", ""value"": ""20""}, {""action_type"": ""post_interaction_net"", ""value"": ""5""}, {""action_type"": ""onsite_conversion.post_save"", ""value"": ""2""}, {""action_type"": ""onsite_conversion.post_net_save"", ""value"": ""2""}, {""action_type"": ""onsite_conversion.post_net_like"", ""value"": ""3""}, {""action_type"": ""custom_event_actions_add_20_s_calls"", ""value"": ""1""}]","[{""action_type"": ""offsite_conversion.fb_pixel_custom.LeadUrgentQuoted"", ""value"": ""1""}]",{}
120251012011950660,2026-09-09 - tree-text - submitted Lead,120250602165530660,120251012010590660,ACTIVE,ADSET_PAUSED,2026-09-09T00:35:50-0400,2026-09-09T00:54:25-0400,static image,Compare tree-service insurance rates,"Tree removal, trimming or stump grinding?

We shop general liability around the work you do, your payroll and your subcontractors. Get a quote and see how much you could save.",,GET_QUOTE,https://www.cohesiveinsure.com/contractors,utm_source=facebook&utm_medium=paid&utm_campaign={{campaign.name}}&utm_content={{ad.name}}&utm_term={{adset.name}}&ad_id={{ad.id}}&adset_id={{adset.id}},Legacy/site route; see destination,Not specified in ad URL,,images/890bcf5b1028715d.jpg,1384119950563537,17.63,302,2,58.38,0.662,8.81,0,0,,0,,,,Retained HIGH-VALUE,2026-08-13 to 2026-09-18,0.14,20.86,Delivery without confirmed completion,"S: sessions only since Sep12 01:50 ET; F: starts not historically recorded; C: reconciled completed intakes, including returns",AD,2026-09-09 - TREE - submitted LEAD test,Contractors HIGH-VALUE - hybrid Foxquilt/Hedge,2,2026-09-09,2026-09-10,True,0.0,0,https://www.cohesiveinsure.com/marketing-review/20260919/deep-scan/images/890bcf5b1028715d.jpg,"[{""action_type"": ""link_click"", ""value"": ""2""}, {""action_type"": ""post_reaction"", ""value"": ""1""}, {""action_type"": ""landing_page_view"", ""value"": ""2""}, {""action_type"": ""omni_landing_page_view"", ""value"": ""2""}, {""action_type"": ""post_engagement"", ""value"": ""3""}, {""action_type"": ""post_interaction_gross"", ""value"": ""1""}, {""action_type"": ""page_engagement"", ""value"": ""3""}, {""action_type"": ""post_interaction_net"", ""value"": ""1""}, {""action_type"": ""onsite_conversion.post_net_like"", ""value"": ""1""}]",[],{}
120251054839240660,2026-09-10 - painting-photo - rate comparison v1,120250602165530660,120251054835790660,ACTIVE,ADSET_PAUSED,2026-09-10T21:07:16-0400,2026-09-10T21:10:15-0400,static image,Compare painting insurance rates,"Interior painting, exterior jobs or both? Tell us about your work, payroll and subcontractors. We will shop general liability for your painting business. Get a quote and compare your current rate.",,GET_QUOTE,https://www.cohesiveinsure.com/contractors,utm_source=facebook&utm_medium=paid&utm_campaign={{campaign.name}}&utm_content={{ad.name}}&utm_term={{adset.name}}&ad_id={{ad.id}}&adset_id={{adset.id}},Legacy/site route; see destination,Not specified in ad URL,,images/e30c7f3497e09c30.jpg,1594033368888667,38.4,714,2,53.78,0.28,19.2,0,0,,0,,,,Retained HIGH-VALUE,2026-08-13 to 2026-09-18,0.31,51.59,Delivery without confirmed completion,"S: sessions only since Sep12 01:50 ET; F: starts not historically recorded; C: reconciled completed intakes, including returns",AD,2026-09-10 - PAINTING - submitted LEAD format test,Contractors HIGH-VALUE - hybrid Foxquilt/Hedge,3,2026-09-10,2026-09-12,True,0.0,0,https://www.cohesiveinsure.com/marketing-review/20260919/deep-scan/images/e30c7f3497e09c30.jpg,"[{""action_type"": ""link_click"", ""value"": ""2""}, {""action_type"": ""landing_page_view"", ""value"": ""1""}, {""action_type"": ""omni_landing_page_view"", ""value"": ""1""}, {""action_type"": ""post_engagement"", ""value"": ""2""}, {""action_type"": ""page_engagement"", ""value"": ""2""}]",[],{}
120251054838390660,2026-09-10 - painting-text - rate comparison v1,120250602165530660,120251054835790660,ACTIVE,ADSET_PAUSED,2026-09-10T21:07:09-0400,2026-09-10T21:10:31-0400,static image,Compare painting insurance rates,"Interior painting, exterior jobs or both? Tell us about your work, payroll and subcontractors. We will shop general liability for your painting business. Get a quote and compare your current rate.",,GET_QUOTE,https://www.cohesiveinsure.com/contractors,utm_source=facebook&utm_medium=paid&utm_campaign={{campaign.name}}&utm_content={{ad.name}}&utm_term={{adset.name}}&ad_id={{ad.id}}&adset_id={{adset.id}},Legacy/site route; see destination,Not specified in ad URL,,images/36684ab1af1cbfd6.jpg,1773511330639492,36.03,761,5,47.35,0.657,7.21,1,1,,0,36.03,36.03,,Retained HIGH-VALUE,2026-08-13 to 2026-09-18,0.29,48.41,Confirmed completed intake,"S: sessions only since Sep12 01:50 ET; F: starts not historically recorded; C: reconciled completed intakes, including returns",AD,2026-09-10 - PAINTING - submitted LEAD format test,Contractors HIGH-VALUE - hybrid Foxquilt/Hedge,3,2026-09-10,2026-09-12,True,0.0,0,https://www.cohesiveinsure.com/marketing-review/20260919/deep-scan/images/36684ab1af1cbfd6.jpg,"[{""action_type"": ""link_click"", ""value"": ""5""}, {""action_type"": ""post_reaction"", ""value"": ""1""}, {""action_type"": ""landing_page_view"", ""value"": ""4""}, {""action_type"": ""omni_landing_page_view"", ""value"": ""4""}, {""action_type"": ""post_engagement"", ""value"": ""6""}, {""action_type"": ""post_interaction_gross"", ""value"": ""1""}, {""action_type"": ""page_engagement"", ""value"": ""6""}, {""action_type"": ""post_interaction_net"", ""value"": ""1""}, {""action_type"": ""onsite_conversion.post_net_like"", ""value"": ""1""}]",[],{}
120251054839700660,2026-09-10 - handyman-text - rate comparison v1,120250602165530660,120251054836510660,ACTIVE,ADSET_PAUSED,2026-09-10T21:07:21-0400,2026-09-10T21:10:26-0400,static image,Get a handyman insurance quote,"Your jobs change. Your insurance should fit the work you actually do. Tell us about your repairs and projects, and we will shop general liability for your handyman business. Get a quote and compare your current rate.",,GET_QUOTE,https://www.cohesiveinsure.com/contractors,utm_source=facebook&utm_medium=paid&utm_campaign={{campaign.name}}&utm_content={{ad.name}}&utm_term={{adset.name}}&ad_id={{ad.id}}&adset_id={{adset.id}},Legacy/site route; see destination,Not specified in ad URL,,images/e3b3a2eff0610e38.jpg,1391195159269940,59.15,760,6,77.83,0.789,9.86,0,0,,0,,,,Retained HIGH-VALUE,2026-08-13 to 2026-09-18,0.47,78.33,Delivery without confirmed completion,"S: sessions only since Sep12 01:50 ET; F: starts not historically recorded; C: reconciled completed intakes, including returns",AD,2026-09-10 - HANDYMAN - submitted LEAD format test,Contractors HIGH-VALUE - hybrid Foxquilt/Hedge,3,2026-09-10,2026-09-12,True,0.0,0,https://www.cohesiveinsure.com/marketing-review/20260919/deep-scan/images/e3b3a2eff0610e38.jpg,"[{""action_type"": ""link_click"", ""value"": ""6""}, {""action_type"": ""landing_page_view"", ""value"": ""4""}, {""action_type"": ""omni_landing_page_view"", ""value"": ""4""}, {""action_type"": ""post_engagement"", ""value"": ""6""}, {""action_type"": ""page_engagement"", ""value"": ""6""}]",[],{}
120251054840050660,2026-09-10 - handyman-photo - rate comparison v1,120250602165530660,120251054836510660,ACTIVE,ADSET_PAUSED,2026-09-10T21:07:27-0400,2026-09-10T21:10:18-0400,static image,Get a handyman insurance quote,"Your jobs change. Your insurance should fit the work you actually do. Tell us about your repairs and projects, and we will shop general liability for your handyman business. Get a quote and compare your current rate.",,GET_QUOTE,https://www.cohesiveinsure.com/contractors,utm_source=facebook&utm_medium=paid&utm_campaign={{campaign.name}}&utm_content={{ad.name}}&utm_term={{adset.name}}&ad_id={{ad.id}}&adset_id={{adset.id}},Legacy/site route; see destination,Not specified in ad URL,,images/55470dbaa2916b17.jpg,1568834074352492,16.36,249,0,65.7,0.0,,0,0,,0,,,,Retained HIGH-VALUE,2026-08-13 to 2026-09-18,0.13,21.67,Delivery without confirmed completion,"S: sessions only since Sep12 01:50 ET; F: starts not historically recorded; C: reconciled completed intakes, including returns",AD,2026-09-10 - HANDYMAN - submitted LEAD format test,Contractors HIGH-VALUE - hybrid Foxquilt/Hedge,3,2026-09-10,2026-09-12,True,0.0,0,https://www.cohesiveinsure.com/marketing-review/20260919/deep-scan/images/55470dbaa2916b17.jpg,[],[],{}
120251054840530660,2026-09-10 - plumbing-photo - rate comparison v1,120250602165530660,120251054836800660,ACTIVE,ADSET_PAUSED,2026-09-10T21:07:38-0400,2026-09-10T21:12:33-0400,static image,Compare plumbing insurance rates,"Service calls, installations or both? We shop general liability around your plumbing work, payroll and subcontractors. Get a quote and see whether we can improve your current rate.",,GET_QUOTE,https://www.cohesiveinsure.com/contractors,utm_source=facebook&utm_medium=paid&utm_campaign={{campaign.name}}&utm_content={{ad.name}}&utm_term={{adset.name}}&ad_id={{ad.id}}&adset_id={{adset.id}},Legacy/site route; see destination,Not specified in ad URL,,images/5d252e1a5eb82596.jpg,1566883611578597,48.0,1020,6,47.06,0.588,8.0,0,0,,0,,,,Retained HIGH-VALUE,2026-08-13 to 2026-09-18,0.38,60.64,Delivery without confirmed completion,"S: sessions only since Sep12 01:50 ET; F: starts not historically recorded; C: reconciled completed intakes, including returns",AD,2026-09-10 - PLUMBING - submitted LEAD format test,Contractors HIGH-VALUE - hybrid Foxquilt/Hedge,3,2026-09-10,2026-09-12,True,0.0,0,https://www.cohesiveinsure.com/marketing-review/20260919/deep-scan/images/5d252e1a5eb82596.jpg,"[{""action_type"": ""link_click"", ""value"": ""6""}, {""action_type"": ""post_reaction"", ""value"": ""1""}, {""action_type"": ""landing_page_view"", ""value"": ""3""}, {""action_type"": ""omni_landing_page_view"", ""value"": ""3""}, {""action_type"": ""post_engagement"", ""value"": ""7""}, {""action_type"": ""post_interaction_gross"", ""value"": ""1""}, {""action_type"": ""page_engagement"", ""value"": ""7""}, {""action_type"": ""post_interaction_net"", ""value"": ""1""}, {""action_type"": ""onsite_conversion.post_net_like"", ""value"": ""1""}]",[],{}
120251054840190660,2026-09-10 - plumbing-text - rate comparison v1,120250602165530660,120251054836800660,ACTIVE,ADSET_PAUSED,2026-09-10T21:07:33-0400,2026-09-10T21:16:28-0400,static image,Compare plumbing insurance rates,"Service calls, installations or both? We shop general liability around your plumbing work, payroll and subcontractors. Get a quote and see whether we can improve your current rate.",,GET_QUOTE,https://www.cohesiveinsure.com/contractors,utm_source=facebook&utm_medium=paid&utm_campaign={{campaign.name}}&utm_content={{ad.name}}&utm_term={{adset.name}}&ad_id={{ad.id}}&adset_id={{adset.id}},Legacy/site route; see destination,Not specified in ad URL,,images/98ab6348baf00c77.jpg,1644217157336819,31.16,538,2,57.92,0.372,15.58,0,0,,0,,,,Retained HIGH-VALUE,2026-08-13 to 2026-09-18,0.25,39.36,Delivery without confirmed completion,"S: sessions only since Sep12 01:50 ET; F: starts not historically recorded; C: reconciled completed intakes, including returns",AD,2026-09-10 - PLUMBING - submitted LEAD format test,Contractors HIGH-VALUE - hybrid Foxquilt/Hedge,3,2026-09-10,2026-09-12,True,0.0,0,https://www.cohesiveinsure.com/marketing-review/20260919/deep-scan/images/98ab6348baf00c77.jpg,"[{""action_type"": ""link_click"", ""value"": ""2""}, {""action_type"": ""landing_page_view"", ""value"": ""2""}, {""action_type"": ""omni_landing_page_view"", ""value"": ""2""}, {""action_type"": ""post_engagement"", ""value"": ""2""}, {""action_type"": ""page_engagement"", ""value"": ""2""}]",[],{}
120251054841370660,2026-09-10 - hvac-photo - rate comparison v1,120250602165530660,120251054837090660,ACTIVE,ADSET_PAUSED,2026-09-10T21:07:49-0400,2026-09-10T21:12:24-0400,static image,Get an HVAC insurance quote,"Heating and cooling work is your business. Shopping insurance is ours. Tell us about your installations, service work and crew. Get a general liability quote and compare your current rate.",,GET_QUOTE,https://www.cohesiveinsure.com/contractors,utm_source=facebook&utm_medium=paid&utm_campaign={{campaign.name}}&utm_content={{ad.name}}&utm_term={{adset.name}}&ad_id={{ad.id}}&adset_id={{adset.id}},Legacy/site route; see destination,Not specified in ad URL,,images/4966023e396d8dd3.jpg,1640531041074788,61.41,1327,3,46.28,0.226,20.47,0,0,,0,,,,Retained HIGH-VALUE,2026-08-13 to 2026-09-18,0.49,64.86,Delivery without confirmed completion,"S: sessions only since Sep12 01:50 ET; F: starts not historically recorded; C: reconciled completed intakes, including returns",AD,2026-09-10 - HVAC - submitted LEAD format test,Contractors HIGH-VALUE - hybrid Foxquilt/Hedge,3,2026-09-10,2026-09-12,True,0.0,0,https://www.cohesiveinsure.com/marketing-review/20260919/deep-scan/images/4966023e396d8dd3.jpg,"[{""action_type"": ""link_click"", ""value"": ""3""}, {""action_type"": ""post_reaction"", ""value"": ""3""}, {""action_type"": ""landing_page_view"", ""value"": ""3""}, {""action_type"": ""onsite_web_lead"", ""value"": ""1""}, {""action_type"": ""omni_landing_page_view"", ""value"": ""3""}, {""action_type"": ""post_engagement"", ""value"": ""6""}, {""action_type"": ""post_interaction_gross"", ""value"": ""3""}, {""action_type"": ""page_engagement"", ""value"": ""6""}, {""action_type"": ""post_interaction_net"", ""value"": ""3""}, {""action_type"": ""onsite_conversion.post_net_like"", ""value"": ""3""}, {""action_type"": ""lead"", ""value"": ""1""}, {""action_type"": ""offsite_conversion.fb_pixel_lead"", ""value"": ""1""}, {""action_type"": ""offsite_lead_add_20_s_calls"", ""value"": ""1""}]",[],{}
120251054841070660,2026-09-10 - hvac-text - rate comparison v1,120250602165530660,120251054837090660,ACTIVE,ADSET_PAUSED,2026-09-10T21:07:44-0400,2026-09-10T21:14:41-0400,static image,Get an HVAC insurance quote,"Heating and cooling work is your business. Shopping insurance is ours. Tell us about your installations, service work and crew. Get a general liability quote and compare your current rate.",,GET_QUOTE,https://www.cohesiveinsure.com/contractors,utm_source=facebook&utm_medium=paid&utm_campaign={{campaign.name}}&utm_content={{ad.name}}&utm_term={{adset.name}}&ad_id={{ad.id}}&adset_id={{adset.id}},Legacy/site route; see destination,Not specified in ad URL,,images/74e119a6dc812942.jpg,1401177731374750,33.27,709,3,46.93,0.423,11.09,0,0,,0,,,,Retained HIGH-VALUE,2026-08-13 to 2026-09-18,0.26,35.14,Delivery without confirmed completion,"S: sessions only since Sep12 01:50 ET; F: starts not historically recorded; C: reconciled completed intakes, including returns",AD,2026-09-10 - HVAC - submitted LEAD format test,Contractors HIGH-VALUE - hybrid Foxquilt/Hedge,3,2026-09-10,2026-09-12,True,0.0,0,https://www.cohesiveinsure.com/marketing-review/20260919/deep-scan/images/74e119a6dc812942.jpg,"[{""action_type"": ""link_click"", ""value"": ""3""}, {""action_type"": ""post_reaction"", ""value"": ""1""}, {""action_type"": ""landing_page_view"", ""value"": ""1""}, {""action_type"": ""omni_landing_page_view"", ""value"": ""1""}, {""action_type"": ""post_engagement"", ""value"": ""4""}, {""action_type"": ""post_interaction_gross"", ""value"": ""1""}, {""action_type"": ""page_engagement"", ""value"": ""4""}, {""action_type"": ""post_interaction_net"", ""value"": ""1""}, {""action_type"": ""onsite_conversion.post_net_like"", ""value"": ""1""}]",[],{}
120251056379180660,2026-09-11 - Roofers free leads - navy proof,120250602165530660,120251056378500660,ACTIVE,ADSET_PAUSED,2026-09-10T23:39:21-0400,2026-09-10T23:44:25-0400,static image,Roofers: get up to 5 free leads,"Bind your business insurance with us and we’ll run an email outreach campaign to property and facility managers in your service area, typically getting 3-5 leads for free.

We can also shop your insurance and see how much you could save.

Get a quote →",,GET_QUOTE,https://www.cohesiveinsure.com/roofers-free-leads,utm_source=facebook&utm_medium=paid&utm_campaign={{campaign.name}}&utm_content={{ad.name}}&utm_term={{adset.name}}&ad_id={{ad.id}}&adset_id={{adset.id}},Legacy/site route; see destination,Not specified in ad URL,,images/b3e70b53ad742fc9.jpg,1620513856130839,76.12,2019,7,37.7,0.347,10.87,0,0,,0,,,,Retained HIGH-VALUE,2026-08-13 to 2026-09-18,0.61,53.91,Delivery without confirmed completion,"S: sessions only since Sep12 01:50 ET; F: starts not historically recorded; C: reconciled completed intakes, including returns",AD,2026-09-11 - ROOFERS free outreach offer - LEAD,Contractors HIGH-VALUE - hybrid Foxquilt/Hedge,2,2026-09-11,2026-09-12,True,0.0,0,https://www.cohesiveinsure.com/marketing-review/20260919/deep-scan/images/b3e70b53ad742fc9.jpg,"[{""action_type"": ""link_click"", ""value"": ""7""}, {""action_type"": ""landing_page_view"", ""value"": ""7""}, {""action_type"": ""omni_landing_page_view"", ""value"": ""7""}, {""action_type"": ""post_engagement"", ""value"": ""7""}, {""action_type"": ""page_engagement"", ""value"": ""7""}]",[],{}
120251056378980660,2026-09-11 - Roofers free leads - cream proof,120250602165530660,120251056378500660,ACTIVE,ADSET_PAUSED,2026-09-10T23:39:15-0400,2026-09-10T23:47:30-0400,static image,Roofers: get up to 5 free leads,"Bind your business insurance with us and we’ll run an email outreach campaign to property and facility managers in your service area, typically getting 3-5 leads for free.

We can also shop your insurance and see how much you could save.

Get a quote →",,GET_QUOTE,https://www.cohesiveinsure.com/roofers-free-leads,utm_source=facebook&utm_medium=paid&utm_campaign={{campaign.name}}&utm_content={{ad.name}}&utm_term={{adset.name}}&ad_id={{ad.id}}&adset_id={{adset.id}},Legacy/site route; see destination,Not specified in ad URL,,images/6c3a06614efd2148.jpg,963564550145326,65.08,905,4,71.91,0.442,16.27,0,0,,0,,,,Retained HIGH-VALUE,2026-08-13 to 2026-09-18,0.52,46.09,Delivery without confirmed completion,"S: sessions only since Sep12 01:50 ET; F: starts not historically recorded; C: reconciled completed intakes, including returns",AD,2026-09-11 - ROOFERS free outreach offer - LEAD,Contractors HIGH-VALUE - hybrid Foxquilt/Hedge,2,2026-09-11,2026-09-12,True,0.0,0,https://www.cohesiveinsure.com/marketing-review/20260919/deep-scan/images/6c3a06614efd2148.jpg,"[{""action_type"": ""link_click"", ""value"": ""4""}, {""action_type"": ""landing_page_view"", ""value"": ""4""}, {""action_type"": ""omni_landing_page_view"", ""value"": ""4""}, {""action_type"": ""post_engagement"", ""value"": ""4""}, {""action_type"": ""page_engagement"", ""value"": ""4""}]",[],{}
