id,name,campaign_id,adset_id,status,effective_status,created_time,updated_time,format,headline,primary_text,description,CTA,destination,url_tags,form_version,experiment_cell,creative_variant,image,creative_id,spend,impressions,link_clicks,CPM,link_CTR_pct,link_CPC,completed_saved,new_acquisitions,observed_starts,observed_sessions,CPL_saved,CPL_new,cost_per_observed_start,campaign_label,operating_window,campaign_spend_share_pct,set_spend_share_pct,completion_evidence,measurement_flags,level,adset_name,campaign_name,days_live_observed_delivery_through_Sep18,first_observed_delivery_day,last_observed_delivery_day,ever_delivered_asof_Sep19,Sep19_partial_spend,Sep19_partial_impressions,image_url,meta_actions_unreconciled,meta_conversions_unreconciled,review_feedback
120251081898230660,CT User Video Carryover | 120251073616350660,120251080550110660,120251080552810660,ACTIVE,ACTIVE,2026-09-13T00:12:42-0400,2026-09-13T00:44:54-0400,static image,One roofing and remodeling business saved 46%.,We helped a roofing and remodeling business save 46% on annual insurance. Get a roofing insurance quote and see how much you could save.,,GET_QUOTE,https://www.cohesiveinsure.com/contractor-test?industry=roof&angle=percent,utm_source=facebook&utm_medium=paid&utm_campaign={{campaign.name}}&utm_content={{ad.name}}&utm_term={{adset.name}}&ad_id={{ad.id}}&adset_id={{adset.id}}&campaign_id={{campaign.id}},Current code: 2026-09-18-trade-v5; historical versions differ,roof__percent__{step|long}__v1 (layout assigned at visit),,images/5949a4b6258cd110.jpg,1055570413772247,111.1,1099,7,101.09,0.637,15.87,1,1,1,8,111.1,111.1,111.1,Roofing,2026-09-13 to 2026-09-18,14.76,100.0,Confirmed completed intake,"O: observed session IDs, not verified people; C: reconciled completed intakes, including returns; V: form versions changed Sep18",AD,CT Themes 20260913 | roof__price,CT Themes 20260913 | roof,6,2026-09-13,2026-09-18,True,0.05,1,https://www.cohesiveinsure.com/marketing-review/20260919/deep-scan/images/5949a4b6258cd110.jpg,"[{""action_type"": ""link_click"", ""value"": ""7""}, {""action_type"": ""post_reaction"", ""value"": ""1""}, {""action_type"": ""landing_page_view"", ""value"": ""8""}, {""action_type"": ""omni_landing_page_view"", ""value"": ""8""}, {""action_type"": ""post_engagement"", ""value"": ""8""}, {""action_type"": ""post_interaction_gross"", ""value"": ""1""}, {""action_type"": ""page_engagement"", ""value"": ""8""}, {""action_type"": ""post_interaction_net"", ""value"": ""1""}, {""action_type"": ""onsite_conversion.post_net_like"", ""value"": ""1""}]",[],{}
120251081993290660,CT User Video Carryover | 120251073616700660,120251080550110660,120251080557280660,ACTIVE,ACTIVE,2026-09-13T00:23:11-0400,2026-09-13T00:44:57-0400,static image,Customer asking for a COI?,Need proof of insurance for your next roofing job? Send us the requirements. We’ll help you compare coverage and get a roofing insurance quote.,,GET_QUOTE,https://www.cohesiveinsure.com/contractor-test?industry=roof&angle=coi,utm_source=facebook&utm_medium=paid&utm_campaign={{campaign.name}}&utm_content={{ad.name}}&utm_term={{adset.name}}&ad_id={{ad.id}}&adset_id={{adset.id}}&campaign_id={{campaign.id}},Current code: 2026-09-18-trade-v5; historical versions differ,roof__coi__{step|long}__v1 (layout assigned at visit),,images/0f107219fd711b7d.jpg,1404771488288318,116.56,1014,7,114.95,0.69,16.65,0,0,0,12,,,,Roofing,2026-09-13 to 2026-09-18,15.48,41.09,Delivery without confirmed completion,"O: observed session IDs, not verified people; C: reconciled completed intakes, including returns; V: form versions changed Sep18",AD,CT Themes 20260913 | roof__coi,CT Themes 20260913 | roof,5,2026-09-13,2026-09-17,True,0.0,0,https://www.cohesiveinsure.com/marketing-review/20260919/deep-scan/images/0f107219fd711b7d.jpg,"[{""action_type"": ""link_click"", ""value"": ""7""}, {""action_type"": ""landing_page_view"", ""value"": ""5""}, {""action_type"": ""omni_landing_page_view"", ""value"": ""5""}, {""action_type"": ""post_engagement"", ""value"": ""7""}, {""action_type"": ""like"", ""value"": ""1""}, {""action_type"": ""page_engagement"", ""value"": ""8""}]",[],{}
120251169537280660,CT Wide 20260918 | roof-meme,120251080550110660,120251080557280660,ACTIVE,ACTIVE,2026-09-18T00:47:31-0400,2026-09-18T00:53:54-0400,static image,Roof open. Rain coming. Coverage checked?,Roofing contractors: what happens if rain gets in while a roof is open? Ask us to check your liability coverage for the reroofing work you do. Get a quote before your next renewal.,,GET_QUOTE,https://www.cohesiveinsure.com/contractor-test?industry=roof&angle=coi,utm_source=facebook&utm_medium=paid&utm_campaign={{campaign.name}}&utm_content={{ad.name}}&utm_term={{adset.name}}&ad_id={{ad.id}}&adset_id={{adset.id}}&campaign_id={{campaign.id}},Current code: 2026-09-18-trade-v5; historical versions differ,roof__coi__{step|long}__v1 (layout assigned at visit),,images/9dbde3160d02a58c.jpg,1394463125544780,95.2,2433,15,39.13,0.617,6.35,5,5,6,18,19.04,19.04,15.87,Roofing,2026-09-13 to 2026-09-18,12.65,33.56,Confirmed completed intake,"O: observed session IDs, not verified people; C: reconciled completed intakes, including returns; V: form versions changed Sep18",AD,CT Themes 20260913 | roof__coi,CT Themes 20260913 | roof,1,2026-09-18,2026-09-18,True,53.46,1607,https://www.cohesiveinsure.com/marketing-review/20260919/deep-scan/images/9dbde3160d02a58c.jpg,"[{""action_type"": ""link_click"", ""value"": ""15""}, {""action_type"": ""post_reaction"", ""value"": ""1""}, {""action_type"": ""landing_page_view"", ""value"": ""14""}, {""action_type"": ""onsite_web_lead"", ""value"": ""4""}, {""action_type"": ""omni_landing_page_view"", ""value"": ""14""}, {""action_type"": ""post_engagement"", ""value"": ""17""}, {""action_type"": ""like"", ""value"": ""1""}, {""action_type"": ""post_interaction_gross"", ""value"": ""2""}, {""action_type"": ""page_engagement"", ""value"": ""18""}, {""action_type"": ""post_interaction_net"", ""value"": ""2""}, {""action_type"": ""post"", ""value"": ""1""}, {""action_type"": ""onsite_conversion.post_net_like"", ""value"": ""1""}, {""action_type"": ""lead"", ""value"": ""4""}, {""action_type"": ""offsite_conversion.fb_pixel_lead"", ""value"": ""4""}, {""action_type"": ""offsite_lead_add_20_s_calls"", ""value"": ""4""}]",[],{}
120251150763430660,CT VALUE 20260917 | roof | outcome-renewal,120251080550110660,120251080557280660,ACTIVE,ACTIVE,2026-09-16T23:08:20-0400,2026-09-16T23:12:55-0400,static image,Get a quote now before your next renewal,A $2M revenue contractor got covered for $4K - 57% below their prior premium,,GET_QUOTE,https://www.cohesiveinsure.com/contractor-test?industry=roof&angle=coi,utm_source=facebook&utm_medium=paid&utm_campaign={{campaign.name}}&utm_content={{ad.name}}&utm_term={{adset.name}}&ad_id={{ad.id}}&adset_id={{adset.id}}&campaign_id={{campaign.id}},Current code: 2026-09-18-trade-v5; historical versions differ,roof__coi__{step|long}__v1 (layout assigned at visit),,images/049b91f609bb4be1.jpg,1486500126571914,62.15,617,4,100.73,0.648,15.54,0,0,0,4,,,,Roofing,2026-09-13 to 2026-09-18,8.26,21.91,Delivery without confirmed completion,"O: observed session IDs, not verified people; C: reconciled completed intakes, including returns; V: form versions changed Sep18",AD,CT Themes 20260913 | roof__coi,CT Themes 20260913 | roof,3,2026-09-16,2026-09-18,True,0.0,0,https://www.cohesiveinsure.com/marketing-review/20260919/deep-scan/images/049b91f609bb4be1.jpg,"[{""action_type"": ""link_click"", ""value"": ""4""}, {""action_type"": ""landing_page_view"", ""value"": ""3""}, {""action_type"": ""omni_landing_page_view"", ""value"": ""3""}, {""action_type"": ""post_engagement"", ""value"": ""4""}, {""action_type"": ""page_engagement"", ""value"": ""4""}]",[],{}
120251149675200660,CT KPI 20260917 | roof | primary_copy_v1,120251080550110660,120251080557280660,ACTIVE,ACTIVE,2026-09-16T20:52:57-0400,2026-09-16T20:59:45-0400,static image,Customer asking for a COI?,"Residential roofs, commercial jobs or both?

Tell us about your roofing work, payroll and subcontractors. We will shop your general liability across carriers. Get a quote and compare it with your current rate.",,GET_QUOTE,https://www.cohesiveinsure.com/contractor-test?industry=roof&angle=coi,utm_source=facebook&utm_medium=paid&utm_campaign={{campaign.name}}&utm_content={{ad.name}}&utm_term={{adset.name}}&ad_id={{ad.id}}&adset_id={{adset.id}}&campaign_id={{campaign.id}},Current code: 2026-09-18-trade-v5; historical versions differ,roof__coi__{step|long}__v1 (layout assigned at visit),,images/0f107219fd711b7d.jpg,1782456446042410,2.03,22,0,92.27,0.0,,0,0,0,4,,,,Roofing,2026-09-13 to 2026-09-18,0.27,0.72,Delivery without confirmed completion,"O: observed session IDs, not verified people; C: reconciled completed intakes, including returns; V: form versions changed Sep18",AD,CT Themes 20260913 | roof__coi,CT Themes 20260913 | roof,3,2026-09-16,2026-09-18,True,0.0,0,https://www.cohesiveinsure.com/marketing-review/20260919/deep-scan/images/0f107219fd711b7d.jpg,[],[],{}
120251169389440660,CT Format 20260918 | roof-forum,120251080550110660,120251080557280660,ACTIVE,ACTIVE,2026-09-18T00:29:35-0400,2026-09-18T00:32:47-0400,static image,Roof open. Rain coming. Coverage checked?,Roofing contractors: what happens if rain gets in while a roof is open? Ask us to check your liability coverage for the reroofing work you do. Get a quote before your next renewal.,,GET_QUOTE,https://www.cohesiveinsure.com/contractor-test?industry=roof&angle=coi,utm_source=facebook&utm_medium=paid&utm_campaign={{campaign.name}}&utm_content={{ad.name}}&utm_term={{adset.name}}&ad_id={{ad.id}}&adset_id={{adset.id}}&campaign_id={{campaign.id}},Current code: 2026-09-18-trade-v5; historical versions differ,roof__coi__{step|long}__v1 (layout assigned at visit),,images/7b47bc2ecf3e69a2.jpg,1372948794823501,1.46,37,1,39.46,2.703,1.46,0,0,1,5,,,1.46,Roofing,2026-09-13 to 2026-09-18,0.19,0.51,Delivery without confirmed completion,"O: observed session IDs, not verified people; C: reconciled completed intakes, including returns; V: form versions changed Sep18",AD,CT Themes 20260913 | roof__coi,CT Themes 20260913 | roof,1,2026-09-18,2026-09-18,True,0.11,3,https://www.cohesiveinsure.com/marketing-review/20260919/deep-scan/images/7b47bc2ecf3e69a2.jpg,"[{""action_type"": ""link_click"", ""value"": ""1""}, {""action_type"": ""landing_page_view"", ""value"": ""1""}, {""action_type"": ""omni_landing_page_view"", ""value"": ""1""}, {""action_type"": ""post_engagement"", ""value"": ""1""}, {""action_type"": ""page_engagement"", ""value"": ""1""}]",[],{}
120251169390170660,CT Format 20260918 | roof-shortpost,120251080550110660,120251080557280660,ACTIVE,ACTIVE,2026-09-18T00:29:43-0400,2026-09-18T00:33:03-0400,static image,Roof open. Rain coming. Coverage checked?,Roofing contractors: what happens if rain gets in while a roof is open? Ask us to check your liability coverage for the reroofing work you do. Get a quote before your next renewal.,,GET_QUOTE,https://www.cohesiveinsure.com/contractor-test?industry=roof&angle=coi,utm_source=facebook&utm_medium=paid&utm_campaign={{campaign.name}}&utm_content={{ad.name}}&utm_term={{adset.name}}&ad_id={{ad.id}}&adset_id={{adset.id}}&campaign_id={{campaign.id}},Current code: 2026-09-18-trade-v5; historical versions differ,roof__coi__{step|long}__v1 (layout assigned at visit),,images/4e8aabb2c938a8c0.jpg,2993157671027886,1.46,28,0,52.14,0.0,,0,0,0,4,,,,Roofing,2026-09-13 to 2026-09-18,0.19,0.51,Delivery without confirmed completion,"O: observed session IDs, not verified people; C: reconciled completed intakes, including returns; V: form versions changed Sep18",AD,CT Themes 20260913 | roof__coi,CT Themes 20260913 | roof,1,2026-09-18,2026-09-18,True,0.0,0,https://www.cohesiveinsure.com/marketing-review/20260919/deep-scan/images/4e8aabb2c938a8c0.jpg,[],[],{}
120251161808830660,CT CPC 20260917 | roof-leak,120251080550110660,120251080557280660,ACTIVE,ACTIVE,2026-09-17T13:22:15-0400,2026-09-17T13:25:38-0400,static image,Roofing liability: check water damage,Roofers: check your liability coverage for water damage after a roof job. Tell us about the roofing work you do and get an insurance quote before your next renewal.,,GET_QUOTE,https://www.cohesiveinsure.com/contractor-test?industry=roof&angle=coi,utm_source=facebook&utm_medium=paid&utm_campaign={{campaign.name}}&utm_content={{ad.name}}&utm_term={{adset.name}}&ad_id={{ad.id}}&adset_id={{adset.id}}&campaign_id={{campaign.id}},Current code: 2026-09-18-trade-v5; historical versions differ,roof__coi__{step|long}__v1 (layout assigned at visit),,images/0f107219fd711b7d.jpg,1593169002500328,0.96,11,0,87.27,0.0,,0,0,0,5,,,,Roofing,2026-09-13 to 2026-09-18,0.13,0.34,Delivery without confirmed completion,"O: observed session IDs, not verified people; C: reconciled completed intakes, including returns; V: form versions changed Sep18",AD,CT Themes 20260913 | roof__coi,CT Themes 20260913 | roof,2,2026-09-17,2026-09-18,True,0.03,2,https://www.cohesiveinsure.com/marketing-review/20260919/deep-scan/images/0f107219fd711b7d.jpg,[],[],{}
120251169550290660,CT Wide 20260918 | roof-email,120251080550110660,120251080557280660,ACTIVE,ACTIVE,2026-09-18T00:49:36-0400,2026-09-18T00:53:50-0400,static image,Roof open. Rain coming. Coverage checked?,Roofing contractors: what happens if rain gets in while a roof is open? Ask us to check your liability coverage for the reroofing work you do. Get a quote before your next renewal.,,GET_QUOTE,https://www.cohesiveinsure.com/contractor-test?industry=roof&angle=coi,utm_source=facebook&utm_medium=paid&utm_campaign={{campaign.name}}&utm_content={{ad.name}}&utm_term={{adset.name}}&ad_id={{ad.id}}&adset_id={{adset.id}}&campaign_id={{campaign.id}},Current code: 2026-09-18-trade-v5; historical versions differ,roof__coi__{step|long}__v1 (layout assigned at visit),,images/255b215b9688e597.jpg,2670436823358944,0.81,11,0,73.64,0.0,,0,0,0,4,,,,Roofing,2026-09-13 to 2026-09-18,0.11,0.29,Delivery without confirmed completion,"O: observed session IDs, not verified people; C: reconciled completed intakes, including returns; V: form versions changed Sep18",AD,CT Themes 20260913 | roof__coi,CT Themes 20260913 | roof,1,2026-09-18,2026-09-18,True,0.03,1,https://www.cohesiveinsure.com/marketing-review/20260919/deep-scan/images/255b215b9688e597.jpg,[],[],{}
120251170088000660,CT Object 20260918 | parking_notice-savings_framing-roof,120251080550110660,120251080557280660,ACTIVE,ACTIVE,2026-09-18T01:49:24-0400,2026-09-18T01:53:55-0400,static image,Compare before renewing,"Roofing contractors: What could you keep at renewal?
Compare your premium and the coverage behind it.
Request an insurance quote.",,GET_QUOTE,https://www.cohesiveinsure.com/contractor-test?industry=roof&angle=coi,utm_source=facebook&utm_medium=paid&utm_campaign={{campaign.name}}&utm_content={{ad.name}}&utm_term={{adset.name}}&ad_id={{ad.id}}&adset_id={{adset.id}}&campaign_id={{campaign.id}},Current code: 2026-09-18-trade-v5; historical versions differ,roof__coi__{step|long}__v1 (layout assigned at visit),,images/c225d79a8f600e07.jpg,4510701539187519,0.63,9,0,70.0,0.0,,0,0,0,0,,,,Roofing,2026-09-13 to 2026-09-18,0.08,0.22,Delivery without confirmed completion,"O: observed session IDs, not verified people; C: reconciled completed intakes, including returns; V: form versions changed Sep18",AD,CT Themes 20260913 | roof__coi,CT Themes 20260913 | roof,1,2026-09-18,2026-09-18,True,0.39,3,https://www.cohesiveinsure.com/marketing-review/20260919/deep-scan/images/c225d79a8f600e07.jpg,[],[],{}
120251182269680660,CT Native Voice 20260918 | roof-coverage_gap,120251080550110660,120251080557280660,ACTIVE,ACTIVE,2026-09-18T17:30:51-0400,2026-09-18T17:35:05-0400,static image,Insurance for roofing,"my roofing policy has a liability limit. that alone doesn't tell me what happens if rain gets through an open roof.

some policies exclude it. that's the bit i'm reading twice.",,GET_QUOTE,https://www.cohesiveinsure.com/contractor-test?industry=roof&angle=coi,utm_source=facebook&utm_medium=paid&utm_campaign={{campaign.name}}&utm_content={{ad.name}}&utm_term={{adset.name}}&ad_id={{ad.id}}&adset_id={{adset.id}}&campaign_id={{campaign.id}},Current code: 2026-09-18-trade-v5; historical versions differ,roof__coi__{step|long}__v1 (layout assigned at visit),,images/e81e7f3db71a718f.jpg,1347853337427733,0.61,10,0,61.0,0.0,,0,0,0,4,,,,Roofing,2026-09-13 to 2026-09-18,0.08,0.22,Delivery without confirmed completion,"O: observed session IDs, not verified people; C: reconciled completed intakes, including returns; V: form versions changed Sep18",AD,CT Themes 20260913 | roof__coi,CT Themes 20260913 | roof,1,2026-09-18,2026-09-18,True,0.83,15,https://www.cohesiveinsure.com/marketing-review/20260919/deep-scan/images/e81e7f3db71a718f.jpg,[],[],{}
120251170071650660,CT Object 20260918 | thermal_receipt-renewal-roof,120251080550110660,120251080557280660,ACTIVE,ACTIVE,2026-09-18T01:47:18-0400,2026-09-18T01:51:47-0400,static image,Before your next renewal,"Roofing contractors: GL RENEWAL, 14 DAYS
Compare before your renewal becomes the deadline.
Request an insurance quote.",,GET_QUOTE,https://www.cohesiveinsure.com/contractor-test?industry=roof&angle=coi,utm_source=facebook&utm_medium=paid&utm_campaign={{campaign.name}}&utm_content={{ad.name}}&utm_term={{adset.name}}&ad_id={{ad.id}}&adset_id={{adset.id}}&campaign_id={{campaign.id}},Current code: 2026-09-18-trade-v5; historical versions differ,roof__coi__{step|long}__v1 (layout assigned at visit),,images/e1627d80ed68a78c.jpg,1065909826312140,0.43,8,0,53.75,0.0,,0,0,0,4,,,,Roofing,2026-09-13 to 2026-09-18,0.06,0.15,Delivery without confirmed completion,"O: observed session IDs, not verified people; C: reconciled completed intakes, including returns; V: form versions changed Sep18",AD,CT Themes 20260913 | roof__coi,CT Themes 20260913 | roof,1,2026-09-18,2026-09-18,True,0.0,0,https://www.cohesiveinsure.com/marketing-review/20260919/deep-scan/images/e1627d80ed68a78c.jpg,[],[],{}
120251169390630660,CT Format 20260918 | roof-comments,120251080550110660,120251080557280660,ACTIVE,ACTIVE,2026-09-18T00:29:49-0400,2026-09-18T00:33:00-0400,static image,Roof open. Rain coming. Coverage checked?,Roofing contractors: what happens if rain gets in while a roof is open? Ask us to check your liability coverage for the reroofing work you do. Get a quote before your next renewal.,,GET_QUOTE,https://www.cohesiveinsure.com/contractor-test?industry=roof&angle=coi,utm_source=facebook&utm_medium=paid&utm_campaign={{campaign.name}}&utm_content={{ad.name}}&utm_term={{adset.name}}&ad_id={{ad.id}}&adset_id={{adset.id}}&campaign_id={{campaign.id}},Current code: 2026-09-18-trade-v5; historical versions differ,roof__coi__{step|long}__v1 (layout assigned at visit),,images/f00bd098fbdbe3cf.jpg,2001635733845448,0.35,9,0,38.89,0.0,,0,0,0,4,,,,Roofing,2026-09-13 to 2026-09-18,0.05,0.12,Delivery without confirmed completion,"O: observed session IDs, not verified people; C: reconciled completed intakes, including returns; V: form versions changed Sep18",AD,CT Themes 20260913 | roof__coi,CT Themes 20260913 | roof,1,2026-09-18,2026-09-18,True,0.04,1,https://www.cohesiveinsure.com/marketing-review/20260919/deep-scan/images/f00bd098fbdbe3cf.jpg,[],[],{}
120251182339470660,CT Native Voice 20260918 | roof-rate_creep,120251080550110660,120251080557280660,ACTIVE,ACTIVE,2026-09-18T17:35:25-0400,2026-09-18T17:38:59-0400,static image,Insurance for roofing,"if my roofing insurance renewal comes back higher when i've had no claims, i'm not treating the new price as a done deal.

that's my cue to compare before renewal. not after the payment goes out.",,GET_QUOTE,https://www.cohesiveinsure.com/contractor-test?industry=roof&angle=coi,utm_source=facebook&utm_medium=paid&utm_campaign={{campaign.name}}&utm_content={{ad.name}}&utm_term={{adset.name}}&ad_id={{ad.id}}&adset_id={{adset.id}}&campaign_id={{campaign.id}},Current code: 2026-09-18-trade-v5; historical versions differ,roof__coi__{step|long}__v1 (layout assigned at visit),,images/d41044998010deaf.jpg,27952500314445705,0.28,8,0,35.0,0.0,,0,0,0,4,,,,Roofing,2026-09-13 to 2026-09-18,0.04,0.1,Delivery without confirmed completion,"O: observed session IDs, not verified people; C: reconciled completed intakes, including returns; V: form versions changed Sep18",AD,CT Themes 20260913 | roof__coi,CT Themes 20260913 | roof,1,2026-09-18,2026-09-18,True,1.24,22,https://www.cohesiveinsure.com/marketing-review/20260919/deep-scan/images/d41044998010deaf.jpg,[],[],{}
120251150832050660,CT MECHANISM 20260917 | roof-height,120251080550110660,120251080557280660,ACTIVE,ACTIVE,2026-09-16T23:17:11-0400,2026-09-16T23:20:07-0400,static image,Check coverage before the next roof,Roofers: does your insurance fit the roof heights and work you take on? Send the job requirements before you start. Get a roofing insurance quote.,,GET_QUOTE,https://www.cohesiveinsure.com/contractor-test?industry=roof&angle=coi,utm_source=facebook&utm_medium=paid&utm_campaign={{campaign.name}}&utm_content={{ad.name}}&utm_term={{adset.name}}&ad_id={{ad.id}}&adset_id={{adset.id}}&campaign_id={{campaign.id}},Current code: 2026-09-18-trade-v5; historical versions differ,roof__coi__{step|long}__v1 (layout assigned at visit),,images/0f107219fd711b7d.jpg,1040402602333106,0.26,8,0,32.5,0.0,,0,0,0,6,,,,Roofing,2026-09-13 to 2026-09-18,0.03,0.09,Delivery without confirmed completion,"O: observed session IDs, not verified people; C: reconciled completed intakes, including returns; V: form versions changed Sep18",AD,CT Themes 20260913 | roof__coi,CT Themes 20260913 | roof,1,2026-09-17,2026-09-17,True,0.0,0,https://www.cohesiveinsure.com/marketing-review/20260919/deep-scan/images/0f107219fd711b7d.jpg,[],[],{}
120251182153020660,CT Rate Creep 20260918 | roof-plain,120251080550110660,120251080557280660,ACTIVE,ACTIVE,2026-09-18T17:13:14-0400,2026-09-18T17:16:16-0400,static image,No claims. Higher renewal?,"Roofing contractors: no claims, but your business insurance renewal is higher again? Before you renew, compare your options. Tell us when your current policy expires so we can help you compare before then.",,GET_QUOTE,https://www.cohesiveinsure.com/contractor-test?industry=roof&angle=coi,utm_source=facebook&utm_medium=paid&utm_campaign={{campaign.name}}&utm_content={{ad.name}}&utm_term={{adset.name}}&ad_id={{ad.id}}&adset_id={{adset.id}}&campaign_id={{campaign.id}},Current code: 2026-09-18-trade-v5; historical versions differ,roof__coi__{step|long}__v1 (layout assigned at visit),,images/2848f48dabc3e38c.jpg,1145471871143382,0.14,3,0,46.67,0.0,,0,0,0,4,,,,Roofing,2026-09-13 to 2026-09-18,0.02,0.05,Delivery without confirmed completion,"O: observed session IDs, not verified people; C: reconciled completed intakes, including returns; V: form versions changed Sep18",AD,CT Themes 20260913 | roof__coi,CT Themes 20260913 | roof,1,2026-09-18,2026-09-18,True,0.25,7,https://www.cohesiveinsure.com/marketing-review/20260919/deep-scan/images/2848f48dabc3e38c.jpg,[],[],{}
120251182163480660,CT Rate Creep 20260918 | roof-reddit,120251080550110660,120251080557280660,ACTIVE,ACTIVE,2026-09-18T17:15:34-0400,2026-09-18T17:19:42-0400,static image,No claims. Higher renewal?,"Roofing contractors: no claims, but your business insurance renewal is higher again? Before you renew, compare your options. Tell us when your current policy expires so we can help you compare before then.",,GET_QUOTE,https://www.cohesiveinsure.com/contractor-test?industry=roof&angle=coi,utm_source=facebook&utm_medium=paid&utm_campaign={{campaign.name}}&utm_content={{ad.name}}&utm_term={{adset.name}}&ad_id={{ad.id}}&adset_id={{adset.id}}&campaign_id={{campaign.id}},Current code: 2026-09-18-trade-v5; historical versions differ,roof__coi__{step|long}__v1 (layout assigned at visit),,images/ce9cfbb33993c278.jpg,2088809328509084,0.09,2,0,45.0,0.0,,0,0,0,4,,,,Roofing,2026-09-13 to 2026-09-18,0.01,0.03,Delivery without confirmed completion,"O: observed session IDs, not verified people; C: reconciled completed intakes, including returns; V: form versions changed Sep18",AD,CT Themes 20260913 | roof__coi,CT Themes 20260913 | roof,1,2026-09-18,2026-09-18,True,0.0,0,https://www.cohesiveinsure.com/marketing-review/20260919/deep-scan/images/ce9cfbb33993c278.jpg,[],[],{}
120251170035740660,CT Object 20260918 | reddit-percent_saved-roof,120251080550110660,120251080557280660,ACTIVE,ACTIVE,2026-09-18T01:44:07-0400,2026-09-18T01:48:12-0400,static image,Compare before your renewal,"A $2M revenue contractor got covered for $4K - 57% below their prior premium
Get a quote now before your next renewal",,GET_QUOTE,https://www.cohesiveinsure.com/contractor-test?industry=roof&angle=coi,utm_source=facebook&utm_medium=paid&utm_campaign={{campaign.name}}&utm_content={{ad.name}}&utm_term={{adset.name}}&ad_id={{ad.id}}&adset_id={{adset.id}}&campaign_id={{campaign.id}},Current code: 2026-09-18-trade-v5; historical versions differ,roof__coi__{step|long}__v1 (layout assigned at visit),,images/fe0990c31cbb9f81.jpg,1321261879915730,0.07,5,0,14.0,0.0,,0,0,0,4,,,,Roofing,2026-09-13 to 2026-09-18,0.01,0.02,Delivery without confirmed completion,"O: observed session IDs, not verified people; C: reconciled completed intakes, including returns; V: form versions changed Sep18",AD,CT Themes 20260913 | roof__coi,CT Themes 20260913 | roof,1,2026-09-18,2026-09-18,True,0.0,0,https://www.cohesiveinsure.com/marketing-review/20260919/deep-scan/images/fe0990c31cbb9f81.jpg,[],[],{}
120251150832370660,CT MECHANISM 20260917 | roof-job,120251080550110660,120251080557280660,ACTIVE,ACTIVE,2026-09-16T23:17:15-0400,2026-09-16T23:24:15-0400,static image,Do not leave the next job waiting,Roofers: a GC is waiting on your proof of insurance. Get your coverage quote moving before the job starts. Send us the requirements and your start date.,,GET_QUOTE,https://www.cohesiveinsure.com/contractor-test?industry=roof&angle=coi,utm_source=facebook&utm_medium=paid&utm_campaign={{campaign.name}}&utm_content={{ad.name}}&utm_term={{adset.name}}&ad_id={{ad.id}}&adset_id={{adset.id}}&campaign_id={{campaign.id}},Current code: 2026-09-18-trade-v5; historical versions differ,roof__coi__{step|long}__v1 (layout assigned at visit),,images/0f107219fd711b7d.jpg,1685268055904194,0.06,2,0,30.0,0.0,,0,0,0,4,,,,Roofing,2026-09-13 to 2026-09-18,0.01,0.02,Delivery without confirmed completion,"O: observed session IDs, not verified people; C: reconciled completed intakes, including returns; V: form versions changed Sep18",AD,CT Themes 20260913 | roof__coi,CT Themes 20260913 | roof,1,2026-09-17,2026-09-17,True,0.0,0,https://www.cohesiveinsure.com/marketing-review/20260919/deep-scan/images/0f107219fd711b7d.jpg,[],[],{}
120251167871310660,CT CPC 20260918 | roof-open,120251080550110660,120251080557280660,ACTIVE,ACTIVE,2026-09-17T21:43:03-0400,2026-09-17T21:46:11-0400,static image,Roof open. Rain coming. Coverage checked?,Roofing contractors: what happens if rain gets in while a roof is open? Ask us to check your liability coverage for the reroofing work you do. Get a quote before your next renewal.,,GET_QUOTE,https://www.cohesiveinsure.com/contractor-test?industry=roof&angle=coi,utm_source=facebook&utm_medium=paid&utm_campaign={{campaign.name}}&utm_content={{ad.name}}&utm_term={{adset.name}}&ad_id={{ad.id}}&adset_id={{adset.id}}&campaign_id={{campaign.id}},Current code: 2026-09-18-trade-v5; historical versions differ,roof__coi__{step|long}__v1 (layout assigned at visit),,images/0f107219fd711b7d.jpg,2195806521811568,0.06,1,0,60.0,0.0,,0,0,0,4,,,,Roofing,2026-09-13 to 2026-09-18,0.01,0.02,Delivery without confirmed completion,"O: observed session IDs, not verified people; C: reconciled completed intakes, including returns; V: form versions changed Sep18",AD,CT Themes 20260913 | roof__coi,CT Themes 20260913 | roof,1,2026-09-17,2026-09-17,True,0.0,0,https://www.cohesiveinsure.com/marketing-review/20260919/deep-scan/images/0f107219fd711b7d.jpg,[],[],{}
120251169609560660,CT Factorial 20260918 | flowchart-breadth-roof,120251080550110660,120251080557280660,ACTIVE,ACTIVE,2026-09-18T01:01:40-0400,2026-09-18T01:04:52-0400,static image,Compare insurance options,Roofing Contractors: One request. More coverage options. Tell us about your work. We can compare options from multiple insurance carriers.,,GET_QUOTE,https://www.cohesiveinsure.com/contractor-test?industry=roof&angle=coi,utm_source=facebook&utm_medium=paid&utm_campaign={{campaign.name}}&utm_content={{ad.name}}&utm_term={{adset.name}}&ad_id={{ad.id}}&adset_id={{adset.id}}&campaign_id={{campaign.id}},Current code: 2026-09-18-trade-v5; historical versions differ,roof__coi__{step|long}__v1 (layout assigned at visit),,images/2d6836028292dd16.jpg,2320244768792689,0.02,2,0,10.0,0.0,,0,0,0,4,,,,Roofing,2026-09-13 to 2026-09-18,0.0,0.01,Delivery without confirmed completion,"O: observed session IDs, not verified people; C: reconciled completed intakes, including returns; V: form versions changed Sep18",AD,CT Themes 20260913 | roof__coi,CT Themes 20260913 | roof,1,2026-09-18,2026-09-18,True,0.0,0,https://www.cohesiveinsure.com/marketing-review/20260919/deep-scan/images/2d6836028292dd16.jpg,[],[],{}
120251170059570660,CT Object 20260918 | voicemail-renewal-roof,120251080550110660,120251080557280660,ACTIVE,ACTIVE,2026-09-18T01:46:28-0400,2026-09-18T01:50:06-0400,static image,Before your next renewal,"Roofing contractors: GL RENEWAL, 14 DAYS
Compare before your renewal becomes the deadline.
Request an insurance quote.",,GET_QUOTE,https://www.cohesiveinsure.com/contractor-test?industry=roof&angle=coi,utm_source=facebook&utm_medium=paid&utm_campaign={{campaign.name}}&utm_content={{ad.name}}&utm_term={{adset.name}}&ad_id={{ad.id}}&adset_id={{adset.id}}&campaign_id={{campaign.id}},Current code: 2026-09-18-trade-v5; historical versions differ,roof__coi__{step|long}__v1 (layout assigned at visit),,images/511624454ed2c74a.jpg,1701232540935558,0.01,2,0,5.0,0.0,,0,0,0,4,,,,Roofing,2026-09-13 to 2026-09-18,0.0,0.0,Delivery without confirmed completion,"O: observed session IDs, not verified people; C: reconciled completed intakes, including returns; V: form versions changed Sep18",AD,CT Themes 20260913 | roof__coi,CT Themes 20260913 | roof,1,2026-09-18,2026-09-18,True,0.0,0,https://www.cohesiveinsure.com/marketing-review/20260919/deep-scan/images/511624454ed2c74a.jpg,[],[],{}
120251182140140660,CT Rate Creep 20260918 | roof-texts,120251080550110660,120251080557280660,ACTIVE,ACTIVE,2026-09-18T17:10:53-0400,2026-09-18T17:16:15-0400,static image,No claims. Higher renewal?,"Roofing contractors: no claims, but your business insurance renewal is higher again? Before you renew, compare your options. Tell us when your current policy expires so we can help you compare before then.",,GET_QUOTE,https://www.cohesiveinsure.com/contractor-test?industry=roof&angle=coi,utm_source=facebook&utm_medium=paid&utm_campaign={{campaign.name}}&utm_content={{ad.name}}&utm_term={{adset.name}}&ad_id={{ad.id}}&adset_id={{adset.id}}&campaign_id={{campaign.id}},Current code: 2026-09-18-trade-v5; historical versions differ,roof__coi__{step|long}__v1 (layout assigned at visit),,images/bc507f1e49867d20.jpg,1777800676742833,0.01,2,0,5.0,0.0,,0,0,0,4,,,,Roofing,2026-09-13 to 2026-09-18,0.0,0.0,Delivery without confirmed completion,"O: observed session IDs, not verified people; C: reconciled completed intakes, including returns; V: form versions changed Sep18",AD,CT Themes 20260913 | roof__coi,CT Themes 20260913 | roof,1,2026-09-18,2026-09-18,True,0.08,3,https://www.cohesiveinsure.com/marketing-review/20260919/deep-scan/images/bc507f1e49867d20.jpg,[],[],{}
120251169621040660,CT Factorial 20260918 | video-renewal-roof,120251080550110660,120251080557280660,ACTIVE,ACTIVE,2026-09-18T01:03:17-0400,2026-09-18T01:09:19-0400,video (poster shown),Plan your insurance renewal,Roofing Contractors: Before the renewal becomes the deadline. Bring your renewal date. Give yourself time to compare the coverage your work needs.,,GET_QUOTE,https://www.cohesiveinsure.com/contractor-test?industry=roof&angle=coi,utm_source=facebook&utm_medium=paid&utm_campaign={{campaign.name}}&utm_content={{ad.name}}&utm_term={{adset.name}}&ad_id={{ad.id}}&adset_id={{adset.id}}&campaign_id={{campaign.id}},Current code: 2026-09-18-trade-v5; historical versions differ,roof__coi__{step|long}__v1 (layout assigned at visit),,images/a2ed7c0295f43943.jpg,983126031467155,0,0,0,,,,0,0,0,4,,,,Roofing,2026-09-13 to 2026-09-18,0.0,0.0,No delivery through Sep18,"O: observed session IDs, not verified people; C: reconciled completed intakes, including returns; V: form versions changed Sep18",AD,CT Themes 20260913 | roof__coi,CT Themes 20260913 | roof,0,,,False,0.0,0,https://www.cohesiveinsure.com/marketing-review/20260919/deep-scan/images/a2ed7c0295f43943.jpg,[],[],{}
120251182130770660,CT Rate Creep 20260918 | roof-tweet,120251080550110660,120251080557280660,ACTIVE,ACTIVE,2026-09-18T17:09:40-0400,2026-09-18T17:12:50-0400,static image,No claims. Higher renewal?,"Roofing contractors: no claims, but your business insurance renewal is higher again? Before you renew, compare your options. Tell us when your current policy expires so we can help you compare before then.",,GET_QUOTE,https://www.cohesiveinsure.com/contractor-test?industry=roof&angle=coi,utm_source=facebook&utm_medium=paid&utm_campaign={{campaign.name}}&utm_content={{ad.name}}&utm_term={{adset.name}}&ad_id={{ad.id}}&adset_id={{adset.id}}&campaign_id={{campaign.id}},Current code: 2026-09-18-trade-v5; historical versions differ,roof__coi__{step|long}__v1 (layout assigned at visit),,images/c346c48d17d744f0.jpg,1659466885571252,0,0,0,,,,0,0,0,4,,,,Roofing,2026-09-13 to 2026-09-18,0.0,0.0,No delivery through Sep18,"O: observed session IDs, not verified people; C: reconciled completed intakes, including returns; V: form versions changed Sep18",AD,CT Themes 20260913 | roof__coi,CT Themes 20260913 | roof,0,,,False,0.0,0,https://www.cohesiveinsure.com/marketing-review/20260919/deep-scan/images/c346c48d17d744f0.jpg,[],[],{}
120251182146010660,CT Rate Creep 20260918 | roof-notes,120251080550110660,120251080557280660,ACTIVE,ACTIVE,2026-09-18T17:12:03-0400,2026-09-18T17:20:36-0400,static image,No claims. Higher renewal?,"Roofing contractors: no claims, but your business insurance renewal is higher again? Before you renew, compare your options. Tell us when your current policy expires so we can help you compare before then.",,GET_QUOTE,https://www.cohesiveinsure.com/contractor-test?industry=roof&angle=coi,utm_source=facebook&utm_medium=paid&utm_campaign={{campaign.name}}&utm_content={{ad.name}}&utm_term={{adset.name}}&ad_id={{ad.id}}&adset_id={{adset.id}}&campaign_id={{campaign.id}},Current code: 2026-09-18-trade-v5; historical versions differ,roof__coi__{step|long}__v1 (layout assigned at visit),,images/f4676a5e0750dfcd.jpg,1519678249913299,0,0,0,,,,0,0,0,4,,,,Roofing,2026-09-13 to 2026-09-18,0.0,0.0,No delivery through Sep18,"O: observed session IDs, not verified people; C: reconciled completed intakes, including returns; V: form versions changed Sep18",AD,CT Themes 20260913 | roof__coi,CT Themes 20260913 | roof,0,,,True,0.22,1,https://www.cohesiveinsure.com/marketing-review/20260919/deep-scan/images/f4676a5e0750dfcd.jpg,[],[],{}
120251090343530660,CT Free Leads Direct r1 | roof | 20260914,120251080550110660,120251080559210660,ACTIVE,ACTIVE,2026-09-13T23:13:23-0400,2026-09-13T23:16:37-0400,static image,Roofers: free lead gen. Up to 6 leads.,"Want more roofing jobs?

When you buy your business insurance through Cohesive, we'll run outreach to property and facility managers in your area at no extra charge. Up to 6 leads. Leads and booked jobs aren't guaranteed.

Start with an insurance quote.",,GET_QUOTE,https://www.cohesiveinsure.com/contractor-test?industry=roof&angle=free_gen,utm_source=facebook&utm_medium=paid&utm_campaign={{campaign.name}}&utm_content={{ad.name}}&utm_term={{adset.name}}&ad_id={{ad.id}}&adset_id={{adset.id}}&campaign_id={{campaign.id}}&creative_test=free_leads_direct_r1,Current code: 2026-09-18-trade-v5; historical versions differ,roof__free_gen__{step|long}__v1 (layout assigned at visit),,images/c8e1163be76635ab.jpg,1552028026675150,94.54,808,5,117.0,0.619,18.91,0,0,0,7,,,,Roofing,2026-09-13 to 2026-09-18,12.56,67.19,Delivery without confirmed completion,"O: observed session IDs, not verified people; C: reconciled completed intakes, including returns; V: form versions changed Sep18",AD,CT Themes 20260913 | roof__free_gen,CT Themes 20260913 | roof,6,2026-09-13,2026-09-18,True,0.02,1,https://www.cohesiveinsure.com/marketing-review/20260919/deep-scan/images/c8e1163be76635ab.jpg,"[{""action_type"": ""link_click"", ""value"": ""5""}, {""action_type"": ""landing_page_view"", ""value"": ""2""}, {""action_type"": ""omni_landing_page_view"", ""value"": ""2""}, {""action_type"": ""post_engagement"", ""value"": ""5""}, {""action_type"": ""page_engagement"", ""value"": ""5""}]",[],{}
120251081993780660,CT User Video Carryover | 120251073616740660,120251080550110660,120251080559210660,ACTIVE,ACTIVE,2026-09-13T00:23:22-0400,2026-09-13T00:44:58-0400,static image,Roofers: free lead gen. Up to 6 leads.,"Bind your business insurance with us and we’ll run an email outreach campaign to property and facility managers in your service area, generating up to 6 leads at no extra charge. Get an insurance quote and ask about our free lead gen offer.",,GET_QUOTE,https://www.cohesiveinsure.com/contractor-test?industry=roof&angle=free_gen,utm_source=facebook&utm_medium=paid&utm_campaign={{campaign.name}}&utm_content={{ad.name}}&utm_term={{adset.name}}&ad_id={{ad.id}}&adset_id={{adset.id}}&campaign_id={{campaign.id}},Current code: 2026-09-18-trade-v5; historical versions differ,roof__free_gen__{step|long}__v1 (layout assigned at visit),,images/c8e1163be76635ab.jpg,1069207572666868,46.17,261,2,176.9,0.766,23.09,0,0,1,3,,,46.17,Roofing,2026-09-13 to 2026-09-18,6.13,32.81,Delivery without confirmed completion,"O: observed session IDs, not verified people; C: reconciled completed intakes, including returns; V: form versions changed Sep18",AD,CT Themes 20260913 | roof__free_gen,CT Themes 20260913 | roof,6,2026-09-13,2026-09-18,True,0.01,1,https://www.cohesiveinsure.com/marketing-review/20260919/deep-scan/images/c8e1163be76635ab.jpg,"[{""action_type"": ""link_click"", ""value"": ""2""}, {""action_type"": ""landing_page_view"", ""value"": ""2""}, {""action_type"": ""omni_landing_page_view"", ""value"": ""2""}, {""action_type"": ""post_engagement"", ""value"": ""2""}, {""action_type"": ""page_engagement"", ""value"": ""2""}]",[],{}
120251080730420660,CT Themes 20260913 | roof__a8__cta1__cream__image0__v1,120251080550110660,120251080702400660,PAUSED,PAUSED,2026-09-12T22:25:03-0400,2026-09-12T22:33:05-0400,static image,Roofers - insurance quotes,"Insurance for your business from $39/month. Take 2 minutes to request your quote.

Get your business insurance quote.",,GET_QUOTE,https://www.cohesiveinsure.com/contractor-test?industry=roof&angle=coi&creative_variant=roof__a8__cta1__cream__image0__v1&creative_angle=Monthly%20starting%20price,utm_source=facebook&utm_medium=paid&utm_campaign={{campaign.name}}&utm_content={{ad.name}}&utm_term={{adset.name}}&ad_id={{ad.id}}&adset_id={{adset.id}}&campaign_id={{campaign.id}},Current code: 2026-09-18-trade-v5; historical versions differ,roof__coi__{step|long}__v1 (layout assigned at visit),roof__a8__cta1__cream__image0__v1,images/498ff2a76667d42c.jpg,2232759817266751,0,0,0,,,,0,0,0,0,,,,Roofing,2026-09-13 to 2026-09-18,0.0,0,No delivery through Sep18,"O: observed session IDs, not verified people; C: reconciled completed intakes, including returns; V: form versions changed Sep18",AD,CT Themes 20260913 | roof__monthly,CT Themes 20260913 | roof,0,,,False,0.0,0,https://www.cohesiveinsure.com/marketing-review/20260919/deep-scan/images/498ff2a76667d42c.jpg,[],[],{}
120251080730820660,CT Themes 20260913 | roof__a8__cta1__cream__image1__v1,120251080550110660,120251080702400660,PAUSED,PAUSED,2026-09-12T22:25:07-0400,2026-09-12T22:33:16-0400,static image,Roofers - insurance quotes,"Insurance for your business from $39/month. Take 2 minutes to request your quote.

Get your business insurance quote.",,GET_QUOTE,https://www.cohesiveinsure.com/contractor-test?industry=roof&angle=coi&creative_variant=roof__a8__cta1__cream__image1__v1&creative_angle=Monthly%20starting%20price,utm_source=facebook&utm_medium=paid&utm_campaign={{campaign.name}}&utm_content={{ad.name}}&utm_term={{adset.name}}&ad_id={{ad.id}}&adset_id={{adset.id}}&campaign_id={{campaign.id}},Current code: 2026-09-18-trade-v5; historical versions differ,roof__coi__{step|long}__v1 (layout assigned at visit),roof__a8__cta1__cream__image1__v1,images/efac7d7f654dacb1.jpg,1031336553296891,0,0,0,,,,0,0,0,0,,,,Roofing,2026-09-13 to 2026-09-18,0.0,0,No delivery through Sep18,"O: observed session IDs, not verified people; C: reconciled completed intakes, including returns; V: form versions changed Sep18",AD,CT Themes 20260913 | roof__monthly,CT Themes 20260913 | roof,0,,,False,0.0,0,https://www.cohesiveinsure.com/marketing-review/20260919/deep-scan/images/efac7d7f654dacb1.jpg,[],[],{}
120251080731120660,CT Themes 20260913 | roof__a8__cta1__cream__image2__v1,120251080550110660,120251080702400660,PAUSED,PAUSED,2026-09-12T22:25:09-0400,2026-09-12T22:33:16-0400,static image,Roofers - insurance quotes,"Insurance for your business from $39/month. Take 2 minutes to request your quote.

Get your business insurance quote.",,GET_QUOTE,https://www.cohesiveinsure.com/contractor-test?industry=roof&angle=coi&creative_variant=roof__a8__cta1__cream__image2__v1&creative_angle=Monthly%20starting%20price,utm_source=facebook&utm_medium=paid&utm_campaign={{campaign.name}}&utm_content={{ad.name}}&utm_term={{adset.name}}&ad_id={{ad.id}}&adset_id={{adset.id}}&campaign_id={{campaign.id}},Current code: 2026-09-18-trade-v5; historical versions differ,roof__coi__{step|long}__v1 (layout assigned at visit),roof__a8__cta1__cream__image2__v1,images/5c85013ea96dc823.jpg,1608640480894526,0,0,0,,,,0,0,0,0,,,,Roofing,2026-09-13 to 2026-09-18,0.0,0,No delivery through Sep18,"O: observed session IDs, not verified people; C: reconciled completed intakes, including returns; V: form versions changed Sep18",AD,CT Themes 20260913 | roof__monthly,CT Themes 20260913 | roof,0,,,False,0.0,0,https://www.cohesiveinsure.com/marketing-review/20260919/deep-scan/images/5c85013ea96dc823.jpg,[],[],{}
120251080732930660,CT Themes 20260913 | roof__a8__cta1__navy__image0__v1,120251080550110660,120251080702400660,PAUSED,PAUSED,2026-09-12T22:25:22-0400,2026-09-12T22:33:32-0400,static image,Roofers - insurance quotes,"Insurance for your business from $39/month. Take 2 minutes to request your quote.

Get your business insurance quote.",,GET_QUOTE,https://www.cohesiveinsure.com/contractor-test?industry=roof&angle=coi&creative_variant=roof__a8__cta1__navy__image0__v1&creative_angle=Monthly%20starting%20price,utm_source=facebook&utm_medium=paid&utm_campaign={{campaign.name}}&utm_content={{ad.name}}&utm_term={{adset.name}}&ad_id={{ad.id}}&adset_id={{adset.id}}&campaign_id={{campaign.id}},Current code: 2026-09-18-trade-v5; historical versions differ,roof__coi__{step|long}__v1 (layout assigned at visit),roof__a8__cta1__navy__image0__v1,images/768b0fd6ee2f3818.jpg,2333342570743742,0,0,0,,,,0,0,0,0,,,,Roofing,2026-09-13 to 2026-09-18,0.0,0,No delivery through Sep18,"O: observed session IDs, not verified people; C: reconciled completed intakes, including returns; V: form versions changed Sep18",AD,CT Themes 20260913 | roof__monthly,CT Themes 20260913 | roof,0,,,False,0.0,0,https://www.cohesiveinsure.com/marketing-review/20260919/deep-scan/images/768b0fd6ee2f3818.jpg,[],[],{}
120251080733020660,CT Themes 20260913 | roof__a8__cta1__navy__image1__v1,120251080550110660,120251080702400660,PAUSED,PAUSED,2026-09-12T22:25:22-0400,2026-09-12T22:33:27-0400,static image,Roofers - insurance quotes,"Insurance for your business from $39/month. Take 2 minutes to request your quote.

Get your business insurance quote.",,GET_QUOTE,https://www.cohesiveinsure.com/contractor-test?industry=roof&angle=coi&creative_variant=roof__a8__cta1__navy__image1__v1&creative_angle=Monthly%20starting%20price,utm_source=facebook&utm_medium=paid&utm_campaign={{campaign.name}}&utm_content={{ad.name}}&utm_term={{adset.name}}&ad_id={{ad.id}}&adset_id={{adset.id}}&campaign_id={{campaign.id}},Current code: 2026-09-18-trade-v5; historical versions differ,roof__coi__{step|long}__v1 (layout assigned at visit),roof__a8__cta1__navy__image1__v1,images/64676a72c0c724e6.jpg,984824704651152,0,0,0,,,,0,0,0,0,,,,Roofing,2026-09-13 to 2026-09-18,0.0,0,No delivery through Sep18,"O: observed session IDs, not verified people; C: reconciled completed intakes, including returns; V: form versions changed Sep18",AD,CT Themes 20260913 | roof__monthly,CT Themes 20260913 | roof,0,,,False,0.0,0,https://www.cohesiveinsure.com/marketing-review/20260919/deep-scan/images/64676a72c0c724e6.jpg,[],[],{}
120251080734940660,CT Themes 20260913 | roof__a8__cta1__navy__image2__v1,120251080550110660,120251080702400660,PAUSED,PAUSED,2026-09-12T22:25:28-0400,2026-09-12T22:33:35-0400,static image,Roofers - insurance quotes,"Insurance for your business from $39/month. Take 2 minutes to request your quote.

Get your business insurance quote.",,GET_QUOTE,https://www.cohesiveinsure.com/contractor-test?industry=roof&angle=coi&creative_variant=roof__a8__cta1__navy__image2__v1&creative_angle=Monthly%20starting%20price,utm_source=facebook&utm_medium=paid&utm_campaign={{campaign.name}}&utm_content={{ad.name}}&utm_term={{adset.name}}&ad_id={{ad.id}}&adset_id={{adset.id}}&campaign_id={{campaign.id}},Current code: 2026-09-18-trade-v5; historical versions differ,roof__coi__{step|long}__v1 (layout assigned at visit),roof__a8__cta1__navy__image2__v1,images/92017f705611870d.jpg,2468877973606836,0,0,0,,,,0,0,0,0,,,,Roofing,2026-09-13 to 2026-09-18,0.0,0,No delivery through Sep18,"O: observed session IDs, not verified people; C: reconciled completed intakes, including returns; V: form versions changed Sep18",AD,CT Themes 20260913 | roof__monthly,CT Themes 20260913 | roof,0,,,False,0.0,0,https://www.cohesiveinsure.com/marketing-review/20260919/deep-scan/images/92017f705611870d.jpg,[],[],{}
120251080737630660,CT Themes 20260913 | roof__a8__cta2__cream__image0__v1,120251080550110660,120251080702400660,PAUSED,PAUSED,2026-09-12T22:25:38-0400,2026-09-12T22:33:40-0400,static image,Roofers - insurance quotes,"Insurance for your business from $39/month. Take 2 minutes to request your quote.

Compare your current rate.",,GET_QUOTE,https://www.cohesiveinsure.com/contractor-test?industry=roof&angle=coi&creative_variant=roof__a8__cta2__cream__image0__v1&creative_angle=Monthly%20starting%20price,utm_source=facebook&utm_medium=paid&utm_campaign={{campaign.name}}&utm_content={{ad.name}}&utm_term={{adset.name}}&ad_id={{ad.id}}&adset_id={{adset.id}}&campaign_id={{campaign.id}},Current code: 2026-09-18-trade-v5; historical versions differ,roof__coi__{step|long}__v1 (layout assigned at visit),roof__a8__cta2__cream__image0__v1,images/e980bec9f65a736a.jpg,2171181120446255,0,0,0,,,,0,0,0,0,,,,Roofing,2026-09-13 to 2026-09-18,0.0,0,No delivery through Sep18,"O: observed session IDs, not verified people; C: reconciled completed intakes, including returns; V: form versions changed Sep18",AD,CT Themes 20260913 | roof__monthly,CT Themes 20260913 | roof,0,,,False,0.0,0,https://www.cohesiveinsure.com/marketing-review/20260919/deep-scan/images/e980bec9f65a736a.jpg,[],[],{}
120251080738720660,CT Themes 20260913 | roof__a8__cta2__cream__image1__v1,120251080550110660,120251080702400660,PAUSED,PAUSED,2026-09-12T22:25:40-0400,2026-09-12T22:34:07-0400,static image,Roofers - insurance quotes,"Insurance for your business from $39/month. Take 2 minutes to request your quote.

Compare your current rate.",,GET_QUOTE,https://www.cohesiveinsure.com/contractor-test?industry=roof&angle=coi&creative_variant=roof__a8__cta2__cream__image1__v1&creative_angle=Monthly%20starting%20price,utm_source=facebook&utm_medium=paid&utm_campaign={{campaign.name}}&utm_content={{ad.name}}&utm_term={{adset.name}}&ad_id={{ad.id}}&adset_id={{adset.id}}&campaign_id={{campaign.id}},Current code: 2026-09-18-trade-v5; historical versions differ,roof__coi__{step|long}__v1 (layout assigned at visit),roof__a8__cta2__cream__image1__v1,images/583778bcda5536a9.jpg,1055974703547030,0,0,0,,,,0,0,0,0,,,,Roofing,2026-09-13 to 2026-09-18,0.0,0,No delivery through Sep18,"O: observed session IDs, not verified people; C: reconciled completed intakes, including returns; V: form versions changed Sep18",AD,CT Themes 20260913 | roof__monthly,CT Themes 20260913 | roof,0,,,False,0.0,0,https://www.cohesiveinsure.com/marketing-review/20260919/deep-scan/images/583778bcda5536a9.jpg,[],[],{}
120251080739410660,CT Themes 20260913 | roof__a8__cta2__cream__image2__v1,120251080550110660,120251080702400660,PAUSED,PAUSED,2026-09-12T22:25:44-0400,2026-09-12T22:33:45-0400,static image,Roofers - insurance quotes,"Insurance for your business from $39/month. Take 2 minutes to request your quote.

Compare your current rate.",,GET_QUOTE,https://www.cohesiveinsure.com/contractor-test?industry=roof&angle=coi&creative_variant=roof__a8__cta2__cream__image2__v1&creative_angle=Monthly%20starting%20price,utm_source=facebook&utm_medium=paid&utm_campaign={{campaign.name}}&utm_content={{ad.name}}&utm_term={{adset.name}}&ad_id={{ad.id}}&adset_id={{adset.id}}&campaign_id={{campaign.id}},Current code: 2026-09-18-trade-v5; historical versions differ,roof__coi__{step|long}__v1 (layout assigned at visit),roof__a8__cta2__cream__image2__v1,images/a1df2552fff3e600.jpg,4431864527055601,0,0,0,,,,0,0,0,0,,,,Roofing,2026-09-13 to 2026-09-18,0.0,0,No delivery through Sep18,"O: observed session IDs, not verified people; C: reconciled completed intakes, including returns; V: form versions changed Sep18",AD,CT Themes 20260913 | roof__monthly,CT Themes 20260913 | roof,0,,,False,0.0,0,https://www.cohesiveinsure.com/marketing-review/20260919/deep-scan/images/a1df2552fff3e600.jpg,[],[],{}
120251080741990660,CT Themes 20260913 | roof__a8__cta2__navy__image0__v1,120251080550110660,120251080702400660,PAUSED,PAUSED,2026-09-12T22:25:53-0400,2026-09-12T22:34:18-0400,static image,Roofers - insurance quotes,"Insurance for your business from $39/month. Take 2 minutes to request your quote.

Compare your current rate.",,GET_QUOTE,https://www.cohesiveinsure.com/contractor-test?industry=roof&angle=coi&creative_variant=roof__a8__cta2__navy__image0__v1&creative_angle=Monthly%20starting%20price,utm_source=facebook&utm_medium=paid&utm_campaign={{campaign.name}}&utm_content={{ad.name}}&utm_term={{adset.name}}&ad_id={{ad.id}}&adset_id={{adset.id}}&campaign_id={{campaign.id}},Current code: 2026-09-18-trade-v5; historical versions differ,roof__coi__{step|long}__v1 (layout assigned at visit),roof__a8__cta2__navy__image0__v1,images/bdb769452a67e3ba.jpg,4545691649079029,0,0,0,,,,0,0,0,0,,,,Roofing,2026-09-13 to 2026-09-18,0.0,0,No delivery through Sep18,"O: observed session IDs, not verified people; C: reconciled completed intakes, including returns; V: form versions changed Sep18",AD,CT Themes 20260913 | roof__monthly,CT Themes 20260913 | roof,0,,,False,0.0,0,https://www.cohesiveinsure.com/marketing-review/20260919/deep-scan/images/bdb769452a67e3ba.jpg,[],[],{}
120251080742700660,CT Themes 20260913 | roof__a8__cta2__navy__image1__v1,120251080550110660,120251080702400660,PAUSED,PAUSED,2026-09-12T22:25:56-0400,2026-09-12T22:33:58-0400,static image,Roofers - insurance quotes,"Insurance for your business from $39/month. Take 2 minutes to request your quote.

Compare your current rate.",,GET_QUOTE,https://www.cohesiveinsure.com/contractor-test?industry=roof&angle=coi&creative_variant=roof__a8__cta2__navy__image1__v1&creative_angle=Monthly%20starting%20price,utm_source=facebook&utm_medium=paid&utm_campaign={{campaign.name}}&utm_content={{ad.name}}&utm_term={{adset.name}}&ad_id={{ad.id}}&adset_id={{adset.id}}&campaign_id={{campaign.id}},Current code: 2026-09-18-trade-v5; historical versions differ,roof__coi__{step|long}__v1 (layout assigned at visit),roof__a8__cta2__navy__image1__v1,images/bef9ecba47e9d304.jpg,1100625366278946,0,0,0,,,,0,0,0,0,,,,Roofing,2026-09-13 to 2026-09-18,0.0,0,No delivery through Sep18,"O: observed session IDs, not verified people; C: reconciled completed intakes, including returns; V: form versions changed Sep18",AD,CT Themes 20260913 | roof__monthly,CT Themes 20260913 | roof,0,,,False,0.0,0,https://www.cohesiveinsure.com/marketing-review/20260919/deep-scan/images/bef9ecba47e9d304.jpg,[],[],{}
120251080743400660,CT Themes 20260913 | roof__a8__cta2__navy__image2__v1,120251080550110660,120251080702400660,PAUSED,PAUSED,2026-09-12T22:25:59-0400,2026-09-12T22:34:13-0400,static image,Roofers - insurance quotes,"Insurance for your business from $39/month. Take 2 minutes to request your quote.

Compare your current rate.",,GET_QUOTE,https://www.cohesiveinsure.com/contractor-test?industry=roof&angle=coi&creative_variant=roof__a8__cta2__navy__image2__v1&creative_angle=Monthly%20starting%20price,utm_source=facebook&utm_medium=paid&utm_campaign={{campaign.name}}&utm_content={{ad.name}}&utm_term={{adset.name}}&ad_id={{ad.id}}&adset_id={{adset.id}}&campaign_id={{campaign.id}},Current code: 2026-09-18-trade-v5; historical versions differ,roof__coi__{step|long}__v1 (layout assigned at visit),roof__a8__cta2__navy__image2__v1,images/163c151be3478add.jpg,1043016991692601,0,0,0,,,,0,0,0,0,,,,Roofing,2026-09-13 to 2026-09-18,0.0,0,No delivery through Sep18,"O: observed session IDs, not verified people; C: reconciled completed intakes, including returns; V: form versions changed Sep18",AD,CT Themes 20260913 | roof__monthly,CT Themes 20260913 | roof,0,,,False,0.0,0,https://www.cohesiveinsure.com/marketing-review/20260919/deep-scan/images/163c151be3478add.jpg,[],[],{}
120251080731210660,CT Themes 20260913 | roof__a9__cta1__cream__image0__v1,120251080550110660,120251080702720660,PAUSED,PAUSED,2026-09-12T22:25:10-0400,2026-09-12T22:33:08-0400,static image,Roofers - insurance quotes,"Roofing insurance: take 2 minutes to request a quote and see whether we can improve your current rate.

Get your business insurance quote.",,GET_QUOTE,https://www.cohesiveinsure.com/contractor-test?industry=roof&angle=coi&creative_variant=roof__a9__cta1__cream__image0__v1&creative_angle=Two-minute%20request,utm_source=facebook&utm_medium=paid&utm_campaign={{campaign.name}}&utm_content={{ad.name}}&utm_term={{adset.name}}&ad_id={{ad.id}}&adset_id={{adset.id}}&campaign_id={{campaign.id}},Current code: 2026-09-18-trade-v5; historical versions differ,roof__coi__{step|long}__v1 (layout assigned at visit),roof__a9__cta1__cream__image0__v1,images/46603b52cebef18e.jpg,1096977869414129,0,0,0,,,,0,0,0,0,,,,Roofing,2026-09-13 to 2026-09-18,0.0,0,No delivery through Sep18,"O: observed session IDs, not verified people; C: reconciled completed intakes, including returns; V: form versions changed Sep18",AD,CT Themes 20260913 | roof__quick,CT Themes 20260913 | roof,0,,,False,0.0,0,https://www.cohesiveinsure.com/marketing-review/20260919/deep-scan/images/46603b52cebef18e.jpg,[],[],{}
120251080732000660,CT Themes 20260913 | roof__a9__cta1__cream__image2__v1,120251080550110660,120251080702720660,PAUSED,PAUSED,2026-09-12T22:25:16-0400,2026-09-12T22:33:40-0400,static image,Roofers - insurance quotes,"Roofing insurance: take 2 minutes to request a quote and see whether we can improve your current rate.

Get your business insurance quote.",,GET_QUOTE,https://www.cohesiveinsure.com/contractor-test?industry=roof&angle=coi&creative_variant=roof__a9__cta1__cream__image2__v1&creative_angle=Two-minute%20request,utm_source=facebook&utm_medium=paid&utm_campaign={{campaign.name}}&utm_content={{ad.name}}&utm_term={{adset.name}}&ad_id={{ad.id}}&adset_id={{adset.id}}&campaign_id={{campaign.id}},Current code: 2026-09-18-trade-v5; historical versions differ,roof__coi__{step|long}__v1 (layout assigned at visit),roof__a9__cta1__cream__image2__v1,images/f3b285a1574db432.jpg,1407205544700231,0,0,0,,,,0,0,0,0,,,,Roofing,2026-09-13 to 2026-09-18,0.0,0,No delivery through Sep18,"O: observed session IDs, not verified people; C: reconciled completed intakes, including returns; V: form versions changed Sep18",AD,CT Themes 20260913 | roof__quick,CT Themes 20260913 | roof,0,,,False,0.0,0,https://www.cohesiveinsure.com/marketing-review/20260919/deep-scan/images/f3b285a1574db432.jpg,[],[],{}
120251080732040660,CT Themes 20260913 | roof__a9__cta1__cream__image1__v1,120251080550110660,120251080702720660,PAUSED,PAUSED,2026-09-12T22:25:16-0400,2026-09-12T22:33:52-0400,static image,Roofers - insurance quotes,"Roofing insurance: take 2 minutes to request a quote and see whether we can improve your current rate.

Get your business insurance quote.",,GET_QUOTE,https://www.cohesiveinsure.com/contractor-test?industry=roof&angle=coi&creative_variant=roof__a9__cta1__cream__image1__v1&creative_angle=Two-minute%20request,utm_source=facebook&utm_medium=paid&utm_campaign={{campaign.name}}&utm_content={{ad.name}}&utm_term={{adset.name}}&ad_id={{ad.id}}&adset_id={{adset.id}}&campaign_id={{campaign.id}},Current code: 2026-09-18-trade-v5; historical versions differ,roof__coi__{step|long}__v1 (layout assigned at visit),roof__a9__cta1__cream__image1__v1,images/0a554f111f676b29.jpg,1628922898881234,0,0,0,,,,0,0,0,0,,,,Roofing,2026-09-13 to 2026-09-18,0.0,0,No delivery through Sep18,"O: observed session IDs, not verified people; C: reconciled completed intakes, including returns; V: form versions changed Sep18",AD,CT Themes 20260913 | roof__quick,CT Themes 20260913 | roof,0,,,False,0.0,0,https://www.cohesiveinsure.com/marketing-review/20260919/deep-scan/images/0a554f111f676b29.jpg,[],[],{}
120251080734560660,CT Themes 20260913 | roof__a9__cta1__navy__image0__v1,120251080550110660,120251080702720660,PAUSED,PAUSED,2026-09-12T22:25:25-0400,2026-09-12T22:33:20-0400,static image,Roofers - insurance quotes,"Roofing insurance: take 2 minutes to request a quote and see whether we can improve your current rate.

Get your business insurance quote.",,GET_QUOTE,https://www.cohesiveinsure.com/contractor-test?industry=roof&angle=coi&creative_variant=roof__a9__cta1__navy__image0__v1&creative_angle=Two-minute%20request,utm_source=facebook&utm_medium=paid&utm_campaign={{campaign.name}}&utm_content={{ad.name}}&utm_term={{adset.name}}&ad_id={{ad.id}}&adset_id={{adset.id}}&campaign_id={{campaign.id}},Current code: 2026-09-18-trade-v5; historical versions differ,roof__coi__{step|long}__v1 (layout assigned at visit),roof__a9__cta1__navy__image0__v1,images/b517ac1800f33eaa.jpg,2876679449364135,0,0,0,,,,0,0,0,0,,,,Roofing,2026-09-13 to 2026-09-18,0.0,0,No delivery through Sep18,"O: observed session IDs, not verified people; C: reconciled completed intakes, including returns; V: form versions changed Sep18",AD,CT Themes 20260913 | roof__quick,CT Themes 20260913 | roof,0,,,False,0.0,0,https://www.cohesiveinsure.com/marketing-review/20260919/deep-scan/images/b517ac1800f33eaa.jpg,[],[],{}
120251080736240660,CT Themes 20260913 | roof__a9__cta1__navy__image1__v1,120251080550110660,120251080702720660,PAUSED,PAUSED,2026-09-12T22:25:32-0400,2026-09-12T22:33:58-0400,static image,Roofers - insurance quotes,"Roofing insurance: take 2 minutes to request a quote and see whether we can improve your current rate.

Get your business insurance quote.",,GET_QUOTE,https://www.cohesiveinsure.com/contractor-test?industry=roof&angle=coi&creative_variant=roof__a9__cta1__navy__image1__v1&creative_angle=Two-minute%20request,utm_source=facebook&utm_medium=paid&utm_campaign={{campaign.name}}&utm_content={{ad.name}}&utm_term={{adset.name}}&ad_id={{ad.id}}&adset_id={{adset.id}}&campaign_id={{campaign.id}},Current code: 2026-09-18-trade-v5; historical versions differ,roof__coi__{step|long}__v1 (layout assigned at visit),roof__a9__cta1__navy__image1__v1,images/b93afb77065df907.jpg,2346735222809901,0,0,0,,,,0,0,0,0,,,,Roofing,2026-09-13 to 2026-09-18,0.0,0,No delivery through Sep18,"O: observed session IDs, not verified people; C: reconciled completed intakes, including returns; V: form versions changed Sep18",AD,CT Themes 20260913 | roof__quick,CT Themes 20260913 | roof,0,,,False,0.0,0,https://www.cohesiveinsure.com/marketing-review/20260919/deep-scan/images/b93afb77065df907.jpg,[],[],{}
120251080736400660,CT Themes 20260913 | roof__a9__cta1__navy__image2__v1,120251080550110660,120251080702720660,PAUSED,PAUSED,2026-09-12T22:25:34-0400,2026-09-12T22:34:09-0400,static image,Roofers - insurance quotes,"Roofing insurance: take 2 minutes to request a quote and see whether we can improve your current rate.

Get your business insurance quote.",,GET_QUOTE,https://www.cohesiveinsure.com/contractor-test?industry=roof&angle=coi&creative_variant=roof__a9__cta1__navy__image2__v1&creative_angle=Two-minute%20request,utm_source=facebook&utm_medium=paid&utm_campaign={{campaign.name}}&utm_content={{ad.name}}&utm_term={{adset.name}}&ad_id={{ad.id}}&adset_id={{adset.id}}&campaign_id={{campaign.id}},Current code: 2026-09-18-trade-v5; historical versions differ,roof__coi__{step|long}__v1 (layout assigned at visit),roof__a9__cta1__navy__image2__v1,images/898c2bb2940d0452.jpg,1039639855574884,0,0,0,,,,0,0,0,0,,,,Roofing,2026-09-13 to 2026-09-18,0.0,0,No delivery through Sep18,"O: observed session IDs, not verified people; C: reconciled completed intakes, including returns; V: form versions changed Sep18",AD,CT Themes 20260913 | roof__quick,CT Themes 20260913 | roof,0,,,False,0.0,0,https://www.cohesiveinsure.com/marketing-review/20260919/deep-scan/images/898c2bb2940d0452.jpg,[],[],{}
120251080739080660,CT Themes 20260913 | roof__a9__cta2__cream__image0__v1,120251080550110660,120251080702720660,PAUSED,PAUSED,2026-09-12T22:25:43-0400,2026-09-12T22:33:41-0400,static image,Roofers - insurance quotes,"Roofing insurance: take 2 minutes to request a quote and see whether we can improve your current rate.

Compare your current rate.",,GET_QUOTE,https://www.cohesiveinsure.com/contractor-test?industry=roof&angle=coi&creative_variant=roof__a9__cta2__cream__image0__v1&creative_angle=Two-minute%20request,utm_source=facebook&utm_medium=paid&utm_campaign={{campaign.name}}&utm_content={{ad.name}}&utm_term={{adset.name}}&ad_id={{ad.id}}&adset_id={{adset.id}}&campaign_id={{campaign.id}},Current code: 2026-09-18-trade-v5; historical versions differ,roof__coi__{step|long}__v1 (layout assigned at visit),roof__a9__cta2__cream__image0__v1,images/8d673f4e7b98d4a7.jpg,4532468210305706,0,0,0,,,,0,0,0,0,,,,Roofing,2026-09-13 to 2026-09-18,0.0,0,No delivery through Sep18,"O: observed session IDs, not verified people; C: reconciled completed intakes, including returns; V: form versions changed Sep18",AD,CT Themes 20260913 | roof__quick,CT Themes 20260913 | roof,0,,,False,0.0,0,https://www.cohesiveinsure.com/marketing-review/20260919/deep-scan/images/8d673f4e7b98d4a7.jpg,[],[],{}
120251080740960660,CT Themes 20260913 | roof__a9__cta2__cream__image1__v1,120251080550110660,120251080702720660,PAUSED,PAUSED,2026-09-12T22:25:49-0400,2026-09-12T22:34:48-0400,static image,Roofers - insurance quotes,"Roofing insurance: take 2 minutes to request a quote and see whether we can improve your current rate.

Compare your current rate.",,GET_QUOTE,https://www.cohesiveinsure.com/contractor-test?industry=roof&angle=coi&creative_variant=roof__a9__cta2__cream__image1__v1&creative_angle=Two-minute%20request,utm_source=facebook&utm_medium=paid&utm_campaign={{campaign.name}}&utm_content={{ad.name}}&utm_term={{adset.name}}&ad_id={{ad.id}}&adset_id={{adset.id}}&campaign_id={{campaign.id}},Current code: 2026-09-18-trade-v5; historical versions differ,roof__coi__{step|long}__v1 (layout assigned at visit),roof__a9__cta2__cream__image1__v1,images/ae8419fb99b0eecf.jpg,1791827458905004,0,0,0,,,,0,0,0,0,,,,Roofing,2026-09-13 to 2026-09-18,0.0,0,No delivery through Sep18,"O: observed session IDs, not verified people; C: reconciled completed intakes, including returns; V: form versions changed Sep18",AD,CT Themes 20260913 | roof__quick,CT Themes 20260913 | roof,0,,,False,0.0,0,https://www.cohesiveinsure.com/marketing-review/20260919/deep-scan/images/ae8419fb99b0eecf.jpg,[],[],{}
120251080741440660,CT Themes 20260913 | roof__a9__cta2__cream__image2__v1,120251080550110660,120251080702720660,PAUSED,PAUSED,2026-09-12T22:25:50-0400,2026-09-12T22:34:07-0400,static image,Roofers - insurance quotes,"Roofing insurance: take 2 minutes to request a quote and see whether we can improve your current rate.

Compare your current rate.",,GET_QUOTE,https://www.cohesiveinsure.com/contractor-test?industry=roof&angle=coi&creative_variant=roof__a9__cta2__cream__image2__v1&creative_angle=Two-minute%20request,utm_source=facebook&utm_medium=paid&utm_campaign={{campaign.name}}&utm_content={{ad.name}}&utm_term={{adset.name}}&ad_id={{ad.id}}&adset_id={{adset.id}}&campaign_id={{campaign.id}},Current code: 2026-09-18-trade-v5; historical versions differ,roof__coi__{step|long}__v1 (layout assigned at visit),roof__a9__cta2__cream__image2__v1,images/5e851ada32c0271a.jpg,29146207644980359,0,0,0,,,,0,0,0,0,,,,Roofing,2026-09-13 to 2026-09-18,0.0,0,No delivery through Sep18,"O: observed session IDs, not verified people; C: reconciled completed intakes, including returns; V: form versions changed Sep18",AD,CT Themes 20260913 | roof__quick,CT Themes 20260913 | roof,0,,,False,0.0,0,https://www.cohesiveinsure.com/marketing-review/20260919/deep-scan/images/5e851ada32c0271a.jpg,[],[],{}
120251080743610660,CT Themes 20260913 | roof__a9__cta2__navy__image0__v1,120251080550110660,120251080702720660,PAUSED,PAUSED,2026-09-12T22:25:59-0400,2026-09-12T22:34:02-0400,static image,Roofers - insurance quotes,"Roofing insurance: take 2 minutes to request a quote and see whether we can improve your current rate.

Compare your current rate.",,GET_QUOTE,https://www.cohesiveinsure.com/contractor-test?industry=roof&angle=coi&creative_variant=roof__a9__cta2__navy__image0__v1&creative_angle=Two-minute%20request,utm_source=facebook&utm_medium=paid&utm_campaign={{campaign.name}}&utm_content={{ad.name}}&utm_term={{adset.name}}&ad_id={{ad.id}}&adset_id={{adset.id}}&campaign_id={{campaign.id}},Current code: 2026-09-18-trade-v5; historical versions differ,roof__coi__{step|long}__v1 (layout assigned at visit),roof__a9__cta2__navy__image0__v1,images/f2c1de629f44b96b.jpg,1025550353824752,0,0,0,,,,0,0,0,0,,,,Roofing,2026-09-13 to 2026-09-18,0.0,0,No delivery through Sep18,"O: observed session IDs, not verified people; C: reconciled completed intakes, including returns; V: form versions changed Sep18",AD,CT Themes 20260913 | roof__quick,CT Themes 20260913 | roof,0,,,False,0.0,0,https://www.cohesiveinsure.com/marketing-review/20260919/deep-scan/images/f2c1de629f44b96b.jpg,[],[],{}
120251080744520660,CT Themes 20260913 | roof__a9__cta2__navy__image2__v1,120251080550110660,120251080702720660,PAUSED,PAUSED,2026-09-12T22:26:05-0400,2026-09-12T22:34:25-0400,static image,Roofers - insurance quotes,"Roofing insurance: take 2 minutes to request a quote and see whether we can improve your current rate.

Compare your current rate.",,GET_QUOTE,https://www.cohesiveinsure.com/contractor-test?industry=roof&angle=coi&creative_variant=roof__a9__cta2__navy__image2__v1&creative_angle=Two-minute%20request,utm_source=facebook&utm_medium=paid&utm_campaign={{campaign.name}}&utm_content={{ad.name}}&utm_term={{adset.name}}&ad_id={{ad.id}}&adset_id={{adset.id}}&campaign_id={{campaign.id}},Current code: 2026-09-18-trade-v5; historical versions differ,roof__coi__{step|long}__v1 (layout assigned at visit),roof__a9__cta2__navy__image2__v1,images/09e6ae4f554975a7.jpg,941129715134867,0,0,0,,,,0,0,0,0,,,,Roofing,2026-09-13 to 2026-09-18,0.0,0,No delivery through Sep18,"O: observed session IDs, not verified people; C: reconciled completed intakes, including returns; V: form versions changed Sep18",AD,CT Themes 20260913 | roof__quick,CT Themes 20260913 | roof,0,,,False,0.0,0,https://www.cohesiveinsure.com/marketing-review/20260919/deep-scan/images/09e6ae4f554975a7.jpg,[],[],{}
120251080744550660,CT Themes 20260913 | roof__a9__cta2__navy__image1__v1,120251080550110660,120251080702720660,PAUSED,PAUSED,2026-09-12T22:26:06-0400,2026-09-12T22:34:09-0400,static image,Roofers - insurance quotes,"Roofing insurance: take 2 minutes to request a quote and see whether we can improve your current rate.

Compare your current rate.",,GET_QUOTE,https://www.cohesiveinsure.com/contractor-test?industry=roof&angle=coi&creative_variant=roof__a9__cta2__navy__image1__v1&creative_angle=Two-minute%20request,utm_source=facebook&utm_medium=paid&utm_campaign={{campaign.name}}&utm_content={{ad.name}}&utm_term={{adset.name}}&ad_id={{ad.id}}&adset_id={{adset.id}}&campaign_id={{campaign.id}},Current code: 2026-09-18-trade-v5; historical versions differ,roof__coi__{step|long}__v1 (layout assigned at visit),roof__a9__cta2__navy__image1__v1,images/ece1f76f60c56d9f.jpg,1998494307519235,0,0,0,,,,0,0,0,0,,,,Roofing,2026-09-13 to 2026-09-18,0.0,0,No delivery through Sep18,"O: observed session IDs, not verified people; C: reconciled completed intakes, including returns; V: form versions changed Sep18",AD,CT Themes 20260913 | roof__quick,CT Themes 20260913 | roof,0,,,False,0.0,0,https://www.cohesiveinsure.com/marketing-review/20260919/deep-scan/images/ece1f76f60c56d9f.jpg,[],[],{}
120251081777120660,CT User Video | roof__best__contractor-quote__cta2__uv1,120251080550110660,120251081776010660,ACTIVE,ACTIVE,2026-09-12T23:40:53-0400,2026-09-13T03:34:19-0400,video (poster shown),Roofers - business insurance,"Roofers: looking for the cheapest insurance with the best coverage for your business? Let us shop your options.

Compare price and coverage.",,GET_QUOTE,https://www.cohesiveinsure.com/contractor-test?industry=roof&angle=coi&creative_variant=roof__best__contractor-quote__cta2__uv1&creative_angle=price,utm_source=facebook&utm_medium=paid&utm_campaign={{campaign.name}}&utm_content={{ad.name}}&utm_term={{adset.name}}&ad_id={{ad.id}}&adset_id={{adset.id}}&campaign_id={{campaign.id}},Current code: 2026-09-18-trade-v5; historical versions differ,roof__coi__{step|long}__v1 (layout assigned at visit),roof__best__contractor-quote__cta2__uv1,images/db4589e4b2f65e65.jpg,2142028836687080,63.96,611,7,104.68,1.146,9.14,0,0,3,7,,,21.32,Roofing,2026-09-13 to 2026-09-18,8.5,86.71,Delivery without confirmed completion,"O: observed session IDs, not verified people; C: reconciled completed intakes, including returns; V: form versions changed Sep18",AD,CT Themes 20260913 | roof__user_video,CT Themes 20260913 | roof,6,2026-09-13,2026-09-18,True,0.34,2,https://www.cohesiveinsure.com/marketing-review/20260919/deep-scan/images/db4589e4b2f65e65.jpg,"[{""action_type"": ""link_click"", ""value"": ""7""}, {""action_type"": ""landing_page_view"", ""value"": ""8""}, {""action_type"": ""onsite_web_lead"", ""value"": ""2""}, {""action_type"": ""omni_landing_page_view"", ""value"": ""8""}, {""action_type"": ""post_engagement"", ""value"": ""115""}, {""action_type"": ""page_engagement"", ""value"": ""115""}, {""action_type"": ""lead"", ""value"": ""2""}, {""action_type"": ""video_view"", ""value"": ""108""}, {""action_type"": ""offsite_conversion.fb_pixel_lead"", ""value"": ""2""}, {""action_type"": ""offsite_lead_add_20_s_calls"", ""value"": ""2""}]",[],{}
120251081776610660,CT User Video | roof__rate__avatar__cta1__uv1,120251080550110660,120251081776010660,ACTIVE,ACTIVE,2026-09-12T23:40:51-0400,2026-09-13T00:44:50-0400,video (poster shown),Roofers - business insurance,"Roofers: paying too much for business insurance? Get a quote and compare your current rate.

Get my quote.",,GET_QUOTE,https://www.cohesiveinsure.com/contractor-test?industry=roof&angle=coi&creative_variant=roof__rate__avatar__cta1__uv1&creative_angle=price,utm_source=facebook&utm_medium=paid&utm_campaign={{campaign.name}}&utm_content={{ad.name}}&utm_term={{adset.name}}&ad_id={{ad.id}}&adset_id={{adset.id}}&campaign_id={{campaign.id}},Current code: 2026-09-18-trade-v5; historical versions differ,roof__coi__{step|long}__v1 (layout assigned at visit),roof__rate__avatar__cta1__uv1,images/1ea6876cfc625b14.jpg,909437521945294,9.8,65,0,150.77,0.0,,0,0,0,0,,,,Roofing,2026-09-13 to 2026-09-18,1.3,13.29,Delivery without confirmed completion,"O: observed session IDs, not verified people; C: reconciled completed intakes, including returns; V: form versions changed Sep18",AD,CT Themes 20260913 | roof__user_video,CT Themes 20260913 | roof,3,2026-09-13,2026-09-15,True,0.0,0,https://www.cohesiveinsure.com/marketing-review/20260919/deep-scan/images/1ea6876cfc625b14.jpg,"[{""action_type"": ""post_engagement"", ""value"": ""12""}, {""action_type"": ""page_engagement"", ""value"": ""12""}, {""action_type"": ""video_view"", ""value"": ""12""}]",[],{}
120251082365480660,CT People r2 | roof__monthly__woman_1__cta2__r2,120251080550110660,120251082364600660,ACTIVE,ACTIVE,2026-09-13T01:38:22-0400,2026-09-13T12:50:10-0400,static image,Roofer insurance,"Roofers: business insurance from $39/month. Get a quote for your business.

Compare my rate.",,GET_QUOTE,https://www.cohesiveinsure.com/contractor-test?industry=roof&angle=coi&creative_variant=roof__monthly__woman_1__cta2__r2&creative_angle=monthly&creative_visual=woman_1&creative_cta=Compare+my+rate,utm_source=facebook&utm_medium=paid&utm_campaign={{campaign.name}}&utm_content={{ad.name}}&utm_term={{adset.name}}&ad_id={{ad.id}}&adset_id={{adset.id}}&campaign_id={{campaign.id}},Current code: 2026-09-18-trade-v5; historical versions differ,roof__coi__{step|long}__v1 (layout assigned at visit),roof__monthly__woman_1__cta2__r2,images/9b6a64c74370649f.jpg,1469235715260607,54.71,431,4,126.94,0.928,13.68,0,0,1,4,,,54.71,Roofing,2026-09-13 to 2026-09-18,7.27,55.45,Delivery without confirmed completion,"O: observed session IDs, not verified people; C: reconciled completed intakes, including returns; V: form versions changed Sep18",AD,CT People r2 | roof__monthly,CT Themes 20260913 | roof,6,2026-09-13,2026-09-18,True,0.0,0,https://www.cohesiveinsure.com/marketing-review/20260919/deep-scan/images/9b6a64c74370649f.jpg,"[{""action_type"": ""link_click"", ""value"": ""4""}, {""action_type"": ""landing_page_view"", ""value"": ""4""}, {""action_type"": ""omni_landing_page_view"", ""value"": ""4""}, {""action_type"": ""post_engagement"", ""value"": ""4""}, {""action_type"": ""page_engagement"", ""value"": ""4""}]",[],{}
120251082367120660,CT People r2 | roof__monthly__man_or_crew_1__cta2__r2,120251080550110660,120251082364600660,ACTIVE,ACTIVE,2026-09-13T01:38:37-0400,2026-09-13T12:50:10-0400,static image,Roofer insurance,"Roofers: business insurance from $39/month. Get a quote for your business.

Compare my rate.",,GET_QUOTE,https://www.cohesiveinsure.com/contractor-test?industry=roof&angle=coi&creative_variant=roof__monthly__man_or_crew_1__cta2__r2&creative_angle=monthly&creative_visual=man_or_crew_1&creative_cta=Compare+my+rate,utm_source=facebook&utm_medium=paid&utm_campaign={{campaign.name}}&utm_content={{ad.name}}&utm_term={{adset.name}}&ad_id={{ad.id}}&adset_id={{adset.id}}&campaign_id={{campaign.id}},Current code: 2026-09-18-trade-v5; historical versions differ,roof__coi__{step|long}__v1 (layout assigned at visit),roof__monthly__man_or_crew_1__cta2__r2,images/1c45b94aaefaaf55.jpg,2345567486211437,16.02,204,0,78.53,0.0,,0,0,0,0,,,,Roofing,2026-09-13 to 2026-09-18,2.13,16.24,Delivery without confirmed completion,"O: observed session IDs, not verified people; C: reconciled completed intakes, including returns; V: form versions changed Sep18",AD,CT People r2 | roof__monthly,CT Themes 20260913 | roof,4,2026-09-13,2026-09-16,True,0.0,0,https://www.cohesiveinsure.com/marketing-review/20260919/deep-scan/images/1c45b94aaefaaf55.jpg,[],[],{}
120251082367720660,CT People r2 | roof__monthly__man_or_crew_2__cta1__r2,120251080550110660,120251082364600660,ACTIVE,ACTIVE,2026-09-13T01:38:43-0400,2026-09-13T12:50:12-0400,static image,Roofer insurance,"Roofers: business insurance from $39/month. Get a quote for your business.

Get my quote.",,GET_QUOTE,https://www.cohesiveinsure.com/contractor-test?industry=roof&angle=coi&creative_variant=roof__monthly__man_or_crew_2__cta1__r2&creative_angle=monthly&creative_visual=man_or_crew_2&creative_cta=Get+my+quote,utm_source=facebook&utm_medium=paid&utm_campaign={{campaign.name}}&utm_content={{ad.name}}&utm_term={{adset.name}}&ad_id={{ad.id}}&adset_id={{adset.id}}&campaign_id={{campaign.id}},Current code: 2026-09-18-trade-v5; historical versions differ,roof__coi__{step|long}__v1 (layout assigned at visit),roof__monthly__man_or_crew_2__cta1__r2,images/c93118a61ef06eac.jpg,1377864094528393,10.91,188,0,58.03,0.0,,0,0,0,0,,,,Roofing,2026-09-13 to 2026-09-18,1.45,11.06,Delivery without confirmed completion,"O: observed session IDs, not verified people; C: reconciled completed intakes, including returns; V: form versions changed Sep18",AD,CT People r2 | roof__monthly,CT Themes 20260913 | roof,4,2026-09-13,2026-09-16,True,0.0,0,https://www.cohesiveinsure.com/marketing-review/20260919/deep-scan/images/c93118a61ef06eac.jpg,[],[],{}
120251082365040660,CT People r2 | roof__monthly__woman_1__cta1__r2,120251080550110660,120251082364600660,ACTIVE,ACTIVE,2026-09-13T01:38:16-0400,2026-09-13T12:50:10-0400,static image,Roofer insurance,"Roofers: business insurance from $39/month. Get a quote for your business.

Get my quote.",,GET_QUOTE,https://www.cohesiveinsure.com/contractor-test?industry=roof&angle=coi&creative_variant=roof__monthly__woman_1__cta1__r2&creative_angle=monthly&creative_visual=woman_1&creative_cta=Get+my+quote,utm_source=facebook&utm_medium=paid&utm_campaign={{campaign.name}}&utm_content={{ad.name}}&utm_term={{adset.name}}&ad_id={{ad.id}}&adset_id={{adset.id}}&campaign_id={{campaign.id}},Current code: 2026-09-18-trade-v5; historical versions differ,roof__coi__{step|long}__v1 (layout assigned at visit),roof__monthly__woman_1__cta1__r2,images/5aa7cbd9c8a4a95c.jpg,1371444494713419,10.35,102,3,101.47,2.941,3.45,0,0,0,4,,,,Roofing,2026-09-13 to 2026-09-18,1.37,10.49,Delivery without confirmed completion,"O: observed session IDs, not verified people; C: reconciled completed intakes, including returns; V: form versions changed Sep18",AD,CT People r2 | roof__monthly,CT Themes 20260913 | roof,5,2026-09-13,2026-09-17,True,0.0,0,https://www.cohesiveinsure.com/marketing-review/20260919/deep-scan/images/5aa7cbd9c8a4a95c.jpg,"[{""action_type"": ""link_click"", ""value"": ""3""}, {""action_type"": ""post_reaction"", ""value"": ""1""}, {""action_type"": ""landing_page_view"", ""value"": ""2""}, {""action_type"": ""omni_landing_page_view"", ""value"": ""2""}, {""action_type"": ""post_engagement"", ""value"": ""4""}, {""action_type"": ""post_interaction_gross"", ""value"": ""1""}, {""action_type"": ""page_engagement"", ""value"": ""4""}, {""action_type"": ""post_interaction_net"", ""value"": ""1""}, {""action_type"": ""onsite_conversion.post_net_like"", ""value"": ""1""}]",[],{}
120251082368780660,CT People r2 | roof__monthly__man_or_crew_2__cta2__r2,120251080550110660,120251082364600660,ACTIVE,ACTIVE,2026-09-13T01:38:49-0400,2026-09-13T12:50:13-0400,static image,Roofer insurance,"Roofers: business insurance from $39/month. Get a quote for your business.

Compare my rate.",,GET_QUOTE,https://www.cohesiveinsure.com/contractor-test?industry=roof&angle=coi&creative_variant=roof__monthly__man_or_crew_2__cta2__r2&creative_angle=monthly&creative_visual=man_or_crew_2&creative_cta=Compare+my+rate,utm_source=facebook&utm_medium=paid&utm_campaign={{campaign.name}}&utm_content={{ad.name}}&utm_term={{adset.name}}&ad_id={{ad.id}}&adset_id={{adset.id}}&campaign_id={{campaign.id}},Current code: 2026-09-18-trade-v5; historical versions differ,roof__coi__{step|long}__v1 (layout assigned at visit),roof__monthly__man_or_crew_2__cta2__r2,images/b796f58fc1683846.jpg,1859514675419549,3.48,90,0,38.67,0.0,,0,0,0,0,,,,Roofing,2026-09-13 to 2026-09-18,0.46,3.53,Delivery without confirmed completion,"O: observed session IDs, not verified people; C: reconciled completed intakes, including returns; V: form versions changed Sep18",AD,CT People r2 | roof__monthly,CT Themes 20260913 | roof,3,2026-09-13,2026-09-15,True,0.0,0,https://www.cohesiveinsure.com/marketing-review/20260919/deep-scan/images/b796f58fc1683846.jpg,[],[],{}
120251082366490660,CT People r2 | roof__monthly__man_or_crew_1__cta1__r2,120251080550110660,120251082364600660,ACTIVE,ACTIVE,2026-09-13T01:38:29-0400,2026-09-13T12:50:11-0400,static image,Roofer insurance,"Roofers: business insurance from $39/month. Get a quote for your business.

Get my quote.",,GET_QUOTE,https://www.cohesiveinsure.com/contractor-test?industry=roof&angle=coi&creative_variant=roof__monthly__man_or_crew_1__cta1__r2&creative_angle=monthly&creative_visual=man_or_crew_1&creative_cta=Get+my+quote,utm_source=facebook&utm_medium=paid&utm_campaign={{campaign.name}}&utm_content={{ad.name}}&utm_term={{adset.name}}&ad_id={{ad.id}}&adset_id={{adset.id}}&campaign_id={{campaign.id}},Current code: 2026-09-18-trade-v5; historical versions differ,roof__coi__{step|long}__v1 (layout assigned at visit),roof__monthly__man_or_crew_1__cta1__r2,images/7c6df85dd14b04eb.jpg,1444149801005904,3.2,65,0,49.23,0.0,,0,0,0,0,,,,Roofing,2026-09-13 to 2026-09-18,0.43,3.24,Delivery without confirmed completion,"O: observed session IDs, not verified people; C: reconciled completed intakes, including returns; V: form versions changed Sep18",AD,CT People r2 | roof__monthly,CT Themes 20260913 | roof,3,2026-09-13,2026-09-15,True,0.0,0,https://www.cohesiveinsure.com/marketing-review/20260919/deep-scan/images/7c6df85dd14b04eb.jpg,[],[],{}
120251082373080660,CT People r2 | roof__work__man_or_crew_2__cta2__r2,120251080550110660,120251082369150660,ACTIVE,ACTIVE,2026-09-13T01:39:27-0400,2026-09-13T12:50:10-0400,static image,Roofer insurance,"Roof replacement or repairs? Get an insurance quote for the roofing work you actually do.

Compare my rate.",,GET_QUOTE,https://www.cohesiveinsure.com/contractor-test?industry=roof&angle=coi&creative_variant=roof__work__man_or_crew_2__cta2__r2&creative_angle=work&creative_visual=man_or_crew_2&creative_cta=Compare+my+rate,utm_source=facebook&utm_medium=paid&utm_campaign={{campaign.name}}&utm_content={{ad.name}}&utm_term={{adset.name}}&ad_id={{ad.id}}&adset_id={{adset.id}}&campaign_id={{campaign.id}},Current code: 2026-09-18-trade-v5; historical versions differ,roof__coi__{step|long}__v1 (layout assigned at visit),roof__work__man_or_crew_2__cta2__r2,images/a4aee4f0fd51e6f2.jpg,1716712412764628,6.81,85,0,80.12,0.0,,0,0,0,0,,,,Roofing,2026-09-13 to 2026-09-18,0.9,55.23,Delivery without confirmed completion,"O: observed session IDs, not verified people; C: reconciled completed intakes, including returns; V: form versions changed Sep18",AD,CT People r2 | roof__work,CT Themes 20260913 | roof,5,2026-09-13,2026-09-17,True,0.0,0,https://www.cohesiveinsure.com/marketing-review/20260919/deep-scan/images/a4aee4f0fd51e6f2.jpg,[],[],{}
120251082369990660,CT People r2 | roof__work__woman_1__cta1__r2,120251080550110660,120251082369150660,ACTIVE,ACTIVE,2026-09-13T01:38:57-0400,2026-09-13T12:50:11-0400,static image,Roofer insurance,"Roof replacement or repairs? Get an insurance quote for the roofing work you actually do.

Get my quote.",,GET_QUOTE,https://www.cohesiveinsure.com/contractor-test?industry=roof&angle=coi&creative_variant=roof__work__woman_1__cta1__r2&creative_angle=work&creative_visual=woman_1&creative_cta=Get+my+quote,utm_source=facebook&utm_medium=paid&utm_campaign={{campaign.name}}&utm_content={{ad.name}}&utm_term={{adset.name}}&ad_id={{ad.id}}&adset_id={{adset.id}}&campaign_id={{campaign.id}},Current code: 2026-09-18-trade-v5; historical versions differ,roof__coi__{step|long}__v1 (layout assigned at visit),roof__work__woman_1__cta1__r2,images/29aa6c995e2b0d2d.jpg,1635804754765596,2.72,20,0,136.0,0.0,,0,0,0,0,,,,Roofing,2026-09-13 to 2026-09-18,0.36,22.06,Delivery without confirmed completion,"O: observed session IDs, not verified people; C: reconciled completed intakes, including returns; V: form versions changed Sep18",AD,CT People r2 | roof__work,CT Themes 20260913 | roof,2,2026-09-13,2026-09-14,True,0.0,0,https://www.cohesiveinsure.com/marketing-review/20260919/deep-scan/images/29aa6c995e2b0d2d.jpg,[],[],{}
120251082372330660,CT People r2 | roof__work__man_or_crew_2__cta1__r2,120251080550110660,120251082369150660,ACTIVE,ACTIVE,2026-09-13T01:39:21-0400,2026-09-13T12:50:13-0400,static image,Roofer insurance,"Roof replacement or repairs? Get an insurance quote for the roofing work you actually do.

Get my quote.",,GET_QUOTE,https://www.cohesiveinsure.com/contractor-test?industry=roof&angle=coi&creative_variant=roof__work__man_or_crew_2__cta1__r2&creative_angle=work&creative_visual=man_or_crew_2&creative_cta=Get+my+quote,utm_source=facebook&utm_medium=paid&utm_campaign={{campaign.name}}&utm_content={{ad.name}}&utm_term={{adset.name}}&ad_id={{ad.id}}&adset_id={{adset.id}}&campaign_id={{campaign.id}},Current code: 2026-09-18-trade-v5; historical versions differ,roof__coi__{step|long}__v1 (layout assigned at visit),roof__work__man_or_crew_2__cta1__r2,images/056d2dca01c07a5c.jpg,4978785439014989,1.23,13,0,94.62,0.0,,0,0,0,0,,,,Roofing,2026-09-13 to 2026-09-18,0.16,9.98,Delivery without confirmed completion,"O: observed session IDs, not verified people; C: reconciled completed intakes, including returns; V: form versions changed Sep18",AD,CT People r2 | roof__work,CT Themes 20260913 | roof,4,2026-09-13,2026-09-16,True,0.0,0,https://www.cohesiveinsure.com/marketing-review/20260919/deep-scan/images/056d2dca01c07a5c.jpg,[],[],{}
120251082370500660,CT People r2 | roof__work__woman_1__cta2__r2,120251080550110660,120251082369150660,ACTIVE,ACTIVE,2026-09-13T01:39:03-0400,2026-09-13T12:50:10-0400,static image,Roofer insurance,"Roof replacement or repairs? Get an insurance quote for the roofing work you actually do.

Compare my rate.",,GET_QUOTE,https://www.cohesiveinsure.com/contractor-test?industry=roof&angle=coi&creative_variant=roof__work__woman_1__cta2__r2&creative_angle=work&creative_visual=woman_1&creative_cta=Compare+my+rate,utm_source=facebook&utm_medium=paid&utm_campaign={{campaign.name}}&utm_content={{ad.name}}&utm_term={{adset.name}}&ad_id={{ad.id}}&adset_id={{adset.id}}&campaign_id={{campaign.id}},Current code: 2026-09-18-trade-v5; historical versions differ,roof__coi__{step|long}__v1 (layout assigned at visit),roof__work__woman_1__cta2__r2,images/1b7567f7ae4a94a1.jpg,1672254961090114,0.78,18,0,43.33,0.0,,0,0,0,0,,,,Roofing,2026-09-13 to 2026-09-18,0.1,6.33,Delivery without confirmed completion,"O: observed session IDs, not verified people; C: reconciled completed intakes, including returns; V: form versions changed Sep18",AD,CT People r2 | roof__work,CT Themes 20260913 | roof,3,2026-09-13,2026-09-16,True,0.0,0,https://www.cohesiveinsure.com/marketing-review/20260919/deep-scan/images/1b7567f7ae4a94a1.jpg,[],[],{}
120251082371740660,CT People r2 | roof__work__woman_2__cta2__r2,120251080550110660,120251082369150660,ACTIVE,ACTIVE,2026-09-13T01:39:15-0400,2026-09-13T12:50:11-0400,static image,Roofer insurance,"Roof replacement or repairs? Get an insurance quote for the roofing work you actually do.

Compare my rate.",,GET_QUOTE,https://www.cohesiveinsure.com/contractor-test?industry=roof&angle=coi&creative_variant=roof__work__woman_2__cta2__r2&creative_angle=work&creative_visual=woman_2&creative_cta=Compare+my+rate,utm_source=facebook&utm_medium=paid&utm_campaign={{campaign.name}}&utm_content={{ad.name}}&utm_term={{adset.name}}&ad_id={{ad.id}}&adset_id={{adset.id}}&campaign_id={{campaign.id}},Current code: 2026-09-18-trade-v5; historical versions differ,roof__coi__{step|long}__v1 (layout assigned at visit),roof__work__woman_2__cta2__r2,images/bf167c3cf4b45af8.jpg,1068245852657900,0.65,6,0,108.33,0.0,,0,0,0,0,,,,Roofing,2026-09-13 to 2026-09-18,0.09,5.27,Delivery without confirmed completion,"O: observed session IDs, not verified people; C: reconciled completed intakes, including returns; V: form versions changed Sep18",AD,CT People r2 | roof__work,CT Themes 20260913 | roof,3,2026-09-13,2026-09-15,True,0.0,0,https://www.cohesiveinsure.com/marketing-review/20260919/deep-scan/images/bf167c3cf4b45af8.jpg,[],[],{}
120251082371280660,CT People r2 | roof__work__woman_2__cta1__r2,120251080550110660,120251082369150660,ACTIVE,ACTIVE,2026-09-13T01:39:09-0400,2026-09-13T12:50:12-0400,static image,Roofer insurance,"Roof replacement or repairs? Get an insurance quote for the roofing work you actually do.

Get my quote.",,GET_QUOTE,https://www.cohesiveinsure.com/contractor-test?industry=roof&angle=coi&creative_variant=roof__work__woman_2__cta1__r2&creative_angle=work&creative_visual=woman_2&creative_cta=Get+my+quote,utm_source=facebook&utm_medium=paid&utm_campaign={{campaign.name}}&utm_content={{ad.name}}&utm_term={{adset.name}}&ad_id={{ad.id}}&adset_id={{adset.id}}&campaign_id={{campaign.id}},Current code: 2026-09-18-trade-v5; historical versions differ,roof__coi__{step|long}__v1 (layout assigned at visit),roof__work__woman_2__cta1__r2,images/d4f5565570614eae.jpg,2078326876222610,0.14,5,0,28.0,0.0,,0,0,0,0,,,,Roofing,2026-09-13 to 2026-09-18,0.02,1.14,Delivery without confirmed completion,"O: observed session IDs, not verified people; C: reconciled completed intakes, including returns; V: form versions changed Sep18",AD,CT People r2 | roof__work,CT Themes 20260913 | roof,3,2026-09-13,2026-09-15,True,0.0,0,https://www.cohesiveinsure.com/marketing-review/20260919/deep-scan/images/d4f5565570614eae.jpg,[],[],{}
120251082377470660,CT People r2 | roof__coi__man_or_crew_1__cta2__r2,120251080550110660,120251082373180660,ACTIVE,ACTIVE,2026-09-13T01:40:08-0400,2026-09-13T12:50:10-0400,static image,Roofer insurance,"Roofers: your customer needs a COI. Start with an insurance quote for the work you do.

Compare my rate.",,GET_QUOTE,https://www.cohesiveinsure.com/contractor-test?industry=roof&angle=coi&creative_variant=roof__coi__man_or_crew_1__cta2__r2&creative_angle=coi&creative_visual=man_or_crew_1&creative_cta=Compare+my+rate,utm_source=facebook&utm_medium=paid&utm_campaign={{campaign.name}}&utm_content={{ad.name}}&utm_term={{adset.name}}&ad_id={{ad.id}}&adset_id={{adset.id}}&campaign_id={{campaign.id}},Current code: 2026-09-18-trade-v5; historical versions differ,roof__coi__{step|long}__v1 (layout assigned at visit),roof__coi__man_or_crew_1__cta2__r2,images/22dc9eb4f02b1ec2.jpg,1559583402072657,1.74,26,0,66.92,0.0,,0,0,0,0,,,,Roofing,2026-09-13 to 2026-09-18,0.23,74.36,Delivery without confirmed completion,"O: observed session IDs, not verified people; C: reconciled completed intakes, including returns; V: form versions changed Sep18",AD,CT People r2 | roof__coi,CT Themes 20260913 | roof,4,2026-09-13,2026-09-17,True,0.0,0,https://www.cohesiveinsure.com/marketing-review/20260919/deep-scan/images/22dc9eb4f02b1ec2.jpg,[],[],{}
120251082374920660,CT People r2 | roof__coi__woman_1__cta2__r2,120251080550110660,120251082373180660,ACTIVE,ACTIVE,2026-09-13T01:39:42-0400,2026-09-13T12:50:11-0400,static image,Roofer insurance,"Roofers: your customer needs a COI. Start with an insurance quote for the work you do.

Compare my rate.",,GET_QUOTE,https://www.cohesiveinsure.com/contractor-test?industry=roof&angle=coi&creative_variant=roof__coi__woman_1__cta2__r2&creative_angle=coi&creative_visual=woman_1&creative_cta=Compare+my+rate,utm_source=facebook&utm_medium=paid&utm_campaign={{campaign.name}}&utm_content={{ad.name}}&utm_term={{adset.name}}&ad_id={{ad.id}}&adset_id={{adset.id}}&campaign_id={{campaign.id}},Current code: 2026-09-18-trade-v5; historical versions differ,roof__coi__{step|long}__v1 (layout assigned at visit),roof__coi__woman_1__cta2__r2,images/837e97f624c2d1f9.jpg,1643857794115897,0.33,10,0,33.0,0.0,,0,0,0,0,,,,Roofing,2026-09-13 to 2026-09-18,0.04,14.1,Delivery without confirmed completion,"O: observed session IDs, not verified people; C: reconciled completed intakes, including returns; V: form versions changed Sep18",AD,CT People r2 | roof__coi,CT Themes 20260913 | roof,2,2026-09-13,2026-09-14,True,0.0,0,https://www.cohesiveinsure.com/marketing-review/20260919/deep-scan/images/837e97f624c2d1f9.jpg,[],[],{}
120251082374250660,CT People r2 | roof__coi__woman_1__cta1__r2,120251080550110660,120251082373180660,ACTIVE,ACTIVE,2026-09-13T01:39:35-0400,2026-09-13T12:50:10-0400,static image,Roofer insurance,"Roofers: your customer needs a COI. Start with an insurance quote for the work you do.

Get my quote.",,GET_QUOTE,https://www.cohesiveinsure.com/contractor-test?industry=roof&angle=coi&creative_variant=roof__coi__woman_1__cta1__r2&creative_angle=coi&creative_visual=woman_1&creative_cta=Get+my+quote,utm_source=facebook&utm_medium=paid&utm_campaign={{campaign.name}}&utm_content={{ad.name}}&utm_term={{adset.name}}&ad_id={{ad.id}}&adset_id={{adset.id}}&campaign_id={{campaign.id}},Current code: 2026-09-18-trade-v5; historical versions differ,roof__coi__{step|long}__v1 (layout assigned at visit),roof__coi__woman_1__cta1__r2,images/b8f07d67ced91e58.jpg,1814418350012277,0.13,5,0,26.0,0.0,,0,0,0,0,,,,Roofing,2026-09-13 to 2026-09-18,0.02,5.56,Delivery without confirmed completion,"O: observed session IDs, not verified people; C: reconciled completed intakes, including returns; V: form versions changed Sep18",AD,CT People r2 | roof__coi,CT Themes 20260913 | roof,1,2026-09-13,2026-09-13,True,0.0,0,https://www.cohesiveinsure.com/marketing-review/20260919/deep-scan/images/b8f07d67ced91e58.jpg,[],[],{}
120251082376480660,CT People r2 | roof__coi__woman_2__cta2__r2,120251080550110660,120251082373180660,ACTIVE,ACTIVE,2026-09-13T01:39:54-0400,2026-09-13T12:50:11-0400,static image,Roofer insurance,"Roofers: your customer needs a COI. Start with an insurance quote for the work you do.

Compare my rate.",,GET_QUOTE,https://www.cohesiveinsure.com/contractor-test?industry=roof&angle=coi&creative_variant=roof__coi__woman_2__cta2__r2&creative_angle=coi&creative_visual=woman_2&creative_cta=Compare+my+rate,utm_source=facebook&utm_medium=paid&utm_campaign={{campaign.name}}&utm_content={{ad.name}}&utm_term={{adset.name}}&ad_id={{ad.id}}&adset_id={{adset.id}}&campaign_id={{campaign.id}},Current code: 2026-09-18-trade-v5; historical versions differ,roof__coi__{step|long}__v1 (layout assigned at visit),roof__coi__woman_2__cta2__r2,images/5b0940d76ac7a8f3.jpg,2126416181244051,0.07,1,0,70.0,0.0,,0,0,0,0,,,,Roofing,2026-09-13 to 2026-09-18,0.01,2.99,Delivery without confirmed completion,"O: observed session IDs, not verified people; C: reconciled completed intakes, including returns; V: form versions changed Sep18",AD,CT People r2 | roof__coi,CT Themes 20260913 | roof,1,2026-09-13,2026-09-13,True,0.0,0,https://www.cohesiveinsure.com/marketing-review/20260919/deep-scan/images/5b0940d76ac7a8f3.jpg,[],[],{}
120251082375750660,CT People r2 | roof__coi__woman_2__cta1__r2,120251080550110660,120251082373180660,ACTIVE,ACTIVE,2026-09-13T01:39:48-0400,2026-09-13T12:50:10-0400,static image,Roofer insurance,"Roofers: your customer needs a COI. Start with an insurance quote for the work you do.

Get my quote.",,GET_QUOTE,https://www.cohesiveinsure.com/contractor-test?industry=roof&angle=coi&creative_variant=roof__coi__woman_2__cta1__r2&creative_angle=coi&creative_visual=woman_2&creative_cta=Get+my+quote,utm_source=facebook&utm_medium=paid&utm_campaign={{campaign.name}}&utm_content={{ad.name}}&utm_term={{adset.name}}&ad_id={{ad.id}}&adset_id={{adset.id}}&campaign_id={{campaign.id}},Current code: 2026-09-18-trade-v5; historical versions differ,roof__coi__{step|long}__v1 (layout assigned at visit),roof__coi__woman_2__cta1__r2,images/271ce3aeb9fc68cc.jpg,1803183334329127,0.04,1,0,40.0,0.0,,0,0,0,0,,,,Roofing,2026-09-13 to 2026-09-18,0.01,1.71,Delivery without confirmed completion,"O: observed session IDs, not verified people; C: reconciled completed intakes, including returns; V: form versions changed Sep18",AD,CT People r2 | roof__coi,CT Themes 20260913 | roof,1,2026-09-14,2026-09-14,True,0.0,0,https://www.cohesiveinsure.com/marketing-review/20260919/deep-scan/images/271ce3aeb9fc68cc.jpg,[],[],{}
120251082377000660,CT People r2 | roof__coi__man_or_crew_1__cta1__r2,120251080550110660,120251082373180660,ACTIVE,ACTIVE,2026-09-13T01:40:01-0400,2026-09-13T12:50:11-0400,static image,Roofer insurance,"Roofers: your customer needs a COI. Start with an insurance quote for the work you do.

Get my quote.",,GET_QUOTE,https://www.cohesiveinsure.com/contractor-test?industry=roof&angle=coi&creative_variant=roof__coi__man_or_crew_1__cta1__r2&creative_angle=coi&creative_visual=man_or_crew_1&creative_cta=Get+my+quote,utm_source=facebook&utm_medium=paid&utm_campaign={{campaign.name}}&utm_content={{ad.name}}&utm_term={{adset.name}}&ad_id={{ad.id}}&adset_id={{adset.id}}&campaign_id={{campaign.id}},Current code: 2026-09-18-trade-v5; historical versions differ,roof__coi__{step|long}__v1 (layout assigned at visit),roof__coi__man_or_crew_1__cta1__r2,images/ef0510a5686ef849.jpg,1806774430512138,0.03,2,0,15.0,0.0,,0,0,0,0,,,,Roofing,2026-09-13 to 2026-09-18,0.0,1.28,Delivery without confirmed completion,"O: observed session IDs, not verified people; C: reconciled completed intakes, including returns; V: form versions changed Sep18",AD,CT People r2 | roof__coi,CT Themes 20260913 | roof,2,2026-09-13,2026-09-14,True,0.0,0,https://www.cohesiveinsure.com/marketing-review/20260919/deep-scan/images/ef0510a5686ef849.jpg,[],[],{}
120251082379900660,CT People r2 | roof__savings__man_or_crew_1__cta1__r2,120251080550110660,120251082377640660,ACTIVE,ACTIVE,2026-09-13T01:40:29-0400,2026-09-13T12:50:12-0400,static image,Roofer insurance,"We helped a roofing and remodeling business cut its annual insurance premium by 46%. See whether we can improve your current rate.

Get my quote.",,GET_QUOTE,https://www.cohesiveinsure.com/contractor-test?industry=roof&angle=coi&creative_variant=roof__savings__man_or_crew_1__cta1__r2&creative_angle=savings&creative_visual=man_or_crew_1&creative_cta=Get+my+quote,utm_source=facebook&utm_medium=paid&utm_campaign={{campaign.name}}&utm_content={{ad.name}}&utm_term={{adset.name}}&ad_id={{ad.id}}&adset_id={{adset.id}}&campaign_id={{campaign.id}},Current code: 2026-09-18-trade-v5; historical versions differ,roof__coi__{step|long}__v1 (layout assigned at visit),roof__savings__man_or_crew_1__cta1__r2,images/927a3018856ba208.jpg,1784830956162076,15.34,188,0,81.6,0.0,,0,0,0,0,,,,Roofing,2026-09-13 to 2026-09-18,2.04,50.66,Delivery without confirmed completion,"O: observed session IDs, not verified people; C: reconciled completed intakes, including returns; V: form versions changed Sep18",AD,CT People r2 | roof__savings,CT Themes 20260913 | roof,5,2026-09-13,2026-09-17,True,0.0,0,https://www.cohesiveinsure.com/marketing-review/20260919/deep-scan/images/927a3018856ba208.jpg,[],[],{}
120251082380210660,CT People r2 | roof__savings__man_or_crew_1__cta2__r2,120251080550110660,120251082377640660,ACTIVE,ACTIVE,2026-09-13T01:40:35-0400,2026-09-13T12:50:14-0400,static image,Roofer insurance,"We helped a roofing and remodeling business cut its annual insurance premium by 46%. See whether we can improve your current rate.

Compare my rate.",,GET_QUOTE,https://www.cohesiveinsure.com/contractor-test?industry=roof&angle=coi&creative_variant=roof__savings__man_or_crew_1__cta2__r2&creative_angle=savings&creative_visual=man_or_crew_1&creative_cta=Compare+my+rate,utm_source=facebook&utm_medium=paid&utm_campaign={{campaign.name}}&utm_content={{ad.name}}&utm_term={{adset.name}}&ad_id={{ad.id}}&adset_id={{adset.id}}&campaign_id={{campaign.id}},Current code: 2026-09-18-trade-v5; historical versions differ,roof__coi__{step|long}__v1 (layout assigned at visit),roof__savings__man_or_crew_1__cta2__r2,images/ad3222c81e70a9f8.jpg,1392922420565735,7.58,83,0,91.33,0.0,,0,0,0,0,,,,Roofing,2026-09-13 to 2026-09-18,1.01,25.03,Delivery without confirmed completion,"O: observed session IDs, not verified people; C: reconciled completed intakes, including returns; V: form versions changed Sep18",AD,CT People r2 | roof__savings,CT Themes 20260913 | roof,6,2026-09-13,2026-09-18,True,0.0,0,https://www.cohesiveinsure.com/marketing-review/20260919/deep-scan/images/ad3222c81e70a9f8.jpg,[],[],{}
120251082381610660,CT People r2 | roof__savings__man_or_crew_2__cta2__r2,120251080550110660,120251082377640660,ACTIVE,ACTIVE,2026-09-13T01:40:48-0400,2026-09-13T12:50:12-0400,static image,Roofer insurance,"We helped a roofing and remodeling business cut its annual insurance premium by 46%. See whether we can improve your current rate.

Compare my rate.",,GET_QUOTE,https://www.cohesiveinsure.com/contractor-test?industry=roof&angle=coi&creative_variant=roof__savings__man_or_crew_2__cta2__r2&creative_angle=savings&creative_visual=man_or_crew_2&creative_cta=Compare+my+rate,utm_source=facebook&utm_medium=paid&utm_campaign={{campaign.name}}&utm_content={{ad.name}}&utm_term={{adset.name}}&ad_id={{ad.id}}&adset_id={{adset.id}}&campaign_id={{campaign.id}},Current code: 2026-09-18-trade-v5; historical versions differ,roof__coi__{step|long}__v1 (layout assigned at visit),roof__savings__man_or_crew_2__cta2__r2,images/173549365cc7a8d8.jpg,2851204405237429,3.45,41,0,84.15,0.0,,0,0,0,0,,,,Roofing,2026-09-13 to 2026-09-18,0.46,11.39,Delivery without confirmed completion,"O: observed session IDs, not verified people; C: reconciled completed intakes, including returns; V: form versions changed Sep18",AD,CT People r2 | roof__savings,CT Themes 20260913 | roof,5,2026-09-13,2026-09-17,True,0.0,0,https://www.cohesiveinsure.com/marketing-review/20260919/deep-scan/images/173549365cc7a8d8.jpg,[],[],{}
120251082379590660,CT People r2 | roof__savings__woman_2__cta2__r2,120251080550110660,120251082377640660,ACTIVE,ACTIVE,2026-09-13T01:40:22-0400,2026-09-13T12:50:12-0400,static image,Roofer insurance,"We helped a roofing and remodeling business cut its annual insurance premium by 46%. See whether we can improve your current rate.

Compare my rate.",,GET_QUOTE,https://www.cohesiveinsure.com/contractor-test?industry=roof&angle=coi&creative_variant=roof__savings__woman_2__cta2__r2&creative_angle=savings&creative_visual=woman_2&creative_cta=Compare+my+rate,utm_source=facebook&utm_medium=paid&utm_campaign={{campaign.name}}&utm_content={{ad.name}}&utm_term={{adset.name}}&ad_id={{ad.id}}&adset_id={{adset.id}}&campaign_id={{campaign.id}},Current code: 2026-09-18-trade-v5; historical versions differ,roof__coi__{step|long}__v1 (layout assigned at visit),roof__savings__woman_2__cta2__r2,images/cba8eb8652bd55dd.jpg,1600655085063454,1.85,10,0,185.0,0.0,,0,0,0,0,,,,Roofing,2026-09-13 to 2026-09-18,0.25,6.11,Delivery without confirmed completion,"O: observed session IDs, not verified people; C: reconciled completed intakes, including returns; V: form versions changed Sep18",AD,CT People r2 | roof__savings,CT Themes 20260913 | roof,4,2026-09-13,2026-09-17,True,0.0,0,https://www.cohesiveinsure.com/marketing-review/20260919/deep-scan/images/cba8eb8652bd55dd.jpg,[],[],{}
120251082380850660,CT People r2 | roof__savings__man_or_crew_2__cta1__r2,120251080550110660,120251082377640660,ACTIVE,ACTIVE,2026-09-13T01:40:42-0400,2026-09-13T12:50:11-0400,static image,Roofer insurance,"We helped a roofing and remodeling business cut its annual insurance premium by 46%. See whether we can improve your current rate.

Get my quote.",,GET_QUOTE,https://www.cohesiveinsure.com/contractor-test?industry=roof&angle=coi&creative_variant=roof__savings__man_or_crew_2__cta1__r2&creative_angle=savings&creative_visual=man_or_crew_2&creative_cta=Get+my+quote,utm_source=facebook&utm_medium=paid&utm_campaign={{campaign.name}}&utm_content={{ad.name}}&utm_term={{adset.name}}&ad_id={{ad.id}}&adset_id={{adset.id}}&campaign_id={{campaign.id}},Current code: 2026-09-18-trade-v5; historical versions differ,roof__coi__{step|long}__v1 (layout assigned at visit),roof__savings__man_or_crew_2__cta1__r2,images/084c6acd3120bcb4.jpg,946023711882911,1.81,27,0,67.04,0.0,,0,0,0,0,,,,Roofing,2026-09-13 to 2026-09-18,0.24,5.98,Delivery without confirmed completion,"O: observed session IDs, not verified people; C: reconciled completed intakes, including returns; V: form versions changed Sep18",AD,CT People r2 | roof__savings,CT Themes 20260913 | roof,4,2026-09-13,2026-09-16,True,0.0,0,https://www.cohesiveinsure.com/marketing-review/20260919/deep-scan/images/084c6acd3120bcb4.jpg,[],[],{}
120251082378670660,CT People r2 | roof__savings__woman_2__cta1__r2,120251080550110660,120251082377640660,ACTIVE,ACTIVE,2026-09-13T01:40:15-0400,2026-09-13T12:50:13-0400,static image,Roofer insurance,"We helped a roofing and remodeling business cut its annual insurance premium by 46%. See whether we can improve your current rate.

Get my quote.",,GET_QUOTE,https://www.cohesiveinsure.com/contractor-test?industry=roof&angle=coi&creative_variant=roof__savings__woman_2__cta1__r2&creative_angle=savings&creative_visual=woman_2&creative_cta=Get+my+quote,utm_source=facebook&utm_medium=paid&utm_campaign={{campaign.name}}&utm_content={{ad.name}}&utm_term={{adset.name}}&ad_id={{ad.id}}&adset_id={{adset.id}}&campaign_id={{campaign.id}},Current code: 2026-09-18-trade-v5; historical versions differ,roof__coi__{step|long}__v1 (layout assigned at visit),roof__savings__woman_2__cta1__r2,images/f8a8cc8b68b348e0.jpg,1393948435502657,0.25,8,0,31.25,0.0,,0,0,0,0,,,,Roofing,2026-09-13 to 2026-09-18,0.03,0.83,Delivery without confirmed completion,"O: observed session IDs, not verified people; C: reconciled completed intakes, including returns; V: form versions changed Sep18",AD,CT People r2 | roof__savings,CT Themes 20260913 | roof,2,2026-09-13,2026-09-16,True,0.0,0,https://www.cohesiveinsure.com/marketing-review/20260919/deep-scan/images/f8a8cc8b68b348e0.jpg,[],[],{}
